{
  "T_W_L": {
    "arm_motor_0": {
      "p": [
        -0.524739937974705,
        -0.0185997039555301,
        0.0425449689757726
      ],
      "q": [
        0.23431108096658,
        -0.672803861139621,
        0.247419160284548,
        0.656671181715766
      ]
    },
    "arm_motor_1": {
      "p": [
        -0.331837658086813,
        0.127302961860706,
        0.0511058664954122
      ],
      "q": [
        0.651272731826293,
        0.227902964296335,
        0.676696695073389,
        -0.256876722419945
      ]
    },
    "arm_motor_2": {
      "p": [
        -0.509948298810587,
        0.143539517618064,
        0.0444916239787409
      ],
      "q": [
        -0.275877267023043,
        -0.655583812251859,
        -0.320852754820202,
        0.625423942919923
      ]
    },
    "arm_motor_3": {
      "p": [
        -0.346785077524145,
        -0.0353299817219362,
        0.045451818594559
      ],
      "q": [
        0.640455697482552,
        -0.306695494980017,
        0.639121519408169,
        0.295428597719471
      ]
    },
    "base_link": {
      "p": [
        -0.428172127845006,
        0.0542684628833786,
        0.0456818032764478
      ],
      "q": [
        -0.0476444450134776,
        -0.998657996556714,
        -0.0126436291278108,
        -0.0158855725476654
      ]
    },
    "connecting_link_0": {
      "p": [
        -0.471002638182393,
        0.0262464821546204,
        0.0436043095277079
      ],
      "q": [
        -0.340634720291304,
        0.94008081822132,
        -0.00926881177406651,
        0.0114075270193166
      ]
    },
    "connecting_link_1": {
      "p": [
        -0.385341617507618,
        0.0822904436121368,
        0.0477592970251878
      ],
      "q": [
        0.939016186969179,
        0.342791003858571,
        0.0179774568166585,
        -0.0204875408456636
      ]
    },
    "connecting_link_2": {
      "p": [
        -0.464938042378689,
        0.0899354607788554,
        0.0453174001672906
      ],
      "q": [
        0.421951844982955,
        0.905809270434524,
        0.0318024724085446,
        0.0213262481243121
      ]
    },
    "connecting_link_3": {
      "p": [
        -0.391406213311322,
        0.0186014649879017,
        0.046046206385605
      ],
      "q": [
        0.904797727115239,
        -0.425766029063605,
        -0.000943406363706568,
        -0.00796689945586445
      ]
    }
  },
  "contacts": [
    {
      "f": [
        0.341963830435011,
        1.89488204950846,
        2.40686428615999
      ],
      "link": "base_link",
      "p": [
        -0.435911720562947,
        0.0612301490842253,
        0.000432275712847527
      ]
    }
  ],
  "idx": 275,
  "state": [
    -0.428172127845006,
    0.0542684628833786,
    0.0456818032764478,
    -0.0158855725476654,
    -0.0476444450134776,
    -0.998657996556714,
    -0.0126436291278108,
    0.154824570193938,
    -0.0182971740077369,
    -0.0318322437287775,
    -0.0756001357837001,
    3.44257239109517,
    0.0872638808760503,
    0.99985316944799,
    0.0111971841003665,
    0.0126550400269574,
    -0.00284825823042014,
    0.999875546864695,
    0.0146261553550367,
    0.00359729662813202,
    -0.00469316721709059,
    0.99982546347272,
    -0.0176127845842631,
    -0.00431658008994146,
    -0.00449439062348903,
    0.999893761366614,
    -0.0134548816351529,
    -0.00558813192113922,
    -0.000452683046196678,
    -0.00266033695847162,
    -0.0202198299246536,
    0.002106016868947,
    -0.00227486925851778,
    -0.0163275195119571,
    -0.00726657641421288,
    0.00201934868464805,
    -0.0204925302410009,
    0.0026200714493114,
    0.000973340909035548,
    -0.0107706195800295,
    0.00362806160303018
  ],
  "t": 2.75999999999981,
  "thrust": [
    0.0,
    0.0,
    0.0,
    0.0
  ]
}