{
  "T_W_L": {
    "arm_motor_0": {
      "p": [
        -0.530378468857326,
        -0.0172233084718879,
        0.0357099075914534
      ],
      "q": [
        0.218189265117812,
        -0.698105653804258,
        0.260417028421503,
        0.630257813931722
      ]
    },
    "arm_motor_1": {
      "p": [
        -0.337729939763441,
        0.126930556748929,
        0.0606185883750212
      ],
      "q": [
        0.618434653738676,
        0.237833142777888,
        0.707848310197535,
        -0.244795312459226
      ]
    },
    "arm_motor_2": {
      "p": [
        -0.512912001371493,
        0.146043844688908,
        0.0381775786735328
      ],
      "q": [
        -0.270703593619072,
        -0.676505309569968,
        -0.343243853619754,
        0.592658238344515
      ]
    },
    "arm_motor_3": {
      "p": [
        -0.355067686045205,
        -0.0366549335034996,
        0.0549540432575533
      ],
      "q": [
        0.600860477745329,
        -0.323798881069887,
        0.667949563407306,
        0.296587848108335
      ]
    },
    "base_link": {
      "p": [
        -0.433800184314255,
        0.054823831902103,
        0.0463431338656596
      ],
      "q": [
        -0.0551564018619346,
        -0.996565026035967,
        -0.011576734607152,
        -0.0606786571325818
      ]
    },
    "connecting_link_0": {
      "p": [
        -0.476735180808683,
        0.0274806640083388,
        0.0406040358915103
      ],
      "q": [
        -0.338425755680209,
        0.939294815916589,
        -0.0298595377863802,
        0.0479756676627291
      ]
    },
    "connecting_link_1": {
      "p": [
        -0.390865187819827,
        0.0821669997958673,
        0.0520822318398089
      ],
      "q": [
        0.937823677571488,
        0.341269853491752,
        0.063225002812744,
        -0.00492299739344536
      ]
    },
    "connecting_link_2": {
      "p": [
        -0.469789327324184,
        0.0910741040786723,
        0.042509160399982
      ],
      "q": [
        0.434126403234744,
        0.897434151165108,
        0.0512937097555172,
        0.0592888326461488
      ]
    },
    "connecting_link_3": {
      "p": [
        -0.397811041304326,
        0.0185735597255338,
        0.0501771073313372
      ],
      "q": [
        0.897184184136611,
        -0.438679663160063,
        0.0474391474151892,
        -0.0192411059302044
      ]
    }
  },
  "contacts": [
    {
      "f": [
        1.56047115666993,
        -1.24804119772885,
        2.4977105335522
      ],
      "link": "base_link",
      "p": [
        -0.437360513860737,
        0.0615997781237637,
        0.000546881603609731
      ]
    }
  ],
  "idx": 379,
  "state": [
    -0.433800184314255,
    0.054823831902103,
    0.0463431338656596,
    -0.0606786571325818,
    -0.0551564018619346,
    -0.996565026035967,
    -0.011576734607152,
    0.0896374752887756,
    -0.0158575455937786,
    -0.012534144074252,
    -0.125244796026142,
    1.98742009673068,
    0.0802768752665568,
    0.999736166788859,
    0.0117375704459712,
    0.0172608757349313,
    -0.0095858449396997,
    0.999777123912214,
    0.0161361540383027,
    0.00871829968400649,
    -0.0104555384985022,
    0.999815717472088,
    -0.0189245728122672,
    0.000449682955011534,
    0.00319208785716933,
    0.999860446578581,
    -0.0152594456161748,
    0.00291489145818654,
    0.00614329674966623,
    -0.00369681755210496,
    -0.0201193577968104,
    0.00207959253350384,
    -0.00137138554750036,
    -0.019535907979723,
    -0.00762411362620605,
    0.00421624262727748,
    -0.0219854287646242,
    0.0042027980208971,
    0.00062954070136282,
    -0.0130222179140292,
    0.00265977904866617
  ],
  "t": 3.79999999999969,
  "thrust": [
    0.0,
    0.0,
    0.0,
    0.0
  ]
}