{
  "T_W_L": {
    "arm_motor_0": {
      "p": [
        -0.536062573483031,
        -0.0174340113337115,
        0.0284125872623209
      ],
      "q": [
        0.172916410851817,
        -0.778097392487519,
        0.297763891258173,
        0.525357999582228
      ]
    },
    "arm_motor_1": {
      "p": [
        -0.358406294457318,
        0.129783888938122,
        0.101482195459436
      ],
      "q": [
        0.518992295369101,
        0.282563132603652,
        0.78181780302765,
        -0.198912031586181
      ]
    },
    "arm_motor_2": {
      "p": [
        -0.521932103529514,
        0.144715968817026,
        0.0301310986801643
      ],
      "q": [
        0.222462389075557,
        0.764878037501118,
        0.354933504564087,
        -0.489381528598178
      ]
    },
    "arm_motor_3": {
      "p": [
        -0.371370430073472,
        -0.0329456538606279,
        0.096373160998984
      ],
      "q": [
        0.505620981329006,
        -0.344337163351672,
        0.752167101248279,
        0.24499794483746
      ]
    },
    "base_link": {
      "p": [
        -0.446692688791126,
        0.0560619327388763,
        0.0638645308336706
      ],
      "q": [
        -0.0443486073896712,
        -0.978634859215818,
        -0.00371974278611492,
        -0.200731604048388
      ]
    },
    "connecting_link_0": {
      "p": [
        -0.486041773809465,
        0.0277205144553844,
        0.047359576489606
      ],
      "q": [
        -0.332821233392907,
        0.921682146706688,
        -0.0882805000093889,
        0.178713738596303
      ]
    },
    "connecting_link_1": {
      "p": [
        -0.407343603772786,
        0.0844033510223682,
        0.0803694851777351
      ],
      "q": [
        0.919811641612283,
        0.340454353571537,
        0.185845698734157,
        0.0591502607831745
      ]
    },
    "connecting_link_2": {
      "p": [
        -0.480582007638188,
        0.0914669931160183,
        0.0489650084328315
      ],
      "q": [
        0.408280551821859,
        0.886895444556909,
        0.0936712240732859,
        0.194805449638489
      ]
    },
    "connecting_link_3": {
      "p": [
        -0.412803369944064,
        0.0206568723617344,
        0.0787640532345096
      ],
      "q": [
        0.889390482486023,
        -0.416722851391842,
        0.174334433270149,
        -0.0702434350491715
      ]
    }
  },
  "contacts": [
    {
      "f": [
        -0.113675261559365,
        -0.0979016564398632,
        0.187528328794357
      ],
      "link": "arm_motor_0",
      "p": [
        -0.561513982882793,
        -0.00100255801318671,
        0.000906495108742883
      ]
    },
    {
      "f": [
        -0.0723190242726117,
        -0.0576055965101806,
        0.115572258383529
      ],
      "link": "arm_motor_0",
      "p": [
        -0.562329066405434,
        -0.00898210440638201,
        0.000942213870808235
      ]
    },
    {
      "f": [
        -0.737439488919473,
        -1.11411629934959,
        1.6700823933147
      ],
      "link": "arm_motor_0",
      "p": [
        -0.561873702190742,
        -0.0149229921886637,
        0.00093246500864079
      ]
    }
  ],
  "idx": 264,
  "state": [
    -0.446692688791126,
    0.0560619327388763,
    0.0638645308336706,
    -0.200731604048388,
    -0.0443486073896712,
    -0.978634859215818,
    -0.00371974278611492,
    0.19736469987568,
    -0.0207446342212854,
    -0.339164302079014,
    -0.0453468852167484,
    3.06382408851886,
    0.110106866963262,
    0.999855266084173,
    0.0110942909592065,
    0.0126463834096064,
    -0.0025362528495484,
    0.999873438910488,
    0.0146483561826185,
    0.00454856406708654,
    -0.00422402502246742,
    0.999825951599313,
    -0.017728583995786,
    -0.00345882055076592,
    -0.00466908753712557,
    0.999899676733218,
    -0.0133149872991193,
    -0.00475029063236137,
    -0.000884489083642073,
    0.0165640747667264,
    0.106610295080141,
    -0.0338205543585054,
    -0.00288837249460255,
    0.0189767388824704,
    -0.010167498033564,
    0.000600141629761609,
    -0.0193236744051375,
    -0.02500292283845,
    -0.00761315562280873,
    -0.00339273652324311,
    0.0312990460873595
  ],
  "t": 2.64999999999982,
  "thrust": [
    0.0,
    0.0,
    0.0,
    0.0
  ]
}