{
  "T_W_L": {
    "arm_motor_0": {
      "p": [
        -0.531487792743916,
        -0.0184842754796119,
        0.0227665535828392
      ],
      "q": [
        0.286983780483994,
        -0.711476296567331,
        0.160858587302605,
        0.62093985542318
      ]
    },
    "arm_motor_1": {
      "p": [
        -0.332081225397067,
        0.112314673398202,
        0.0632226111963511
      ],
      "q": [
        0.62823575334162,
        0.150808927434868,
        0.701045958676203,
        -0.301846102265699
      ]
    },
    "arm_motor_2": {
      "p": [
        -0.50629869852883,
        0.140578306316899,
        0.0596859349073496
      ],
      "q": [
        -0.239748594335159,
        -0.611299410403171,
        -0.414535669792139,
        0.630074456572422
      ]
    },
    "arm_motor_3": {
      "p": [
        -0.357074694190825,
        -0.0469740291280428,
        0.0266502005423192
      ],
      "q": [
        0.644355159219201,
        -0.396413186485363,
        0.601888005622894,
        0.255722198988304
      ]
    },
    "base_link": {
      "p": [
        -0.43173416967809,
        0.0467256555189858,
        0.0434133017542125
      ],
      "q": [
        -0.0797221104041021,
        -0.989863460665514,
        -0.115904243587738,
        -0.0195171890999675
      ]
    },
    "connecting_link_0": {
      "p": [
        -0.476100967093099,
        0.0224862679982575,
        0.0351647031001663
      ],
      "q": [
        -0.316672375164544,
        0.942160496434976,
        0.0891839793770241,
        0.0640189314775263
      ]
    },
    "connecting_link_1": {
      "p": [
        -0.387367372263081,
        0.0709650430397141,
        0.0516619004082587
      ],
      "q": [
        0.939944112675066,
        0.320075441039469,
        0.0514845899316685,
        -0.106799410534139
      ]
    },
    "connecting_link_2": {
      "p": [
        -0.466289526573858,
        0.0839532237014346,
        0.0500492249776424
      ],
      "q": [
        0.462648839988063,
        0.877783879326209,
        0.123593126319396,
        -0.0132759624633684
      ]
    },
    "connecting_link_3": {
      "p": [
        -0.397178812782323,
        0.00949808733653703,
        0.0367773785307826
      ],
      "q": [
        0.88122699286723,
        -0.461129353320133,
        -0.0300288122856391,
        -0.0994835513110024
      ]
    }
  },
  "contacts": [
    {
      "f": [
        -0.564043731892121,
        -0.0631387377424343,
        0.709458234864043
      ],
      "link": "base_link",
      "p": [
        -0.410862073732453,
        0.0390798028682421,
        0.000850185054783015
      ]
    },
    {
      "f": [
        -0.227684493938664,
        -0.0256906240392975,
        0.28641162725076
      ],
      "link": "base_link",
      "p": [
        -0.418745808574312,
        0.0602028458211767,
        0.000934539122476041
      ]
    },
    {
      "f": [
        -0.793473400397537,
        -0.103365317752807,
        1.00022218317089
      ],
      "link": "base_link",
      "p": [
        -0.438008548755881,
        0.0633074913655376,
        0.000499888908414556
      ]
    },
    {
      "f": [
        -0.109453364051795,
        -0.0287553379930237,
        0.141459514776688
      ],
      "link": "arm_motor_0",
      "p": [
        -0.531679464779551,
        -0.0500173448706397,
        0.000929270242611656
      ]
    },
    {
      "f": [
        -0.0792037375901451,
        -0.0215732329937102,
        0.102611497513448
      ],
      "link": "arm_motor_0",
      "p": [
        -0.535443433484127,
        -0.0487689734239711,
        0.000948694251243276
      ]
    }
  ],
  "idx": 620,
  "state": [
    -0.43173416967809,
    0.0467256555189858,
    0.0434133017542125,
    -0.0195171890999675,
    -0.0797221104041021,
    -0.989863460665514,
    -0.115904243587738,
    0.00172395158375303,
    -0.000629607371399956,
    -0.000322507399954679,
    -0.0145308825874606,
    0.0192758040309948,
    0.00538421897350554,
    0.999873817397993,
    0.00934965017538221,
    0.00260844276084543,
    -0.01257494930115,
    0.999790482278631,
    0.0115552834959275,
    -0.00927903808779745,
    -0.0141197174389654,
    0.999802715281956,
    -0.0148780849967153,
    -0.00844590444889048,
    0.0100915707250926,
    0.999838169341862,
    -0.0144492985657413,
    0.00446142525088051,
    0.00974415634127846,
    -0.00217039811923502,
    0.00358351856562304,
    3.26296349024284e-06,
    -0.00571958330594198,
    -0.0187020005677811,
    0.000773900974015474,
    0.00608248838925775,
    -0.012445562873411,
    0.00618744841473812,
    -0.00146327092103857,
    -0.0214558046958448,
    -0.000315803975691955
  ],
  "t": 6.21000000000041,
  "thrust": [
    0.0,
    0.0,
    0.0,
    0.0
  ]
}