{
  "T_W_L": {
    "arm_motor_0": {
      "p": [
        -0.538045556076849,
        -0.016168972191947,
        0.0282545747039496
      ],
      "q": [
        0.170047760482636,
        -0.774068086854186,
        0.299357362984229,
        0.531307373650949
      ]
    },
    "arm_motor_1": {
      "p": [
        -0.358597050325736,
        0.129514937053775,
        0.0996861430994493
      ],
      "q": [
        0.520290727275109,
        0.279637351928371,
        0.782120654269481,
        -0.198463580243595
      ]
    },
    "arm_motor_2": {
      "p": [
        -0.521331195032465,
        0.146958350301487,
        0.0295404111531709
      ],
      "q": [
        0.231378654144715,
        0.759200031851818,
        0.362787914732214,
        -0.488327921551318
      ]
    },
    "arm_motor_3": {
      "p": [
        -0.374344061399506,
        -0.0338392902404051,
        0.0950795100801003
      ],
      "q": [
        0.499673835535794,
        -0.348026431521333,
        0.749937538618956,
        0.258451831515309
      ]
    },
    "base_link": {
      "p": [
        -0.447696151464233,
        0.0566801015091186,
        0.0623601582406258
      ],
      "q": [
        -0.0515767009579776,
        -0.97909849563432,
        -0.00193342767428827,
        -0.196728853049907
      ]
    },
    "connecting_link_0": {
      "p": [
        -0.487594731443681,
        0.028920913245597,
        0.046188244854326
      ],
      "q": [
        -0.331919545927129,
        0.923039840117693,
        -0.0914356968014129,
        0.171657746511692
      ]
    },
    "connecting_link_1": {
      "p": [
        -0.407797571484786,
        0.0844392897726403,
        0.0785320716269257
      ],
      "q": [
        0.920943919784719,
        0.338068411230407,
        0.185141716895299,
        0.0573985244127941
      ]
    },
    "connecting_link_2": {
      "p": [
        -0.481179587852139,
        0.0925799347848891,
        0.0477293189472379
      ],
      "q": [
        0.42013921000722,
        0.882135475571133,
        0.092920379272131,
        0.191535506027794
      ]
    },
    "connecting_link_3": {
      "p": [
        -0.414212715076328,
        0.0207802682333482,
        0.0769909975340137
      ],
      "q": [
        0.883608676512664,
        -0.428844892435448,
        0.17696316153496,
        -0.0633388070863316
      ]
    }
  },
  "contacts": [
    {
      "f": [
        0.535898166152586,
        0.0847902704420659,
        0.678205622450872
      ],
      "link": "arm_motor_0",
      "p": [
        -0.563724439395678,
        0.000115661535202021,
        0.000872871687326172
      ]
    },
    {
      "f": [
        0.222395779163271,
        0.00946796425403444,
        0.278246532258136
      ],
      "link": "arm_motor_0",
      "p": [
        -0.564578026810208,
        -0.00785896652275721,
        0.000997344507513973
      ]
    },
    {
      "f": [
        0.865785474704036,
        -0.500202533128248,
        1.24986690688724
      ],
      "link": "arm_motor_2",
      "p": [
        -0.548621928325507,
        0.137327449370594,
        0.000835975698046887
      ]
    }
  ],
  "idx": 354,
  "state": [
    -0.447696151464233,
    0.0566801015091186,
    0.0623601582406258,
    -0.196728853049907,
    -0.0515767009579776,
    -0.97909849563432,
    -0.00193342767428827,
    -0.0261522377289503,
    0.00289444395602781,
    0.0453897326574208,
    0.0256538188097557,
    -0.458231874198171,
    -0.0104948169764149,
    0.999767686108804,
    0.0122371950494395,
    0.0152914853321935,
    -0.00899974145769527,
    0.999800355658374,
    0.0157819517017593,
    0.00913757937398616,
    -0.00816599467648222,
    0.999813002188826,
    -0.01907291056331,
    -0.00293492893272897,
    0.00125336705355582,
    0.999875573365534,
    -0.0149456045867621,
    0.0029384922875727,
    0.00410267638942002,
    -0.00370730874229883,
    0.027426106183598,
    -0.00599651412371034,
    0.0046453719866084,
    0.00436041276596832,
    -0.0238612573647,
    -0.00177807637538318,
    0.0521345288315241,
    0.0195036526195788,
    -0.00384195150218218,
    0.00860576866017868,
    0.0210776959538098
  ],
  "t": 3.54999999999972,
  "thrust": [
    0.0,
    0.0,
    0.0,
    0.0
  ]
}