{
  "T_W_L": {
    "arm_motor_0": {
      "p": [
        -0.53145756921848,
        -0.0184619560773127,
        0.0228456848497293
      ],
      "q": [
        0.287774744068121,
        -0.710677141894737,
        0.158809708829509,
        0.622015412225728
      ]
    },
    "arm_motor_1": {
      "p": [
        -0.331882189399253,
        0.11234192169756,
        0.0624017158401518
      ],
      "q": [
        0.631389777757035,
        0.151799960084837,
        0.698068891879949,
        -0.301667934742265
      ]
    },
    "arm_motor_2": {
      "p": [
        -0.50595250571835,
        0.140600286746196,
        0.0595925888772039
      ],
      "q": [
        -0.242565363362747,
        -0.611334440701761,
        -0.413492969603329,
        0.629647369721484
      ]
    },
    "arm_motor_3": {
      "p": [
        -0.357033276497921,
        -0.0469579904194645,
        0.0253918089356815
      ],
      "q": [
        0.648348046740838,
        -0.398156038567072,
        0.596988637349923,
        0.254403510421924
      ]
    },
    "base_link": {
      "p": [
        -0.431572556208119,
        0.0466197941188248,
        0.0432937811320492
      ],
      "q": [
        -0.0799354007881017,
        -0.989752447263703,
        -0.117010435094598,
        -0.0175779098680674
      ]
    },
    "connecting_link_0": {
      "p": [
        -0.475968469529924,
        0.022398829767696,
        0.0351483673166495
      ],
      "q": [
        -0.315782895016398,
        0.942355942255401,
        0.091192050953184,
        0.0626933102806852
      ]
    },
    "connecting_link_1": {
      "p": [
        -0.387176642886314,
        0.0708407584699536,
        0.0514391949474488
      ],
      "q": [
        0.940069240607558,
        0.320650223482632,
        0.0471492537598243,
        -0.105972661162962
      ]
    },
    "connecting_link_2": {
      "p": [
        -0.466104858691996,
        0.0838284476595128,
        0.0501520744220051
      ],
      "q": [
        0.463903296094254,
        0.877506653479436,
        0.1208640694647,
        -0.0129491962932338
      ]
    },
    "connecting_link_3": {
      "p": [
        -0.397040253724242,
        0.00941114057813686,
        0.0364354878420933
      ],
      "q": [
        0.880586014180947,
        -0.461429282218154,
        -0.0363165866580521,
        -0.101648387464144
      ]
    }
  },
  "contacts": [
    {
      "f": [
        -0.198475549424878,
        -0.570333606780284,
        0.754851979221874
      ],
      "link": "base_link",
      "p": [
        -0.410858061753545,
        0.0390829827762159,
        0.000634332596380696
      ]
    },
    {
      "f": [
        -0.0969026150012268,
        -0.302574905621596,
        0.397141525281751
      ],
      "link": "base_link",
      "p": [
        -0.41874244492135,
        0.0602052912445819,
        0.000801429237359125
      ]
    },
    {
      "f": [
        -0.27320005376207,
        -0.843125306255909,
        1.10785445190292
      ],
      "link": "base_link",
      "p": [
        -0.438006813582415,
        0.0633099210038049,
        0.000446072774048539
      ]
    },
    {
      "f": [
        -0.212021105308743,
        -0.0940713704693631,
        0.289941728623845
      ],
      "link": "arm_motor_0",
      "p": [
        -0.531776906934332,
        -0.0499285283468495,
        0.000914177831303771
      ]
    },
    {
      "f": [
        -0.161526173364142,
        -0.0691852802375358,
        0.219649250522314
      ],
      "link": "arm_motor_0",
      "p": [
        -0.535539128067679,
        -0.0486753281088284,
        0.000952260336744809
      ]
    }
  ],
  "idx": 670,
  "state": [
    -0.431572556208119,
    0.0466197941188248,
    0.0432937811320492,
    -0.0175779098680674,
    -0.0799354007881018,
    -0.989752447263703,
    -0.117010435094598,
    0.000225111155109656,
    0.000401481746014586,
    -3.69975742862158e-06,
    -0.00513212077929973,
    0.00121917113011613,
    -0.000626975597881289,
    0.999884134274855,
    0.00920383950336295,
    0.00246278267092078,
    -0.0118719023469533,
    0.999757245565056,
    0.0100322353184337,
    -0.0129990780485025,
    -0.0146910913337845,
    0.999776607410221,
    -0.0134359044045419,
    -0.0121631432443797,
    0.0108751871044783,
    0.999838762271603,
    -0.0145479211163016,
    1.1573745957622e-05,
    0.0105265054235347,
    0.00254828823369565,
    0.00133867596616236,
    0.00618335092777403,
    -0.0067867843902119,
    -0.0167585503536557,
    -0.00478048499980013,
    0.00576814784447802,
    -0.0177127139437465,
    0.00467199544042196,
    -0.00149541228517136,
    -0.0142631675191102,
    0.000933606399489762
  ],
  "t": 6.71000000000058,
  "thrust": [
    0.0,
    0.0,
    0.0,
    0.0
  ]
}