{
  "T_W_L": {
    "arm_motor_0": {
      "p": [
        -0.531503413219316,
        -0.0183780216171651,
        0.0228570205663876
      ],
      "q": [
        0.287572926118455,
        -0.710714273295555,
        0.157972205466164,
        0.622279532202207
      ]
    },
    "arm_motor_1": {
      "p": [
        -0.331885383172865,
        0.112502729461546,
        0.0618852795183827
      ],
      "q": [
        0.633670883701488,
        0.154062965541404,
        0.696015364290958,
        -0.300480326258623
      ]
    },
    "arm_motor_2": {
      "p": [
        -0.505804136482315,
        0.140749964785863,
        0.0591587045036424
      ],
      "q": [
        -0.245393960229518,
        -0.612854888569942,
        -0.412087956075805,
        0.627992202416609
      ]
    },
    "arm_motor_3": {
      "p": [
        -0.357082734534594,
        -0.0468808147197376,
        0.0247103744286123
      ],
      "q": [
        0.650969288195804,
        -0.399692534225974,
        0.593627899620745,
        0.253161570349313
      ]
    },
    "base_link": {
      "p": [
        -0.431548613722662,
        0.0466135154753179,
        0.0432872507037208
      ],
      "q": [
        -0.0799384152952384,
        -0.98973739665676,
        -0.117167036193622,
        -0.0173672406786163
      ]
    },
    "connecting_link_0": {
      "p": [
        -0.475946594959086,
        0.0223933169835259,
        0.0351508358207178
      ],
      "q": [
        -0.315047983868137,
        0.942568959147129,
        0.0916415484198991,
        0.0625328051195826
      ]
    },
    "connecting_link_1": {
      "p": [
        -0.387150632486238,
        0.0708337139671099,
        0.0514236655867238
      ],
      "q": [
        0.940230162805956,
        0.321410643974655,
        0.0440842049943676,
        -0.103532708646582
      ]
    },
    "connecting_link_2": {
      "p": [
        -0.466079949080046,
        0.083818179113406,
        0.0501720079262107
      ],
      "q": [
        0.46490992152702,
        0.877411392452191,
        0.117870454845992,
        -0.0107036972699278
      ]
    },
    "connecting_link_3": {
      "p": [
        -0.397017278365278,
        0.00940885183722978,
        0.0364024934812309
      ],
      "q": [
        0.880063111350789,
        -0.461637564470657,
        -0.0405464847040773,
        -0.103613038210988
      ]
    }
  },
  "contacts": [
    {
      "f": [
        -0.167800530070132,
        0.603880129297043,
        0.783450130484177
      ],
      "link": "base_link",
      "p": [
        -0.410850501158648,
        0.0390924831073269,
        0.000617067161848936
      ]
    },
    {
      "f": [
        -0.108219731030249,
        0.34116886146928,
        0.447401703974782
      ],
      "link": "base_link",
      "p": [
        -0.41873579751615,
        0.0602143656150091,
        0.000794591647563625
      ]
    },
    {
      "f": [
        -0.290488317817354,
        0.871589530532866,
        1.14840362876776
      ],
      "link": "base_link",
      "p": [
        -0.43800044798093,
        0.0633182227808255,
        0.000447868081315153
      ]
    },
    {
      "f": [
        0.086943423409572,
        0.13309980721782,
        0.198725303322501
      ],
      "link": "arm_motor_0",
      "p": [
        -0.53188425611971,
        -0.0498265564278268,
        0.000900637348338749
      ]
    },
    {
      "f": [
        0.0514561668868969,
        0.0761994732843233,
        0.114932703403859
      ],
      "link": "arm_motor_0",
      "p": [
        -0.535644646446948,
        -0.0485679944480777,
        0.00094253364829807
      ]
    }
  ],
  "idx": 722,
  "state": [
    -0.431548613722662,
    0.0466135154753179,
    0.0432872507037208,
    -0.0173672406786163,
    -0.0799384152952384,
    -0.98973739665676,
    -0.117167036193622,
    4.32131627647526e-05,
    -0.000149925267834789,
    -5.81121705836067e-05,
    0.00150178656953535,
    -0.000840399698209249,
    0.000160358573605934,
    0.999894640375717,
    0.00905199482082349,
    0.0023614911567592,
    -0.0110992295767264,
    0.999709453011208,
    0.00843505552836269,
    -0.0166736397114837,
    -0.0152265930869898,
    0.999735865131754,
    -0.0119064860520009,
    -0.0158692345427195,
    0.0116018513257451,
    0.999819528503692,
    -0.0146003373816265,
    -0.004352612635862,
    0.0113488032073542,
    -0.00161973448855448,
    0.000466147435279159,
    0.00206442008873666,
    -0.005588720028472,
    -0.013622161507252,
    -0.0005911484494761,
    0.00594045990279304,
    -0.0129154397373844,
    0.00207172256470827,
    4.54662333484378e-06,
    -0.0176198993207649,
    0.00322393940843998
  ],
  "t": 7.23000000000075,
  "thrust": [
    0.0,
    0.0,
    0.0,
    0.0
  ]
}