{
  "T_W_L": {
    "arm_motor_0": {
      "p": [
        -0.0084684070215077,
        -0.0758893404205252,
        0.169460506732957
      ],
      "q": [
        0.0343494366441618,
        0.913529298655867,
        -0.397749325522394,
        0.0779731411835435
      ]
    },
    "arm_motor_1": {
      "p": [
        -0.0367619879841582,
        0.0936313448175745,
        0.339976872796714
      ],
      "q": [
        -0.0727971127505845,
        0.398076704313763,
        0.913930506691258,
        0.0310893357428569
      ]
    },
    "arm_motor_2": {
      "p": [
        -0.00730444220647902,
        0.086666012668784,
        0.163247971883305
      ],
      "q": [
        -0.0297454462883474,
        0.928381166117115,
        0.361820425518821,
        0.0794329811949202
      ]
    },
    "arm_motor_3": {
      "p": [
        -0.0377845013054072,
        -0.0690188863159996,
        0.34613750705403
      ],
      "q": [
        -0.0736736007492613,
        -0.362831480629827,
        0.92854103525526,
        -0.0271489053867068
      ]
    },
    "base_link": {
      "p": [
        -0.0228540880352818,
        0.00886794585176756,
        0.254682299945816
      ],
      "q": [
        -0.012393646812521,
        0.646660725472657,
        -0.0146710118581835,
        0.762535943455075
      ]
    },
    "connecting_link_0": {
      "p": [
        -0.0165279667426028,
        -0.0246445810003566,
        0.21646069959502
      ],
      "q": [
        -0.256962525708236,
        0.590827425010855,
        -0.305539964870285,
        0.701098098773454
      ]
    },
    "connecting_link_1": {
      "p": [
        -0.0291802093279607,
        0.0423804727038917,
        0.292903900296612
      ],
      "q": [
        0.594771126737906,
        0.259499256926294,
        0.697721790891386,
        0.303466217179013
      ]
    },
    "connecting_link_2": {
      "p": [
        -0.0161218625212033,
        0.0393082073426506,
        0.214036665247927
      ],
      "q": [
        0.23481246967625,
        0.600297018434495,
        0.276878883236071,
        0.712632217740078
      ]
    },
    "connecting_link_3": {
      "p": [
        -0.0295863135493603,
        -0.0215723156391154,
        0.295327934643705
      ],
      "q": [
        0.604482559954738,
        -0.237363425280574,
        0.708672765323204,
        -0.275757775482038
      ]
    }
  },
  "contacts": [],
  "idx": 37,
  "state": [
    -0.0228540880352818,
    0.00886794585176756,
    0.254682299945816,
    0.762535943455075,
    -0.012393646812521,
    0.646660725472657,
    -0.0146710118581835,
    -0.22861721558266,
    0.0870232563399697,
    0.91957295314604,
    0.0345313970346106,
    -1.65495777187323,
    -0.391276948293661,
    0.99999386711344,
    0.00261486103115946,
    -0.00197854701155624,
    0.0012302800568805,
    0.999995204263262,
    0.00246554649523771,
    -0.0014671776889331,
    0.00116615632972152,
    0.999993364506149,
    -0.0011457617244621,
    -0.00284815503899533,
    -0.00196116970649309,
    0.999992293936415,
    -0.00343993947336408,
    -0.00153390552661311,
    -0.00110725698962574,
    -6.61700475984403e-05,
    0.000366950280249258,
    -0.000465663135415742,
    -8.02225245159182e-05,
    0.000327459004374384,
    -0.000549874259555247,
    -7.73053221209484e-05,
    0.000601022452746358,
    0.000289496409766827,
    9.35286863230164e-05,
    0.000279262268869173,
    0.000628008136300973
  ],
  "t": 0.38,
  "thrust": [
    0.0,
    0.0,
    0.0,
    0.0
  ]
}