{
  "T_W_L": {
    "arm_motor_0": {
      "p": [
        -0.531453558442102,
        -0.018497585964337,
        0.0228054883200731
      ],
      "q": [
        0.287650485606791,
        -0.710962066377222,
        0.159630792119079,
        0.62153692449463
      ]
    },
    "arm_motor_1": {
      "p": [
        -0.331945196695961,
        0.112269715015319,
        0.0628450455387139
      ],
      "q": [
        0.629655459472805,
        0.150731815667648,
        0.699664074642294,
        -0.302132594660965
      ]
    },
    "arm_motor_2": {
      "p": [
        -0.50610945087222,
        0.140534061291603,
        0.0597807069049338
      ],
      "q": [
        -0.240745153119223,
        -0.610827221434311,
        -0.414302559416547,
        0.630305692553494
      ]
    },
    "arm_motor_3": {
      "p": [
        -0.357032832542441,
        -0.046991063600628,
        0.0259856754746331
      ],
      "q": [
        0.646307137983609,
        -0.397224634630459,
        0.599514302080519,
        0.255112278487421
      ]
    },
    "base_link": {
      "p": [
        -0.431631828166292,
        0.046646367860915,
        0.0433429827010831
      ],
      "q": [
        -0.0798658663731898,
        -0.989778796303086,
        -0.116729507295958,
        -0.018264717455173
      ]
    },
    "connecting_link_0": {
      "p": [
        -0.476017576260439,
        0.0224211710722813,
        0.0351548689576798
      ],
      "q": [
        -0.316275624577746,
        0.942219072369718,
        0.0905235933905847,
        0.063233124233749
      ]
    },
    "connecting_link_1": {
      "p": [
        -0.387246080072145,
        0.0708715646495487,
        0.0515310964444864
      ],
      "q": [
        0.939970856936529,
        0.32022349550141,
        0.0495035665278252,
        -0.1070565175031
      ]
    },
    "connecting_link_2": {
      "p": [
        -0.466172135029704,
        0.0838606162581889,
        0.050130244152312
      ],
      "q": [
        0.463188679534779,
        0.877613499834597,
        0.122723618917986,
        -0.013773359015521
      ]
    },
    "connecting_link_3": {
      "p": [
        -0.39709152130288,
        0.00943211946364116,
        0.0365557212498542
      ],
      "q": [
        0.880928788416935,
        -0.461271854883952,
        -0.0330875315780242,
        -0.10048861071914
      ]
    }
  },
  "contacts": [
    {
      "f": [
        -0.564217280391485,
        -0.0864174741588389,
        0.713496145018884
      ],
      "link": "base_link",
      "p": [
        -0.410860836598882,
        0.0390801970416376,
        0.000716215013043496
      ]
    },
    {
      "f": [
        -0.276868963984317,
        -0.0427644589573233,
        0.350190176385591
      ],
      "link": "base_link",
      "p": [
        -0.418744818337248,
        0.0602028365267216,
        0.000858578594327135
      ]
    },
    {
      "f": [
        -0.837754151797332,
        -0.14167274345422,
        1.06206107484715
      ],
      "link": "base_link",
      "p": [
        -0.438008606699189,
        0.0633077710400054,
        0.000475507214720734
      ]
    },
    {
      "f": [
        -0.199663104462613,
        -0.0488282459246745,
        0.25693370036028
      ],
      "link": "arm_motor_0",
      "p": [
        -0.531712784838804,
        -0.0499853458374134,
        0.000903617922302646
      ]
    },
    {
      "f": [
        -0.141846146026058,
        -0.0355312696309303,
        0.182785736348736
      ],
      "link": "arm_motor_0",
      "p": [
        -0.535476101852879,
        -0.0487352462902789,
        0.000934684686429918
      ]
    }
  ],
  "idx": 639,
  "state": [
    -0.431631828166292,
    0.046646367860915,
    0.0433429827010831,
    -0.018264717455173,
    -0.0798658663731898,
    -0.989778796303086,
    -0.116729507295958,
    0.000847559233519134,
    -0.000135659531616794,
    -0.000150861314285815,
    -0.00482969340640207,
    0.00531572904101857,
    0.00175496564050282,
    0.999877612727672,
    0.00930221873851261,
    0.00252284793517133,
    -0.0123232922081989,
    0.999779527774783,
    0.0109784194886024,
    -0.0107147679003327,
    -0.0143374996706307,
    0.999794463505209,
    -0.0143341390424545,
    -0.00987031213809774,
    0.0103990451744378,
    0.999840814093963,
    -0.014493562436942,
    0.00273371138973554,
    0.010040415422012,
    -0.000582736704895527,
    0.000806113657612964,
    0.000972504333850262,
    -0.00588839659258558,
    -0.0177234564741437,
    -0.000499905956312339,
    0.00590999140444067,
    -0.0135468886732107,
    0.0054597182440788,
    -0.00117991205955816,
    -0.019542087767394,
    0.000311538876401584
  ],
  "t": 6.40000000000047,
  "thrust": [
    0.0,
    0.0,
    0.0,
    0.0
  ]
}