{
  "T_W_L": {
    "arm_motor_0": {
      "p": [
        -0.531538323360355,
        -0.0183165004365981,
        0.0228873070342331
      ],
      "q": [
        0.287420867136496,
        -0.710715372572019,
        0.157292890732546,
        0.622520562591567
      ]
    },
    "arm_motor_1": {
      "p": [
        -0.331883729327563,
        0.112618749240667,
        0.0614918320492344
      ],
      "q": [
        0.635448383788284,
        0.155825255968113,
        0.694423124643299,
        -0.299500192160152
      ]
    },
    "arm_motor_2": {
      "p": [
        -0.505691304665864,
        0.140854735542079,
        0.0588388371345603
      ],
      "q": [
        -0.247604552353769,
        -0.614008133498278,
        -0.410917885172162,
        0.626763503482206
      ]
    },
    "arm_motor_3": {
      "p": [
        -0.357122538070444,
        -0.0468229751555492,
        0.0241962533480661
      ],
      "q": [
        0.652977927119536,
        -0.400885801728544,
        0.591015545362766,
        0.252212263394721
      ]
    },
    "base_link": {
      "p": [
        -0.431527254195027,
        0.0466044454825421,
        0.0432957973589981
      ],
      "q": [
        -0.0799322857650091,
        -0.989727553043596,
        -0.117282765543359,
        -0.017174205810422
      ]
    },
    "connecting_link_0": {
      "p": [
        -0.475926728926539,
        0.0223837221124409,
        0.035169100428828
      ],
      "q": [
        -0.314460113876152,
        0.94274017067576,
        0.0920143745373156,
        0.0623631482026364
      ]
    },
    "connecting_link_1": {
      "p": [
        -0.387127779463514,
        0.0708251688526433,
        0.0514224942891682
      ],
      "q": [
        0.940361161718755,
        0.321963712018299,
        0.0417014391773003,
        -0.101593521667935
      ]
    },
    "connecting_link_2": {
      "p": [
        -0.46605831967906,
        0.0838052366850979,
        0.0502027974633292
      ],
      "q": [
        0.46564568113808,
        0.877358038412833,
        0.115479965094061,
        -0.00901940861217901
      ]
    },
    "connecting_link_3": {
      "p": [
        -0.396996188710993,
        0.00940365427998636,
        0.036388797254667
      ],
      "q": [
        0.879636220144037,
        -0.461810070628474,
        -0.0438140203186817,
        -0.105128067138845
      ]
    }
  },
  "contacts": [
    {
      "f": [
        0.46063789740396,
        0.52751657264701,
        0.875411516571983
      ],
      "link": "base_link",
      "p": [
        -0.410844133073071,
        0.039095833189729,
        0.000616158218294076
      ]
    },
    {
      "f": [
        0.259734623587651,
        0.297675092657097,
        0.493825208636982
      ],
      "link": "base_link",
      "p": [
        -0.418730627047241,
        0.0602171963936934,
        0.000802070720840181
      ]
    },
    {
      "f": [
        0.599574573966865,
        0.686151889359138,
        1.13900592967801
      ],
      "link": "base_link",
      "p": [
        -0.437995587179898,
        0.0633199910910059,
        0.000463130872589777
      ]
    },
    {
      "f": [
        0.109022517283158,
        0.193549533122989,
        0.27767823962413
      ],
      "link": "arm_motor_0",
      "p": [
        -0.531969980972707,
        -0.0497505567435912,
        0.00091113987832335
      ]
    },
    {
      "f": [
        0.0757192449149994,
        0.134469389423453,
        0.192903071281983
      ],
      "link": "arm_motor_0",
      "p": [
        -0.535728906359395,
        -0.0484877426804385,
        0.000956411825608974
      ]
    }
  ],
  "idx": 764,
  "state": [
    -0.431527254195027,
    0.0466044454825421,
    0.0432957973589981,
    -0.017174205810422,
    -0.0799322857650091,
    -0.989727553043596,
    -0.117282765543359,
    -0.000550344686278996,
    -0.000783490668008726,
    -0.000146769310015795,
    0.000920586020199084,
    0.00325873589550431,
    0.000770074770534873,
    0.999902827659554,
    0.00891490055240493,
    0.00228984774715239,
    -0.010469784327476,
    0.999662411561469,
    0.00713500842436964,
    -0.0195131936349104,
    -0.0156009563828388,
    0.999694085789812,
    -0.0106573703704779,
    -0.0187346415427873,
    0.0121313024824922,
    0.999791403719878,
    -0.0146128027689919,
    -0.0077062899541685,
    0.0120095019969199,
    0.00168644046532082,
    -0.00571303261067511,
    0.00316051022302642,
    -0.0038468570375209,
    -0.00879087550703446,
    -0.00176288622428813,
    0.00685677154353786,
    -0.0135867775800573,
    -0.00243553935634395,
    0.00267512895801216,
    -0.015724437128003,
    0.00739489557200427
  ],
  "t": 7.65000000000089,
  "thrust": [
    0.0,
    0.0,
    0.0,
    0.0
  ]
}