{
  "T_W_L": {
    "arm_motor_0": {
      "p": [
        -0.531462975087677,
        -0.0184554781204826,
        0.0228366793358728
      ],
      "q": [
        0.287769245238637,
        -0.7106916763187,
        0.158712891025789,
        0.622026061293526
      ]
    },
    "arm_motor_1": {
      "p": [
        -0.331884256084198,
        0.112354092772657,
        0.0623522391303683
      ],
      "q": [
        0.631598856363864,
        0.152004563008822,
        0.697876822532761,
        -0.301571613445189
      ]
    },
    "arm_motor_2": {
      "p": [
        -0.505939306207705,
        0.14061162426829,
        0.0595492900129129
      ],
      "q": [
        -0.2428207310165,
        -0.611479074600581,
        -0.413378875562939,
        0.629483390688388
      ]
    },
    "arm_motor_3": {
      "p": [
        -0.357038874086727,
        -0.0469523882972166,
        0.0253163808266683
      ],
      "q": [
        0.648608936757222,
        -0.398325360128422,
        0.596653618665512,
        0.2542593439199
      ]
    },
    "base_link": {
      "p": [
        -0.43157154762851,
        0.0466163280463661,
        0.0432886002211885
      ],
      "q": [
        -0.07993557339731,
        -0.989747456361297,
        -0.117054459655723,
        -0.0175650279445444
      ]
    },
    "connecting_link_0": {
      "p": [
        -0.47596752733805,
        0.0223959479850361,
        0.0351418109570186
      ],
      "q": [
        -0.315710546231232,
        0.942373749673199,
        0.091256623219118,
        0.0626960576423762
      ]
    },
    "connecting_link_1": {
      "p": [
        -0.387175567918969,
        0.070836708107696,
        0.0514353894853583
      ],
      "q": [
        0.940081267970392,
        0.320726790155297,
        0.0468655993212797,
        -0.105759875605626
      ]
    },
    "connecting_link_2": {
      "p": [
        -0.466103851742801,
        0.0838242433553209,
        0.0501508892649207
      ],
      "q": [
        0.464003191624266,
        0.877492974403806,
        0.120602820595383,
        -0.0127309739963149
      ]
    },
    "connecting_link_3": {
      "p": [
        -0.397039243514218,
        0.00940841273741121,
        0.0364263111774563
      ],
      "q": [
        0.880533597297105,
        -0.461447069531185,
        -0.0367379577413521,
        -0.101870056999577
      ]
    }
  },
  "contacts": [
    {
      "f": [
        -0.264301502337558,
        -0.580279611404825,
        0.797045042200825
      ],
      "link": "base_link",
      "p": [
        -0.410857809192936,
        0.0390834432261772,
        0.000628091065783466
      ]
    },
    {
      "f": [
        -0.135094275635929,
        -0.304516692957891,
        0.416422410989593
      ],
      "link": "base_link",
      "p": [
        -0.418742261576527,
        0.0602057095128827,
        0.00079724123985097
      ]
    },
    {
      "f": [
        -0.366090065670115,
        -0.819572743472144,
        1.12202482845245
      ],
      "link": "base_link",
      "p": [
        -0.438006647370635,
        0.0633103054230131,
        0.000442518421511731
      ]
    },
    {
      "f": [
        -0.15642066394011,
        -0.160319731920777,
        0.279982813508856
      ],
      "link": "arm_motor_0",
      "p": [
        -0.531787837471934,
        -0.0499191701862421,
        0.000901121602084547
      ]
    },
    {
      "f": [
        -0.115975675812845,
        -0.11841483731303,
        0.207185119051619
      ],
      "link": "arm_motor_0",
      "p": [
        -0.535549881158561,
        -0.0486654481659194,
        0.000939558116826937
      ]
    }
  ],
  "idx": 675,
  "state": [
    -0.43157154762851,
    0.0466163280463661,
    0.0432886002211885,
    -0.0175650279445444,
    -0.07993557339731,
    -0.989747456361297,
    -0.117054459655723,
    0.000310408800393724,
    0.000528902789232599,
    -8.09686774192958e-05,
    -0.00410097035732503,
    0.000496678632135669,
    -0.00032139787092604,
    0.999885151455342,
    0.00919157473246412,
    0.00245378195745711,
    -0.0117973644162867,
    0.999753196446821,
    0.00987942664794788,
    -0.0133602164695563,
    -0.0147461092956363,
    0.999773265066248,
    -0.0132896315585315,
    -0.0125274208295318,
    0.0109484190261389,
    0.99983773668095,
    -0.0145548154695182,
    -0.000418468820854798,
    0.0106057785763098,
    0.000864936322967398,
    0.00244612873374467,
    0.00530198541251073,
    -0.00655194109426418,
    -0.0166514773305721,
    -0.0038791609790265,
    0.00597628163051866,
    -0.01663616710252,
    0.00470859073903569,
    -0.00127428374947338,
    -0.0150040727224036,
    0.000865948724665955
  ],
  "t": 6.76000000000059,
  "thrust": [
    0.0,
    0.0,
    0.0,
    0.0
  ]
}