{
  "T_W_L": {
    "arm_motor_0": {
      "p": [
        -0.531494308100675,
        -0.0183898374974856,
        0.022875127382758
      ],
      "q": [
        0.287605604366778,
        -0.710666787102805,
        0.158078201127585,
        0.622291745384802
      ]
    },
    "arm_motor_1": {
      "p": [
        -0.331875904224901,
        0.112477010704744,
        0.0619574432328708
      ],
      "q": [
        0.633372445484243,
        0.153693585526199,
        0.696284740041683,
        -0.300674554717384
      ]
    },
    "arm_motor_2": {
      "p": [
        -0.505816797323585,
        0.14072828058298,
        0.0592413757427522
      ],
      "q": [
        -0.244993182331526,
        -0.612581396354334,
        -0.412300102405741,
        0.628276212352388
      ]
    },
    "arm_motor_3": {
      "p": [
        -0.357072333102777,
        -0.0468936801059734,
        0.0248083951261236
      ],
      "q": [
        0.650615420351073,
        -0.39944963875357,
        0.594089043205094,
        0.253372787893048
      ]
    },
    "base_link": {
      "p": [
        -0.431546360520917,
        0.0466139297235128,
        0.0432945500297499
      ],
      "q": [
        -0.0799523475832365,
        -0.989739430795885,
        -0.117144976286746,
        -0.0173359676552526
      ]
    },
    "connecting_link_0": {
      "p": [
        -0.475945402274177,
        0.0223943354187403,
        0.0351621246163465
      ],
      "q": [
        -0.315146041130091,
        0.942544017362456,
        0.0915897051799181,
        0.0624905912864439
      ]
    },
    "connecting_link_1": {
      "p": [
        -0.387147318767658,
        0.0708335240282853,
        0.0514269754431533
      ],
      "q": [
        0.940209612538801,
        0.321286793121357,
        0.044485710101571,
        -0.103931240020458
      ]
    },
    "connecting_link_2": {
      "p": [
        -0.46607645258228,
        0.0838195740295188,
        0.0501802434595217
      ],
      "q": [
        0.464776538866102,
        0.877418829603446,
        0.118303857723913,
        -0.0110979108216994
      ]
    },
    "connecting_link_3": {
      "p": [
        -0.397016268459555,
        0.00940828541750677,
        0.0364088565999782
      ],
      "q": [
        0.88013896675373,
        -0.461615164792481,
        -0.0399701845958304,
        -0.103291931817851
      ]
    }
  },
  "contacts": [
    {
      "f": [
        -0.308907538100322,
        -0.517662747981328,
        0.753531879450429
      ],
      "link": "base_link",
      "p": [
        -0.41085133791624,
        0.0390908194680992,
        0.000623234060274785
      ]
    },
    {
      "f": [
        -0.162011440639078,
        -0.275058305891248,
        0.399031598329226
      ],
      "link": "base_link",
      "p": [
        -0.418736185034352,
        0.0602128719859932,
        0.000800484200835387
      ]
    },
    {
      "f": [
        -0.444964786414527,
        -0.7499912722403,
        1.0900692133885
      ],
      "link": "base_link",
      "p": [
        -0.438000795073829,
        0.0633171143811409,
        0.000454965393305751
      ]
    },
    {
      "f": [
        -0.14627573036771,
        -0.281789864564225,
        0.39686686421923
      ],
      "link": "arm_motor_0",
      "p": [
        -0.531869370627061,
        -0.0498413470509871,
        0.00092290603781655
      ]
    },
    {
      "f": [
        -0.117743529590495,
        -0.227450930128719,
        0.320150024346123
      ],
      "link": "arm_motor_0",
      "p": [
        -0.535630013800908,
        -0.0485835384937464,
        0.000964733329490507
      ]
    }
  ],
  "idx": 714,
  "state": [
    -0.431546360520917,
    0.0466139297235128,
    0.0432945500297499,
    -0.0173359676552526,
    -0.0799523475832365,
    -0.989739430795885,
    -0.117144976286746,
    0.000452988580014291,
    0.000864477492873784,
    -4.50497057705912e-05,
    -0.00562885413449068,
    -0.00342755040002223,
    -0.00124403495062092,
    0.999893012964783,
    0.00908203083753662,
    0.00238845049820305,
    -0.0112149295268634,
    0.999717566432954,
    0.0086809933047311,
    -0.0161220046444307,
    -0.0151495441139508,
    0.999742929022645,
    -0.0121437388864386,
    -0.0153108851436736,
    0.0114970548923336,
    0.999823683874354,
    -0.0145956456903575,
    -0.00369653338634033,
    0.0112206921231264,
    -0.00205121945467452,
    0.0041482677963755,
    0.00442259986824937,
    -0.00713293116800339,
    -0.0189006824722303,
    -0.00347971038270055,
    0.00600826212783852,
    -0.0160991459845945,
    0.00713931105469741,
    -0.00185250403884687,
    -0.0143418769981096,
    -0.00176913438488616
  ],
  "t": 7.15000000000072,
  "thrust": [
    0.0,
    0.0,
    0.0,
    0.0
  ]
}