{
  "T_W_L": {
    "arm_motor_0": {
      "p": [
        -0.111200194594437,
        -0.0724914804408341,
        0.125480953137272
      ],
      "q": [
        0.445561829643414,
        0.404258679794254,
        -0.111278265322615,
        0.790990975575961
      ]
    },
    "arm_motor_1": {
      "p": [
        -0.247604070229704,
        0.112893177132127,
        0.0503935174421895
      ],
      "q": [
        0.793667803751203,
        -0.117832529320053,
        -0.404896412373694,
        -0.438481251103957
      ]
    },
    "arm_motor_2": {
      "p": [
        -0.111968884416408,
        0.0847006652527962,
        0.165562610032977
      ],
      "q": [
        -0.238401778870617,
        0.352314375945573,
        0.198826169885619,
        0.882897121131348
      ]
    },
    "arm_motor_3": {
      "p": [
        -0.248780758438287,
        -0.0451342768553596,
        0.013739412403941
      ],
      "q": [
        0.87101961730029,
        0.204022050880099,
        -0.375008861578899,
        0.24303946751512
      ]
    },
    "base_link": {
      "p": [
        -0.179436973409902,
        0.0203200003160528,
        0.0883392811228289
      ],
      "q": [
        0.108459471512201,
        -0.342446660248554,
        -0.0410519159755227,
        0.932352705856879
      ]
    },
    "connecting_link_0": {
      "p": [
        -0.149025901397071,
        -0.0168525977094904,
        0.106154012528658
      ],
      "q": [
        0.236374175170447,
        -0.273461028851087,
        -0.39374540718704,
        0.845169136523163
      ]
    },
    "connecting_link_1": {
      "p": [
        -0.209848045422732,
        0.057492598341596,
        0.0705245497170002
      ],
      "q": [
        -0.274902887174366,
        -0.226732885552198,
        0.847512884909454,
        0.393373246605342
      ]
    },
    "connecting_link_2": {
      "p": [
        -0.148880841410036,
        0.0454259665444658,
        0.1208971259063
      ],
      "q": [
        -0.0279841814828793,
        -0.375178657101436,
        0.309166847489819,
        0.873426425782678
      ]
    },
    "connecting_link_3": {
      "p": [
        -0.209993105409767,
        -0.00478596591236015,
        0.0557814363393581
      ],
      "q": [
        -0.350732568912059,
        0.027589479887004,
        0.881075186967033,
        -0.316120231264814
      ]
    }
  },
  "contacts": [
    {
      "f": [
        1.35962636344439,
        0.65037280890649,
        1.88396549809916
      ],
      "link": "arm_motor_3",
      "p": [
        -0.265916051954793,
        -0.022390271300065,
        0.000658134737121327
      ]
    }
  ],
  "idx": 97,
  "state": [
    -0.179436973409902,
    0.0203200003160528,
    0.0883392811228289,
    0.932352705856879,
    0.108459471512201,
    -0.342446660248554,
    -0.0410519159755227,
    -0.341023118774979,
    -0.0570092020047596,
    0.36141086151522,
    0.625934265371944,
    -4.08660257245235,
    0.25460342626753,
    0.999985280352245,
    0.00415881302502499,
    0.00330445765395826,
    -0.00110630587024233,
    0.999987181856043,
    0.00386511777159827,
    0.000990221468935095,
    0.00311712201606623,
    0.99979259258766,
    -0.00659029355084341,
    -0.0170927142691382,
    -0.00889825582196398,
    0.999957408234949,
    -0.00427543315262769,
    -0.00674578243512296,
    -0.00462566824778566,
    0.00421369493164493,
    0.000418717492174872,
    0.0195373959308854,
    -0.00949863819787939,
    0.0204040040543375,
    -0.0210176479416452,
    -0.00366400253001958,
    -0.00907525081569121,
    -0.00708837800461625,
    0.00760474211140197,
    -0.0774355823012276,
    -0.0375707183911225
  ],
  "t": 0.980000000000001,
  "thrust": [
    0.0,
    0.0,
    0.0,
    0.0
  ]
}