{
  "T_W_L": {
    "arm_motor_0": {
      "p": [
        -0.511206170876038,
        -0.0176963761829825,
        0.0708805026098255
      ],
      "q": [
        0.265655207300328,
        -0.573759443994554,
        0.216717324574993,
        0.743815173608563
      ]
    },
    "arm_motor_1": {
      "p": [
        -0.323189421774806,
        0.12781867680244,
        0.0259698315432497
      ],
      "q": [
        0.736216193334198,
        0.188889064873703,
        0.583817211717015,
        -0.285419167447827
      ]
    },
    "arm_motor_2": {
      "p": [
        -0.495711480311172,
        0.145332940611653,
        0.0675843099299339
      ],
      "q": [
        -0.324096325238051,
        -0.560990261447145,
        -0.282646160831038,
        0.707363164361936
      ]
    },
    "arm_motor_3": {
      "p": [
        -0.339742795742246,
        -0.0351254770113654,
        0.0262842520946484
      ],
      "q": [
        0.715437943061457,
        -0.259160898667422,
        0.550068828847263,
        0.344105306207978
      ]
    },
    "base_link": {
      "p": [
        -0.417667092489697,
        0.0551686063051442,
        0.0468477836391932
      ],
      "q": [
        -0.0512341607692996,
        -0.9910978514,
        -0.00241319971563888,
        0.122858805902148
      ]
    },
    "connecting_link_0": {
      "p": [
        -0.459518325623803,
        0.0273755018276522,
        0.0568486650332463
      ],
      "q": [
        -0.341088888347164,
        0.931665946826436,
        0.0346043087319962,
        -0.120247559589692
      ]
    },
    "connecting_link_1": {
      "p": [
        -0.375815859355591,
        0.0829617107826362,
        0.03684690224514
      ],
      "q": [
        0.933404572104481,
        0.335386567447158,
        -0.107762353347434,
        -0.068257090118796
      ]
    },
    "connecting_link_2": {
      "p": [
        -0.452980783288802,
        0.0910387641940391,
        0.0563491001359221
      ],
      "q": [
        0.429031726333437,
        0.896861308330789,
        -0.0293096923334962,
        -0.103501272233009
      ]
    },
    "connecting_link_3": {
      "p": [
        -0.382353401690593,
        0.0192984484162493,
        0.0373464671424643
      ],
      "q": [
        0.894848420054153,
        -0.426573624328069,
        -0.116933622059669,
        0.0600647665958006
      ]
    }
  },
  "contacts": [
    {
      "f": [
        2.03390792194154,
        -0.00266862014031573,
        2.54238709080353
      ],
      "link": "base_link",
      "p": [
        -0.418699304532115,
        0.0599947852480721,
        0.000691310718948013
      ]
    }
  ],
  "idx": 323,
  "state": [
    -0.417667092489697,
    0.0551686063051442,
    0.0468477836391932,
    0.122858805902148,
    -0.0512341607692996,
    -0.9910978514,
    -0.00241319971563888,
    -0.118687502246122,
    0.0107789114350325,
    -0.000104426015958103,
    -0.0314245611262763,
    -2.54727819491056,
    0.0149826645927754,
    0.999815154536625,
    0.0120019251893048,
    0.0128833987894188,
    -0.00772195482291948,
    0.999800005148424,
    0.0158842203489256,
    0.0104408771827914,
    -0.00621525001692974,
    0.999817252375286,
    -0.0188438179458275,
    -0.00317487355157137,
    0.000540884358723941,
    0.999879433295417,
    -0.0148160404700928,
    0.00413904096441425,
    0.00211474762534631,
    0.00295905661747384,
    -0.0400660143038815,
    0.0024332422583461,
    -0.0108759319602665,
    -0.0292159412377597,
    -0.00950247358009302,
    -0.00636093832268803,
    -0.0392844962717464,
    0.000443798834301345,
    0.00783820571843934,
    -0.0249759133728552,
    0.00825782303840744
  ],
  "t": 3.23999999999975,
  "thrust": [
    0.0,
    0.0,
    0.0,
    0.0
  ]
}