{
  "T_W_L": {
    "arm_motor_0": {
      "p": [
        -0.531458977269553,
        -0.0184603792238917,
        0.0228437062038885
      ],
      "q": [
        0.28777134323822,
        -0.710681695166303,
        0.158789536463852,
        0.622016933271126
      ]
    },
    "arm_motor_1": {
      "p": [
        -0.331882449712938,
        0.112343826885793,
        0.0623919040580589
      ],
      "q": [
        0.631431928825209,
        0.151838773875668,
        0.69803060743974,
        -0.301648764435258
      ]
    },
    "arm_motor_2": {
      "p": [
        -0.505949551815471,
        0.140602664608054,
        0.059584078213437
      ],
      "q": [
        -0.242617884965207,
        -0.611362404931589,
        -0.413471360304291,
        0.629614172282829
      ]
    },
    "arm_motor_3": {
      "p": [
        -0.357034789433171,
        -0.0469572745013096,
        0.0253765698296579
      ],
      "q": [
        0.648399388641852,
        -0.398192079547875,
        0.596921155953284,
        0.25437459419055
      ]
    },
    "base_link": {
      "p": [
        -0.431572423967245,
        0.0466189323155211,
        0.0432927529587635
      ],
      "q": [
        -0.0799373018708397,
        -0.989751189501141,
        -0.117020145037693,
        -0.0175754461122268
      ]
    },
    "connecting_link_0": {
      "p": [
        -0.475968441419308,
        0.0223982659255496,
        0.0351470207005896
      ],
      "q": [
        -0.315766226249965,
        0.942360237446117,
        0.0912039102198492,
        0.0626954543883701
      ]
    },
    "connecting_link_1": {
      "p": [
        -0.387176406515182,
        0.0708395987054926,
        0.0514384852169375
      ],
      "q": [
        0.940071974726412,
        0.32066411352325,
        0.047092377266398,
        -0.105931660214179
      ]
    },
    "connecting_link_2": {
      "p": [
        -0.466104587549353,
        0.0838275540439455,
        0.0501519181710588
      ],
      "q": [
        0.463925154393626,
        0.877502953041986,
        0.120811651001555,
        -0.0129059484627012
      ]
    },
    "connecting_link_3": {
      "p": [
        -0.397040260385137,
        0.00941031058709676,
        0.0364335877464683
      ],
      "q": [
        0.880574601834145,
        -0.46143432017679,
        -0.0364006074175856,
        -0.101694319149361
      ]
    }
  },
  "contacts": [
    {
      "f": [
        -0.227238091249443,
        -0.599765856797036,
        0.801713236893121
      ],
      "link": "base_link",
      "p": [
        -0.410858111393285,
        0.0390829100344021,
        0.000633076707568472
      ]
    },
    {
      "f": [
        -0.11585612423903,
        -0.308695209157827,
        0.412150180609046
      ],
      "link": "base_link",
      "p": [
        -0.418742429591763,
        0.0602052391788461,
        0.000800624658716512
      ]
    },
    {
      "f": [
        -0.312628510891405,
        -0.83348475792328,
        1.11273412389863
      ],
      "link": "base_link",
      "p": [
        -0.438006790118516,
        0.0633099347213244,
        0.000445401980569519
      ]
    },
    {
      "f": [
        -0.191033088128397,
        -0.133044761327353,
        0.290996534763851
      ],
      "link": "arm_motor_0",
      "p": [
        -0.531779508525819,
        -0.0499263923620509,
        0.000911414395394126
      ]
    },
    {
      "f": [
        -0.144787508984246,
        -0.0992005579164005,
        0.219388971951035
      ],
      "link": "arm_motor_0",
      "p": [
        -0.535541687992867,
        -0.0486730688021107,
        0.000949554686647584
      ]
    }
  ],
  "idx": 671,
  "state": [
    -0.431572423967245,
    0.0466189323155211,
    0.0432927529587635,
    -0.0175754461122268,
    -0.0799373018708397,
    -0.989751189501141,
    -0.117020145037693,
    0.000253397429318287,
    0.000428865950790879,
    -9.31986099911272e-05,
    -0.00498181514901066,
    0.00101424631682158,
    0.000175901069701204,
    0.99988432219797,
    0.00920352574701169,
    0.00246043108688027,
    -0.0118567961691598,
    0.999756429465025,
    0.0100026034179135,
    -0.0130716928585556,
    -0.0147023982404152,
    0.99977595744425,
    -0.0134056895895773,
    -0.0122363490447517,
    0.0108900948166665,
    0.999838587161142,
    -0.0145484431368036,
    -7.43021435447994e-05,
    0.0105421489790842,
    0.00248909459959966,
    0.00232182066151254,
    0.00608194724835956,
    -0.00681560636208705,
    -0.0165540094112075,
    -0.0043634409446519,
    0.00565917254215601,
    -0.0172027381333153,
    0.00455735497179775,
    -0.00151503776067566,
    -0.0146147760921268,
    0.00104451328517914
  ],
  "t": 6.72000000000058,
  "thrust": [
    0.0,
    0.0,
    0.0,
    0.0
  ]
}