{
  "T_W_L": {
    "arm_motor_0": {
      "p": [
        -0.531491890538763,
        -0.0183937393609292,
        0.0228798956236286
      ],
      "q": [
        0.287621989904925,
        -0.710655850563216,
        0.158098772027714,
        0.62229143595805
      ]
    },
    "arm_motor_1": {
      "p": [
        -0.331874046881422,
        0.112469926521703,
        0.0619780261196503
      ],
      "q": [
        0.633293859620619,
        0.153597362750831,
        0.69635359399889,
        -0.300729795077971
      ]
    },
    "arm_motor_2": {
      "p": [
        -0.505820792444494,
        0.140721309775595,
        0.0592645885031798
      ],
      "q": [
        -0.244886722611029,
        -0.612511501448431,
        -0.412353867381581,
        0.628350572322228
      ]
    },
    "arm_motor_3": {
      "p": [
        -0.35706967799736,
        -0.0468973083126412,
        0.0248332570510035
      ],
      "q": [
        0.650527897739662,
        -0.399392204574422,
        0.59420275943002,
        0.253421391901609
      ]
    },
    "base_link": {
      "p": [
        -0.431545963693191,
        0.0466132012951752,
        0.0432977595362045
      ],
      "q": [
        -0.0799536390855183,
        -0.98973938674006,
        -0.117145757994631,
        -0.0173272420268233
      ]
    },
    "connecting_link_0": {
      "p": [
        -0.475945159255806,
        0.0223936532177872,
        0.0351660362059521
      ],
      "q": [
        -0.315172173278204,
        0.942536065263395,
        0.0915867456820781,
        0.0624830767828923
      ]
    },
    "connecting_link_1": {
      "p": [
        -0.387146768130577,
        0.0708327493725633,
        0.0514294828664569
      ],
      "q": [
        0.94020273104178,
        0.321257814177957,
        0.0445899657986981,
        -0.104038340630992
      ]
    },
    "connecting_link_2": {
      "p": [
        -0.466075917295493,
        0.0838188419513354,
        0.0501841669876693
      ],
      "q": [
        0.464739278054822,
        0.877421986880435,
        0.118417153693207,
        -0.0111999144225561
      ]
    },
    "connecting_link_3": {
      "p": [
        -0.39701601009089,
        0.00940756063901505,
        0.0364113520847397
      ],
      "q": [
        0.88015748843547,
        -0.46160892091898,
        -0.0398278872500182,
        -0.103216951496257
      ]
    }
  },
  "contacts": [
    {
      "f": [
        -0.219685488593435,
        -0.562199753336817,
        0.754497221406533
      ],
      "link": "base_link",
      "p": [
        -0.410851689334151,
        0.0390902087738507,
        0.000626059929007258
      ]
    },
    {
      "f": [
        -0.103221343796767,
        -0.296954008273872,
        0.392978070406625
      ],
      "link": "base_link",
      "p": [
        -0.418736522963308,
        0.0602122646403476,
        0.000803510964796687
      ]
    },
    {
      "f": [
        -0.292142810872826,
        -0.818292390891713,
        1.08609813303745
      ],
      "link": "base_link",
      "p": [
        -0.438001137500823,
        0.0633165175511746,
        0.00045833759690847
      ]
    },
    {
      "f": [
        -0.0518547166063344,
        -0.102765434753388,
        0.143883884469257
      ],
      "link": "arm_motor_0",
      "p": [
        -0.531865357527029,
        -0.0498455357636887,
        0.000928058057765371
      ]
    },
    {
      "f": [
        -0.0214956080413292,
        -0.0431063103031893,
        0.0602107646239091
      ],
      "link": "arm_motor_0",
      "p": [
        -0.53562606995429,
        -0.0485879345901438,
        0.000969894617688045
      ]
    }
  ],
  "idx": 712,
  "state": [
    -0.431545963693191,
    0.0466132012951752,
    0.0432977595362045,
    -0.0173272420268233,
    -0.0799536390855183,
    -0.98973938674006,
    -0.117145757994631,
    6.80369769241684e-05,
    0.00020428064620725,
    -1.97579529771223e-05,
    -0.00124407155236959,
    -0.000377410888843613,
    -0.000709032773702166,
    0.999892640865086,
    0.00908629582326598,
    0.00239267129080831,
    -0.0112437136280402,
    0.999719566392185,
    0.00874314124207249,
    -0.0159815789231924,
    -0.0151306043820359,
    0.99974466783906,
    -0.0122023699556015,
    -0.0151712509770929,
    0.0114688464382166,
    0.999824649907294,
    -0.0145937532478452,
    -0.00353096566295459,
    0.0111903568032809,
    -0.00111443843657096,
    0.00303268403574903,
    0.00404624149084037,
    -0.00669666113497257,
    -0.0148631622611003,
    -0.00203519448084604,
    0.00541218616596518,
    -0.0145732581013932,
    0.00317374440301689,
    -0.00107658814814692,
    -0.0162655168487622,
    0.00220478280161513
  ],
  "t": 7.13000000000072,
  "thrust": [
    0.0,
    0.0,
    0.0,
    0.0
  ]
}