{
  "T_W_L": {
    "arm_motor_0": {
      "p": [
        -0.532244370803786,
        -0.0108270665217532,
        0.0408003773148429
      ],
      "q": [
        0.21018458217988,
        -0.68655134200726,
        0.234783353100241,
        0.65524535351951
      ]
    },
    "arm_motor_1": {
      "p": [
        -0.330936825973121,
        0.122834400304712,
        0.0520373793048648
      ],
      "q": [
        0.652919598661564,
        0.216954152872722,
        0.6878791293379,
        -0.23119082303637
      ]
    },
    "arm_motor_2": {
      "p": [
        -0.505234909379579,
        0.151779591509622,
        0.0426121876041707
      ],
      "q": [
        -0.304596293398665,
        -0.646142140054806,
        -0.352303113764819,
        0.604651923774995
      ]
    },
    "arm_motor_3": {
      "p": [
        -0.358125602998968,
        -0.0401758692033993,
        0.0499205974196604
      ],
      "q": [
        0.609390577649011,
        -0.330826746003052,
        0.64005750290908,
        0.330942866627201
      ]
    },
    "base_link": {
      "p": [
        -0.431482813792828,
        0.0559144899596683,
        0.0456421170492778
      ],
      "q": [
        -0.0833904710024981,
        -0.99612565198686,
        -0.00616344911735775,
        -0.027234659805342
      ]
    },
    "connecting_link_0": {
      "p": [
        -0.476172727787772,
        0.0310207950591904,
        0.0429746198465769
      ],
      "q": [
        -0.31463984444715,
        0.94879354238068,
        -0.0173939577266414,
        0.0221366767514356
      ]
    },
    "connecting_link_1": {
      "p": [
        -0.386792899797884,
        0.0808081848601462,
        0.0483096142519786
      ],
      "q": [
        0.948087872774718,
        0.316886351420001,
        0.024720121208336,
        -0.0100668460142319
      ]
    },
    "connecting_link_2": {
      "p": [
        -0.465561588222087,
        0.0941258243380332,
        0.0440511869991242
      ],
      "q": [
        0.464498025362723,
        0.884444964401932,
        0.033733816189756,
        0.0293380132843509
      ]
    },
    "connecting_link_3": {
      "p": [
        -0.397404039363569,
        0.0177031555813035,
        0.0472330470994313
      ],
      "q": [
        0.883493210503142,
        -0.467941780674046,
        0.0216847908095357,
        8.21096807715143e-05
      ]
    }
  },
  "contacts": [
    {
      "f": [
        -0.981364143346789,
        -1.77525675537233,
        2.5355633401863
      ],
      "link": "base_link",
      "p": [
        -0.437758925364122,
        0.062799763853071,
        0.000154871123796668
      ]
    }
  ],
  "idx": 480,
  "state": [
    -0.431482813792828,
    0.0559144899596683,
    0.0456421170492778,
    -0.027234659805342,
    -0.0833904710024981,
    -0.99612565198686,
    -0.00616344911735775,
    0.0200287168873506,
    -0.0384072209975026,
    -0.0102685574274514,
    -0.758713753494273,
    0.573858740648806,
    0.0483546581320275,
    0.999844517248105,
    0.0101509719381278,
    0.00883507277170384,
    -0.011394761372362,
    0.999797126221575,
    0.0152702544219492,
    0.00200738032770257,
    -0.012980606811238,
    0.999796128946236,
    -0.0185665805051743,
    0.002076571298554,
    0.0076596660572126,
    0.999809169580143,
    -0.0150453088855468,
    0.00669753153133711,
    0.0105074342915417,
    -0.00317037330846789,
    -0.019691922160435,
    0.00214322228557605,
    -0.00216010984419473,
    -0.017604878802703,
    -0.00722276213330285,
    0.00346334584009604,
    -0.0225227008316105,
    0.00324539383178849,
    0.00177285427555918,
    -0.0142903798678242,
    0.00350611452131174
  ],
  "t": 4.80999999999994,
  "thrust": [
    0.0,
    0.0,
    0.0,
    0.0
  ]
}