{
  "T_W_L": {
    "arm_motor_0": {
      "p": [
        -0.533239949688689,
        -0.0171236388284401,
        0.021233727755007
      ],
      "q": [
        0.253678258036036,
        -0.72875651800908,
        0.203998794495389,
        0.602449807621774
      ]
    },
    "arm_motor_1": {
      "p": [
        -0.337861279436991,
        0.117480067375931,
        0.0683811525926022
      ],
      "q": [
        0.605279025047756,
        0.190191778378554,
        0.723861080025235,
        -0.271089516763635
      ]
    },
    "arm_motor_2": {
      "p": [
        -0.511277581418102,
        0.144433806139266,
        0.0472171005828452
      ],
      "q": [
        -0.242594973912867,
        -0.652927622560004,
        -0.400214058512673,
        0.595534974371087
      ]
    },
    "arm_motor_3": {
      "p": [
        -0.359879226483782,
        -0.044243887896075,
        0.0427059562500949
      ],
      "q": [
        0.604799785504226,
        -0.380556814472382,
        0.647383311339967,
        0.265119932504468
      ]
    },
    "base_link": {
      "p": [
        -0.435500898200059,
        0.050159779381029,
        0.0446656434044579
      ],
      "q": [
        -0.0728394090049691,
        -0.99206865088326,
        -0.0781838401537069,
        -0.0661928966679643
      ]
    },
    "connecting_link_0": {
      "p": [
        -0.479019466553879,
        0.0250855028184203,
        0.0345951487147353
      ],
      "q": [
        -0.323626547438442,
        0.941305020012004,
        0.0351286855553018,
        0.0893123314242293
      ]
    },
    "connecting_link_1": {
      "p": [
        -0.391982329846239,
        0.0752340559436377,
        0.0547361380941805
      ],
      "q": [
        0.939843981444113,
        0.326175131829555,
        0.0838501752016111,
        -0.0572033393947455
      ]
    },
    "connecting_link_2": {
      "p": [
        -0.470432397194481,
        0.0876239613956525,
        0.0451404528165953
      ],
      "q": [
        0.454534625836062,
        0.882796368347742,
        0.111453523564939,
        0.0405827307246372
      ]
    },
    "connecting_link_3": {
      "p": [
        -0.400569399205637,
        0.0126955973664055,
        0.0441908339923204
      ],
      "q": [
        0.885427159065701,
        -0.456562406241801,
        0.0301110998852852,
        -0.0816262020385436
      ]
    }
  },
  "contacts": [
    {
      "f": [
        -1.47126268366836,
        1.22654413683003,
        2.39433720080682
      ],
      "link": "base_link",
      "p": [
        -0.437950302582605,
        0.0631034374857877,
        0.00014207382647391
      ]
    },
    {
      "f": [
        -0.0902103222424565,
        0.0757555822755994,
        0.147249843405068
      ],
      "link": "arm_motor_0",
      "p": [
        -0.560065821682888,
        -0.0274270143135867,
        0.000961810158445091
      ]
    }
  ],
  "idx": 551,
  "state": [
    -0.435500898200059,
    0.050159779381029,
    0.0446656434044579,
    -0.0661928966679643,
    -0.0728394090049691,
    -0.99206865088326,
    -0.0781838401537069,
    0.00241999039760422,
    -0.0023434215657202,
    -0.00215569039083729,
    -0.0431554474880063,
    0.0585035087659035,
    0.01166007830724,
    0.999860735183353,
    0.00939525520463392,
    0.00558543516079136,
    -0.012611198686483,
    0.999814825774878,
    0.0134593872602906,
    -0.00383541634735041,
    -0.0132079005436384,
    0.99981372852367,
    -0.0168586066910748,
    -0.00302371718266623,
    0.00889678427481309,
    0.999820824050485,
    -0.0146484910609019,
    0.00716459478975085,
    0.00961301649572692,
    0.000822569342568756,
    -0.0045953507434279,
    0.00247513817266617,
    -0.00292504471631605,
    -0.01656369424522,
    -0.00771718986502652,
    0.00654329964606309,
    -0.0221024341335873,
    0.00321368270371069,
    -0.000876166288038941,
    -0.0132050403105058,
    0.00309861523023589
  ],
  "t": 5.52000000000018,
  "thrust": [
    0.0,
    0.0,
    0.0,
    0.0
  ]
}