{
  "T_W_L": {
    "arm_motor_0": {
      "p": [
        -0.0597901670933539,
        -0.0599969235072579,
        0.0274706158651447
      ],
      "q": [
        0.339270426431924,
        0.655234030436449,
        -0.25340823537454,
        0.625578299936202
      ]
    },
    "arm_motor_1": {
      "p": [
        -0.226263516685675,
        0.1146708550751,
        0.0471850482776307
      ],
      "q": [
        -0.626614840539852,
        0.254095992910097,
        0.659398193837924,
        0.328607805697812
      ]
    },
    "arm_motor_2": {
      "p": [
        -0.0465946349875481,
        0.100423187691013,
        0.0495013597112782
      ],
      "q": [
        -0.200987669652874,
        0.633207182451567,
        0.277071266661351,
        0.694178747823592
      ]
    },
    "arm_motor_3": {
      "p": [
        -0.238266235539725,
        -0.0459655810956827,
        0.0281788028877017
      ],
      "q": [
        0.677259317493835,
        0.282870758645399,
        -0.647877678145765,
        0.203858933901885
      ]
    },
    "base_link": {
      "p": [
        -0.142623327122382,
        0.0276744322448824,
        0.0374431212937608
      ],
      "q": [
        0.0594019576109051,
        -0.00284813262959397,
        -0.0377885859587621,
        0.997514570491957
      ]
    },
    "connecting_link_0": {
      "p": [
        -0.1051398449975,
        -0.00703745526779522,
        0.0336916638302056
      ],
      "q": [
        0.0607137375442115,
        0.0209697681377648,
        -0.419087100827919,
        0.905671084233846
      ]
    },
    "connecting_link_1": {
      "p": [
        -0.180106809247264,
        0.06238631975756,
        0.041194578757316
      ],
      "q": [
        0.023181331427101,
        -0.0526878081006957,
        0.909348537302814,
        0.412033807418813
      ]
    },
    "connecting_link_2": {
      "p": [
        -0.100336583501382,
        0.0563281037982181,
        0.0412899928077824
      ],
      "q": [
        0.0537992273817591,
        -0.0431134073341176,
        0.338038715674616,
        0.938603592549178
      ]
    },
    "connecting_link_3": {
      "p": [
        -0.184910070743381,
        -0.000979239308453415,
        0.0335962497797392
      ],
      "q": [
        -0.020775956425398,
        -0.0558697970700613,
        0.93701335561793,
        -0.344169866205028
      ]
    }
  },
  "contacts": [
    {
      "f": [
        1.14523575191102,
        1.2886303641581,
        2.15498446299701
      ],
      "link": "base_link",
      "p": [
        -0.11424293240048,
        0.0064639837498569,
        0.000886961234901923
      ]
    }
  ],
  "idx": 83,
  "state": [
    -0.142623327122382,
    0.0276744322448824,
    0.0374431212937608,
    0.997514570491957,
    0.0594019576109051,
    -0.00284813262959397,
    -0.0377885859587621,
    -0.213142199970717,
    -0.0187363654362598,
    -0.158329567741128,
    1.22418986552863,
    -5.94610440433424,
    0.332070276097531,
    0.999984335512277,
    0.00407125712352365,
    0.0026570729983639,
    -0.00277372647984973,
    0.999976761199177,
    0.00447828201633659,
    -0.00164012701159047,
    0.0048715536713419,
    0.999800637893333,
    -0.00650808732608187,
    -0.0170252598343829,
    -0.00815290101823925,
    0.999983333614394,
    -0.00341818353342736,
    -0.00345493235589691,
    -0.00311640132063011,
    -0.00558067520829094,
    0.0310909645632149,
    -0.000274180806050406,
    -0.00675472391259545,
    -0.00147569677569548,
    -0.00167125333748535,
    0.000870536119845959,
    0.0179368518668058,
    0.0162761501314695,
    -0.000612268481653759,
    0.0160314693627986,
    -0.0141960929797081
  ],
  "t": 0.840000000000001,
  "thrust": [
    0.0,
    0.0,
    0.0,
    0.0
  ]
}