{
  "T_W_L": {
    "arm_motor_0": {
      "p": [
        -0.537278688659505,
        -0.0162799071182948,
        0.0273584026846494
      ],
      "q": [
        0.176150089020644,
        -0.767316140438127,
        0.294868959346418,
        0.541525053506406
      ]
    },
    "arm_motor_1": {
      "p": [
        -0.355910451874822,
        0.129073127869034,
        0.0945023821844105
      ],
      "q": [
        0.530881493101207,
        0.274330977965221,
        0.775475572024269,
        -0.203825886493622
      ]
    },
    "arm_motor_2": {
      "p": [
        -0.520628357775551,
        0.146810136098885,
        0.028946578914638
      ],
      "q": [
        0.235231501707023,
        0.751972550806923,
        0.360650199229894,
        -0.49913410746314
      ]
    },
    "arm_motor_3": {
      "p": [
        -0.37168280297855,
        -0.0341740227294567,
        0.0893693748415364
      ],
      "q": [
        0.511512292655742,
        -0.346084351801865,
        0.741783978427456,
        0.261414087700499
      ]
    },
    "base_link": {
      "p": [
        -0.446047881060782,
        0.0564458228384452,
        0.0593130815244596
      ],
      "q": [
        -0.051840282320962,
        -0.981827325259088,
        -0.0041075919603908,
        -0.18251250968565
      ]
    },
    "connecting_link_0": {
      "p": [
        -0.486377527779874,
        0.028750728630092,
        0.0441308105380877
      ],
      "q": [
        -0.333060763168384,
        0.925490483734477,
        -0.0839469182621609,
        0.159658408700901
      ]
    },
    "connecting_link_1": {
      "p": [
        -0.405718234341689,
        0.0841409170467983,
        0.0744953525108315
      ],
      "q": [
        0.923733939401181,
        0.338107961329745,
        0.172954131844574,
        0.0498546282877455
      ]
    },
    "connecting_link_2": {
      "p": [
        -0.47995851737163,
        0.0924045798706898,
        0.0458580996333757
      ],
      "q": [
        0.421351991517469,
        0.884666002050402,
        0.0886844115060064,
        0.17878377783304
      ]
    },
    "connecting_link_3": {
      "p": [
        -0.412137244749934,
        0.0204870658062006,
        0.0727680634155435
      ],
      "q": [
        0.886214292118744,
        -0.429566266132367,
        0.162826670524437,
        -0.0598709179109319
      ]
    }
  },
  "contacts": [
    {
      "f": [
        0.302688349265627,
        0.0535716744717547,
        0.384240649461005
      ],
      "link": "arm_motor_0",
      "p": [
        -0.563731380243172,
        0.000141933220954387,
        0.000807879675269497
      ]
    },
    {
      "f": [
        0.143671702178512,
        0.0228320230023822,
        0.181843250155063
      ],
      "link": "arm_motor_0",
      "p": [
        -0.564574955837401,
        -0.00783408938809142,
        0.000909078374922469
      ]
    },
    {
      "f": [
        0.148094713415936,
        0.0237325868166137,
        0.187480331546556
      ],
      "link": "arm_motor_0",
      "p": [
        -0.564143069939856,
        -0.0137767374407133,
        0.000906259834226722
      ]
    },
    {
      "f": [
        1.61562439156575,
        -1.03462049634023,
        2.39813786681116
      ],
      "link": "arm_motor_2",
      "p": [
        -0.548684511900661,
        0.13725065053342,
        0.000965309418030684
      ]
    }
  ],
  "idx": 350,
  "state": [
    -0.446047881060782,
    0.0564458228384452,
    0.0593130815244596,
    -0.18251250968565,
    -0.051840282320962,
    -0.981827325259088,
    -0.0041075919603908,
    -0.0589605937257454,
    0.0149145903983767,
    0.106111068345191,
    0.12002853122592,
    -0.989392669350268,
    -0.071261263941301,
    0.999769681057397,
    0.0123420185402341,
    0.015040850873252,
    -0.00905716411200062,
    0.999807174378174,
    0.0156432690260289,
    0.00909229085397571,
    -0.00763101848629584,
    0.99981203383798,
    -0.0188901907032983,
    -0.00430417614818108,
    0.000729215770208527,
    0.999878107562551,
    -0.0149206238811516,
    0.00269852609119208,
    0.00372329921756054,
    0.0165251226843502,
    0.0139757797148276,
    0.0233185484700029,
    0.00246785453299939,
    0.0106855773991593,
    -0.0493249520931733,
    -0.0199409352444868,
    0.0885435684163276,
    0.0344293210990227,
    -0.00538966367924966,
    0.0299681019753608,
    0.0316055911289559
  ],
  "t": 3.50999999999972,
  "thrust": [
    0.0,
    0.0,
    0.0,
    0.0
  ]
}