{
  "T_W_L": {
    "arm_motor_0": {
      "p": [
        -0.537728484127911,
        -0.0162082664318289,
        0.0279427168211203
      ],
      "q": [
        0.172486787839903,
        -0.771313130515859,
        0.297650534787983,
        0.535470374395191
      ]
    },
    "arm_motor_1": {
      "p": [
        -0.357488321670711,
        0.129369164868226,
        0.0975848882221666
      ],
      "q": [
        0.524680507274817,
        0.277604508982697,
        0.779367238936177,
        -0.200581177460191
      ]
    },
    "arm_motor_2": {
      "p": [
        -0.521053181761631,
        0.146900617957495,
        0.0292947612156544
      ],
      "q": [
        0.232994981624001,
        0.75638416883441,
        0.361759634377408,
        -0.492672603875874
      ]
    },
    "arm_motor_3": {
      "p": [
        -0.373231060708378,
        -0.0339374133945994,
        0.0928234172358172
      ],
      "q": [
        0.504500681202892,
        -0.347070558866793,
        0.746712705107471,
        0.259694485626464
      ]
    },
    "base_link": {
      "p": [
        -0.44701774380018,
        0.0566046998101745,
        0.0611558700001464
      ],
      "q": [
        -0.0516155739981861,
        -0.980242307189881,
        -0.00265034750550706,
        -0.190928854220615
      ]
    },
    "connecting_link_0": {
      "p": [
        -0.487094047669872,
        0.0288637998591564,
        0.0453973060410906
      ],
      "q": [
        -0.332437288919066,
        0.924035477865327,
        -0.0885041342257043,
        0.166766012146649
      ]
    },
    "connecting_link_1": {
      "p": [
        -0.406941439930487,
        0.0843455997611925,
        0.0769144339592022
      ],
      "q": [
        0.922101004336828,
        0.33812834155011,
        0.180090715035987,
        0.0544637200291436
      ]
    },
    "connecting_link_2": {
      "p": [
        -0.480682560753981,
        0.0925218873060605,
        0.0469912753411951
      ],
      "q": [
        0.420555022116597,
        0.883216514070427,
        0.0910503591390652,
        0.186472235859498
      ]
    },
    "connecting_link_3": {
      "p": [
        -0.413352926846378,
        0.0206875123142884,
        0.0753204646590977
      ],
      "q": [
        0.884741470171441,
        -0.429047677548139,
        0.171269764587846,
        -0.0617842139016889
      ]
    }
  },
  "contacts": [
    {
      "f": [
        0.167804449357302,
        0.490291938281143,
        0.647766014332611
      ],
      "link": "arm_motor_0",
      "p": [
        -0.56372463221865,
        0.000124888825088241,
        0.000891278263849826
      ]
    },
    {
      "f": [
        -0.0686838517780337,
        1.23960342938643,
        1.55188098249032
      ],
      "link": "arm_motor_2",
      "p": [
        -0.548654091132651,
        0.137284849886691,
        0.000883323421849817
      ]
    }
  ],
  "idx": 352,
  "state": [
    -0.44701774380018,
    0.0566046998101745,
    0.0611558700001464,
    -0.190928854220615,
    -0.0516155739981861,
    -0.980242307189881,
    -0.00265034750550706,
    -0.0417147465824088,
    0.00428197825325855,
    0.0751917570044154,
    0.059822847403283,
    -0.729908093279443,
    -0.0179191315197921,
    0.999769969659217,
    0.0122751036040036,
    0.0151148450183631,
    -0.00899283376864978,
    0.999803411984268,
    0.015735208998039,
    0.00910667658680218,
    -0.00791258642587693,
    0.999811731999069,
    -0.019048740091786,
    -0.0035522172680573,
    0.00101380985291077,
    0.999877195741858,
    -0.0149097074695653,
    0.00283260934707039,
    0.00390773372387127,
    -0.00875702256960503,
    0.00742396481384883,
    0.00423282607700708,
    0.00823967902165744,
    0.00064225747775476,
    -0.0270262832852496,
    -0.00584952644421184,
    0.0707892037280858,
    0.0303116475221508,
    -0.00012241962145889,
    0.0123941554208006,
    0.0179081083414493
  ],
  "t": 3.52999999999972,
  "thrust": [
    0.0,
    0.0,
    0.0,
    0.0
  ]
}