{
  "T_W_L": {
    "arm_motor_0": {
      "p": [
        -0.529709551486704,
        -0.019858832466925,
        0.0310185811319866
      ],
      "q": [
        0.300341265592868,
        -0.690952587947159,
        0.143613863406789,
        0.641681154179063
      ]
    },
    "arm_motor_1": {
      "p": [
        -0.328033254018486,
        0.109842263279503,
        0.0629642546600733
      ],
      "q": [
        0.640683766944301,
        0.126011263079348,
        0.687499772511567,
        -0.317788506947234
      ]
    },
    "arm_motor_2": {
      "p": [
        -0.502512241128554,
        0.137840060400413,
        0.0714255595305514
      ],
      "q": [
        -0.236731186389585,
        -0.580460473584659,
        -0.418331482791741,
        0.657284378714203
      ]
    },
    "arm_motor_3": {
      "p": [
        -0.355352674148996,
        -0.0480053472569458,
        0.0229679656266075
      ],
      "q": [
        0.665047646100841,
        -0.394685950098028,
        0.578143414180704,
        0.260163067806379
      ]
    },
    "base_link": {
      "p": [
        -0.428884487730016,
        0.0451120487743905,
        0.0465696596540615
      ],
      "q": [
        -0.0829795407154025,
        -0.98830418562042,
        -0.127251966689112,
        0.0132728852015033
      ]
    },
    "connecting_link_0": {
      "p": [
        -0.47367621963925,
        0.021014685608569,
        0.0404854307772188
      ],
      "q": [
        -0.313923682258206,
        0.942314355895456,
        0.110823008883528,
        0.0348401649362043
      ]
    },
    "connecting_link_1": {
      "p": [
        -0.384092755820782,
        0.069209411940212,
        0.0526538885309041
      ],
      "q": [
        0.939167587409594,
        0.313813826874826,
        0.033103915004681,
        -0.135606989616249
      ]
    },
    "connecting_link_2": {
      "p": [
        -0.462962872035356,
        0.08206061620651,
        0.056442201771048
      ],
      "q": [
        0.463199255480276,
        0.875217778439267,
        0.128410801051452,
        -0.0543227042743329
      ]
    },
    "connecting_link_3": {
      "p": [
        -0.394806103424676,
        0.00816348134227102,
        0.0366971175370749
      ],
      "q": [
        0.879068829035574,
        -0.463048181213557,
        -0.0614505717045377,
        -0.0951220422931846
      ]
    }
  },
  "contacts": [
    {
      "f": [
        -0.438933365251936,
        1.43124669150115,
        1.87130034629348
      ],
      "link": "arm_motor_3",
      "p": [
        -0.36235886267444,
        -0.0777228390724539,
        0.000709019022351161
      ]
    }
  ],
  "idx": 507,
  "state": [
    -0.428884487730016,
    0.0451120487743905,
    0.0465696596540615,
    0.0132728852015033,
    -0.0829795407154025,
    -0.98830418562042,
    -0.127251966689112,
    -0.0160043685626126,
    -0.00140773474672294,
    -0.0217060758403306,
    -0.166421925053975,
    -0.293519702417791,
    -0.0797406966761091,
    0.999849068300858,
    0.00992932930903152,
    0.00649795436238965,
    -0.0126895873251586,
    0.999819150870817,
    0.0143927809955357,
    -0.000536814805312847,
    -0.012418745389023,
    0.999797882570579,
    -0.0182477036877805,
    0.000829369854387249,
    0.0083980630597047,
    0.999813155819687,
    -0.0147749733961791,
    0.00824855191732059,
    0.00934424969099297,
    -0.00176471522448499,
    -0.0245794817308856,
    -0.0327730559862482,
    -0.00905737611542947,
    -0.00246604591667156,
    0.0278802273232581,
    0.000143382959457082,
    0.0212869813176007,
    -0.00446327367576052,
    0.00864700319122486,
    0.12132033062765,
    -0.0320161325981488
  ],
  "t": 5.08000000000003,
  "thrust": [
    0.0,
    0.0,
    0.0,
    0.0
  ]
}