{
  "T_W_L": {
    "arm_motor_0": {
      "p": [
        -0.079039988339994,
        -0.0656602686069647,
        0.0729478013066071
      ],
      "q": [
        0.407117716570845,
        0.527266674282927,
        -0.177163835937297,
        0.724470837426011
      ]
    },
    "arm_motor_1": {
      "p": [
        -0.237116656122173,
        0.114672350244423,
        0.0397339794711478
      ],
      "q": [
        0.727227763944754,
        -0.181215796652466,
        -0.529258558812983,
        -0.397726026700202
      ]
    },
    "arm_motor_2": {
      "p": [
        -0.0715333339936292,
        0.0928107793760692,
        0.107426367611483
      ],
      "q": [
        -0.221017624184939,
        0.487374269013661,
        0.239282831526394,
        0.810161254467131
      ]
    },
    "arm_motor_3": {
      "p": [
        -0.244816685503602,
        -0.0444291214750197,
        0.00862455129327853
      ],
      "q": [
        0.796413241030771,
        0.246439800847704,
        -0.504408857587084,
        0.22486680158863
      ]
    },
    "base_link": {
      "p": [
        -0.157871508156663,
        0.0247307463629152,
        0.0567226960483373
      ],
      "q": [
        0.09139690149051,
        -0.190477923750655,
        -0.0419260036914532,
        0.97652802170549
      ]
    },
    "connecting_link_0": {
      "p": [
        -0.122420779320634,
        -0.0112902186583573,
        0.0650734986403403
      ],
      "q": [
        0.162601948356144,
        -0.139444401036693,
        -0.413149447900711,
        0.885112082794965
      ]
    },
    "connecting_link_1": {
      "p": [
        -0.193322236992692,
        0.0607517113841877,
        0.0483718934563343
      ],
      "q": [
        -0.139985367414786,
        -0.153095851863014,
        0.888469999290145,
        0.409373689205176
      ]
    },
    "connecting_link_2": {
      "p": [
        -0.119408577668195,
        0.0514155498680297,
        0.0775199131730571
      ],
      "q": [
        0.0129154519709209,
        -0.228244866292913,
        0.325481573616742,
        0.917496167483705
      ]
    },
    "connecting_link_3": {
      "p": [
        -0.19633443864513,
        -0.00195405714219929,
        0.0359254789236175
      ],
      "q": [
        -0.206478279669228,
        -0.0152544140666233,
        0.919820127050001,
        -0.333264094600724
      ]
    }
  },
  "contacts": [
    {
      "f": [
        0.0516270741875608,
        0.0814968000187872,
        0.120591531642398
      ],
      "link": "arm_motor_3",
      "p": [
        -0.265833277609003,
        -0.0224911662388098,
        0.000939704234178801
      ]
    }
  ],
  "idx": 90,
  "state": [
    -0.157871508156663,
    0.0247307463629152,
    0.0567226960483373,
    0.97652802170549,
    0.09139690149051,
    -0.190477923750655,
    -0.0419260036914532,
    -0.280553666981272,
    -0.0861609795567026,
    0.540103441220335,
    0.997843689002834,
    -4.9969303018263,
    0.29843451112317,
    0.999984109120794,
    0.00408953153111193,
    0.00329546556806841,
    -0.00204869334875592,
    0.999983128792997,
    0.00410709837169565,
    3.70406752799489e-05,
    0.00410761491901639,
    0.999804331614599,
    -0.00652735279424161,
    -0.0166010088918142,
    -0.0085497750823849,
    0.999980408471369,
    -0.00452637522923821,
    -0.00318255290898839,
    -0.00292676574034511,
    0.00509115940650511,
    0.0436780559085179,
    0.0831192780392448,
    0.0578142564971002,
    0.13251749514413,
    -0.0841169072466416,
    0.00844162703983216,
    0.00305734831985521,
    -0.0400491932090692,
    -0.324628431934502,
    -0.809289610465909,
    -0.373313253314338
  ],
  "t": 0.910000000000001,
  "thrust": [
    0.0,
    0.0,
    0.0,
    0.0
  ]
}