{
  "T_W_L": {
    "arm_motor_0": {
      "p": [
        -0.530735339319772,
        -0.0179205898196208,
        0.0286125253895255
      ],
      "q": [
        0.206182743833894,
        -0.723455930852499,
        0.272584337875004,
        0.599831618877095
      ]
    },
    "arm_motor_1": {
      "p": [
        -0.341749757257862,
        0.128326364706731,
        0.0669262605305025
      ],
      "q": [
        0.593735333664188,
        0.254691805620535,
        0.72762854784032,
        -0.230579994961
      ]
    },
    "arm_motor_2": {
      "p": [
        -0.516188077765086,
        0.14423483738144,
        0.0300603815551994
      ],
      "q": [
        -0.25330290342034,
        -0.708834208792587,
        -0.337229031193716,
        0.565392150709895
      ]
    },
    "arm_motor_3": {
      "p": [
        -0.35584511841705,
        -0.0343770541626452,
        0.061784372689995
      ],
      "q": [
        0.581057042173369,
        -0.324714840855136,
        0.693976879211993,
        0.274461430784623
      ]
    },
    "base_link": {
      "p": [
        -0.435930515441725,
        0.0551086090633186,
        0.0465996488622611
      ],
      "q": [
        -0.0464384257336588,
        -0.993792664322779,
        -0.00745074497407972,
        -0.100817158028502
      ]
    },
    "connecting_link_0": {
      "p": [
        -0.477850401552533,
        0.0270022860680003,
        0.0378384984731996
      ],
      "q": [
        -0.338539450085256,
        0.935705599873527,
        -0.0469530174280654,
        0.0874155893173296
      ]
    },
    "connecting_link_1": {
      "p": [
        -0.394010629330918,
        0.0832149320586369,
        0.0553607992513226
      ],
      "q": [
        0.934345361026815,
        0.343138980909809,
        0.0946767996988059,
        0.017049624824043
      ]
    },
    "connecting_link_2": {
      "p": [
        -0.472039329052907,
        0.0907191448218833,
        0.0393855430562096
      ],
      "q": [
        0.41756913547281,
        0.901014099570853,
        0.0593447340672832,
        0.101428851977626
      ]
    },
    "connecting_link_3": {
      "p": [
        -0.399821701830543,
        0.0194980733047539,
        0.0538137546683126
      ],
      "q": [
        0.901585132054465,
        -0.423681604802547,
        0.0798463825004912,
        -0.0355345270386078
      ]
    }
  },
  "contacts": [
    {
      "f": [
        1.75840753475276,
        -0.795582430567166,
        2.41251569363497
      ],
      "link": "base_link",
      "p": [
        -0.435911863292528,
        0.0612298292839655,
        0.00057339081280227
      ]
    }
  ],
  "idx": 270,
  "state": [
    -0.435930515441725,
    0.0551086090633186,
    0.0465996488622611,
    -0.100817158028502,
    -0.0464384257336588,
    -0.993792664322779,
    -0.00745074497407972,
    0.155221209390865,
    -0.0152628557124409,
    -0.00509761732050912,
    -0.00982760709738522,
    3.39156425419267,
    0.0798701543926322,
    0.999846171705752,
    0.0112811730723558,
    0.013119971165091,
    -0.00286956723058118,
    0.999874177032779,
    0.0146543352992774,
    0.00404181820966036,
    -0.00453257824189457,
    0.99982552943723,
    -0.0176909949218173,
    -0.0038390748255052,
    -0.00460444228134304,
    0.999895300197599,
    -0.0134589000511329,
    -0.00529011328142055,
    -0.000511227577994948,
    -0.00393094766674108,
    -0.0179655230519208,
    0.000705224898572353,
    -2.29594248458317e-05,
    -0.018948398041592,
    -0.00580783329640234,
    0.0042538568373342,
    -0.0189422357882932,
    0.00480494899682341,
    -0.000615877473148995,
    -0.0125329024580834,
    0.00136596588777034
  ],
  "t": 2.70999999999981,
  "thrust": [
    0.0,
    0.0,
    0.0,
    0.0
  ]
}