{
  "T_W_L": {
    "arm_motor_0": {
      "p": [
        -0.318120192269228,
        -0.015742451083844,
        0.230853321153087
      ],
      "q": [
        0.322799538300878,
        -0.0963879180427061,
        0.0402226614212667,
        0.940686964317207
      ]
    },
    "arm_motor_1": {
      "p": [
        -0.278110174323214,
        0.124277201936277,
        0.0374426039095752
      ],
      "q": [
        0.940768807457134,
        0.0256368424157301,
        0.0959174527292541,
        -0.324186127847205
      ]
    },
    "arm_motor_2": {
      "p": [
        -0.317101117769808,
        0.145054035459346,
        0.21200255127788
      ],
      "q": [
        -0.426453611224814,
        -0.112107736027035,
        -0.0435188186106592,
        0.896479383713279
      ]
    },
    "arm_motor_3": {
      "p": [
        -0.284541217735821,
        -0.0366148773364611,
        0.0553052876632651
      ],
      "q": [
        0.900002533273083,
        -0.0426115072992479,
        0.0730502319414091,
        0.427601874599523
      ]
    },
    "base_link": {
      "p": [
        -0.298411845918492,
        0.0542734709457362,
        0.134091498392498
      ],
      "q": [
        -0.0469695385723737,
        -0.773880813996255,
        0.0376416795051712,
        0.630464473335986
      ]
    },
    "connecting_link_0": {
      "p": [
        -0.307244012061407,
        0.0273117904065254,
        0.176741945327148
      ],
      "q": [
        0.256695459144785,
        -0.733322681914936,
        -0.199812025848089,
        0.597009580970035
      ]
    },
    "connecting_link_1": {
      "p": [
        -0.289579679775576,
        0.0812351514849471,
        0.0914410514578466
      ],
      "q": [
        0.733047884540717,
        0.247362194487741,
        -0.597400122022725,
        -0.211106224246994
      ]
    },
    "connecting_link_2": {
      "p": [
        -0.305629025424773,
        0.0908480421070474,
        0.169222867058411
      ],
      "q": [
        -0.332320692107382,
        -0.713178791785784,
        0.270775788609733,
        0.554634511049409
      ]
    },
    "connecting_link_3": {
      "p": [
        -0.291194666412211,
        0.0176988997844251,
        0.0989601297265844
      ],
      "q": [
        0.688052208735489,
        -0.332491070945281,
        -0.584743579989448,
        0.272229299409524
      ]
    }
  },
  "contacts": [
    {
      "f": [
        0.479606607395368,
        -0.00689124955721826,
        0.599570141822657
      ],
      "link": "arm_motor_1",
      "p": [
        -0.285885983387168,
        0.114004984997974,
        0.000700214929088672
      ]
    },
    {
      "f": [
        -0.439377815905948,
        -0.837405472729886,
        1.18209347588574
      ],
      "link": "arm_motor_1",
      "p": [
        -0.286277393398393,
        0.119949496495272,
        0.000805952867429655
      ]
    },
    {
      "f": [
        0.460741930458503,
        -0.0160372291602258,
        0.576276191381146
      ],
      "link": "arm_motor_1",
      "p": [
        -0.285831923671035,
        0.117967386384136,
        0.000711861904309427
      ]
    }
  ],
  "idx": 144,
  "state": [
    -0.298411845918492,
    0.0542734709457362,
    0.134091498392498,
    0.630464473335986,
    -0.0469695385723737,
    -0.773880813996255,
    0.0376416795051712,
    -0.206010323653805,
    0.0763679043746062,
    0.0174605288594948,
    -0.333592977008068,
    -1.37556586166834,
    0.622607361277493,
    0.999969855199917,
    0.00729100785112293,
    0.00237383806101472,
    0.00122261556963946,
    0.999974659920541,
    0.00671331870533683,
    0.0019578289388791,
    0.00133333214335979,
    0.999738879551031,
    -0.00859617291969786,
    -0.0187604290077964,
    -0.00981452131425691,
    0.999788792082766,
    -0.00947959503551244,
    -0.0160526535339635,
    -0.00864990278353216,
    -0.00438883769926923,
    -0.00111886004010075,
    -0.000876689373961977,
    0.0473962483034553,
    0.00266116185373283,
    0.0028942593673062,
    -0.0282099606137767,
    -0.000791805661666926,
    0.00407225543106901,
    -0.0015461445651424,
    0.00132988786379983,
    0.000336081372788737
  ],
  "t": 1.44999999999995,
  "thrust": [
    0.0,
    0.0,
    0.0,
    0.0
  ]
}