{
  "T_W_L": {
    "arm_motor_0": {
      "p": [
        -0.502126652127576,
        -0.0185543783521053,
        0.0920394048104072
      ],
      "q": [
        0.281621643190654,
        -0.532099123910752,
        0.197349912726063,
        0.773700707229237
      ]
    },
    "arm_motor_1": {
      "p": [
        -0.320198746624151,
        0.127461406047217,
        0.0277896525671744
      ],
      "q": [
        0.766991188547692,
        0.168571739038439,
        0.541801412074501,
        -0.299598590386924
      ]
    },
    "arm_motor_2": {
      "p": [
        -0.486947258542268,
        0.144402642059606,
        0.089019814383193
      ],
      "q": [
        -0.334906342932127,
        -0.518258699034597,
        -0.267077544091977,
        0.740212974609736
      ]
    },
    "arm_motor_3": {
      "p": [
        -0.33679546254319,
        -0.0354167754184043,
        0.0280344914609365
      ],
      "q": [
        0.74781896855034,
        -0.242825551616202,
        0.506653848657645,
        0.35370103109687
      ]
    },
    "base_link": {
      "p": [
        -0.411788890803858,
        0.0545780224974235,
        0.0584537786352475
      ],
      "q": [
        -0.0507314451198489,
        -0.982507646339097,
        -0.00562441235980905,
        0.179090511604795
      ]
    },
    "connecting_link_0": {
      "p": [
        -0.452271607478326,
        0.0266517028721244,
        0.0727810366716063
      ],
      "q": [
        -0.338684035184182,
        0.923339915471335,
        0.0595891120738373,
        -0.170838117909907
      ]
    },
    "connecting_link_1": {
      "p": [
        -0.37130617412939,
        0.0825043421227225,
        0.0441265205988887
      ],
      "q": [
        0.92545612306673,
        0.331046414687014,
        -0.159233217998077,
        -0.0926499751060353
      ]
    },
    "connecting_link_2": {
      "p": [
        -0.44576263959006,
        0.0903182227392167,
        0.0723254216557615
      ],
      "q": [
        0.42566688867978,
        0.889873854365092,
        -0.0479622036196084,
        -0.156945373372529
      ]
    },
    "connecting_link_3": {
      "p": [
        -0.377815142017656,
        0.0188378222556302,
        0.0445821356147336
      ],
      "q": [
        0.887046235861958,
        -0.421807991794451,
        -0.170529491661792,
        0.0784008034080899
      ]
    }
  },
  "contacts": [
    {
      "f": [
        0.991953813526081,
        -0.526958107086181,
        1.40404394450948
      ],
      "link": "arm_motor_1",
      "p": [
        -0.293996273978158,
        0.1112884078086,
        0.000841247059061308
      ]
    },
    {
      "f": [
        -0.48823337162034,
        0.272969325421444,
        0.699200523125344
      ],
      "link": "arm_motor_3",
      "p": [
        -0.308061856257422,
        -0.025568911899174,
        0.000852099271669869
      ]
    }
  ],
  "idx": 318,
  "state": [
    -0.411788890803858,
    0.0545780224974235,
    0.0584537786352475,
    0.179090511604795,
    -0.0507314451198489,
    -0.982507646339097,
    -0.00562441235980905,
    -0.112473889842292,
    0.0113161344231507,
    -0.219991764102872,
    0.0451655322315013,
    -1.93125532248779,
    0.00826708839975976,
    0.999818699566754,
    0.0119148348318774,
    0.0129626094926859,
    -0.00725089392516152,
    0.999809486620289,
    0.0160088109209411,
    0.00958637356569427,
    -0.00572799081972942,
    0.999819737142671,
    -0.0187388222969716,
    -0.00305690898198088,
    -7.1178358684903e-05,
    0.999880961707609,
    -0.014869984188723,
    0.00363179321927216,
    0.00193805647686199,
    0.00179095108284517,
    0.00976532272894114,
    -0.0187112554503796,
    0.00228478507117835,
    0.0645976480546129,
    -0.0285853265991028,
    -0.00510748843912417,
    0.00492415375112343,
    0.0269552302083587,
    0.00351426064637374,
    0.0150597000579891,
    -0.00162991780409667
  ],
  "t": 3.18999999999976,
  "thrust": [
    0.0,
    0.0,
    0.0,
    0.0
  ]
}