{
  "T_W_L": {
    "arm_motor_0": {
      "p": [
        -0.481036184979223,
        -0.0246666096408786,
        0.13316761572243
      ],
      "q": [
        0.326962798536636,
        -0.471472915068795,
        0.110142948446549,
        0.811589273978608
      ]
    },
    "arm_motor_1": {
      "p": [
        -0.306948285472356,
        0.119708542704297,
        0.0468185496357924
      ],
      "q": [
        0.810402767862167,
        0.0905021484921096,
        0.471420612120023,
        -0.335885875600678
      ]
    },
    "arm_motor_2": {
      "p": [
        -0.458192457608309,
        0.135685322712953,
        0.142860467628647
      ],
      "q": [
        -0.333288611335352,
        -0.426360568158974,
        -0.260702853760642,
        0.799480699901109
      ]
    },
    "arm_motor_3": {
      "p": [
        -0.332694382479997,
        -0.0396703961660573,
        0.0327578252283963
      ],
      "q": [
        0.817922032910608,
        -0.251937831929924,
        0.394379699465597,
        0.334657331566564
      ]
    },
    "base_link": {
      "p": [
        -0.394343107518275,
        0.0476904712340553,
        0.089582509320862
      ],
      "q": [
        -0.0639133425918484,
        -0.955063343395406,
        -0.0566802277419083,
        0.283824675678931
      ]
    },
    "connecting_link_0": {
      "p": [
        -0.432508024994289,
        0.0197538387756234,
        0.109254409100283
      ],
      "q": [
        -0.309080437787421,
        0.907261974559475,
        0.153314786294551,
        -0.240498583777607
      ]
    },
    "connecting_link_1": {
      "p": [
        -0.356178190042262,
        0.0756271036924871,
        0.0699106095414413
      ],
      "q": [
        0.906386004268867,
        0.301501863252743,
        -0.239696581026504,
        -0.173512497431298
      ]
    },
    "connecting_link_2": {
      "p": [
        -0.42263557214058,
        0.0828197506376218,
        0.113861516182384
      ],
      "q": [
        0.42001539293631,
        0.866800673303601,
        -0.0513258813986402,
        -0.263835775352081
      ]
    },
    "connecting_link_3": {
      "p": [
        -0.366050642895971,
        0.0125611918304887,
        0.0653035024593405
      ],
      "q": [
        0.857226775807414,
        -0.414785417919598,
        -0.299489656098542,
        0.0584915191294262
      ]
    }
  },
  "contacts": [
    {
      "f": [
        -0.181152326285343,
        -0.297563732409218,
        0.435460137677477
      ],
      "link": "arm_motor_3",
      "p": [
        -0.311749275375161,
        -0.0364916387247871,
        0.000782269931161261
      ]
    },
    {
      "f": [
        -0.252940098538089,
        -1.30136039929147,
        1.65714248703365
      ],
      "link": "arm_motor_3",
      "p": [
        -0.312890481932228,
        -0.0402882871611963,
        0.000879105949350256
      ]
    }
  ],
  "idx": 181,
  "state": [
    -0.394343107518275,
    0.0476904712340553,
    0.089582509320862,
    0.283824675678931,
    -0.0639133425918484,
    -0.955063343395406,
    -0.0566802277419083,
    -0.305190864412835,
    0.0115040394551394,
    -0.291714748881684,
    -0.439055952669601,
    -3.47141662482622,
    -0.419473638410859,
    0.99996703020439,
    0.00766724887623063,
    0.00264080424505659,
    -0.000421843362718787,
    0.999908849228078,
    0.0123665993008664,
    0.00528513744346058,
    0.00119489719939088,
    0.999736603357461,
    -0.0119633803743321,
    -0.0179117850222431,
    -0.00792271384210711,
    0.999828370973591,
    -0.0113437500965929,
    -0.0120577354284278,
    -0.00831618580722547,
    0.0113112955244134,
    -0.00505984287329055,
    -0.0252699290379142,
    -0.00416183038512862,
    -0.0178689006743275,
    0.0213723941831856,
    0.00174901797182968,
    0.0195125898304831,
    0.00752274475740912,
    -0.00496158979252487,
    0.0899358629614374,
    0.0271267993646496
  ],
  "t": 1.81999999999991,
  "thrust": [
    0.0,
    0.0,
    0.0,
    0.0
  ]
}