{
  "T_W_L": {
    "arm_motor_0": {
      "p": [
        -0.1650855830789,
        -0.0783843638090314,
        0.174536537486978
      ],
      "q": [
        0.467241396867027,
        0.250691001542892,
        -0.0432450622202664,
        0.846740434485525
      ]
    },
    "arm_motor_1": {
      "p": [
        -0.260435954342653,
        0.111916670583078,
        0.0591871079277271
      ],
      "q": [
        0.848525042620785,
        -0.0521446163347032,
        -0.250303551702778,
        -0.463286437355635
      ]
    },
    "arm_motor_2": {
      "p": [
        -0.174409118304231,
        0.0785865649031546,
        0.213827040368814
      ],
      "q": [
        -0.259983234915343,
        0.194362831163284,
        0.139006306017592,
        0.935579528587757
      ]
    },
    "arm_motor_3": {
      "p": [
        -0.25505050546262,
        -0.0459716385474083,
        0.0225046039919704
      ],
      "q": [
        0.927136830080203,
        0.142460001409304,
        -0.223996833338723,
        0.264476586792704
      ]
    },
    "base_link": {
      "p": [
        -0.213029105726639,
        0.0167879377145543,
        0.117133024419121
      ],
      "q": [
        0.110865191506536,
        -0.502972691111098,
        -0.0392755973591553,
        0.856262114519124
      ]
    },
    "connecting_link_0": {
      "p": [
        -0.19197458847931,
        -0.0214780974196683,
        0.143899007655094
      ],
      "q": [
        0.299810683426965,
        -0.421470595956133,
        -0.360968436924534,
        0.776001210302985
      ]
    },
    "connecting_link_1": {
      "p": [
        -0.234083622973968,
        0.0550539728487769,
        0.0903670411831488
      ],
      "q": [
        -0.423006472879649,
        -0.290721169673287,
        0.776989150407873,
        0.364464793298566
      ]
    },
    "connecting_link_2": {
      "p": [
        -0.194807479062201,
        0.0407511936861622,
        0.158578587329294
      ],
      "q": [
        -0.0855436067907224,
        -0.524119353077542,
        0.282128210016186,
        0.798989904929891
      ]
    },
    "connecting_link_3": {
      "p": [
        -0.231250732391077,
        -0.00717531825705358,
        0.0756874615089491
      ],
      "q": [
        -0.497195059819387,
        0.0862787549418299,
        0.813974419455635,
        -0.287747621030558
      ]
    }
  },
  "contacts": [
    {
      "f": [
        -0.214170019217713,
        0.972730187980091,
        1.24503565193651
      ],
      "link": "arm_motor_3",
      "p": [
        -0.285813087678601,
        -0.038138658064215,
        0.000974483248580862
      ]
    },
    {
      "f": [
        0.298427221028465,
        0.473561741124927,
        0.699686904207032
      ],
      "link": "arm_motor_3",
      "p": [
        -0.285324982679433,
        -0.0420618974946442,
        0.000664298059841806
      ]
    }
  ],
  "idx": 107,
  "state": [
    -0.213029105726639,
    0.0167879377145543,
    0.117133024419121,
    0.856262114519124,
    0.110865191506536,
    -0.502972691111098,
    -0.0392755973591553,
    -0.319302068235251,
    -0.00504589656042516,
    0.199432648627894,
    0.0925888633197708,
    -2.99460661052033,
    0.426245728680341,
    0.99998317180427,
    0.00479932066750486,
    0.00325923731663086,
    1.23115715238515e-06,
    0.999990403401979,
    0.00346334026531817,
    0.00185486024539688,
    0.00193852305225616,
    0.999776940423962,
    -0.00665934961177963,
    -0.0178016697536722,
    -0.00920994100036891,
    0.999906161118385,
    -0.00479262264786152,
    -0.0112093609848107,
    -0.00624899607631934,
    0.0160185146084927,
    -0.00239771491359887,
    0.0190185264448235,
    -0.00691474127579705,
    0.013410918268767,
    -0.0205052292140397,
    -0.00110436835756253,
    -0.0133160237145462,
    -0.00547914512943509,
    -0.0217358644414337,
    -0.0779567944772397,
    -0.0289261213717437
  ],
  "t": 1.07999999999999,
  "thrust": [
    0.0,
    0.0,
    0.0,
    0.0
  ]
}