{
  "T_W_L": {
    "arm_motor_0": {
      "p": [
        -0.531295053494934,
        -0.0126490594725527,
        0.0398522660565438
      ],
      "q": [
        0.227618884105865,
        -0.684323580666547,
        0.21716130114119,
        0.657823570441788
      ]
    },
    "arm_motor_1": {
      "p": [
        -0.329806850129148,
        0.120621183723405,
        0.0524221381506466
      ],
      "q": [
        0.655624790705104,
        0.199528028120601,
        0.684664068063909,
        -0.248152803146312
      ]
    },
    "arm_motor_2": {
      "p": [
        -0.504245633151426,
        0.149759823595952,
        0.0482315845485746
      ],
      "q": [
        -0.29524642446166,
        -0.631653496968939,
        -0.362742573016209,
        0.618272783107179
      ]
    },
    "arm_motor_3": {
      "p": [
        -0.357015735850109,
        -0.0421889388754288,
        0.0437263115848384
      ],
      "q": [
        0.624103787327932,
        -0.341120305550243,
        0.625476373741521,
        0.320796985140753
      ]
    },
    "base_link": {
      "p": [
        -0.430455410821635,
        0.0539186426873355,
        0.0454207114791436
      ],
      "q": [
        -0.0837462511645829,
        -0.996014605717677,
        -0.0272563980010228,
        -0.0140911099970319
      ]
    },
    "connecting_link_0": {
      "p": [
        -0.475192269956056,
        0.0291187737984771,
        0.0426675427806475
      ],
      "q": [
        -0.314507085125602,
        0.949041351898909,
        0.00739462782914278,
        0.0187383369314403
      ]
    },
    "connecting_link_1": {
      "p": [
        -0.385718551687214,
        0.0787185115761939,
        0.0481738801776396
      ],
      "q": [
        0.947727340784348,
        0.316558151596064,
        0.0205338699411679,
        -0.0343829081543503
      ]
    },
    "connecting_link_2": {
      "p": [
        -0.464564632652802,
        0.0921259615340148,
        0.0462935073432423
      ],
      "q": [
        0.465268482062739,
        0.883831348625099,
        0.0477269843468957,
        0.00946159350876737
      ]
    },
    "connecting_link_3": {
      "p": [
        -0.396346188990467,
        0.0157113238406562,
        0.0445479156150448
      ],
      "q": [
        0.883586605528389,
        -0.468046204832231,
        0.000970565160813289,
        -0.0143707576777769
      ]
    }
  },
  "contacts": [
    {
      "f": [
        -0.6786212019528,
        -0.88084694955619,
        1.38992922722386
      ],
      "link": "base_link",
      "p": [
        -0.418516023544535,
        0.0596007834077577,
        0.000924174921701833
      ]
    },
    {
      "f": [
        0.0224724323192687,
        -0.901632649894919,
        1.12739082451672
      ],
      "link": "base_link",
      "p": [
        -0.437761743098464,
        0.0628015904085062,
        0.000436304587741639
      ]
    }
  ],
  "idx": 485,
  "state": [
    -0.430455410821635,
    0.0539186426873355,
    0.0454207114791436,
    -0.0140911099970319,
    -0.0837462511645829,
    -0.996014605717677,
    -0.0272563980010228,
    0.0201658062754733,
    -0.0410822349361957,
    -0.00243226967796117,
    -0.838183973171915,
    0.592182132226852,
    0.0312642536673198,
    0.999849495795196,
    0.0100568246176087,
    0.00838807586042345,
    -0.0113792012049628,
    0.999797501090242,
    0.0151712917856008,
    0.00151062068336808,
    -0.0131341822895177,
    0.999797237610613,
    -0.0185007144003651,
    0.00154306847845562,
    0.00779911357357943,
    0.999811728275494,
    -0.0150176865270013,
    0.00629601283191752,
    0.0105516499452273,
    -0.00264859157828968,
    -0.014044708311932,
    0.000154685911617637,
    -0.00409349984617316,
    -0.0228589148371466,
    -0.005192000199239,
    0.00290658312949112,
    -0.0202905058859816,
    0.00832899859348142,
    0.000993188848021164,
    -0.0162016918359968,
    -0.00161805434147222
  ],
  "t": 4.85999999999996,
  "thrust": [
    0.0,
    0.0,
    0.0,
    0.0
  ]
}