{
  "T_W_L": {
    "arm_motor_0": {
      "p": [
        -1.98724414077004e-17,
        -0.0814974745618855,
        0.251635605195768
      ],
      "q": [
        -5.39881554447132e-17,
        0.923879532979703,
        -0.382683431234233,
        -7.41967683657841e-17
      ]
    },
    "arm_motor_1": {
      "p": [
        1.98724414077004e-17,
        0.0814974745618855,
        0.430630554804231
      ],
      "q": [
        1.30767736491893e-16,
        0.382683431234233,
        0.923879532979703,
        -3.05547386493047e-17
      ]
    },
    "arm_motor_2": {
      "p": [
        -1.98724264786281e-17,
        0.0814974745618855,
        0.251635605195768
      ],
      "q": [
        5.40229640176929e-17,
        0.923879532979703,
        0.382683431234233,
        -7.4211117125291e-17
      ]
    },
    "arm_motor_3": {
      "p": [
        1.98724264786281e-17,
        -0.0814974745618855,
        0.430630554804231
      ],
      "q": [
        1.30768490989016e-16,
        -0.382683431234233,
        0.923879532979703,
        3.05567277695549e-17
      ]
    },
    "base_link": {
      "p": [
        4.32445466622002e-37,
        3.88691099406618e-22,
        0.34113308
      ],
      "q": [
        -5.00525204146226e-19,
        0.707106781186548,
        -5.00590938832242e-19,
        0.707106781186548
      ]
    },
    "connecting_link_0": {
      "p": [
        -8.88178717181356e-18,
        -0.032,
        0.30113308
      ],
      "q": [
        -0.270598049273462,
        0.653281482769409,
        -0.270598049273462,
        0.653281482769408
      ]
    },
    "connecting_link_1": {
      "p": [
        8.88178717181356e-18,
        0.032,
        0.38113308
      ],
      "q": [
        0.653281482769408,
        0.270598049273462,
        0.653281482769408,
        0.270598049273462
      ]
    },
    "connecting_link_2": {
      "p": [
        -8.88178122218895e-18,
        0.032,
        0.30113308
      ],
      "q": [
        0.270598049273462,
        0.653281482769409,
        0.270598049273462,
        0.653281482769408
      ]
    },
    "connecting_link_3": {
      "p": [
        8.88178122218895e-18,
        -0.032,
        0.38113308
      ],
      "q": [
        0.653281482769408,
        -0.270598049273462,
        0.653281482769408,
        -0.270598049273462
      ]
    }
  },
  "contacts": [],
  "idx": 17,
  "state": [
    4.32445466622002e-37,
    3.88691099406618e-22,
    0.34113308,
    0.707106781186548,
    -5.00525204146226e-19,
    0.707106781186548,
    -5.00590938832242e-19,
    6.97977829797834e-36,
    1.92995547472475e-21,
    -1.76518800000001,
    1.04668452145117e-21,
    -2.32238025269225e-20,
    -1.58997055296142e-17,
    1.0,
    2.32164131254467e-19,
    1.71197619227011e-23,
    -2.03409151524954e-21,
    1.0,
    -2.33046105573588e-19,
    -1.71197619226163e-23,
    2.03049591553294e-21,
    1.0,
    -1.94579905270427e-19,
    1.8715535604613e-23,
    1.6936901771334e-21,
    1.0,
    2.30985399223749e-19,
    -1.87155356045266e-23,
    -2.02326203201535e-21,
    2.83024359719244e-18,
    1.95782540564996e-22,
    -4.61162373312221e-20,
    -2.74337654371867e-18,
    -1.95782540563606e-22,
    4.62335141624704e-20,
    -2.36210308454269e-18,
    2.18478604645685e-22,
    3.86301966943315e-20,
    2.8178216131925e-18,
    -2.18478604644379e-22,
    -4.58621632982789e-20
  ],
  "t": 0.18,
  "thrust": [
    0.0,
    0.0,
    0.0,
    0.0
  ]
}