{
  "T_W_L": {
    "arm_motor_0": {
      "p": [
        -0.0289359016967657,
        -0.0647705884800945,
        0.173229321963712
      ],
      "q": [
        0.0991795431228257,
        0.87188073950587,
        -0.422247063185774,
        0.227364931191322
      ]
    },
    "arm_motor_1": {
      "p": [
        -0.107787612844507,
        0.117328225334595,
        0.311922338603497
      ],
      "q": [
        -0.222267500698568,
        0.423116818093243,
        0.873105381822148,
        0.096209711635897
      ]
    },
    "arm_motor_2": {
      "p": [
        -0.0227384208348099,
        0.096818766595769,
        0.155421801201237
      ],
      "q": [
        -0.0891500660519915,
        0.916103491863698,
        0.315279815139423,
        0.231095859079552
      ]
    },
    "arm_motor_3": {
      "p": [
        -0.11383751156863,
        -0.0443632613467068,
        0.329731117589101
      ],
      "q": [
        -0.225628130145975,
        -0.316753700550313,
        0.917210030216845,
        -0.0865147417734571
      ]
    },
    "base_link": {
      "p": [
        -0.068571885337459,
        0.0262710602248676,
        0.242466860535689
      ],
      "q": [
        -0.0375165779921736,
        0.511209903425601,
        -0.0440801180741172,
        0.857504451420467
      ]
    },
    "connecting_link_0": {
      "p": [
        -0.0508258583913956,
        -0.0100727240417722,
        0.211031086761062
      ],
      "q": [
        -0.228443234217632,
        0.455741498641146,
        -0.368704289211899,
        0.777284067939939
      ]
    },
    "connecting_link_1": {
      "p": [
        -0.0863179122835225,
        0.0626148444915073,
        0.273902634310316
      ],
      "q": [
        0.460211879195568,
        0.231158231794062,
        0.774545593158254,
        0.367219310821552
      ]
    },
    "connecting_link_2": {
      "p": [
        -0.0484424918306971,
        0.0534984055027179,
        0.204028869092708
      ],
      "q": [
        0.159897879007735,
        0.484373542306214,
        0.285975111504919,
        0.811192440424778
      ]
    },
    "connecting_link_3": {
      "p": [
        -0.088701278844221,
        -0.000956285052982831,
        0.280904851978669
      ],
      "q": [
        0.489022251285989,
        -0.162803529044445,
        0.808108612991309,
        -0.285153850205674
      ]
    }
  },
  "contacts": [],
  "idx": 57,
  "state": [
    -0.068571885337459,
    0.0262710602248676,
    0.242466860535689,
    0.857504451420467,
    -0.0375165779921736,
    0.511209903425601,
    -0.0440801180741172,
    -0.228562203034139,
    0.0870081706728267,
    -1.04172421591583,
    0.0262645222309008,
    -1.65513174498263,
    -0.391180497241495,
    0.999994012986404,
    0.00260780989561681,
    -0.00194209887370095,
    0.00118387958017969,
    0.999995334973793,
    0.00245699884125265,
    -0.00143463958079059,
    0.00111130401724805,
    0.999993580132343,
    -0.00115317546148493,
    -0.00278859895148609,
    -0.00193225162486913,
    0.999992437699269,
    -0.0034300295085823,
    -0.00150605996519464,
    -0.0010446172620298,
    -7.57877495775382e-05,
    0.000359784009637265,
    -0.000463938986218069,
    -9.15766849354942e-05,
    0.000320820433645649,
    -0.000548486237874845,
    -7.16536513035707e-05,
    0.000589190019463457,
    0.000290638814819669,
    0.000105972844072899,
    0.000273577431961355,
    0.000626349831635306
  ],
  "t": 0.58,
  "thrust": [
    0.0,
    0.0,
    0.0,
    0.0
  ]
}