{
  "T_WB": [
    [
      -0.351266328934474,
      0.06214745399418,
      0.934210715052519,
      -0.180915493485306
    ],
    [
      0.0354591906765988,
      0.997961794290676,
      -0.0530556588187777,
      -0.000457089761851519
    ],
    [
      -0.935603875554959,
      0.014489689374697,
      -0.352754074318592,
      0.190830365270123
    ],
    [
      0.0,
      0.0,
      0.0,
      1.0
    ]
  ],
  "T_WH": {
    "0": [
      [
        -0.590021530662314,
        -0.655142493813112,
        0.4718717051861,
        -0.196954865170499
      ],
      [
        -0.732143994204043,
        0.680516780865492,
        0.0293612450590464,
        -0.0309734995520892
      ],
      [
        -0.340352413104197,
        -0.328154268234934,
        -0.881178194880778,
        0.152942540187934
      ],
      [
        0.0,
        0.0,
        0.0,
        1.0
      ]
    ],
    "1": [
      [
        0.198298193153556,
        0.0346887532875108,
        0.979527700980117,
        -0.164876121800114
      ],
      [
        0.820915680601161,
        -0.551899559545786,
        -0.146643518493999,
        0.0300593200283862
      ],
      [
        0.535514025899572,
        0.833188794072824,
        -0.137917226974395,
        0.228718190352312
      ],
      [
        0.0,
        0.0,
        0.0,
        1.0
      ]
    ],
    "2": [
      [
        -0.492775317591175,
        0.735553145392147,
        0.464902201195732,
        -0.192977428114872
      ],
      [
        0.809306685970294,
        0.583702026273536,
        -0.0656858627708221,
        0.0328960552825141
      ],
      [
        -0.319679799825851,
        0.343880087861871,
        -0.882922029827898,
        0.153869880307915
      ],
      [
        0.0,
        0.0,
        0.0,
        1.0
      ]
    ],
    "3": [
      [
        0.0857046976689186,
        -0.0952176835291886,
        0.991760201631834,
        -0.168853558855741
      ],
      [
        -0.860822946665927,
        -0.508260663389216,
        0.025592040648313,
        -0.0338102348062171
      ],
      [
        0.501635883177101,
        -0.855923297261203,
        -0.125525893403077,
        0.227790850232331
      ],
      [
        0.0,
        0.0,
        0.0,
        1.0
      ]
    ]
  },
  "T_WP": {
    "0": [
      [
        -0.4718717051861,
        -0.655142493813112,
        -0.590021530662314,
        -0.238256372316861
      ],
      [
        -0.0293612450590465,
        0.680516780865492,
        -0.732143994204043,
        -0.0822235791463722
      ],
      [
        0.881178194880778,
        -0.328154268234934,
        -0.340352413104197,
        0.129117871270641
      ],
      [
        0.0,
        0.0,
        0.0,
        1.0
      ]
    ],
    "1": [
      [
        -0.979527700980117,
        0.0346887532875108,
        0.198298193153556,
        -0.150995248279365
      ],
      [
        0.146643518493999,
        -0.551899559545786,
        0.820915680601161,
        0.0875234176704675
      ],
      [
        0.137917226974395,
        0.833188794072824,
        0.535514025899572,
        0.266204172165282
      ],
      [
        0.0,
        0.0,
        0.0,
        1.0
      ]
    ],
    "2": [
      [
        -0.464902201195732,
        0.735553145392147,
        -0.492775317591175,
        -0.227471700346254
      ],
      [
        0.0656858627708221,
        0.583702026273536,
        0.809306685970294,
        0.0895475233004347
      ],
      [
        0.882922029827898,
        0.343880087861871,
        -0.319679799825851,
        0.131492294320106
      ],
      [
        0.0,
        0.0,
        0.0,
        1.0
      ]
    ],
    "3": [
      [
        -0.991760201631834,
        -0.0952176835291886,
        0.0857046976689187,
        -0.162854230018917
      ],
      [
        -0.0255920406483131,
        -0.508260663389216,
        -0.860822946665927,
        -0.094067841072832
      ],
      [
        0.125525893403077,
        -0.855923297261203,
        0.501635883177101,
        0.262905362054728
      ],
      [
        0.0,
        0.0,
        0.0,
        1.0
      ]
    ]
  },
  "simTime": 0.908499999999916,
  "state": [
    -0.180915493485306,
    -0.000457089761851519,
    0.190830365270123,
    0.568757723252531,
    0.0296898597733345,
    0.821885362678966,
    -0.011730945456424,
    -0.462164641374531,
    -0.00141533758561827,
    0.286012285052752,
    0.477110472987893,
    13.059008046656,
    -0.225548990803517,
    0.934677266563556,
    -0.275846532346633,
    0.221029816795347,
    -0.0378539040130976,
    0.987550602101172,
    -0.113868694919958,
    0.0357171840220028,
    -0.102479321681873,
    0.934467216304501,
    0.277391188435367,
    0.220059411632923,
    0.0374032830417832,
    0.986344132698548,
    0.117339715283198,
    0.0389089164209659,
    0.108824350819811,
    -0.916990957533296,
    -2.1937797316864,
    2.95773348822479,
    -1.23579266503975,
    -0.780838555342956,
    0.813875990656529,
    0.962344935053841,
    -2.16429196757517,
    -2.94345378336027,
    1.26649754709348,
    -0.805004002009516,
    -0.8778598181039
  ]
}