{
  "T_WB": [
    [
      -0.136535334456175,
      0.0552174542616347,
      0.98909510927403,
      -0.173139119789856
    ],
    [
      0.0275363875942203,
      0.998271090725685,
      -0.051928573826095,
      -0.000433466185694845
    ],
    [
      -0.990252417216541,
      0.0201460211013393,
      -0.137819766472676,
      0.184684827498786
    ],
    [
      0.0,
      0.0,
      0.0,
      1.0
    ]
  ],
  "T_WH": {
    "0": [
      [
        -0.494752309561217,
        -0.580747310755567,
        0.646492624268845,
        -0.180367491704475
      ],
      [
        -0.769762231106737,
        0.638133901243489,
        -0.0158502884940537,
        -0.0312766855851479
      ],
      [
        -0.403343848032198,
        -0.50548757169088,
        -0.762755567085968,
        0.144430058134881
      ],
      [
        0.0,
        0.0,
        0.0,
        1.0
      ]
    ],
    "1": [
      [
        0.0618807031187456,
        -0.126614728409219,
        0.990019943804866,
        -0.165910747875237
      ],
      [
        0.834156258348289,
        -0.538101083443514,
        -0.120956854519695,
        0.0304097532137583
      ],
      [
        0.54804572367633,
        0.833316227219161,
        0.0723183947091755,
        0.22493959686269
      ],
      [
        0.0,
        0.0,
        0.0,
        1.0
      ]
    ],
    "2": [
      [
        -0.404129602066446,
        0.647934866647939,
        0.645646709366302,
        -0.17683357463173
      ],
      [
        0.83519115486217,
        0.549225915108679,
        -0.0284012149921253,
        0.0326126642212959
      ],
      [
        -0.373008042237177,
        0.52776064911563,
        -0.763107920068608,
        0.145719403485367
      ],
      [
        0.0,
        0.0,
        0.0,
        1.0
      ]
    ],
    "3": [
      [
        -0.0378653210363446,
        0.0755017418966159,
        0.996426467148174,
        -0.169444664947981
      ],
      [
        -0.864238128089758,
        -0.503055289628101,
        0.00527574952952174,
        -0.0334795965926856
      ],
      [
        0.501655933303619,
        -0.860949976797586,
        0.0842998341250468,
        0.223650251512205
      ],
      [
        0.0,
        0.0,
        0.0,
        1.0
      ]
    ]
  },
  "T_WP": {
    "0": [
      [
        -0.646492624268845,
        -0.580747310755567,
        -0.494752309561217,
        -0.21500015337376
      ],
      [
        0.0158502884940536,
        0.638133901243489,
        -0.769762231106737,
        -0.0851600417626195
      ],
      [
        0.762755567085968,
        -0.50548757169088,
        -0.403343848032198,
        0.116195988772627
      ],
      [
        0.0,
        0.0,
        0.0,
        1.0
      ]
    ],
    "1": [
      [
        -0.990019943804866,
        -0.126614728409219,
        0.0618807031187456,
        -0.161579098656924
      ],
      [
        0.120956854519695,
        -0.538101083443514,
        0.834156258348289,
        0.0888006912981385
      ],
      [
        -0.0723183947091755,
        0.833316227219161,
        0.54804572367633,
        0.263302797520033
      ],
      [
        0.0,
        0.0,
        0.0,
        1.0
      ]
    ],
    "2": [
      [
        -0.645646709366302,
        0.647934866647939,
        -0.404129602066446,
        -0.205122646776382
      ],
      [
        0.0284012149921253,
        0.549225915108679,
        0.83519115486217,
        0.0910760450616478
      ],
      [
        0.763107920068608,
        0.52776064911563,
        -0.373008042237177,
        0.119608840528765
      ],
      [
        0.0,
        0.0,
        0.0,
        1.0
      ]
    ],
    "3": [
      [
        -0.996426467148174,
        0.0755017418966159,
        -0.0378653210363446,
        -0.172095237420525
      ],
      [
        -0.0052757495295218,
        -0.503055289628101,
        -0.864238128089758,
        -0.0939762655589687
      ],
      [
        -0.0842998341250467,
        -0.860949976797586,
        0.501655933303619,
        0.258766166843458
      ],
      [
        0.0,
        0.0,
        0.0,
        1.0
      ]
    ]
  },
  "simTime": 0.891499999999918,
  "state": [
    -0.173139119789856,
    -0.000433466185694845,
    0.184684827498786,
    0.656489906585934,
    0.0274469547072921,
    0.753761598858441,
    -0.0105413146454031,
    -0.452023124615324,
    -0.00139960352266068,
    0.437336927008108,
    0.480182675054686,
    13.0734790172108,
    -0.219080910684804,
    0.931669932039431,
    -0.271673832554241,
    0.23129860306191,
    -0.0684501472645658,
    0.987765642771221,
    -0.102860956481051,
    0.0406272696797566,
    -0.10994582097983,
    0.931676572021328,
    0.272834630310421,
    0.230076440044279,
    0.0678591289843491,
    0.986492740484965,
    0.106035398419718,
    0.0438439776834612,
    0.116902835180874,
    -1.30489547802267,
    -2.2474827926427,
    2.90544653714131,
    -1.27059938237739,
    -0.825102701695063,
    0.69177494478275,
    1.34552356519961,
    -2.21422694928238,
    -2.87910507372892,
    1.30710768398741,
    -0.852831519315091,
    -0.75327677194868
  ]
}