{
  "T_WB": [
    [
      -2.22044604925031e-16,
      6.95981322435219e-20,
      1.0,
      -3.72811673850417e-36
    ],
    [
      -1.04749104414459e-18,
      1.0,
      -6.95981322435218e-20,
      5.10019419859058e-21
    ],
    [
      -1.0,
      -1.04749104414459e-18,
      -2.22044604925031e-16,
      0.357459843175002
    ],
    [
      0.0,
      0.0,
      0.0,
      1.0
    ]
  ],
  "T_WH": {
    "0": [
      [
        -1.57139119064059e-16,
        -1.53358258959628e-16,
        1.0,
        -8.88401133723305e-18
      ],
      [
        -0.707106779455507,
        0.707106782917588,
        -2.67347128107752e-18,
        -0.032
      ],
      [
        -0.707106782917588,
        -0.707106779455507,
        -2.19554801547737e-16,
        0.317459843175002
      ],
      [
        0.0,
        0.0,
        0.0,
        1.0
      ]
    ],
    "1": [
      [
        1.57139119064059e-16,
        1.53363172111749e-16,
        1.0,
        8.88401133723305e-18
      ],
      [
        0.707106779455507,
        -0.707106782917588,
        -2.66999715788747e-18,
        0.032
      ],
      [
        0.707106782917588,
        0.707106779455507,
        -2.1955827567091e-16,
        0.397459843175002
      ],
      [
        0.0,
        0.0,
        0.0,
        1.0
      ]
    ],
    "2": [
      [
        -1.57055959378212e-16,
        1.54510790422113e-16,
        1.0,
        -8.87955705676946e-18
      ],
      [
        0.707106779455507,
        0.707106782917588,
        1.79970568878906e-18,
        0.032
      ],
      [
        -0.707106782917588,
        0.707106779455507,
        -2.20310961580468e-16,
        0.317459843175002
      ],
      [
        0.0,
        0.0,
        0.0,
        1.0
      ]
    ],
    "3": [
      [
        1.57055959378212e-16,
        -1.53447892555044e-16,
        1.0,
        8.87955705676946e-18
      ],
      [
        -0.707106779455507,
        -0.707106782917588,
        2.55128798014186e-18,
        -0.032
      ],
      [
        0.707106782917588,
        -0.707106779455507,
        -2.19559379292795e-16,
        0.397459843175002
      ],
      [
        0.0,
        0.0,
        0.0,
        1.0
      ]
    ]
  },
  "T_WP": {
    "0": [
      [
        -1.0,
        -1.53358258959628e-16,
        -9.59067791066917e-17,
        -1.98837496717172e-17
      ],
      [
        -4.06243314247015e-17,
        0.707106782917588,
        -0.707106779455507,
        -0.0814974745618855
      ],
      [
        1.76256998629967e-16,
        -0.707106779455507,
        -0.707106782917588,
        0.26796236837077
      ],
      [
        0.0,
        0.0,
        0.0,
        1.0
      ]
    ],
    "1": [
      [
        -1.0,
        1.53363172111749e-16,
        2.18371459021427e-16,
        1.98837496717172e-17
      ],
      [
        4.59677998636665e-17,
        -0.707106782917588,
        0.707106779455507,
        0.0814974745618855
      ],
      [
        2.62856078588681e-16,
        0.707106779455507,
        0.707106782917588,
        0.446957317979233
      ],
      [
        0.0,
        0.0,
        0.0,
        1.0
      ]
    ],
    "2": [
      [
        -1.0,
        1.54510790422113e-16,
        -9.58236194208446e-17,
        -1.98734742132443e-17
      ],
      [
        4.149809701699e-17,
        0.707106782917588,
        0.707106779455507,
        0.0814974745618855
      ],
      [
        1.77013158662698e-16,
        0.707106779455507,
        -0.707106782917588,
        0.26796236837077
      ],
      [
        0.0,
        0.0,
        0.0,
        1.0
      ]
    ],
    "3": [
      [
        -1.0,
        -1.53447892555044e-16,
        2.1828829933558e-16,
        1.98734742132443e-17
      ],
      [
        -4.58490906859209e-17,
        -0.707106782917588,
        -0.707106779455507,
        -0.0814974745618855
      ],
      [
        2.62857182210565e-16,
        -0.707106779455507,
        0.707106782917588,
        0.446957317979233
      ],
      [
        0.0,
        0.0,
        0.0,
        1.0
      ]
    ]
  },
  "simTime": 0.170499999999998,
  "state": [
    -3.72811673850417e-36,
    5.10019419859058e-21,
    0.357459843175002,
    0.707106781186548,
    -3.45737354639751e-19,
    0.707106781186548,
    -3.94950665907063e-19,
    -7.11397062205143e-35,
    -1.16756895352784e-20,
    -1.67202529999996,
    6.71980074707077e-19,
    -8.28894555053494e-18,
    -1.55435731736484e-17,
    1.0,
    1.80088660649668e-18,
    4.03297500834624e-20,
    -6.08264349483927e-19,
    1.0,
    -1.79843003043633e-18,
    -4.03297500834619e-20,
    6.05315275249419e-19,
    1.0,
    -1.27383418664231e-18,
    4.79632183067437e-20,
    3.67778120809679e-19,
    1.0,
    1.80528312017658e-18,
    -4.79632183067432e-20,
    -5.99754070267055e-19,
    1.97567814592966e-17,
    5.24614460101089e-19,
    -1.66490498974323e-17,
    -2.01844911499402e-17,
    -5.24614460101085e-19,
    1.66195469623508e-17,
    -2.24679741055138e-17,
    4.45458199848696e-19,
    1.13278804038225e-17,
    1.98550454088834e-17,
    -4.45458199848692e-19,
    -1.66892802693394e-17
  ]
}