{
  "T_WB": [
    [
      0.946876065189812,
      -0.00434565649548227,
      0.321569327580043,
      -0.0133846145641685
    ],
    [
      0.00126409855194855,
      0.999951267549734,
      0.00979104593651999,
      -3.94026616240402e-05
    ],
    [
      -0.321596205241152,
      -0.00886441172911975,
      0.946835414937141,
      0.387844275346572
    ],
    [
      0.0,
      0.0,
      0.0,
      1.0
    ]
  ],
  "T_WH": {
    "0": [
      [
        0.39375214521562,
        0.826295759695715,
        0.402733864539573,
        0.0246294890512794
      ],
      [
        -0.902218675355318,
        0.431270122112135,
        -0.00274656394049149,
        -0.0319872792811376
      ],
      [
        -0.175956557076435,
        -0.362272548342081,
        0.915313001513439,
        0.375264088312257
      ],
      [
        0.0,
        0.0,
        0.0,
        1.0
      ]
    ],
    "1": [
      [
        -0.775395915025162,
        -0.582191370769661,
        0.24456979119187,
        -0.0513987181796164
      ],
      [
        0.596600784806322,
        -0.802326663905266,
        -0.0184235706399799,
        0.0319084739578895
      ],
      [
        0.206950908504342,
        0.13162496795057,
        0.969456646416558,
        0.400424462380886
      ],
      [
        0.0,
        0.0,
        0.0,
        1.0
      ]
    ],
    "2": [
      [
        0.387495747291969,
        -0.8288767171499,
        0.403497749185102,
        0.0243513670355686
      ],
      [
        0.901695823366336,
        0.431851597681832,
        0.021185837329539,
        0.0320096018420454
      ],
      [
        -0.19181159494239,
        0.355622813309909,
        0.914735331502617,
        0.374696765961594
      ],
      [
        0.0,
        0.0,
        0.0,
        1.0
      ]
    ],
    "3": [
      [
        -0.769355819369585,
        0.588847932819874,
        0.247688787020961,
        -0.0511205961639056
      ],
      [
        -0.600419965371784,
        -0.798944651294561,
        0.0343992638112827,
        -0.0320884071652935
      ],
      [
        0.218145566961834,
        -0.122252019130865,
        0.96822877226063,
        0.400991784731549
      ],
      [
        0.0,
        0.0,
        0.0,
        1.0
      ]
    ]
  },
  "T_WP": {
    "0": [
      [
        -0.402733864539573,
        0.826295759695715,
        0.39375214521562,
        0.0521921392163728
      ],
      [
        0.00274656394049143,
        0.431270122112135,
        -0.902218675355318,
        -0.0951425865560099
      ],
      [
        -0.915313001513439,
        -0.362272548342081,
        -0.175956557076435,
        0.362947129316907
      ],
      [
        0.0,
        0.0,
        0.0,
        1.0
      ]
    ],
    "1": [
      [
        -0.24456979119187,
        -0.582191370769661,
        -0.775395915025162,
        -0.105676432231378
      ],
      [
        0.0184235706399799,
        -0.802326663905266,
        0.596600784806322,
        0.0736705288943321
      ],
      [
        -0.969456646416558,
        0.13162496795057,
        0.206950908504342,
        0.41491102597619
      ],
      [
        0.0,
        0.0,
        0.0,
        1.0
      ]
    ],
    "2": [
      [
        -0.403497749185102,
        -0.8288767171499,
        0.387495747291969,
        0.0514760693460064
      ],
      [
        -0.0211858373295389,
        0.431851597681832,
        0.901695823366336,
        0.095128309477689
      ],
      [
        -0.914735331502617,
        0.355622813309909,
        -0.19181159494239,
        0.361269954315626
      ],
      [
        0.0,
        0.0,
        0.0,
        1.0
      ]
    ],
    "3": [
      [
        -0.247688787020961,
        0.588847932819874,
        -0.769355819369585,
        -0.104975503519777
      ],
      [
        -0.0343992638112827,
        -0.798944651294561,
        -0.600419965371784,
        -0.0741178047413183
      ],
      [
        -0.96822877226063,
        -0.122252019130865,
        0.218145566961834,
        0.416261974418878
      ],
      [
        0.0,
        0.0,
        0.0,
        1.0
      ]
    ]
  }
}