{
  "T_WB": [
    [
      0.999130120665211,
      -0.00234325324779145,
      0.0416354553684479,
      -0.0713335766601259
    ],
    [
      0.00227515607768458,
      0.999995995805153,
      0.00168286615096772,
      3.48796315463616e-05
    ],
    [
      -0.041639232033546,
      -0.00158667510115109,
      0.999131451220399,
      0.306465031992158
    ],
    [
      0.0,
      0.0,
      0.0,
      1.0
    ]
  ],
  "T_WH": {
    "0": [
      [
        -0.067749800332802,
        0.917717899422995,
        -0.391412597693931,
        -0.0312933877295881
      ],
      [
        -0.809725262340548,
        -0.279777568413183,
        -0.515819262668949,
        -0.0318739859911112
      ],
      [
        -0.582885035047561,
        0.28199001629748,
        0.762054241262491,
        0.304850236314053
      ],
      [
        0.0,
        0.0,
        0.0,
        1.0
      ]
    ],
    "1": [
      [
        -0.65615171479485,
        -0.74849881150409,
        0.0959919598130097,
        -0.111373765590664
      ],
      [
        0.754406879979358,
        -0.653716045470158,
        0.0593766901626376,
        0.0319437452542039
      ],
      [
        0.0183081023481102,
        0.111377111974694,
        0.99360955727921,
        0.308079827670263
      ],
      [
        0.0,
        0.0,
        0.0,
        1.0
      ]
    ],
    "2": [
      [
        -0.0714012526137031,
        -0.916194437317753,
        -0.394321714027011,
        -0.0314433559374468
      ],
      [
        0.807063717100175,
        -0.285375255433991,
        0.516922740964676,
        0.0321257577404186
      ],
      [
        -0.58613139965851,
        -0.281333817046565,
        0.759803438871111,
        0.304748689107579
      ],
      [
        0.0,
        0.0,
        0.0,
        1.0
      ]
    ],
    "3": [
      [
        -0.652770484148226,
        0.751375721851742,
        0.0965671768079829,
        -0.111223797382805
      ],
      [
        -0.757275488757314,
        -0.650672777339106,
        -0.0562029443818094,
        -0.0320559984773259
      ],
      [
        0.0206041052283715,
        -0.109815579229849,
        0.993738400891377,
        0.308181374876737
      ],
      [
        0.0,
        0.0,
        0.0,
        1.0
      ]
    ]
  },
  "T_WP": {
    "0": [
      [
        0.391412597693931,
        0.917717899422995,
        -0.067749800332802,
        -0.0360358737528843
      ],
      [
        0.515819262668949,
        -0.279777568413183,
        -0.809725262340548,
        -0.0885547543549495
      ],
      [
        -0.762054241262491,
        0.28199001629748,
        -0.582885035047561,
        0.264048283860724
      ],
      [
        0.0,
        0.0,
        0.0,
        1.0
      ]
    ],
    "1": [
      [
        -0.0959919598130098,
        -0.74849881150409,
        -0.65615171479485,
        -0.157304385626303
      ],
      [
        -0.0593766901626376,
        -0.653716045470158,
        0.754406879979358,
        0.0847522268527589
      ],
      [
        -0.99360955727921,
        0.111377111974694,
        0.0183081023481102,
        0.309361394834631
      ],
      [
        0.0,
        0.0,
        0.0,
        1.0
      ]
    ],
    "2": [
      [
        0.394321714027011,
        -0.916194437317753,
        -0.0714012526137031,
        -0.036441443620406
      ],
      [
        -0.516922740964676,
        -0.285375255433991,
        0.807063717100175,
        0.0886202179374309
      ],
      [
        -0.759803438871111,
        -0.281333817046565,
        -0.58613139965851,
        0.263719491131484
      ],
      [
        0.0,
        0.0,
        0.0,
        1.0
      ]
    ],
    "3": [
      [
        -0.0965671768079829,
        0.751375721851742,
        -0.652770484148226,
        -0.156917731273181
      ],
      [
        0.0562029443818093,
        -0.650672777339106,
        -0.757275488757314,
        -0.0850652826903379
      ],
      [
        -0.993738400891377,
        -0.109815579229849,
        0.0206041052283715,
        0.309623662242723
      ],
      [
        0.0,
        0.0,
        0.0,
        1.0
      ]
    ]
  },
  "simTime": 0.60049999999995,
  "state": [
    -0.0713335766601259,
    3.48796315463616e-05,
    0.306465031992158,
    0.999782172236878,
    -0.000817563401036559,
    0.0208232077232579,
    0.00115485389060873,
    -0.317052940625006,
    -0.000184093089895098,
    -1.00368758981452,
    -0.0117698818011533,
    -3.25480514217664,
    0.000454811497361333,
    0.82522035890354,
    0.298170415248408,
    0.197434981043163,
    -0.437178671691781,
    0.998563234894914,
    0.0396533849482777,
    0.00245634208701509,
    -0.0359588843250252,
    0.825024905784991,
    -0.298524164399598,
    0.197700513857764,
    0.43718615591572,
    0.998556397002738,
    -0.0399131299777241,
    0.00250570821943681,
    0.0358578511153582,
    -4.36615675287088,
    -2.30356462065291,
    -3.37166128132579,
    -0.315147264110829,
    0.161341514884431,
    -0.564681037151609,
    4.36788357075362,
    -2.30580801192275,
    3.37457124055124,
    0.313303896745893,
    0.160921106467501,
    0.567142634721042
  ]
}