{
  "T_WB": [
    [
      0.997906011956805,
      -0.00233554610478912,
      0.0646385065178375,
      -0.0691242911944972
    ],
    [
      0.00223340134511198,
      0.999996140641911,
      0.00165245868809217,
      3.61172768909487e-05
    ],
    [
      -0.0646421164481468,
      -0.00150463473195446,
      0.997907376891978,
      0.313242485613806
    ],
    [
      0.0,
      0.0,
      0.0,
      1.0
    ]
  ],
  "T_WH": {
    "0": [
      [
        -0.0527051541368528,
        0.913872394576349,
        -0.402566035773885,
        -0.0291333132408717
      ],
      [
        -0.808154351747883,
        -0.275840003042822,
        -0.520383355299048,
        -0.0318744231698457
      ],
      [
        -0.586607799537621,
        0.29790860872527,
        0.753088142496616,
        0.310704949267303
      ],
      [
        0.0,
        0.0,
        0.0,
        1.0
      ]
    ],
    "1": [
      [
        -0.658349711076603,
        -0.742889161685689,
        0.121207884955093,
        -0.109115269148123
      ],
      [
        0.75189333299811,
        -0.656560413834043,
        0.0598735231889964,
        0.0319466577236276
      ],
      [
        0.0351009076570229,
        0.130553117297151,
        0.990819766580002,
        0.31578002196031
      ],
      [
        0.0,
        0.0,
        0.0,
        1.0
      ]
    ],
    "2": [
      [
        -0.0563243412658998,
        -0.912355634533026,
        -0.405505566813579,
        -0.0292827881915783
      ],
      [
        0.80564872873448,
        -0.2814239608275,
        0.521277929861488,
        0.0321253298312366
      ],
      [
        -0.589709839217118,
        -0.297334408382215,
        0.750889176325321,
        0.310608652644458
      ],
      [
        0.0,
        0.0,
        0.0,
        1.0
      ]
    ],
    "3": [
      [
        -0.655006186446512,
        0.745747051386256,
        0.121771224291714,
        -0.108965794197416
      ],
      [
        -0.754703805745577,
        -0.65360670149891,
        -0.0567489678219536,
        -0.0320530952774547
      ],
      [
        0.0372701128243557,
        -0.129072131401088,
        0.990934570789434,
        0.315876318583155
      ],
      [
        0.0,
        0.0,
        0.0,
        1.0
      ]
    ]
  },
  "T_WP": {
    "0": [
      [
        0.402566035773885,
        0.913872394576349,
        -0.0527051541368529,
        -0.0328226740304514
      ],
      [
        0.520383355299048,
        -0.275840003042822,
        -0.808154351747883,
        -0.0884452277921975
      ],
      [
        -0.753088142496616,
        0.29790860872527,
        -0.586607799537621,
        0.269642403299669
      ],
      [
        0.0,
        0.0,
        0.0,
        1.0
      ]
    ],
    "1": [
      [
        -0.121207884955093,
        -0.742889161685689,
        -0.658349711076603,
        -0.155199748923485
      ],
      [
        -0.0598735231889963,
        -0.656560413834043,
        0.75189333299811,
        0.0845791910334953
      ],
      [
        -0.990819766580002,
        0.130553117297151,
        0.035100907657023,
        0.318237085496301
      ],
      [
        0.0,
        0.0,
        0.0,
        1.0
      ]
    ],
    "2": [
      [
        0.405505566813579,
        -0.912355634533026,
        -0.0563243412658998,
        -0.0332254920801912
      ],
      [
        -0.521277929861488,
        -0.2814239608275,
        0.80564872873448,
        0.0885207408426502
      ],
      [
        -0.750889176325321,
        -0.297334408382215,
        -0.589709839217118,
        0.26932896389926
      ],
      [
        0.0,
        0.0,
        0.0,
        1.0
      ]
    ],
    "3": [
      [
        -0.121771224291714,
        0.745747051386256,
        -0.655006186446512,
        -0.154816227248672
      ],
      [
        0.0567489678219536,
        -0.65360670149891,
        -0.754703805745577,
        -0.084882361679645
      ],
      [
        -0.990934570789434,
        -0.129072131401088,
        0.0372701128243557,
        0.31848522648086
      ],
      [
        0.0,
        0.0,
        0.0,
        1.0
      ]
    ]
  },
  "simTime": 0.593499999999951,
  "state": [
    -0.0691242911944972,
    3.61172768909487e-05,
    0.313242485613806,
    0.999476053926593,
    -0.000789687108471362,
    0.0323370986373525,
    0.00114283564672493,
    -0.314149528806968,
    -0.000169463110228294,
    -0.932735018913599,
    -0.0117544844604373,
    -3.32697173763804,
    0.000500423965076189,
    0.824263551908588,
    0.316436427797109,
    0.193784597946525,
    -0.427674074216274,
    0.998591172342066,
    0.0407050826957322,
    0.00176111607118517,
    -0.0339950766055378,
    0.824061872708763,
    -0.316800682922557,
    0.194044698839741,
    0.427675124480863,
    0.998584439994322,
    -0.040958419245416,
    0.00181146730913708,
    0.0338857297447063,
    -4.24858279134092,
    -2.26689139643521,
    -3.55359774714365,
    -0.29582332907784,
    0.169279130503566,
    -0.573550267788067,
    4.25022499801481,
    -2.26906645506311,
    3.55672346899127,
    0.293872238598159,
    0.168846532727459,
    0.575925920355509
  ]
}