{
  "T_WB": [
    [
      0.998987767314883,
      -0.00281555995382123,
      0.0448944693405777,
      -0.00685496809009069
    ],
    [
      0.00259059389238717,
      0.999983799985767,
      0.00506839119554568,
      2.24790065590315e-06
    ],
    [
      -0.0449080124088158,
      -0.00494695746624092,
      0.998978877671253,
      0.418279052386572
    ],
    [
      0.0,
      0.0,
      0.0,
      1.0
    ]
  ],
  "T_WH": {
    "0": [
      [
        0.499352081568278,
        0.86204627241936,
        -0.0867393961318303,
        0.0400496086111176
      ],
      [
        -0.860101707185147,
        0.481183097173173,
        -0.169374969496758,
        -0.031895857843849
      ],
      [
        -0.104271529818178,
        0.159182446276966,
        0.981727251769379,
        -0.00163801785743292
      ],
      [
        0.0,
        0.0,
        0.0,
        1.0
      ]
    ],
    "1": [
      [
        -0.736199820654559,
        -0.668082095765983,
        -0.108056176987379,
        -0.0400496086111176
      ],
      [
        0.67534414317374,
        -0.735568244813345,
        -0.0533820709896398,
        0.031895857843849
      ],
      [
        -0.0438190865847593,
        -0.112274977350913,
        0.992710540445567,
        0.00163801785743292
      ],
      [
        0.0,
        0.0,
        0.0,
        1.0
      ]
    ],
    "2": [
      [
        0.494319000429132,
        -0.864971439007713,
        -0.0864472990652094,
        0.039869412774073
      ],
      [
        0.862011951600758,
        0.47492232221355,
        0.177155816051126,
        0.03210310535524
      ],
      [
        -0.11217896911719,
        -0.162090090888415,
        0.98037884581604,
        -0.00195462313527234
      ],
      [
        0.0,
        0.0,
        0.0,
        1.0
      ]
    ],
    "3": [
      [
        -0.734268699796062,
        0.670622037240197,
        -0.105430354583525,
        -0.039869412774073
      ],
      [
        -0.677858544420825,
        -0.732718834421305,
        0.0602569783507615,
        -0.03210310535524
      ],
      [
        -0.0368411489435395,
        0.115711679843013,
        0.992599383886786,
        0.00195462313527234
      ],
      [
        0.0,
        0.0,
        0.0,
        1.0
      ]
    ]
  },
  "T_WP": {
    "0": [
      [
        0.0867393961318303,
        0.86204627241936,
        0.499352081568278,
        0.0750042543208971
      ],
      [
        0.169374969496758,
        0.481183097173173,
        -0.860101707185147,
        -0.0921029773468094
      ],
      [
        -0.981727251769379,
        0.159182446276966,
        -0.104271529818178,
        -0.00893702494470542
      ],
      [
        0.0,
        0.0,
        0.0,
        1.0
      ]
    ],
    "1": [
      [
        0.108056176987379,
        -0.668082095765983,
        -0.736199820654559,
        -0.0915835960569367
      ],
      [
        0.0533820709896398,
        -0.735568244813345,
        0.67534414317374,
        0.0791699478660108
      ],
      [
        -0.992710540445567,
        -0.112274977350913,
        -0.0438190865847593,
        -0.00142931820350023
      ],
      [
        0.0,
        0.0,
        0.0,
        1.0
      ]
    ],
    "2": [
      [
        0.0864472990652094,
        -0.864971439007713,
        0.494319000429132,
        0.0744717428041123
      ],
      [
        -0.177155816051126,
        0.47492232221355,
        0.862011951600758,
        0.0924439419672931
      ],
      [
        -0.98037884581604,
        -0.162090090888415,
        -0.11217896911719,
        -0.00980715097347562
      ],
      [
        0.0,
        0.0,
        0.0,
        1.0
      ]
    ],
    "3": [
      [
        0.105430354583525,
        0.670622037240197,
        -0.734268699796062,
        -0.0912682217597974
      ],
      [
        -0.0602569783507615,
        -0.732718834421305,
        -0.677858544420825,
        -0.0795532034646978
      ],
      [
        -0.992599383886786,
        0.115711679843013,
        -0.0368411489435394,
        -0.000624257290775421
      ],
      [
        0.0,
        0.0,
        0.0,
        1.0
      ]
    ]
  }
}