{
  "T_WB": [
    [
      -2.22044604925031e-16,
      1.28848026340426e-19,
      1.0,
      -1.12732381109696e-35
    ],
    [
      -3.07015565946658e-18,
      1.0,
      -1.28848026340426e-19,
      3.23361874871159e-21
    ],
    [
      -1.0,
      -3.07015565946658e-18,
      -2.22044604925031e-16,
      0.130535119175001
    ],
    [
      0.0,
      0.0,
      0.0,
      1.0
    ]
  ],
  "T_WH": {
    "0": [
      [
        -1.57210740577785e-16,
        -1.51782039884575e-16,
        1.0,
        -8.88590733384415e-18
      ],
      [
        -0.707106779455507,
        0.707106782917588,
        -3.83867053832218e-18,
        -0.032
      ],
      [
        -0.707106782917588,
        -0.707106779455507,
        -2.18490890412018e-16,
        0.0905351191750012
      ],
      [
        0.0,
        0.0,
        0.0,
        1.0
      ]
    ],
    "1": [
      [
        1.57210740577785e-16,
        1.51777701310633e-16,
        1.0,
        8.88590733384415e-18
      ],
      [
        0.707106779455507,
        -0.707106782917588,
        -3.84173837338464e-18,
        0.032
      ],
      [
        0.707106782917588,
        0.707106779455507,
        -2.1848782257697e-16,
        0.170535119175001
      ],
      [
        0.0,
        0.0,
        0.0,
        1.0
      ]
    ],
    "2": [
      [
        -1.57032265366471e-16,
        1.52635142456448e-16,
        1.0,
        -8.87766106015836e-18
      ],
      [
        0.707106779455507,
        0.707106782917588,
        3.10923489134163e-18,
        0.032
      ],
      [
        -0.707106782917588,
        0.707106779455507,
        -2.18967923991658e-16,
        0.0905351191750012
      ],
      [
        0.0,
        0.0,
        0.0,
        1.0
      ]
    ],
    "3": [
      [
        1.57032265366471e-16,
        -1.51948668250054e-16,
        1.0,
        8.87766106015836e-18
      ],
      [
        -0.707106779455507,
        -0.707106782917588,
        3.59464545898107e-18,
        -0.032
      ],
      [
        0.707106782917588,
        -0.707106779455507,
        -2.18482513426395e-16,
        0.170535119175001
      ],
      [
        0.0,
        0.0,
        0.0,
        1.0
      ]
    ]
  },
  "T_WP": {
    "0": [
      [
        -1.0,
        -1.51782039884575e-16,
        -9.59784006204172e-17,
        -1.98906591742891e-17
      ],
      [
        -3.94591321674568e-17,
        0.707106782917588,
        -0.707106779455507,
        -0.0814974745618855
      ],
      [
        1.75193087494248e-16,
        -0.707106779455507,
        -0.707106782917588,
        0.0410376443707701
      ],
      [
        0.0,
        0.0,
        0.0,
        1.0
      ]
    ],
    "1": [
      [
        -1.0,
        1.51777701310633e-16,
        2.18443080535153e-16,
        1.98906591742891e-17
      ],
      [
        4.71395410791637e-17,
        -0.707106782917588,
        0.707106779455507,
        0.0814974745618855
      ],
      [
        2.61785625494741e-16,
        0.707106779455507,
        0.707106782917588,
        0.220032593979232
      ],
      [
        0.0,
        0.0,
        0.0,
        1.0
      ]
    ],
    "2": [
      [
        -1.0,
        1.52635142456448e-16,
        -9.57999254091038e-17,
        -1.98699196358114e-17
      ],
      [
        4.01885678144374e-17,
        0.707106782917588,
        0.707106779455507,
        0.0814974745618855
      ],
      [
        1.75670121073888e-16,
        0.707106779455507,
        -0.707106782917588,
        0.0410376443707701
      ],
      [
        0.0,
        0.0,
        0.0,
        1.0
      ]
    ],
    "3": [
      [
        -1.0,
        -1.51948668250054e-16,
        2.18264605323839e-16,
        1.98699196358114e-17
      ],
      [
        -4.68924481647601e-17,
        -0.707106782917588,
        -0.707106779455507,
        -0.0814974745618855
      ],
      [
        2.61780316344166e-16,
        -0.707106779455507,
        0.707106782917588,
        0.220032593979232
      ],
      [
        0.0,
        0.0,
        0.0,
        1.0
      ]
    ]
  },
  "simTime": 0.274499999999986,
  "state": [
    -1.12732381109696e-35,
    3.23361874871159e-21,
    0.130535119175001,
    0.707106781186548,
    -1.03990928646963e-18,
    0.707106781186548,
    -1.13101859963745e-18,
    -5.89936061388966e-35,
    -2.32402824780033e-20,
    -2.69191170000009,
    4.4101955599357e-19,
    -1.25769396867538e-17,
    -2.31898193156135e-17,
    1.0,
    2.56804814302194e-18,
    5.51925060472478e-20,
    -1.71447218730049e-18,
    1.0,
    -2.57021742999286e-18,
    -5.51925060472472e-20,
    1.71110198854643e-18,
    1.0,
    -2.23260617047614e-18,
    5.70642133353041e-20,
    1.23155075866273e-18,
    1.0,
    2.57584327367334e-18,
    -5.70642133353033e-20,
    -1.71144474180999e-18,
    8.98544971809255e-18,
    2.98545727337099e-20,
    -2.49861055721218e-17,
    -8.84913611740965e-18,
    -2.98545727337077e-20,
    2.50004670333743e-17,
    -1.35599137113468e-17,
    -8.39829705056611e-20,
    2.1268111064023e-17,
    9.01550312177466e-18,
    8.39829705056625e-20,
    -2.51353198106021e-17
  ]
}