{
  "T_WB": [
    [
      0.239463873831641,
      -0.239017569593009,
      0.94102478955413,
      -0.0529992180104444
    ],
    [
      -0.232991119562418,
      0.926756218443649,
      0.294682964864068,
      0.00371958016950637
    ],
    [
      -0.942534981491189,
      -0.289816343572749,
      0.166235663031515,
      0.74194402976154
    ],
    [
      0.0,
      0.0,
      0.0,
      1.0
    ]
  ],
  "T_WH": {
    "0": [
      [
        0.0149094643295032,
        -0.36999558891396,
        0.928913866866901,
        -0.0357721008302024
      ],
      [
        -0.524675862617965,
        0.787945836201449,
        0.322267898492687,
        -0.0352562636031871
      ],
      [
        -0.851171514478428,
        -0.492183526133302,
        -0.182379904439848,
        0.71351675349622
      ],
      [
        0.0,
        0.0,
        0.0,
        1.0
      ]
    ],
    "1": [
      [
        -0.393042670962821,
        0.16726599613368,
        0.904178934359687,
        -0.0702263351906863
      ],
      [
        0.81891482456109,
        -0.383546299159097,
        0.426931782039519,
        0.0426954239421999
      ],
      [
        0.418205653855242,
        0.908247941334726,
        0.013773457980548,
        0.770371306026859
      ],
      [
        0.0,
        0.0,
        0.0,
        1.0
      ]
    ],
    "2": [
      [
        -0.13602966856631,
        -0.133710913379867,
        0.981640117819592,
        -0.051069225284155
      ],
      [
        -0.174795697654861,
        0.978545247452435,
        0.1090672396717,
        0.0240561343772064
      ],
      [
        -0.975162752237333,
        -0.156750088776292,
        -0.156483278076395,
        0.694968507507564
      ],
      [
        0.0,
        0.0,
        0.0,
        1.0
      ]
    ],
    "3": [
      [
        -0.066047563474998,
        0.0972304099708315,
        0.993067956756193,
        -0.0549292107367337
      ],
      [
        -0.530847044839348,
        -0.846133280251399,
        0.0475382691769365,
        -0.0166169740381937
      ],
      [
        0.84489001316405,
        -0.524027403317719,
        0.107499517337247,
        0.788919552015515
      ],
      [
        0.0,
        0.0,
        0.0,
        1.0
      ]
    ]
  },
  "T_WP": {
    "0": [
      [
        -0.928913866866901,
        -0.36999558891396,
        0.0149094643295033,
        -0.0347284383271372
      ],
      [
        -0.322267898492687,
        0.787945836201449,
        -0.524675862617965,
        -0.0719835739864447
      ],
      [
        0.182379904439848,
        -0.492183526133302,
        -0.851171514478428,
        0.65393474748273
      ],
      [
        0.0,
        0.0,
        0.0,
        1.0
      ]
    ],
    "1": [
      [
        -0.904178934359687,
        0.16726599613368,
        -0.393042670962821,
        -0.0977393221580838
      ],
      [
        -0.426931782039519,
        -0.383546299159097,
        0.81891482456109,
        0.100019461661476
      ],
      [
        -0.0137734579805479,
        0.908247941334726,
        0.418205653855242,
        0.799645701796726
      ],
      [
        0.0,
        0.0,
        0.0,
        1.0
      ]
    ],
    "2": [
      [
        -0.981640117819592,
        -0.133710913379867,
        -0.13602966856631,
        -0.0605913020837967
      ],
      [
        -0.1090672396717,
        0.978545247452435,
        -0.174795697654861,
        0.0118204355413662
      ],
      [
        0.156483278076394,
        -0.156750088776292,
        -0.975162752237333,
        0.626707114850951
      ],
      [
        0.0,
        0.0,
        0.0,
        1.0
      ]
    ],
    "3": [
      [
        -0.993067956756193,
        0.0972304099708315,
        -0.0660475634749979,
        -0.0595525401799836
      ],
      [
        -0.0475382691769365,
        -0.846133280251399,
        -0.530847044839348,
        -0.053776267176948
      ],
      [
        -0.107499517337247,
        -0.524027403317719,
        0.84489001316405,
        0.848061852936999
      ],
      [
        0.0,
        0.0,
        0.0,
        1.0
      ]
    ]
  }
}