{
  "T_WB": [
    [
      0.943868393350698,
      -0.00211461946174204,
      -0.330314977586702,
      -0.120976462280439
    ],
    [
      0.00309111511245224,
      0.999992267541519,
      0.00243102129423343,
      -1.07187750410098e-05
    ],
    [
      0.330307282754912,
      -0.00331560578227702,
      0.94386763145971,
      0.0466035658310789
    ],
    [
      0.0,
      0.0,
      0.0,
      1.0
    ]
  ],
  "T_WH": {
    "0": [
      [
        -0.12479397646641,
        0.991203042282674,
        0.0440793875555425,
        -0.0831540587236355
      ],
      [
        -0.927201647441782,
        -0.10069225096548,
        -0.36077441092288,
        -0.0318868267318715
      ],
      [
        -0.353162240930351,
        -0.0858929541061165,
        0.931610880151138,
        0.0599219565263082
      ],
      [
        0.0,
        0.0,
        0.0,
        1.0
      ]
    ],
    "1": [
      [
        -0.568296672653504,
        -0.749427204080592,
        -0.339702454561199,
        -0.158798865837243
      ],
      [
        0.791354536644563,
        -0.610892842139407,
        0.0238313397631436,
        0.0318653891817895
      ],
      [
        -0.225381652276811,
        -0.255281807434028,
        0.940230987369694,
        0.0332851751358495
      ],
      [
        0.0,
        0.0,
        0.0,
        1.0
      ]
    ],
    "2": [
      [
        -0.128605704528626,
        -0.990789053439983,
        0.0423984002787599,
        -0.083289394369187
      ],
      [
        0.924103278039875,
        -0.104216801405466,
        0.367657435421577,
        0.0321126783907857
      ],
      [
        -0.359852336769755,
        0.0864633441888285,
        0.928994287298383,
        0.0597097577562425
      ],
      [
        0.0,
        0.0,
        0.0,
        1.0
      ]
    ],
    "3": [
      [
        -0.564726718471202,
        0.752327485915006,
        -0.33924487819502,
        -0.158663530191691
      ],
      [
        -0.795366514541634,
        -0.605815805259989,
        -0.0194760787399412,
        -0.0321341159408677
      ],
      [
        -0.220172298417946,
        0.258825354310581,
        0.940496461968551,
        0.0334973739059153
      ],
      [
        0.0,
        0.0,
        0.0,
        1.0
      ]
    ]
  },
  "T_WP": {
    "0": [
      [
        -0.0440793875555425,
        0.991203042282674,
        -0.12479397646641,
        -0.0918896370762842
      ],
      [
        0.36077441092288,
        -0.10069225096548,
        -0.927201647441782,
        -0.0967909420527962
      ],
      [
        -0.931610880151138,
        -0.0858929541061165,
        -0.353162240930351,
        0.0352005996611836
      ],
      [
        0.0,
        0.0,
        0.0,
        1.0
      ]
    ],
    "1": [
      [
        0.339702454561199,
        -0.749427204080592,
        -0.568296672653504,
        -0.198579632922988
      ],
      [
        -0.0238313397631435,
        -0.610892842139407,
        0.791354536644563,
        0.0872602067469089
      ],
      [
        -0.940230987369694,
        -0.255281807434028,
        -0.225381652276811,
        0.0175084594764728
      ],
      [
        0.0,
        0.0,
        0.0,
        1.0
      ]
    ],
    "2": [
      [
        -0.0423984002787599,
        -0.990789053439983,
        -0.128605704528626,
        -0.0922917936861908
      ],
      [
        -0.367657435421577,
        -0.104216801405466,
        0.924103278039875,
        0.0967999078535769
      ],
      [
        -0.928994287298383,
        0.0864633441888285,
        -0.359852336769755,
        0.0345200941823596
      ],
      [
        0.0,
        0.0,
        0.0,
        1.0
      ]
    ],
    "3": [
      [
        0.33924487819502,
        0.752327485915006,
        -0.564726718471202,
        -0.198194400484676
      ],
      [
        0.0194760787399411,
        -0.605815805259989,
        -0.795366514541634,
        -0.0878097719587821
      ],
      [
        -0.940496461968551,
        0.258825354310581,
        -0.220172298417945,
        0.0180853130166591
      ],
      [
        0.0,
        0.0,
        0.0,
        1.0
      ]
    ]
  },
  "simTime": 0.748499999999934,
  "state": [
    -0.120976462280439,
    -1.07187750410098e-05,
    0.0466035658310789,
    0.985866153738925,
    -0.0014572533641398,
    -0.167523313848484,
    0.00132009161549247,
    -0.340877535092291,
    -0.000402962745810448,
    -2.5087056052566,
    -0.0118631431579146,
    -1.93999902023883,
    0.000706656806393715,
    0.854323164225323,
    -0.116346942727219,
    0.233502200346721,
    -0.449524240079776,
    0.997778851498231,
    0.00330646912881392,
    0.0113533319157388,
    -0.0655555689410278,
    0.854288287583679,
    0.116172326269048,
    0.23374279369624,
    0.449510643591072,
    0.99776956191343,
    -0.00359676691862062,
    0.0113938800618179,
    0.0656745314711231,
    -4.87426060516845,
    -2.60996803728374,
    0.868333170401124,
    -0.634727412318862,
    0.0120401544345077,
    -0.19746210651453,
    4.8747598601325,
    -2.61212529560821,
    -0.868811447170879,
    0.635793085093187,
    0.0118318303797475,
    0.200671574996552
  ]
}