{
  "T_WB": [
    [
      0.987717456582296,
      -0.00331274292478597,
      0.156215401599571,
      -0.00945117722661303
    ],
    [
      0.00221896881356869,
      0.999971793256277,
      0.00717557448781572,
      -9.79860594371311e-06
    ],
    [
      -0.156234766105388,
      -0.0067408030782736,
      0.987696947162364,
      0.439756511060617
    ],
    [
      0.0,
      0.0,
      0.0,
      1.0
    ]
  ],
  "T_WH": {
    "0": [
      [
        0.428671693149679,
        0.896838235199993,
        0.109186809530956,
        0.0301635288102719
      ],
      [
        -0.89307638171193,
        0.438909355856223,
        -0.0988592624401063,
        -0.0319201372376018
      ],
      [
        -0.136583878699186,
        -0.0551339933728471,
        0.989093062787445,
        0.433722826114906
      ],
      [
        0.0,
        0.0,
        0.0,
        1.0
      ]
    ],
    "1": [
      [
        -0.769568892778305,
        -0.637756028552641,
        0.0321086797102725,
        -0.049065883263498
      ],
      [
        0.636028865672327,
        -0.770020211001694,
        -0.0503602688682134,
        0.0319005400257144
      ],
      [
        0.0568418973957248,
        -0.0183336492185681,
        0.998214844613515,
        0.445790196006327
      ],
      [
        0.0,
        0.0,
        0.0,
        1.0
      ]
    ],
    "2": [
      [
        0.423393066096141,
        -0.899261049480776,
        0.109853886906386,
        0.0299515132630856
      ],
      [
        0.893773444647332,
        0.434432887590251,
        0.111521728031978,
        0.0320780575307999
      ],
      [
        -0.1480112874917,
        0.0509669605404204,
        0.987671518121445,
        0.433291414717896
      ],
      [
        0.0,
        0.0,
        0.0,
        1.0
      ]
    ],
    "3": [
      [
        -0.766047799734205,
        0.641819945571043,
        0.0351841724297382,
        -0.0488538677163117
      ],
      [
        -0.639378251142078,
        -0.766473949057776,
        0.0609355182326051,
        -0.0320976547426873
      ],
      [
        0.0660773825819451,
        0.0241835250317434,
        0.997521396576614,
        0.446221607403337
      ],
      [
        0.0,
        0.0,
        0.0,
        1.0
      ]
    ]
  },
  "T_WP": {
    "0": [
      [
        -0.109186809530956,
        0.896838235199993,
        0.428671693149679,
        0.0601705473307495
      ],
      [
        0.0988592624401063,
        0.438909355856223,
        -0.89307638171193,
        -0.0944354839574369
      ],
      [
        -0.989093062787445,
        -0.0551339933728471,
        -0.136583878699186,
        0.424161954605963
      ],
      [
        0.0,
        0.0,
        0.0,
        1.0
      ]
    ],
    "1": [
      [
        -0.0321086797102726,
        -0.637756028552641,
        -0.769568892778305,
        -0.102935705757979
      ],
      [
        0.0503602688682135,
        -0.770020211001694,
        0.636028865672327,
        0.0764225606227773
      ],
      [
        -0.998214844613515,
        -0.0183336492185681,
        0.0568418973957249,
        0.449769128824028
      ],
      [
        0.0,
        0.0,
        0.0,
        1.0
      ]
    ],
    "2": [
      [
        -0.109853886906386,
        -0.899261049480776,
        0.423393066096141,
        0.0595890278898155
      ],
      [
        -0.111521728031978,
        0.434432887590251,
        0.893773444647332,
        0.0946421986561131
      ],
      [
        -0.987671518121445,
        0.0509669605404204,
        -0.1480112874917,
        0.422930624593477
      ],
      [
        0.0,
        0.0,
        0.0,
        1.0
      ]
    ],
    "3": [
      [
        -0.0351841724297383,
        0.641819945571043,
        -0.766047799734205,
        -0.102477213697706
      ],
      [
        -0.0609355182326052,
        -0.766473949057776,
        -0.639378251142078,
        -0.0768541323226328
      ],
      [
        -0.997521396576614,
        0.0241835250317434,
        0.0660773825819452,
        0.450847024184073
      ],
      [
        0.0,
        0.0,
        0.0,
        1.0
      ]
    ]
  }
}