{
  "T_WB": [
    [
      -2.22044604925031e-16,
      1.6740066168429e-22,
      1.0,
      -1.33247506297286e-37
    ],
    [
      -6.1449268181562e-21,
      1.0,
      -1.6740066168429e-22,
      2.33719665445536e-22
    ],
    [
      -1.0,
      -6.1449268181562e-21,
      -2.22044604925031e-16,
      0.497733449575
    ],
    [
      0.0,
      0.0,
      0.0,
      1.0
    ]
  ],
  "T_WH": {
    "0": [
      [
        -1.57010753266721e-16,
        -1.56814829098627e-16,
        1.0,
        -8.88178955382243e-18
      ],
      [
        -0.707106779455507,
        0.707106782917588,
        -1.38538764612863e-19,
        -0.032
      ],
      [
        -0.707106782917588,
        -0.707106779455507,
        -2.21908197400695e-16,
        0.457733449575
      ],
      [
        0.0,
        0.0,
        0.0,
        1.0
      ]
    ],
    "1": [
      [
        1.57010753266721e-16,
        1.56814995265676e-16,
        1.0,
        8.88178955382243e-18
      ],
      [
        0.707106779455507,
        -0.707106782917588,
        -1.38421266766017e-19,
        0.032
      ],
      [
        0.707106782917588,
        0.707106779455507,
        -2.21908314898541e-16,
        0.537733449575
      ],
      [
        0.0,
        0.0,
        0.0,
        1.0
      ]
    ],
    "2": [
      [
        -1.57010708792758e-16,
        1.56863764237494e-16,
        1.0,
        -8.88177884018008e-18
      ],
      [
        0.707106779455507,
        0.707106782917588,
        1.03904948156646e-19,
        0.032
      ],
      [
        -0.707106782917588,
        0.707106779455507,
        -2.219427683213e-16,
        0.457733449575
      ],
      [
        0.0,
        0.0,
        0.0,
        1.0
      ]
    ],
    "3": [
      [
        1.57010708792758e-16,
        -1.56814210542285e-16,
        1.0,
        8.88177884018008e-18
      ],
      [
        -0.707106779455507,
        -0.707106782917588,
        1.3894470215738e-19,
        -0.032
      ],
      [
        0.707106782917588,
        -0.707106779455507,
        -2.21907728567471e-16,
        0.537733449575
      ],
      [
        0.0,
        0.0,
        0.0,
        1.0
      ]
    ]
  },
  "T_WP": {
    "0": [
      [
        -1.0,
        -1.56814829098627e-16,
        -9.57784133093537e-17,
        -1.98725422824929e-17
      ],
      [
        -4.31592639411662e-17,
        0.707106782917588,
        -0.707106779455507,
        -0.0814974745618855
      ],
      [
        1.78610394482924e-16,
        -0.707106779455507,
        -0.707106782917588,
        0.408235974770769
      ],
      [
        0.0,
        0.0,
        0.0,
        1.0
      ]
    ],
    "1": [
      [
        -1.0,
        1.56814995265676e-16,
        2.18243093224089e-16,
        1.98725422824929e-17
      ],
      [
        4.3436223972545e-17,
        -0.707106782917588,
        0.707106779455507,
        0.0814974745618855
      ],
      [
        2.65206117816311e-16,
        0.707106779455507,
        0.707106782917588,
        0.587230924379231
      ],
      [
        0.0,
        0.0,
        0.0,
        1.0
      ]
    ],
    "2": [
      [
        -1.0,
        1.56863764237494e-16,
        -9.57783688353906e-17,
        -1.98725284556732e-17
      ],
      [
        4.31938977576224e-17,
        0.707106782917588,
        0.707106779455507,
        0.0814974745618855
      ],
      [
        1.78644965403529e-16,
        0.707106779455507,
        -0.707106782917588,
        0.408235974770769
      ],
      [
        0.0,
        0.0,
        0.0,
        1.0
      ]
    ],
    "3": [
      [
        -1.0,
        -1.56814210542285e-16,
        2.18243048750126e-16,
        1.98725284556732e-17
      ],
      [
        -4.34367474079364e-17,
        -0.707106782917588,
        -0.707106779455507,
        -0.0814974745618855
      ],
      [
        2.65205531485241e-16,
        -0.707106779455507,
        0.707106782917588,
        0.587230924379231
      ],
      [
        0.0,
        0.0,
        0.0,
        1.0
      ]
    ]
  },
  "simTime": 0.0214999999999999,
  "state": [
    -1.33247506297286e-37,
    2.33719665445536e-22,
    0.497733449575,
    0.707106781186548,
    -2.11337463998062e-21,
    0.707106781186548,
    -2.2317447830327e-21,
    1.6449297462368e-35,
    2.22665156266619e-20,
    -0.210841899999999,
    2.27300895627265e-20,
    -3.56913021708144e-19,
    4.3049318730922e-19,
    1.0,
    9.71490076193232e-20,
    6.94321916460193e-22,
    -1.6478547002911e-21,
    1.0,
    -9.70659240952466e-20,
    -6.94321916460171e-22,
    1.73053959377245e-21,
    1.0,
    -7.27998083294751e-20,
    7.90455077694764e-22,
    1.39969034669505e-21,
    1.0,
    9.75766559338476e-20,
    -7.90455077694739e-22,
    -1.55860185453034e-21,
    1.50872365766435e-17,
    1.807343990947e-19,
    -4.89909136815535e-19,
    -1.33032988702662e-17,
    -1.80734399094694e-19,
    5.0584016408607e-19,
    -8.70638876500782e-18,
    2.04808096164338e-19,
    4.09073231042877e-19,
    1.51419563018005e-17,
    -2.04808096164333e-19,
    -4.68103277671592e-19
  ]
}