{
  "T_WB": [
    [
      0.741258417328319,
      -0.00886485215224716,
      0.671161212478965,
      -0.0216804494196783
    ],
    [
      -0.00486552602227637,
      0.999815547700764,
      0.0185794841787262,
      4.8882971900373e-05
    ],
    [
      -0.671202119630475,
      -0.0170377513815581,
      0.741078558340084,
      0.0951131042362996
    ],
    [
      0.0,
      0.0,
      0.0,
      1.0
    ]
  ],
  "T_WH": {
    "0": [
      [
        0.384998525940433,
        0.25358387530792,
        0.887395826679116,
        0.0299340119620047
      ],
      [
        -0.80124707598069,
        0.569007907198939,
        0.185021957554982,
        -0.0321887185673155
      ],
      [
        -0.458016657181906,
        -0.78225649228939,
        0.422250544126365,
        -0.0263028767410091
      ],
      [
        0.0,
        0.0,
        0.0,
        1.0
      ]
    ],
    "1": [
      [
        -0.63759820069121,
        -0.371065894205232,
        0.675113795321206,
        -0.0299340119620047
      ],
      [
        0.587166519376044,
        -0.801388914549305,
        0.114067024863933,
        0.0321887185673155
      ],
      [
        0.498702329049256,
        0.469133147192947,
        0.728841599530164,
        0.0263028767410091
      ],
      [
        0.0,
        0.0,
        0.0,
        1.0
      ]
    ],
    "2": [
      [
        0.373014201387291,
        -0.224760939004887,
        0.900190494207222,
        0.0293666614242608
      ],
      [
        0.776556325815296,
        0.606587146353786,
        -0.170329993584862,
        0.0317994764855334
      ],
      [
        -0.507760453757133,
        0.762584129244775,
        0.400805148949384,
        -0.0273932928294289
      ],
      [
        0.0,
        0.0,
        0.0,
        1.0
      ]
    ],
    "3": [
      [
        -0.630118948219933,
        0.379557136443156,
        0.677411611407184,
        -0.0293666614242608
      ],
      [
        -0.579395073412584,
        -0.810629079804044,
        -0.0847457602554555,
        -0.0317994764855334
      ],
      [
        0.516963693115321,
        -0.445888859640068,
        0.730706278096369,
        0.0273932928294289
      ],
      [
        0.0,
        0.0,
        0.0,
        1.0
      ]
    ]
  },
  "T_WP": {
    "0": [
      [
        -0.887395826679116,
        0.25358387530792,
        0.384998525940433,
        0.056883908777835
      ],
      [
        -0.185021957554982,
        0.569007907198939,
        -0.80124707598069,
        -0.0882760138859638
      ],
      [
        -0.422250544126365,
        -0.78225649228939,
        -0.458016657181906,
        -0.0583640427437426
      ],
      [
        0.0,
        0.0,
        0.0,
        1.0
      ]
    ],
    "1": [
      [
        -0.675113795321206,
        -0.371065894205232,
        -0.63759820069121,
        -0.0745658860103894
      ],
      [
        -0.114067024863933,
        -0.801388914549305,
        0.587166519376044,
        0.0732903749236386
      ],
      [
        -0.728841599530164,
        0.469133147192947,
        0.498702329049256,
        0.0612120397744571
      ],
      [
        0.0,
        0.0,
        0.0,
        1.0
      ]
    ],
    "2": [
      [
        -0.900190494207222,
        -0.224760939004887,
        0.373014201387291,
        0.0554776555213712
      ],
      [
        0.170329993584862,
        0.606587146353786,
        0.776556325815296,
        0.0861584192926041
      ],
      [
        -0.400805148949384,
        0.762584129244775,
        -0.507760453757133,
        -0.0629365245924282
      ],
      [
        0.0,
        0.0,
        0.0,
        1.0
      ]
    ],
    "3": [
      [
        -0.677411611407184,
        0.379557136443156,
        -0.630118948219933,
        -0.0734749877996561
      ],
      [
        0.0847457602554554,
        -0.810629079804044,
        -0.579395073412584,
        -0.0723571316244143
      ],
      [
        -0.730706278096369,
        -0.445888859640068,
        0.516963693115321,
        0.0635807513475013
      ],
      [
        0.0,
        0.0,
        0.0,
        1.0
      ]
    ]
  }
}