{
  "T_WB": [
    [
      0.999363076400143,
      -0.00138661660970135,
      0.0356583625874642,
      -0.12528342723581
    ],
    [
      0.00146770342289651,
      0.999996396354213,
      -0.00224791575681625,
      -5.87240858779424e-05
    ],
    [
      -0.0356551170900304,
      0.00229881990704475,
      0.999361510191548,
      0.0514247150780664
    ],
    [
      0.0,
      0.0,
      0.0,
      1.0
    ]
  ],
  "T_WH": {
    "0": [
      [
        -0.000307414734817312,
        0.85282570520182,
        0.522195578345125,
        -0.0852645324482939
      ],
      [
        -0.90466577843242,
        0.22228173065515,
        -0.363552831855584,
        -0.0319999006322969
      ],
      [
        -0.426121737100378,
        -0.472524230874958,
        0.771453897784298,
        0.0499249481574398
      ],
      [
        0.0,
        0.0,
        0.0,
        1.0
      ]
    ],
    "1": [
      [
        -0.459560852818046,
        -0.886827283480576,
        -0.0483858639647068,
        -0.165302322023326
      ],
      [
        0.878350613238682,
        -0.461886285566039,
        0.123131066060674,
        0.031882452460541
      ],
      [
        -0.131544755807217,
        0.014086464441755,
        0.991210143581648,
        0.0529244819986931
      ],
      [
        0.0,
        0.0,
        0.0,
        1.0
      ]
    ],
    "2": [
      [
        -0.0027140130887309,
        -0.854154713450833,
        0.520011884116777,
        -0.0853532759113148
      ],
      [
        0.905731380644842,
        0.218305602727159,
        0.363308862998305,
        0.0319998687343727
      ],
      [
        -0.423843485555864,
        0.471977106762243,
        0.773042243634977,
        0.0500720726314906
      ],
      [
        0.0,
        0.0,
        0.0,
        1.0
      ]
    ],
    "3": [
      [
        -0.447270203322025,
        0.892899103792469,
        -0.0517740829651327,
        -0.165213578560305
      ],
      [
        -0.883024950370348,
        -0.45004425783088,
        -0.133143167368428,
        -0.0321173169061286
      ],
      [
        -0.142184043562278,
        -0.0138331644990588,
        0.989743573516,
        0.0527773575246422
      ],
      [
        0.0,
        0.0,
        0.0,
        1.0
      ]
    ]
  },
  "T_WP": {
    "0": [
      [
        -0.522195578345125,
        0.85282570520182,
        -0.00030741473481728,
        -0.0852860514797311
      ],
      [
        0.363552831855584,
        0.22228173065515,
        -0.90466577843242,
        -0.0953265051225663
      ],
      [
        -0.771453897784298,
        -0.472524230874958,
        -0.426121737100378,
        0.0200964265604133
      ],
      [
        0.0,
        0.0,
        0.0,
        1.0
      ]
    ],
    "1": [
      [
        0.0483858639647068,
        -0.886827283480576,
        -0.459560852818046,
        -0.19747158172059
      ],
      [
        -0.123131066060674,
        -0.461886285566039,
        0.878350613238682,
        0.0933669953872488
      ],
      [
        -0.991210143581648,
        0.014086464441755,
        -0.131544755807217,
        0.0437163490921878
      ],
      [
        0.0,
        0.0,
        0.0,
        1.0
      ]
    ],
    "2": [
      [
        -0.520011884116777,
        -0.854154713450833,
        -0.00271401308873087,
        -0.0855432568275259
      ],
      [
        -0.363308862998305,
        0.218305602727159,
        0.905731380644842,
        0.0954010653795117
      ],
      [
        -0.773042243634977,
        0.471977106762243,
        -0.423843485555864,
        0.0204030286425802
      ],
      [
        0.0,
        0.0,
        0.0,
        1.0
      ]
    ],
    "3": [
      [
        0.0517740829651327,
        0.892899103792469,
        -0.447270203322025,
        -0.196522492792847
      ],
      [
        0.133143167368428,
        -0.45004425783088,
        -0.883024950370348,
        -0.093929063432053
      ],
      [
        -0.989743573516,
        -0.0138331644990588,
        -0.142184043562278,
        0.0428244744752827
      ],
      [
        0.0,
        0.0,
        0.0,
        1.0
      ]
    ]
  },
  "simTime": 0.763999999999932,
  "state": [
    -0.12528342723581,
    -5.87240858779424e-05,
    0.0514247150780664,
    0.999840110085846,
    0.00113686568932272,
    0.0178312209517609,
    0.000713694120641146,
    -0.265481189813402,
    -0.00499409496527487,
    1.71997455835869,
    0.435151778728344,
    15.7744034299816,
    -0.150289006370432,
    0.895927257818632,
    -0.14933404250569,
    0.287227679508418,
    -0.304161063534938,
    0.985348527006347,
    0.00333976958945121,
    0.0755068699396117,
    -0.152891591846753,
    0.89596028153989,
    0.148287868341034,
    0.287877289455881,
    0.303961425548322,
    0.984267084454369,
    -0.00299252828870432,
    0.0787951191912214,
    0.15811603468902,
    -4.22253207778545,
    -1.35117574537009,
    7.37321846958217,
    -2.19943493191131,
    1.85642320133629,
    -0.44547495374012,
    4.16053893813671,
    -1.82757850794505,
    -7.6575265889685,
    2.32281193791818,
    1.99087986740109,
    0.97480348018573
  ]
}