{
  "T_WB": [
    [
      0.998462621314598,
      -0.00202263061738219,
      -0.0553922630244336,
      -0.123974925894022
    ],
    [
      0.00198924875129998,
      0.999997805108206,
      -0.000657775170532516,
      -3.15434283763189e-05
    ],
    [
      0.0553934718806094,
      0.000546574930952518,
      0.998464453312614,
      0.043913777586287
    ],
    [
      0.0,
      0.0,
      0.0,
      1.0
    ]
  ],
  "T_WH": {
    "0": [
      [
        -0.00851492467712298,
        0.905116973511494,
        0.425077358041022,
        -0.0839716968616818
      ],
      [
        -0.913622681053325,
        0.165753608779335,
        -0.371240269692772,
        -0.0319519032417869
      ],
      [
        -0.406473975455597,
        -0.391521398442052,
        0.825524016512725,
        0.0461120260637209
      ],
      [
        0.0,
        0.0,
        0.0,
        1.0
      ]
    ],
    "1": [
      [
        -0.46052547293544,
        -0.879091378268179,
        -0.122941601714563,
        -0.163978154926362
      ],
      [
        0.873305463990644,
        -0.473514352036086,
        0.114550098122751,
        0.0318888163850343
      ],
      [
        -0.158914616513635,
        -0.0546123344163085,
        0.985780724901804,
        0.0417155291088531
      ],
      [
        0.0,
        0.0,
        0.0,
        1.0
      ]
    ],
    "2": [
      [
        -0.0152635666588511,
        -0.905894577714697,
        0.423228115323122,
        -0.0841011452211943
      ],
      [
        0.912018967964835,
        0.160892762346074,
        0.377273006053982,
        0.0320479562851383
      ],
      [
        -0.409863911079286,
        0.391750600627186,
        0.823737240449301,
        0.0461470068593019
      ],
      [
        0.0,
        0.0,
        0.0,
        1.0
      ]
    ],
    "3": [
      [
        -0.449247964429311,
        0.884657357420636,
        -0.12473021453384,
        -0.16384870656685
      ],
      [
        -0.878186712953225,
        -0.462930245596467,
        -0.120348181973824,
        -0.0321110431418909
      ],
      [
        -0.164208293482791,
        0.0554702413329146,
        0.984864807310088,
        0.0416805483132722
      ],
      [
        0.0,
        0.0,
        0.0,
        1.0
      ]
    ]
  },
  "T_WP": {
    "0": [
      [
        -0.425077358041022,
        0.905116973511494,
        -0.00851492467712296,
        -0.0845677415890804
      ],
      [
        0.371240269692772,
        0.165753608779335,
        -0.913622681053325,
        -0.0959054909155197
      ],
      [
        -0.825524016512725,
        -0.391521398442052,
        -0.406473975455597,
        0.0176588477818291
      ],
      [
        0.0,
        0.0,
        0.0,
        1.0
      ]
    ],
    "1": [
      [
        0.122941601714563,
        -0.879091378268179,
        -0.46052547293544,
        -0.196214938031843
      ],
      [
        -0.114550098122751,
        -0.473514352036086,
        0.873305463990644,
        0.0930201988643794
      ],
      [
        -0.985780724901804,
        -0.0546123344163085,
        -0.158914616513635,
        0.0305915059528987
      ],
      [
        0.0,
        0.0,
        0.0,
        1.0
      ]
    ],
    "2": [
      [
        -0.423228115323122,
        -0.905894577714697,
        -0.0152635666588511,
        -0.0851695948873138
      ],
      [
        -0.377273006053982,
        0.160892762346074,
        0.912018967964835,
        0.0958892840426767
      ],
      [
        -0.823737240449301,
        0.391750600627186,
        -0.409863911079286,
        0.0174565330837518
      ],
      [
        0.0,
        0.0,
        0.0,
        1.0
      ]
    ],
    "3": [
      [
        0.124730214533839,
        0.884657357420636,
        -0.449247964429311,
        -0.195296064076901
      ],
      [
        0.120348181973824,
        -0.462930245596467,
        -0.878186712953225,
        -0.0935841130486167
      ],
      [
        -0.984864807310088,
        0.0554702413329146,
        -0.164208293482791,
        0.0301859677694768
      ],
      [
        0.0,
        0.0,
        0.0,
        1.0
      ]
    ]
  },
  "simTime": 0.758999999999933,
  "state": [
    -0.123974925894022,
    -3.15434283763189e-05,
    0.043913777586287,
    0.999615536060667,
    0.00030120332718897,
    -0.0277070861017309,
    0.00100335559621562,
    -0.25326470963503,
    -0.0092576599269253,
    0.920862970327365,
    0.181746605726675,
    21.4952627148985,
    -0.110691774257726,
    0.889325062224208,
    -0.143450555237045,
    0.280970901296904,
    -0.331026017899646,
    0.986952790438767,
    0.00709449574731643,
    0.0666995440632836,
    -0.146372908685222,
    0.888427491490128,
    0.142482393346903,
    0.283387460566829,
    0.331793470617162,
    0.986188173912292,
    -0.00714833219938457,
    0.0691268774767114,
    0.15034381195322,
    -8.29577054912962,
    2.81664538244868,
    12.4948217265451,
    -1.29742277369918,
    4.86775828978099,
    -6.14613484842831,
    7.56653820347402,
    0.415933337784615,
    -13.4376803416733,
    1.53177214832013,
    5.5275417458422,
    6.59891718490377
  ]
}