{
  "T_WB": [
    [
      0.746376026916183,
      -0.000577822328574003,
      0.665524223876314,
      -0.00240540775995846
    ],
    [
      0.00120128034326359,
      0.99999916374271,
      -0.000478998348993176,
      -1.57023705121892e-05
    ],
    [
      -0.665523390550888,
      0.00115699405272931,
      0.746376096880394,
      0.531170912713673
    ],
    [
      0.0,
      0.0,
      0.0,
      1.0
    ]
  ],
  "T_WH": {
    "0": [
      [
        0.640800188376008,
        0.391297503030044,
        0.660500857455708,
        0.0298735313911617
      ],
      [
        -0.516387400306645,
        0.856331720492097,
        -0.00632750216038057,
        -0.0319519220260362
      ],
      [
        -0.568083771447326,
        -0.337019656105541,
        0.750798628139853,
        -0.0266579594317229
      ],
      [
        0.0,
        0.0,
        0.0,
        1.0
      ]
    ],
    "1": [
      [
        -0.491558398777916,
        -0.513969378421485,
        0.702997737290757,
        -0.0298735313911617
      ],
      [
        0.745729810336588,
        -0.665328034322628,
        0.0350093804535871,
        0.0319519220260362
      ],
      [
        0.449730353174263,
        0.541455524294859,
        0.710329870302758,
        0.0266579594317229
      ],
      [
        0.0,
        0.0,
        0.0,
        1.0
      ]
    ],
    "2": [
      [
        0.640322562379237,
        -0.392911436894221,
        0.660005771842798,
        0.029836550762133
      ],
      [
        0.518595859781538,
        0.854999383254287,
        0.00586420090347103,
        0.0320480244534972
      ],
      [
        -0.566608639473081,
        0.338521280560776,
        0.75123764035221,
        -0.0265839118123482
      ],
      [
        0.0,
        0.0,
        0.0,
        1.0
      ]
    ],
    "3": [
      [
        -0.490810310893388,
        0.514691206514481,
        0.702992319060033,
        -0.029836550762133
      ],
      [
        -0.747195588581036,
        -0.663639704076169,
        -0.0357923955433731,
        -0.0320480244534972
      ],
      [
        0.448111583342558,
        -0.542840036392271,
        0.710296208467892,
        0.0265839118123482
      ],
      [
        0.0,
        0.0,
        0.0,
        1.0
      ]
    ]
  },
  "T_WP": {
    "0": [
      [
        -0.660500857455708,
        0.391297503030044,
        0.640800188376008,
        0.0747295445774823
      ],
      [
        0.00632750216038053,
        0.856331720492097,
        -0.516387400306645,
        -0.0680990400475013
      ],
      [
        -0.750798628139853,
        -0.337019656105541,
        -0.568083771447326,
        -0.0664238234330357
      ],
      [
        0.0,
        0.0,
        0.0,
        1.0
      ]
    ],
    "1": [
      [
        -0.702997737290757,
        -0.513969378421485,
        -0.491558398777916,
        -0.0642826193056158
      ],
      [
        -0.0350093804535871,
        -0.665328034322628,
        0.745729810336588,
        0.0841530087495974
      ],
      [
        -0.710329870302758,
        0.541455524294859,
        0.449730353174263,
        0.0581390841539213
      ],
      [
        0.0,
        0.0,
        0.0,
        1.0
      ]
    ],
    "2": [
      [
        -0.660005771842798,
        -0.392911436894221,
        0.640322562379237,
        0.0746591301286796
      ],
      [
        -0.005864200903471,
        0.854999383254287,
        0.518595859781538,
        0.0683497346382049
      ],
      [
        -0.75123764035221,
        0.338521280560776,
        -0.566608639473081,
        -0.0662465165754638
      ],
      [
        0.0,
        0.0,
        0.0,
        1.0
      ]
    ],
    "3": [
      [
        -0.702992319060033,
        0.514691206514481,
        -0.490810310893388,
        -0.0641932725246701
      ],
      [
        0.0357923955433731,
        -0.663639704076169,
        -0.747195588581036,
        -0.0843517156541698
      ],
      [
        -0.710296208467892,
        -0.542840036392271,
        0.448111583342558,
        0.0579517226463273
      ],
      [
        0.0,
        0.0,
        0.0,
        1.0
      ]
    ]
  }
}