{
  "T_WB": [
    [
      0.992038336547982,
      -0.00230530972646611,
      0.125915147485031,
      -0.0635408134766561
    ],
    [
      0.00212384207083851,
      0.999996503671362,
      0.00157541737640435,
      3.88187425806786e-05
    ],
    [
      -0.125918339069296,
      -0.00129545054587241,
      0.99203976416972,
      0.328391134404666
    ],
    [
      0.0,
      0.0,
      0.0,
      1.0
    ]
  ],
  "T_WH": {
    "0": [
      [
        -0.0107528570722434,
        0.905093412503468,
        -0.425076805657061,
        -0.0237855101034899
      ],
      [
        -0.80537654000184,
        -0.259796813441119,
        -0.532798502757379,
        -0.0318761156920694
      ],
      [
        -0.592666014614849,
        0.336617780826663,
        0.731734558943258,
        0.323395855259362
      ],
      [
        0.0,
        0.0,
        0.0,
        1.0
      ]
    ],
    "1": [
      [
        -0.661918718386614,
        -0.725712010926276,
        0.187631786877285,
        -0.103296116849822
      ],
      [
        0.745226660536656,
        -0.664052918207859,
        0.0605883342320162,
        0.0319537531772307
      ],
      [
        0.0806277537502267,
        0.179932762489121,
        0.980368994974967,
        0.33338641354997
      ],
      [
        0.0,
        0.0,
        0.0,
        1.0
      ]
    ],
    "2": [
      [
        -0.0142760980899354,
        -0.903626528153802,
        -0.428083275356599,
        -0.0239330499259837
      ],
      [
        0.803305585088023,
        -0.265295966631722,
        0.533214953893202,
        0.0321236605428978
      ],
      [
        -0.595395943880806,
        -0.336269456991931,
        0.729675628142147,
        0.323312946424426
      ],
      [
        0.0,
        0.0,
        0.0,
        1.0
      ]
    ],
    "3": [
      [
        -0.658685298250813,
        0.728512444200922,
        0.188157637401825,
        -0.103148577027328
      ],
      [
        -0.747884259424047,
        -0.661326408190914,
        -0.0575892032854142,
        -0.0320460230577364
      ],
      [
        0.0824791632715966,
        -0.178653296845322,
        0.98044897223278,
        0.333469322384906
      ],
      [
        0.0,
        0.0,
        0.0,
        1.0
      ]
    ]
  },
  "T_WP": {
    "0": [
      [
        0.425076805657061,
        0.905093412503468,
        -0.0107528570722434,
        -0.0245382100985469
      ],
      [
        0.532798502757379,
        -0.259796813441119,
        -0.80537654000184,
        -0.0882524734921982
      ],
      [
        -0.731734558943258,
        0.336617780826663,
        -0.592666014614849,
        0.281909234236322
      ],
      [
        0.0,
        0.0,
        0.0,
        1.0
      ]
    ],
    "1": [
      [
        -0.187631786877285,
        -0.725712010926276,
        -0.661918718386614,
        -0.149630427136885
      ],
      [
        -0.0605883342320161,
        -0.664052918207859,
        0.745226660536656,
        0.0841196194147966
      ],
      [
        -0.980368994974967,
        0.179932762489121,
        0.0806277537502267,
        0.339030356312486
      ],
      [
        0.0,
        0.0,
        0.0,
        1.0
      ]
    ],
    "2": [
      [
        0.428083275356599,
        -0.903626528153802,
        -0.0142760980899354,
        -0.0249323767922792
      ],
      [
        -0.533214953893202,
        -0.265295966631722,
        0.803305585088023,
        0.0883550514990594
      ],
      [
        -0.729675628142147,
        -0.336269456991931,
        -0.595395943880806,
        0.28163523035277
      ],
      [
        0.0,
        0.0,
        0.0,
        1.0
      ]
    ],
    "3": [
      [
        -0.188157637401825,
        0.728512444200922,
        -0.658685298250813,
        -0.149256547904885
      ],
      [
        0.0575892032854141,
        -0.661326408190914,
        -0.747884259424047,
        -0.0843979212174197
      ],
      [
        -0.98044897223278,
        -0.178653296845322,
        0.0824791632715966,
        0.339242863813917
      ],
      [
        0.0,
        0.0,
        0.0,
        1.0
      ]
    ]
  },
  "simTime": 0.575499999999953,
  "state": [
    -0.0635408134766561,
    3.88187425806786e-05,
    0.328391134404666,
    0.998007340202098,
    -0.000719150001866572,
    0.0630840767421938,
    0.00110949880298669,
    -0.30610112573234,
    -0.000130358375497547,
    -0.750503581584128,
    -0.0117049206118112,
    -3.5140065915569,
    0.000641264450140171,
    0.822122565060457,
    0.361366168591958,
    0.183415094528197,
    -0.399859829583813,
    0.998655308070134,
    0.0430917206952492,
    -0.000149346383135919,
    -0.0288211201469648,
    0.82190623866066,
    -0.361755790715796,
    0.183657820897082,
    0.399840827777268,
    0.998648860517349,
    -0.0433269238261547,
    -9.62209369764072e-05,
    0.0286918420582194,
    -3.91100200053749,
    -2.16025067268352,
    -3.99854480820673,
    -0.245459159803514,
    0.18977993605257,
    -0.59239654666287,
    3.91235785131225,
    -2.16220824347264,
    4.0022070588931,
    0.243246865240675,
    0.189316288624789,
    0.59453442212876
  ]
}