{
  "T_WB": [
    [
      0.967286441369288,
      -0.0022282766475849,
      -0.253676910905033,
      -0.107806346273833
    ],
    [
      0.00288412991542501,
      0.999993391049457,
      0.00221351576428506,
      4.05238170380904e-06
    ],
    [
      0.253670302041388,
      -0.00287274095414392,
      0.967286475260376,
      0.135647853221529
    ],
    [
      0.0,
      0.0,
      0.0,
      1.0
    ]
  ],
  "T_WH": {
    "0": [
      [
        -0.167061301581085,
        0.982020805722038,
        -0.0878957259658992,
        -0.069043583766339
      ],
      [
        -0.885933102255654,
        -0.188639794495127,
        -0.423718734847198,
        -0.0318803709352618
      ],
      [
        -0.432681245077375,
        0.0070827298321187,
        0.901519148491266,
        0.145886593013717
      ],
      [
        0.0,
        0.0,
        0.0,
        1.0
      ]
    ],
    "1": [
      [
        -0.592390844241498,
        -0.767575808961245,
        -0.244745715297196,
        -0.146569108781327
      ],
      [
        0.785352861751102,
        -0.617936366430595,
        0.0370881326290126,
        0.0318884756986694
      ],
      [
        -0.179705231415783,
        -0.170241077710532,
        0.968877703975975,
        0.125409113429341
      ],
      [
        0.0,
        0.0,
        0.0,
        1.0
      ]
    ],
    "2": [
      [
        -0.170937065282167,
        -0.981163155254454,
        -0.0899965692892998,
        -0.0691861934717844
      ],
      [
        0.882387149455862,
        -0.193085648415578,
        0.429081403525128,
        0.0321192060919034
      ],
      [
        -0.438375909680127,
        -0.00606590035025364,
        0.898771253804361,
        0.145702737592652
      ],
      [
        0.0,
        0.0,
        0.0,
        1.0
      ]
    ],
    "3": [
      [
        -0.58876846361426,
        0.770532627082385,
        -0.244194936177682,
        -0.146426499075882
      ],
      [
        -0.789068986947517,
        -0.61341364616082,
        -0.0330731392720376,
        -0.0321111013284958
      ],
      [
        -0.175276439063906,
        0.173214229511339,
        0.969162009472034,
        0.125592968850406
      ],
      [
        0.0,
        0.0,
        0.0,
        1.0
      ]
    ]
  },
  "T_WP": {
    "0": [
      [
        0.0878957259658992,
        0.982020805722038,
        -0.167061301581085,
        -0.0807378748770149
      ],
      [
        0.423718734847198,
        -0.188639794495127,
        -0.885933102255654,
        -0.0938956880931576
      ],
      [
        -0.901519148491266,
        0.0070827298321187,
        -0.432681245077375,
        0.115598905858301
      ],
      [
        0.0,
        0.0,
        0.0,
        1.0
      ]
    ],
    "1": [
      [
        0.244745715297196,
        -0.767575808961245,
        -0.592390844241498,
        -0.188036467878232
      ],
      [
        -0.0370881326290126,
        -0.617936366430595,
        0.785352861751102,
        0.0868631760212466
      ],
      [
        -0.968877703975975,
        -0.170241077710532,
        -0.179705231415783,
        0.112829747230236
      ],
      [
        0.0,
        0.0,
        0.0,
        1.0
      ]
    ],
    "2": [
      [
        0.0899965692892998,
        -0.981163155254454,
        -0.170937065282167,
        -0.0811517880415361
      ],
      [
        -0.429081403525128,
        -0.193085648415578,
        0.882387149455862,
        0.0938863065538138
      ],
      [
        -0.898771253804361,
        -0.00606590035025364,
        -0.438375909680127,
        0.115016423915043
      ],
      [
        0.0,
        0.0,
        0.0,
        1.0
      ]
    ],
    "3": [
      [
        0.244194936177682,
        0.770532627082385,
        -0.58876846361426,
        -0.18764029152888
      ],
      [
        0.0330731392720376,
        -0.61341364616082,
        -0.789068986947517,
        -0.087345930414822
      ],
      [
        -0.969162009472034,
        0.173214229511339,
        -0.175276439063906,
        0.113323618115933
      ],
      [
        0.0,
        0.0,
        0.0,
        1.0
      ]
    ]
  },
  "simTime": 0.709999999999938,
  "state": [
    -0.107806346273833,
    4.05238170380904e-06,
    0.135647853221529,
    0.991787062286951,
    -0.00128209393725621,
    -0.12788713228839,
    0.00128868553478135,
    -0.342338155513987,
    -0.000362649590148689,
    -2.11694041490739,
    -0.0118628497379438,
    -2.23096052945381,
    0.000417568623192568,
    0.84596395574533,
    -0.0124420256902659,
    0.230547071466996,
    -0.480664362538382,
    0.997994834877935,
    0.0149761356900746,
    0.010017467300199,
    -0.060676809949475,
    0.845886660625919,
    0.0122407597578811,
    0.230815098404661,
    0.480676930509598,
    0.997986313985854,
    -0.0152798340067405,
    0.0100583322159724,
    0.0607344525182232,
    -5.10324455094479,
    -2.59922942171027,
    -0.214969083927246,
    -0.574734527465772,
    0.045738390059674,
    -0.321563797437751,
    5.10447173391503,
    -2.60162618854785,
    0.214965816975228,
    0.574963341716954,
    0.0454999914754769,
    0.324793151236016
  ]
}