{
  "T_WB": [
    [
      0.959098240826992,
      -0.00216760392678537,
      0.283065126668378,
      -0.0508418443103029
    ],
    [
      0.00184835207455966,
      0.999997318923923,
      0.00139489769291795,
      4.22978771694425e-05
    ],
    [
      -0.283067391334955,
      -0.000814639909298252,
      0.959099675906859,
      0.351328366692772
    ],
    [
      0.0,
      0.0,
      0.0,
      1.0
    ]
  ],
  "T_WH": {
    "0": [
      [
        0.103791618631106,
        0.892045417735296,
        -0.439866198518819,
        -0.0124085513515661
      ],
      [
        -0.801475352437474,
        -0.186867109956558,
        -0.568082689977181,
        -0.0318836822454137
      ],
      [
        -0.588952085773675,
        0.411504138392247,
        0.695557175758322,
        0.340031739516472
      ],
      [
        0.0,
        0.0,
        0.0,
        1.0
      ]
    ],
    "1": [
      [
        -0.654702772070586,
        -0.668135751335209,
        0.353495258851976,
        -0.0892751372690397
      ],
      [
        0.72841835710378,
        -0.6825932888661,
        0.0589330045830876,
        0.0319682779997526
      ],
      [
        0.201918244042781,
        0.296076037163927,
        0.933578064727307,
        0.362624993869073
      ],
      [
        0.0,
        0.0,
        0.0,
        1.0
      ]
    ],
    "2": [
      [
        0.100595286491005,
        -0.890879904900906,
        -0.442960024584098,
        -0.0125472780028803
      ],
      [
        0.80053975916152,
        -0.191889078361747,
        0.56772764210235,
        0.0321161461657174
      ],
      [
        -0.590776338674297,
        -0.411717836204884,
        0.693881647698914,
        0.339979602562276
      ],
      [
        0.0,
        0.0,
        0.0,
        1.0
      ]
    ],
    "3": [
      [
        -0.651809475114005,
        0.670747152974881,
        0.353896404231091,
        -0.0891364106177255
      ],
      [
        -0.730689591094042,
        -0.680389992551355,
        -0.0562332597560319,
        -0.0320315504113785
      ],
      [
        0.203069272954888,
        -0.295241790422796,
        0.933592606852429,
        0.362677130823268
      ],
      [
        0.0,
        0.0,
        0.0,
        1.0
      ]
    ]
  },
  "T_WP": {
    "0": [
      [
        0.439866198518819,
        0.892045417735296,
        0.103791618631106,
        -0.00514313804738861
      ],
      [
        0.568082689977181,
        -0.186867109956558,
        -0.801475352437474,
        -0.0879869569160369
      ],
      [
        -0.695557175758322,
        0.411504138392247,
        -0.588952085773675,
        0.298805093512314
      ],
      [
        0.0,
        0.0,
        0.0,
        1.0
      ]
    ],
    "1": [
      [
        -0.353495258851976,
        -0.668135751335209,
        -0.654702772070586,
        -0.135104331313981
      ],
      [
        -0.0589330045830875,
        -0.6825932888661,
        0.72841835710378,
        0.0829575629970172
      ],
      [
        -0.933578064727307,
        0.296076037163927,
        0.201918244042781,
        0.376759270952068
      ],
      [
        0.0,
        0.0,
        0.0,
        1.0
      ]
    ],
    "2": [
      [
        0.442960024584098,
        -0.890879904900906,
        0.100595286491005,
        -0.00550560794850993
      ],
      [
        -0.56772764210235,
        -0.191889078361747,
        0.80053975916152,
        0.0881539293070238
      ],
      [
        -0.693881647698914,
        -0.411717836204884,
        -0.590776338674297,
        0.298625258855076
      ],
      [
        0.0,
        0.0,
        0.0,
        1.0
      ]
    ],
    "3": [
      [
        -0.353896404231091,
        0.670747152974881,
        -0.651809475114005,
        -0.134763073875706
      ],
      [
        0.0562332597560319,
        -0.680389992551355,
        -0.730689591094042,
        -0.0831798217879614
      ],
      [
        -0.933592606852429,
        -0.295241790422796,
        0.203069272954888,
        0.37689197993011
      ],
      [
        0.0,
        0.0,
        0.0,
        1.0
      ]
    ]
  },
  "simTime": 0.532499999999958,
  "state": [
    -0.0508418443103029,
    4.22978771694425e-05,
    0.351328366692772,
    0.989721581513935,
    -0.000558121001776169,
    0.143002973911447,
    0.0010144155882713,
    -0.283916440747679,
    -3.01770461253685e-05,
    -0.316760296678994,
    -0.0115122620631433,
    -3.96103913336412,
    0.00111694247076694,
    0.819176586449213,
    0.453691954391144,
    0.152515175689987,
    -0.315994385896985,
    0.998755830436223,
    0.0469155729974467,
    -0.00543382789543422,
    -0.0160060518046735,
    0.818934733482707,
    -0.454126150154969,
    0.152695496912743,
    0.315910473494636,
    0.998750202987423,
    -0.0470988949886867,
    -0.00537264709554659,
    0.0158385853728518,
    -2.92440243283405,
    -1.82491262971618,
    -4.89501344937552,
    -0.123431047378176,
    0.239025868307273,
    -0.614448908811217,
    2.92472483279734,
    -1.82607863593851,
    4.89973372248999,
    0.120688595513783,
    0.238483971038655,
    0.615937479833981
  ]
}