{
  "T_WB": [
    [
      0.306415777230406,
      -0.200691170606159,
      0.930501168997125,
      -0.0490010609832841
    ],
    [
      -0.205607473505167,
      0.940492740269659,
      0.270553085990327,
      0.00347352505439994
    ],
    [
      -0.929427209792735,
      -0.274219728576915,
      0.246918209446155,
      0.693056222167401
    ],
    [
      0.0,
      0.0,
      0.0,
      1.0
    ]
  ],
  "T_WH": {
    "0": [
      [
        0.0565420907314483,
        -0.375202827998905,
        0.92521663940795,
        0.0186787485486133
      ],
      [
        -0.540722430581586,
        0.76751554898765,
        0.344295127947128,
        -0.0383200666288358
      ],
      [
        -0.839298662599709,
        -0.519752556437975,
        -0.159483651307996,
        -0.0284020570772481
      ],
      [
        0.0,
        0.0,
        0.0,
        1.0
      ]
    ],
    "1": [
      [
        -0.415244343362439,
        0.10031459933596,
        0.904162107404177,
        -0.0186787485486133
      ],
      [
        0.797919784818182,
        -0.437189765305937,
        0.414956776191745,
        0.0383200666288358
      ],
      [
        0.436916642279971,
        0.893757288234231,
        0.101497573502971,
        0.0284020570772481
      ],
      [
        0.0,
        0.0,
        0.0,
        1.0
      ]
    ],
    "2": [
      [
        -0.10130227698027,
        -0.0258886522096006,
        0.994518791358606,
        0.00583451362981914
      ],
      [
        -0.100137878284858,
        0.994849739608137,
        0.0156971632541718,
        0.0218714687484224
      ],
      [
        -0.989803139018674,
        -0.0979988433012933,
        -0.103372978579457,
        -0.0459521197061707
      ],
      [
        0.0,
        0.0,
        0.0,
        1.0
      ]
    ],
    "3": [
      [
        -0.153357610624891,
        0.119712660670484,
        0.980892614988317,
        -0.00583451362981914
      ],
      [
        -0.532905609401826,
        -0.845940064578382,
        0.0199253258239764,
        -0.0218714687484224
      ],
      [
        0.832161675836789,
        -0.519667476388812,
        0.193526895423325,
        0.0459521197061707
      ],
      [
        0.0,
        0.0,
        0.0,
        1.0
      ]
    ]
  },
  "T_WP": {
    "0": [
      [
        -0.92521663940795,
        -0.375202827998905,
        0.0565420907314484,
        0.0226366948998147
      ],
      [
        -0.344295127947128,
        0.76751554898765,
        -0.540722430581586,
        -0.0761706367695468
      ],
      [
        0.159483651307995,
        -0.519752556437975,
        -0.839298662599709,
        -0.0871529634592277
      ],
      [
        0.0,
        0.0,
        0.0,
        1.0
      ]
    ],
    "1": [
      [
        -0.904162107404177,
        0.10031459933596,
        -0.415244343362439,
        -0.0477458525839841
      ],
      [
        -0.414956776191745,
        -0.437189765305937,
        0.797919784818182,
        0.0941744515661085
      ],
      [
        -0.101497573502971,
        0.893757288234231,
        0.436916642279971,
        0.0589862220368461
      ],
      [
        0.0,
        0.0,
        0.0,
        1.0
      ]
    ],
    "2": [
      [
        -0.994518791358606,
        -0.0258886522096006,
        -0.10130227698027,
        -0.00125664575879976
      ],
      [
        -0.0156971632541718,
        0.994849739608137,
        -0.100137878284858,
        0.0148618172684824
      ],
      [
        0.103372978579457,
        -0.0979988433012933,
        -0.989803139018674,
        -0.115238339437478
      ],
      [
        0.0,
        0.0,
        0.0,
        1.0
      ]
    ],
    "3": [
      [
        -0.980892614988317,
        0.119712660670484,
        -0.153357610624891,
        -0.0165695463735615
      ],
      [
        -0.0199253258239764,
        -0.845940064578382,
        -0.532905609401826,
        -0.0591748614065502
      ],
      [
        -0.193526895423325,
        -0.519667476388812,
        0.832161675836789,
        0.104203437014746
      ],
      [
        0.0,
        0.0,
        0.0,
        1.0
      ]
    ]
  }
}