{
  "T_WB": [
    [
      0.50504726877226,
      -0.000850127379050818,
      0.863091266083211,
      -0.0130524191872507
    ],
    [
      0.000654219144449184,
      0.999999604702746,
      0.000602155845318343,
      1.81416603917474e-05
    ],
    [
      -0.863091436814774,
      0.000260533664625241,
      0.505047625298068,
      0.273949377896379
    ],
    [
      0.0,
      0.0,
      0.0,
      1.0
    ]
  ],
  "T_WH": {
    "0": [
      [
        0.511228193299241,
        0.859078619711696,
        0.0250930175594973,
        0.00717667563976936
      ],
      [
        -0.65501274730416,
        0.408361102845922,
        -0.635766868082569,
        -0.0319556769243182
      ],
      [
        -0.556420735815129,
        0.308585700959571,
        0.77147315566923,
        0.23941738334652
      ],
      [
        0.0,
        0.0,
        0.0,
        1.0
      ]
    ],
    "1": [
      [
        -0.314743146802158,
        -0.268849606514662,
        0.91030579511392,
        -0.0332815140142707
      ],
      [
        0.667265827824028,
        -0.744741944540398,
        0.0107587666812621,
        0.0319919602451017
      ],
      [
        0.675050417790694,
        0.610802198030671,
        0.413796578431373,
        0.308481372446238
      ],
      [
        0.0,
        0.0,
        0.0,
        1.0
      ]
    ],
    "2": [
      [
        0.510743010772491,
        -0.85941981345151,
        0.0232198448320068,
        0.00712226748751011
      ],
      [
        0.656071646914873,
        0.40706572778702,
        0.635505694211806,
        0.0320442977766576
      ],
      [
        -0.555618188202525,
        -0.309346209784758,
        0.771746947794643,
        0.239434057501056
      ],
      [
        0.0,
        0.0,
        0.0,
        1.0
      ]
    ],
    "3": [
      [
        -0.313923700160448,
        0.270106262149611,
        0.910216742114283,
        -0.0332271058620114
      ],
      [
        -0.667891998298897,
        -0.744197465985894,
        -0.00950842933824738,
        -0.0320080144558741
      ],
      [
        0.674812706671917,
        -0.610911400096397,
        0.414023033352471,
        0.308464698291702
      ],
      [
        0.0,
        0.0,
        0.0,
        1.0
      ]
    ]
  },
  "T_WP": {
    "0": [
      [
        -0.0250930175594972,
        0.859078619711696,
        0.511228193299241,
        0.0429626491707162
      ],
      [
        0.635766868082569,
        0.408361102845922,
        -0.65501274730416,
        -0.0778065692356094
      ],
      [
        -0.77147315566923,
        0.308585700959571,
        -0.556420735815129,
        0.200467931839461
      ],
      [
        0.0,
        0.0,
        0.0,
        1.0
      ]
    ],
    "1": [
      [
        -0.91030579511392,
        -0.268849606514662,
        -0.314743146802158,
        -0.0553135342904217
      ],
      [
        -0.010758766681262,
        -0.744741944540398,
        0.667265827824028,
        0.0787005681927836
      ],
      [
        -0.413796578431373,
        0.610802198030671,
        0.675050417790694,
        0.355734901691586
      ],
      [
        0.0,
        0.0,
        0.0,
        1.0
      ]
    ],
    "2": [
      [
        -0.0232198448320068,
        -0.85941981345151,
        0.510743010772491,
        0.0428742782415845
      ],
      [
        -0.635505694211806,
        0.40706572778702,
        0.656071646914873,
        0.0779693130606987
      ],
      [
        -0.771746947794643,
        -0.309346209784758,
        -0.555618188202525,
        0.200540784326879
      ],
      [
        0.0,
        0.0,
        0.0,
        1.0
      ]
    ],
    "3": [
      [
        -0.910216742114283,
        0.270106262149611,
        -0.313923700160448,
        -0.0552017648732428
      ],
      [
        0.00950842933824734,
        -0.744197465985894,
        -0.667891998298897,
        -0.0787604543367969
      ],
      [
        -0.414023033352471,
        -0.610911400096397,
        0.674812706671917,
        0.355701587758736
      ],
      [
        0.0,
        0.0,
        0.0,
        1.0
      ]
    ]
  },
  "simTime": 0.371999999999975,
  "state": [
    -0.0130524191872507,
    1.81416603917474e-05,
    0.273949377896379,
    0.86748119558482,
    -9.84523302729331e-05,
    0.497469775622705,
    0.000433538655119156,
    -0.185396058317695,
    0.000293502447005593,
    1.27211398457479,
    -0.00989097087896074,
    -5.31817888686986,
    0.00474974026577365,
    0.837150001321965,
    0.5402701649617,
    -0.0515309561970433,
    0.0680630934670919,
    0.998292620868237,
    0.0389883153448905,
    -0.0338332939417737,
    0.0273324460603744,
    0.836917601936582,
    -0.54057136738919,
    -0.0518300658905207,
    -0.0683020394826362,
    0.998294136286291,
    -0.0389245172531203,
    -0.0337195736524721,
    -0.0275079945782008,
    1.66883890398676,
    0.543070103379902,
    -4.92013773265937,
    0.296873667673736,
    0.366285078540811,
    -0.425807259189297,
    -1.6719919623306,
    0.546879256738807,
    4.92318482871421,
    -0.299816626818683,
    0.365623895499186,
    0.424501710674316
  ]
}