{
  "T_WB": [
    [
      0.999880428798227,
      -0.00235327875844972,
      -0.0152836574601514,
      -0.0771034715933708
    ],
    [
      0.00238049069620248,
      0.999995613398952,
      0.0017625115313341,
      3.12384234841348e-05
    ],
    [
      0.0152794427358953,
      -0.00179868339009999,
      0.99988164467988,
      0.286755325488986
    ],
    [
      0.0,
      0.0,
      0.0,
      1.0
    ]
  ],
  "T_WH": {
    "0": [
      [
        -0.102652161735116,
        0.928456712086099,
        -0.356974323269024,
        -0.0370329495211714
      ],
      [
        -0.81539965126691,
        -0.284084713224945,
        -0.50439992508495,
        -0.0318734015774342
      ],
      [
        -0.569724444275396,
        0.239298996015803,
        0.786225189179868,
        0.287424061066905
      ],
      [
        0.0,
        0.0,
        0.0,
        1.0
      ]
    ],
    "1": [
      [
        -0.648789688794684,
        -0.760256706251854,
        0.0328889086589868,
        -0.11717399366557
      ],
      [
        0.760635499830442,
        -0.646623374007485,
        0.0575486627548321,
        0.0319358784244025
      ],
      [
        -0.0224850197106894,
        0.0623534504759639,
        0.997800817349009,
        0.286086589911067
      ],
      [
        0.0,
        0.0,
        0.0,
        1.0
      ]
    ],
    "2": [
      [
        -0.106375476277234,
        -0.926947976273332,
        -0.359793979006828,
        -0.0371835593617122
      ],
      [
        0.812380253397909,
        -0.289667660070181,
        0.506093835764294,
        0.0321263176800987
      ],
      [
        -0.573343336872368,
        -0.238453551016209,
        0.783847767153686,
        0.287308945329939
      ],
      [
        0.0,
        0.0,
        0.0,
        1.0
      ]
    ],
    "3": [
      [
        -0.645324471829532,
        0.763174241474302,
        0.0334873589293022,
        -0.117023383825029
      ],
      [
        -0.763650492337947,
        -0.643346881991532,
        -0.0542467969910196,
        -0.0320638408331304
      ],
      [
        -0.0198557701927339,
        -0.0605794237501328,
        0.997965872065851,
        0.286201705648033
      ],
      [
        0.0,
        0.0,
        0.0,
        1.0
      ]
    ]
  },
  "T_WP": {
    "0": [
      [
        0.356974323269024,
        0.928456712086099,
        -0.102652161735116,
        -0.0442186008426295
      ],
      [
        0.50439992508495,
        -0.284084713224945,
        -0.81539965126691,
        -0.088951377166118
      ],
      [
        -0.786225189179868,
        0.239298996015803,
        -0.569724444275396,
        0.247543349967627
      ],
      [
        0.0,
        0.0,
        0.0,
        1.0
      ]
    ],
    "1": [
      [
        -0.0328889086589868,
        -0.760256706251854,
        -0.648789688794684,
        -0.162589271881198
      ],
      [
        -0.057548662754832,
        -0.646623374007485,
        0.760635499830442,
        0.0851803634125335
      ],
      [
        -0.997800817349009,
        0.0623534504759639,
        -0.0224850197106893,
        0.284512638531319
      ],
      [
        0.0,
        0.0,
        0.0,
        1.0
      ]
    ],
    "2": [
      [
        0.359793979006828,
        -0.926947976273332,
        -0.106375476277234,
        -0.0446298427011186
      ],
      [
        -0.506093835764294,
        -0.289667660070181,
        0.812380253397909,
        0.0889929354179523
      ],
      [
        -0.783847767153686,
        -0.238453551016209,
        -0.573343336872368,
        0.247174911748873
      ],
      [
        0.0,
        0.0,
        0.0,
        1.0
      ]
    ],
    "3": [
      [
        -0.0334873589293023,
        0.763174241474302,
        -0.645324471829532,
        -0.162196096853097
      ],
      [
        0.0542467969910196,
        -0.643346881991532,
        -0.763650492337947,
        -0.0855193752967867
      ],
      [
        -0.997965872065851,
        -0.0605794237501328,
        -0.0198557701927339,
        0.284811801734542
      ],
      [
        0.0,
        0.0,
        0.0,
        1.0
      ]
    ]
  },
  "simTime": 0.618499999999948,
  "state": [
    -0.0771034715933708,
    3.12384234841348e-05,
    0.286755325488986,
    0.999969710400903,
    -0.000890325697966981,
    -0.00764100649203501,
    0.00118347821074359,
    -0.323892271365902,
    -0.000220083569316527,
    -1.18632090252803,
    -0.0118013217735465,
    -3.07152789777773,
    0.000361086390933583,
    0.827962931837657,
    0.249525676958493,
    0.205882096400279,
    -0.458068643789359,
    0.998484639886413,
    0.0366368850670341,
    0.00412235513858171,
    -0.0408554617107251,
    0.827784654269098,
    -0.249851483626669,
    0.20615832933208,
    0.458089014857536,
    0.998477538404375,
    -0.0369113404672493,
    0.00416943177076988,
    0.040777126990008,
    -4.63131941495062,
    -2.38641307334454,
    -2.88473963285329,
    -0.363906100051654,
    0.141076973784545,
    -0.537952579779037,
    4.63319330538946,
    -2.3887936303028,
    2.88708901212245,
    0.362355187935389,
    0.14068839905396,
    0.540616967183543
  ]
}