{
  "arms": {
    "0": [
      [
        0.426679730415344,
        0.649983823299408,
        0.628860294818878,
        0.0278641153126955
      ],
      [
        -0.839103877544403,
        0.0250942427664995,
        0.54339212179184,
        0.696939051151276
      ],
      [
        0.337415367364883,
        -0.759533584117889,
        0.556111216545105,
        0.0319950692355633
      ],
      [
        0.0,
        0.0,
        0.0,
        1.0
      ]
    ],
    "1": [
      [
        0.485834538936615,
        0.625562071800232,
        -0.610439777374268,
        -0.0414413250982761
      ],
      [
        -0.867266595363617,
        0.431862562894821,
        -0.247675910592079,
        0.65697979927063
      ],
      [
        0.108689427375793,
        0.649743616580963,
        0.752342939376831,
        0.0321242064237595
      ],
      [
        0.0,
        0.0,
        0.0,
        1.0
      ]
    ],
    "2": [
      [
        0.174420818686485,
        -0.807428479194641,
        -0.563592433929443,
        -0.0416342541575432
      ],
      [
        -0.983610153198242,
        -0.116306468844414,
        -0.137782052159309,
        0.657107591629028
      ],
      [
        0.0456997193396091,
        0.578387320041656,
        -0.814481198787689,
        -0.0318753756582737
      ],
      [
        0.0,
        0.0,
        0.0,
        1.0
      ]
    ],
    "3": [
      [
        0.59289276599884,
        -0.534505426883698,
        0.602313816547394,
        0.0276711843907833
      ],
      [
        -0.80511748790741,
        -0.378363847732544,
        0.456756591796875,
        0.697066843509674
      ],
      [
        -0.0162450987845659,
        -0.75574117898941,
        -0.654668867588043,
        -0.0320045128464699
      ],
      [
        0.0,
        0.0,
        0.0,
        1.0
      ]
    ]
  },
  "base": [
    [
      0.866317987442017,
      -0.00301453983411193,
      -0.499483644962311,
      -0.0068850708194077
    ],
    [
      0.499490141868591,
      0.00199662870727479,
      0.866317272186279,
      0.67702329158783
    ],
    [
      -0.0016142645617947,
      -0.999993443489075,
      0.0032354483846575,
      5.98470360273495e-05
    ],
    [
      0.0,
      0.0,
      0.0,
      1.0
    ]
  ]
}