{
  "T_WB": [
    [
      0.997701569058873,
      -0.00247010029563441,
      -0.0677161553987834,
      -0.00460081810152161
    ],
    [
      0.00264548063541916,
      0.999993374739297,
      0.00250038191476559,
      4.55368441300439e-06
    ],
    [
      0.0677095305674932,
      -0.00267377673742057,
      0.997701493628374,
      0.319736463002928
    ],
    [
      0.0,
      0.0,
      0.0,
      1.0
    ]
  ],
  "T_WH": {
    "0": [
      [
        0.610728927217311,
        0.751888789526315,
        -0.2483413490433,
        0.0399871059718152
      ],
      [
        -0.790889264292754,
        0.563857486380534,
        -0.237821165330364,
        -0.0318939687662407
      ],
      [
        -0.0387859392880788,
        0.341654772010109,
        0.939024849339069,
        0.00279394207829719
      ],
      [
        0.0,
        0.0,
        0.0,
        1.0
      ]
    ],
    "1": [
      [
        -0.674447419871793,
        -0.696693529851849,
        -0.244415227207414,
        -0.0399871059718152
      ],
      [
        0.722776649748301,
        -0.690594373406293,
        -0.0259485259348517,
        0.0318939687662407
      ],
      [
        -0.150713610556257,
        -0.194158535434682,
        0.969323408729489,
        -0.00279394207829719
      ],
      [
        0.0,
        0.0,
        0.0,
        1.0
      ]
    ],
    "2": [
      [
        0.605890242974637,
        -0.755634863013277,
        -0.248823164651206,
        0.0398290195528946
      ],
      [
        0.794402497369371,
        0.55788325244685,
        0.240189401957352,
        0.0321056072170743
      ],
      [
        -0.0426812094655519,
        -0.343194158514141,
        0.938294241653613,
        0.00262282036710227
      ],
      [
        0.0,
        0.0,
        0.0,
        1.0
      ]
    ],
    "3": [
      [
        -0.673821324289458,
        0.697864733707485,
        -0.242795462025512,
        -0.0398290195528946
      ],
      [
        -0.724094255198259,
        -0.689095655192913,
        0.028890960232012,
        -0.0321056072170743
      ],
      [
        -0.14714731571347,
        0.195274144324409,
        0.969647191527254,
        -0.00262282036710227
      ],
      [
        0.0,
        0.0,
        0.0,
        1.0
      ]
    ]
  },
  "T_WP": {
    "0": [
      [
        0.2483413490433,
        0.751888789526315,
        0.610728927217311,
        0.082738130877027
      ],
      [
        0.237821165330364,
        0.563857486380534,
        -0.790889264292754,
        -0.0872562172667335
      ],
      [
        -0.939024849339069,
        0.341654772010109,
        -0.0387859392880787,
        7.89263281316746e-05
      ],
      [
        0.0,
        0.0,
        0.0,
        1.0
      ]
    ],
    "1": [
      [
        0.244415227207414,
        -0.696693529851849,
        -0.674447419871793,
        -0.0871984253628408
      ],
      [
        0.0259485259348518,
        -0.690594373406293,
        0.722776649748301,
        0.0824883342486218
      ],
      [
        -0.969323408729489,
        -0.194158535434682,
        -0.150713610556257,
        -0.0133438948172352
      ],
      [
        0.0,
        0.0,
        0.0,
        1.0
      ]
    ],
    "2": [
      [
        0.248823164651206,
        -0.755634863013277,
        0.605890242974637,
        0.0822413365611192
      ],
      [
        -0.240189401957352,
        0.55788325244685,
        0.794402497369371,
        0.0877137820329302
      ],
      [
        -0.938294241653613,
        -0.343194158514141,
        -0.0426812094655519,
        -0.000364864295486364
      ],
      [
        0.0,
        0.0,
        0.0,
        1.0
      ]
    ],
    "3": [
      [
        0.242795462025512,
        0.697864733707485,
        -0.673821324289458,
        -0.0869965122531567
      ],
      [
        -0.0288909602320121,
        -0.689095655192913,
        -0.724094255198259,
        -0.0827922050809524
      ],
      [
        -0.969647191527254,
        0.195274144324409,
        -0.14714731571347,
        -0.0129231324670452
      ],
      [
        0.0,
        0.0,
        0.0,
        1.0
      ]
    ]
  }
}