{
  "arms": {
    "0": [
      [
        0.910846710205078,
        0.412592232227325,
        0.0112166125327349,
        0.000255189079325646
      ],
      [
        -0.237408712506294,
        0.501490890979767,
        0.831951856613159,
        0.561913967132568
      ],
      [
        0.33763188123703,
        -0.760443568229675,
        0.554734349250793,
        0.0320779755711555
      ],
      [
        0.0,
        0.0,
        0.0,
        1.0
      ]
    ],
    "1": [
      [
        0.972151935100555,
        0.0936082452535629,
        -0.214844062924385,
        -0.0155567266047001
      ],
      [
        -0.210375681519508,
        0.752528309822083,
        -0.624053776264191,
        0.483492136001587
      ],
      [
        0.103259667754173,
        0.651873111724854,
        0.751264810562134,
        0.0320842564105988
      ],
      [
        0.0,
        0.0,
        0.0,
        1.0
      ]
    ],
    "2": [
      [
        0.852690577507019,
        -0.449330657720566,
        -0.26649683713913,
        -0.0158258453011513
      ],
      [
        -0.520306766033173,
        -0.684643626213074,
        -0.510435104370117,
        0.483541280031204
      ],
      [
        0.0468987785279751,
        0.573903381824493,
        -0.817579030990601,
        -0.031915158033371
      ],
      [
        0.0,
        0.0,
        0.0,
        1.0
      ]
    ],
    "3": [
      [
        0.995632112026215,
        -0.0739330798387527,
        0.0570132844150066,
        -1.39307658173493e-05
      ],
      [
        -0.0914677605032921,
        -0.65001517534256,
        0.754396498203278,
        0.561963081359863
      ],
      [
        -0.0187153574079275,
        -0.756316244602203,
        -0.653938472270966,
        -0.0319214425981045
      ],
      [
        0.0,
        0.0,
        0.0,
        1.0
      ]
    ]
  },
  "base": [
    [
      0.197648942470551,
      -0.00420499732717872,
      -0.980263769626617,
      -0.00778532866388559
    ],
    [
      0.980272889137268,
      0.000767745194025338,
      0.197647482156754,
      0.522727608680725
    ],
    [
      -7.85143347457051e-05,
      -0.999990880489349,
      0.0042737890034914,
      8.14087616163306e-05
    ],
    [
      0.0,
      0.0,
      0.0,
      1.0
    ]
  ]
}