{
  "T_WB": [
    [
      -2.22044604925031e-16,
      1.14084643214099e-19,
      1.0,
      -9.3015725932297e-36
    ],
    [
      -2.39353055886135e-18,
      1.0,
      -1.14084643214099e-19,
      3.90340889551986e-21
    ],
    [
      -1.0,
      -2.39353055886135e-18,
      -2.22044604925031e-16,
      0.208077131200003
    ],
    [
      0.0,
      0.0,
      0.0,
      1.0
    ]
  ],
  "T_WH": {
    "0": [
      [
        -1.57197111823696e-16,
        -1.52119890409058e-16,
        1.0,
        -8.8854349055841e-18
      ],
      [
        -0.707106779455507,
        0.707106782917588,
        -3.59013715643653e-18,
        -0.032
      ],
      [
        -0.707106782917588,
        -0.707106779455507,
        -2.18720149823864e-16,
        0.168077131200003
      ],
      [
        0.0,
        0.0,
        0.0,
        1.0
      ]
    ],
    "1": [
      [
        1.57197111823696e-16,
        1.52117609608946e-16,
        1.0,
        8.8854349055841e-18
      ],
      [
        0.707106779455507,
        -0.707106782917588,
        -3.59174992566571e-18,
        0.032
      ],
      [
        0.707106782917588,
        0.707106779455507,
        -2.18718537054642e-16,
        0.248077131200003
      ],
      [
        0.0,
        0.0,
        0.0,
        1.0
      ]
    ],
    "2": [
      [
        -1.57043040630422e-16,
        1.53089581832283e-16,
        1.0,
        -8.8781334884184e-18
      ],
      [
        0.707106779455507,
        0.707106782917588,
        2.79551698845355e-18,
        0.032
      ],
      [
        -0.707106782917588,
        0.707106779455507,
        -2.1929688041739e-16,
        0.168077131200003
      ],
      [
        0.0,
        0.0,
        0.0,
        1.0
      ]
    ],
    "3": [
      [
        1.57043040630422e-16,
        -1.52266862354916e-16,
        1.0,
        8.8781334884184e-18
      ],
      [
        -0.707106779455507,
        -0.707106782917588,
        3.37726751133816e-18,
        -0.032
      ],
      [
        0.707106782917588,
        -0.707106779455507,
        -2.18715129897354e-16,
        0.248077131200003
      ],
      [
        0.0,
        0.0,
        0.0,
        1.0
      ]
    ]
  },
  "T_WP": {
    "0": [
      [
        -1.0,
        -1.52119890409058e-16,
        -9.59647718663288e-17,
        -1.98892327332429e-17
      ],
      [
        -3.97076655493425e-17,
        0.707106782917588,
        -0.707106779455507,
        -0.0814974745618855
      ],
      [
        1.75422346906093e-16,
        -0.707106779455507,
        -0.707106782917588,
        0.118579656395772
      ],
      [
        0.0,
        0.0,
        0.0,
        1.0
      ]
    ],
    "1": [
      [
        -1.0,
        1.52117609608946e-16,
        2.18429451781064e-16,
        1.98892327332429e-17
      ],
      [
        4.68895526314447e-17,
        -0.707106782917588,
        0.707106779455507,
        0.0814974745618855
      ],
      [
        2.62016339972413e-16,
        0.707106779455507,
        0.707106782917588,
        0.297574606004234
      ],
      [
        0.0,
        0.0,
        0.0,
        1.0
      ]
    ],
    "2": [
      [
        -1.0,
        1.53089581832283e-16,
        -9.58107006730546e-17,
        -1.9871146332548e-17
      ],
      [
        4.05022857173255e-17,
        0.707106782917588,
        0.707106779455507,
        0.0814974745618855
      ],
      [
        1.7599907749962e-16,
        0.707106779455507,
        -0.707106782917588,
        0.118579656395772
      ],
      [
        0.0,
        0.0,
        0.0,
        1.0
      ]
    ],
    "3": [
      [
        -1.0,
        -1.52266862354916e-16,
        2.1827538058779e-16,
        1.9871146332548e-17
      ],
      [
        -4.66750702171172e-17,
        -0.707106782917588,
        -0.707106779455507,
        -0.0814974745618855
      ],
      [
        2.62012932815124e-16,
        -0.707106779455507,
        0.707106782917588,
        0.297574606004234
      ],
      [
        0.0,
        0.0,
        0.0,
        1.0
      ]
    ]
  },
  "simTime": 0.243999999999989,
  "state": [
    -9.3015725932297e-36,
    3.90340889551986e-21,
    0.208077131200003,
    0.707106781186548,
    -8.05905832151075e-19,
    0.707106781186548,
    -8.86575856997013e-19,
    -7.05668247024711e-35,
    -2.06778165508875e-20,
    -2.39281040000003,
    5.2501529126947e-19,
    -1.16040231799632e-17,
    -2.09925025399984e-17,
    1.0,
    2.40434252495418e-18,
    5.35977731511751e-20,
    -1.3469400777811e-18,
    1.0,
    -2.40548292500983e-18,
    -5.35977731511745e-20,
    1.34344516926715e-18,
    1.0,
    -2.00016683838468e-18,
    5.72322011625338e-20,
    9.25673633225949e-19,
    1.0,
    2.41152657706818e-18,
    -5.72322011625331e-20,
    -1.34179182838572e-18,
    1.26724685793474e-17,
    1.80285197294858e-19,
    -2.31250501643657e-17,
    -1.24528372133926e-17,
    -1.80285197294855e-19,
    2.31267807608135e-17,
    -1.66444599545618e-17,
    6.34190398097373e-20,
    1.87742918939308e-17,
    1.26989543642054e-17,
    -6.34190398097358e-20,
    -2.32531393890624e-17
  ]
}