{
  "T_WB": [
    [
      0.909099475127069,
      -0.00198611066896119,
      0.416574362735033,
      -0.0413888869069938
    ],
    [
      0.00161256815889517,
      0.999997920348021,
      0.00124856860674071,
      4.18989020553922e-05
    ],
    [
      -0.416575976200766,
      -0.000463318511889557,
      0.909100787255371,
      0.356283096972977
    ],
    [
      0.0,
      0.0,
      0.0,
      1.0
    ]
  ],
  "T_WH": {
    "0": [
      [
        0.203663480111513,
        0.889585678429147,
        -0.40885022636978,
        -0.00496135236050434
      ],
      [
        -0.79360990317376,
        -0.0945435019612732,
        -0.601036477945752,
        -0.0318935318227255
      ],
      [
        -0.573327575172695,
        0.44687676933429,
        0.686728945491557,
        0.339634884117327
      ],
      [
        0.0,
        0.0,
        0.0,
        1.0
      ]
    ],
    "1": [
      [
        -0.627748477453994,
        -0.604976979826705,
        0.489831300484107,
        -0.0778164214534834
      ],
      [
        0.714476356123797,
        -0.69756469846515,
        0.0541020147063452,
        0.0319773296268363
      ],
      [
        0.308958549961403,
        0.383935340044367,
        0.870136925472516,
        0.372931309828627
      ],
      [
        0.0,
        0.0,
        0.0,
        1.0
      ]
    ],
    "2": [
      [
        0.200859614567864,
        -0.888808029458776,
        -0.411917105744902,
        -0.00508846344331786
      ],
      [
        0.793535511336873,
        -0.0989380568971974,
        0.600427058971141,
        0.0321063350795479
      ],
      [
        -0.574418669162986,
        -0.447472398776746,
        0.685428074162424,
        0.339605231732566
      ],
      [
        0.0,
        0.0,
        0.0,
        1.0
      ]
    ],
    "3": [
      [
        -0.625205086139179,
        0.607382228235204,
        0.490107568896605,
        -0.0776893103706698
      ],
      [
        -0.716415704402057,
        -0.695759009383566,
        -0.0516520991606648,
        -0.0320225372754371
      ],
      [
        0.30962418954566,
        -0.383413914308854,
        0.870130238276177,
        0.372960962213388
      ],
      [
        0.0,
        0.0,
        0.0,
        1.0
      ]
    ]
  },
  "T_WP": {
    "0": [
      [
        0.40885022636978,
        0.889585678429147,
        0.203663480111513,
        0.0092950912473016
      ],
      [
        0.601036477945752,
        -0.0945435019612732,
        -0.79360990317376,
        -0.0874462250448887
      ],
      [
        -0.686728945491557,
        0.44687676933429,
        -0.573327575172695,
        0.299501953855238
      ],
      [
        0.0,
        0.0,
        0.0,
        1.0
      ]
    ],
    "1": [
      [
        -0.489831300484107,
        -0.604976979826705,
        -0.627748477453994,
        -0.121758814875263
      ],
      [
        -0.0541020147063451,
        -0.69756469846515,
        0.714476356123797,
        0.0819906745555021
      ],
      [
        -0.870136925472516,
        0.383935340044367,
        0.308958549961403,
        0.394558408325925
      ],
      [
        0.0,
        0.0,
        0.0,
        1.0
      ]
    ],
    "2": [
      [
        0.411917105744902,
        -0.888808029458776,
        0.200859614567864,
        0.00897170957643265
      ],
      [
        -0.600427058971141,
        -0.0989380568971974,
        0.793535511336873,
        0.087653820873129
      ],
      [
        -0.685428074162424,
        -0.447472398776746,
        -0.574418669162986,
        0.299395924891157
      ],
      [
        0.0,
        0.0,
        0.0,
        1.0
      ]
    ],
    "3": [
      [
        -0.490107568896605,
        0.607382228235204,
        -0.625205086139179,
        -0.121453666400412
      ],
      [
        0.0516520991606648,
        -0.695759009383566,
        -0.716415704402057,
        -0.0821716365835811
      ],
      [
        -0.870130238276177,
        -0.383413914308854,
        0.30962418954566,
        0.394634655481584
      ],
      [
        0.0,
        0.0,
        0.0,
        1.0
      ]
    ]
  },
  "simTime": 0.497999999999961,
  "state": [
    -0.0413888869069938,
    4.18989020553922e-05,
    0.356283096972977,
    0.977010514622343,
    -0.00043804214310119,
    0.2131886828408,
    0.000920839329259266,
    -0.263814160127466,
    5.33471534745566e-05,
    0.0291844080440545,
    -0.0112652650058194,
    -4.30761573488575,
    0.00164720510441333,
    0.819338724550416,
    0.508689357763612,
    0.120895424645841,
    -0.235166936557509,
    0.998773579699604,
    0.0480737814987474,
    -0.0104150653820754,
    -0.00563688207590235,
    0.819087321130695,
    -0.509135338887456,
    0.121003394606909,
    0.235022010783035,
    0.998768854335471,
    -0.0482083374627862,
    -0.0103457907222451,
    0.00544944243166383,
    -1.99837248705209,
    -1.46105602807115,
    -5.40354165953695,
    -0.0266282851377294,
    0.279029333811259,
    -0.609670132674666,
    1.9976455106457,
    -1.46127851661642,
    5.4087327568251,
    0.0235592794510706,
    0.278407200262416,
    0.610583787631216
  ]
}