{
  "T_WB": [
    [
      -0.936459955410931,
      0.0723986519112288,
      0.343221775406505,
      -0.211729703731021
    ],
    [
      0.0618836506000883,
      0.997219961653442,
      -0.0415061666299574,
      -0.000604120672123577
    ],
    [
      -0.345272596219513,
      -0.0176290465239704,
      -0.938336853703665,
      0.190536062097438
    ],
    [
      0.0,
      0.0,
      0.0,
      1.0
    ]
  ],
  "T_WH": {
    "0": [
      [
        -0.814915252016239,
        -0.515837202905871,
        -0.264244417404714,
        -0.251504858808618
      ],
      [
        -0.563459318956249,
        0.811899401514251,
        0.152751293618619,
        -0.0300398134210302
      ],
      [
        0.135745084303887,
        0.273370338403874,
        -0.952282484438458,
        0.177289287737425
      ],
      [
        0.0,
        0.0,
        0.0,
        1.0
      ]
    ],
    "1": [
      [
        0.618284216005616,
        0.560105116477338,
        0.551368195250894,
        -0.171954548653425
      ],
      [
        0.755970878239391,
        -0.615727170535427,
        -0.222234296899469,
        0.028831572076783
      ],
      [
        0.215017812034922,
        0.554222256825134,
        -0.804117547717602,
        0.203782836457452
      ],
      [
        0.0,
        0.0,
        0.0,
        1.0
      ]
    ],
    "2": [
      [
        -0.725189901263284,
        0.624451281741246,
        -0.29010378114989,
        -0.246871345086299
      ],
      [
        0.679013105479537,
        0.718450300612931,
        -0.150898535898213,
        0.0337822641247901
      ],
      [
        0.11419636462157,
        -0.306414363698742,
        -0.945023506599869,
        0.176161028759891
      ],
      [
        0.0,
        0.0,
        0.0,
        1.0
      ]
    ],
    "3": [
      [
        0.494454633088814,
        -0.643083031907772,
        0.584772459927204,
        -0.176588062375743
      ],
      [
        -0.833918725375718,
        -0.540714107273975,
        0.110488975299099,
        -0.0349905054690373
      ],
      [
        0.245141133400217,
        -0.542284490159192,
        -0.803637577797382,
        0.204911095434986
      ],
      [
        0.0,
        0.0,
        0.0,
        1.0
      ]
    ]
  },
  "T_WP": {
    "0": [
      [
        0.264244417404714,
        -0.515837202905871,
        -0.814915252016239,
        -0.308548926449754
      ],
      [
        -0.152751293618619,
        0.811899401514251,
        -0.563459318956249,
        -0.0694819657479676
      ],
      [
        0.952282484438458,
        0.273370338403874,
        0.135745084303887,
        0.186791443638697
      ],
      [
        0.0,
        0.0,
        0.0,
        1.0
      ]
    ],
    "1": [
      [
        -0.551368195250894,
        0.560105116477338,
        0.618284216005616,
        -0.128674653533031
      ],
      [
        0.222234296899469,
        -0.615727170535427,
        0.755970878239391,
        0.0817495335535404
      ],
      [
        0.804117547717602,
        0.554222256825134,
        0.215017812034922,
        0.218834083299896
      ],
      [
        0.0,
        0.0,
        0.0,
        1.0
      ]
    ],
    "2": [
      [
        0.29010378114989,
        0.624451281741246,
        -0.725189901263284,
        -0.297634638174729
      ],
      [
        0.150898535898213,
        0.718450300612931,
        0.679013105479537,
        0.0813131815083577
      ],
      [
        0.945023506599869,
        -0.306414363698742,
        0.11419636462157,
        0.184154774283401
      ],
      [
        0.0,
        0.0,
        0.0,
        1.0
      ]
    ],
    "3": [
      [
        -0.584772459927204,
        -0.643083031907772,
        0.494454633088814,
        -0.141976238059526
      ],
      [
        -0.110488975299099,
        -0.540714107273975,
        -0.833918725375718,
        -0.0933648162453376
      ],
      [
        0.803637577797382,
        -0.542284490159192,
        0.245141133400217,
        0.222070974773001
      ],
      [
        0.0,
        0.0,
        0.0,
        1.0
      ]
    ]
  },
  "simTime": 0.974499999999909,
  "state": [
    -0.211729703731021,
    -0.000604120672123577,
    0.190536062097438,
    0.17494510034497,
    0.0341208757188745,
    0.983872040812223,
    -0.015026144331002,
    -0.46093711950963,
    -0.00359648800730156,
    -0.296035714676977,
    0.467241114523723,
    12.9048463012457,
    -0.25482081191503,
    0.945003469121987,
    -0.261234124817747,
    0.18301130088754,
    0.0723328357356856,
    0.986080323200419,
    -0.151918074285861,
    0.02053050221763,
    -0.06438162300629,
    0.944110350016263,
    0.26419590565945,
    0.18297182576812,
    -0.0733313125481383,
    0.985107288801947,
    0.155977306935817,
    0.023861423764775,
    0.0683033068470759,
    0.488316769987256,
    -1.95428018965626,
    2.74732465417003,
    -1.01032767908152,
    -0.638913718995851,
    1.26178209175444,
    -0.444522563991538,
    -1.94511675894372,
    -2.78105903004751,
    1.01916814101071,
    -0.650708622774754,
    -1.32811156768921
  ]
}