{
  "arms": {
    "0": [
      [
        0.279357075691223,
        0.645295560359955,
        0.711022555828094,
        0.0307661667466164
      ],
      [
        -0.898926436901093,
        -0.084500789642334,
        0.429873079061508,
        0.695440828800201
      ],
      [
        0.337477177381516,
        -0.759245097637177,
        0.556467473506927,
        0.0319840759038925
      ],
      [
        0.0,
        0.0,
        0.0,
        1.0
      ]
    ],
    "1": [
      [
        0.332601487636566,
        0.689377725124359,
        -0.643532752990723,
        -0.0442939549684525
      ],
      [
        -0.936642110347748,
        0.320994198322296,
        -0.140229552984238,
        0.667764961719513
      ],
      [
        0.109899170696735,
        0.649400532245636,
        0.752463400363922,
        0.0321272723376751
      ],
      [
        0.0,
        0.0,
        0.0,
        1.0
      ]
    ],
    "2": [
      [
        0.00601490959525108,
        -0.814944565296173,
        -0.57950758934021,
        -0.044465746730566
      ],
      [
        -0.998945295810699,
        0.0214839279651642,
        -0.0405806191265583,
        0.66789972782135
      ],
      [
        0.0455210544168949,
        0.579140484333038,
        -0.813955843448639,
        -0.0318723544478416
      ],
      [
        0.0,
        0.0,
        0.0,
        1.0
      ]
    ],
    "3": [
      [
        0.449142932891846,
        -0.590325593948364,
        0.670660972595215,
        0.0305943749845028
      ],
      [
        -0.893323361873627,
        -0.283587694168091,
        0.348642259836197,
        0.695575654506683
      ],
      [
        -0.0156212467700243,
        -0.755707383155823,
        -0.654723107814789,
        -0.0320155508816242
      ],
      [
        0.0,
        0.0,
        0.0,
        1.0
      ]
    ]
  },
  "base": [
    [
      0.938251554965973,
      -0.00268422602675855,
      -0.345943212509155,
      -0.00684979092329741
    ],
    [
      0.345949023962021,
      0.00210583442822099,
      0.938250958919525,
      0.681670308113098
    ],
    [
      -0.00178997870534658,
      -0.999994158744812,
      0.00290440814569592,
      5.58605643163901e-05
    ],
    [
      0.0,
      0.0,
      0.0,
      1.0
    ]
  ]
}