{
  "T_WB": [
    [
      -2.22044604925031e-16,
      2.3443516353354e-20,
      1.0,
      2.73973247758644e-37
    ],
    [
      -2.36580716847009e-19,
      1.0,
      -2.3443516353354e-20,
      4.56519086624553e-21
    ],
    [
      -1.0,
      -2.36580716847009e-19,
      -2.22044604925031e-16,
      0.449484977575
    ],
    [
      0.0,
      0.0,
      0.0,
      1.0
    ]
  ],
  "T_WH": {
    "0": [
      [
        -1.57066193820473e-16,
        -1.54934557230717e-16,
        1.0,
        -8.88253438952456e-18
      ],
      [
        -0.707106779455507,
        0.707106782917588,
        -1.50729414755593e-18,
        -0.032
      ],
      [
        -0.707106782917588,
        -0.707106779455507,
        -2.20617846807282e-16,
        0.409484977575
      ],
      [
        0.0,
        0.0,
        0.0,
        1.0
      ]
    ],
    "1": [
      [
        1.57066193820473e-16,
        1.54941817052748e-16,
        1.0,
        8.88253438952456e-18
      ],
      [
        0.707106779455507,
        -0.707106782917588,
        -1.50216067815523e-18,
        0.032
      ],
      [
        0.707106782917588,
        0.707106779455507,
        -2.20622980276658e-16,
        0.489484977575
      ],
      [
        0.0,
        0.0,
        0.0,
        1.0
      ]
    ],
    "2": [
      [
        -1.57045645104844e-16,
        1.55909501233343e-16,
        1.0,
        -8.88103400447795e-18
      ],
      [
        0.707106779455507,
        0.707106782917588,
        8.03374494203968e-19,
        0.032
      ],
      [
        -0.707106782917588,
        0.707106779455507,
        -2.21292706184927e-16,
        0.409484977575
      ],
      [
        0.0,
        0.0,
        0.0,
        1.0
      ]
    ],
    "3": [
      [
        1.57045645104844e-16,
        -1.54964443604513e-16,
        1.0,
        8.88103400447795e-18
      ],
      [
        -0.707106779455507,
        -0.707106782917588,
        1.47163115379746e-18,
        -0.032
      ],
      [
        0.707106782917588,
        -0.707106779455507,
        -2.20624449528606e-16,
        0.489484977575
      ],
      [
        0.0,
        0.0,
        0.0,
        1.0
      ]
    ]
  },
  "T_WP": {
    "0": [
      [
        -1.0,
        -1.54934557230717e-16,
        -9.58338538631053e-17,
        -1.98771679569577e-17
      ],
      [
        -4.17905085582231e-17,
        0.707106782917588,
        -0.707106779455507,
        -0.0814974745618855
      ],
      [
        1.77320043889512e-16,
        -0.707106779455507,
        -0.707106782917588,
        0.359987502770769
      ],
      [
        0.0,
        0.0,
        0.0,
        1.0
      ]
    ],
    "1": [
      [
        -1.0,
        1.54941817052748e-16,
        2.18298533777841e-16,
        1.98771679569577e-17
      ],
      [
        4.47999633839343e-17,
        -0.707106782917588,
        0.707106779455507,
        0.0814974745618855
      ],
      [
        2.63920783194428e-16,
        0.707106779455507,
        0.707106782917588,
        0.538982452379232
      ],
      [
        0.0,
        0.0,
        0.0,
        1.0
      ]
    ],
    "2": [
      [
        -1.0,
        1.55909501233343e-16,
        -9.58133051474764e-17,
        -1.9874229161817e-17
      ],
      [
        4.24944282115751e-17,
        0.707106782917588,
        0.707106779455507,
        0.0814974745618855
      ],
      [
        1.77994903267157e-16,
        0.707106779455507,
        -0.707106782917588,
        0.359987502770769
      ],
      [
        0.0,
        0.0,
        0.0,
        1.0
      ]
    ],
    "3": [
      [
        -1.0,
        -1.54964443604513e-16,
        2.18277985062212e-16,
        1.9874229161817e-17
      ],
      [
        -4.47694338595765e-17,
        -0.707106782917588,
        -0.707106779455507,
        -0.0814974745618855
      ],
      [
        2.63922252446376e-16,
        -0.707106779455507,
        0.707106782917588,
        0.538982452379232
      ],
      [
        0.0,
        0.0,
        0.0,
        1.0
      ]
    ]
  },
  "simTime": 0.101500000000002,
  "state": [
    2.73973247758644e-37,
    4.56519086624553e-21,
    0.449484977575,
    0.707106781186548,
    -7.535537989609e-20,
    0.707106781186548,
    -9.19324492844043e-20,
    -3.49382725957824e-35,
    3.66793827485632e-20,
    -0.995369899999988,
    5.81780493750482e-19,
    -4.43004746273396e-18,
    -7.5957051267912e-18,
    1.0,
    1.0290555919317e-18,
    2.01852491898062e-20,
    -1.66975609407678e-19,
    1.0,
    -1.02542568091634e-18,
    -2.01852491898059e-20,
    1.65247200854221e-19,
    1.0,
    -5.58160660047601e-19,
    2.64879607230846e-20,
    9.67012463701604e-20,
    1.0,
    1.03068947446245e-18,
    -2.64879607230843e-20,
    -1.60880744469264e-19,
    2.42470889191325e-17,
    6.16232969866295e-19,
    -8.72907170732385e-18,
    -2.44798292681887e-17,
    -6.16232969866289e-19,
    8.68771792278685e-18,
    -1.68772042025099e-17,
    7.79689416935095e-19,
    4.82879098203818e-18,
    2.43674144519176e-17,
    -7.79689416935089e-19,
    -8.55363024574392e-18
  ]
}