{
  "T_WB": [
    [
      -0.231844504455975,
      -0.537393837613417,
      0.810836598242018,
      -0.0836454197050757
    ],
    [
      -0.432450751576962,
      0.803589104391821,
      0.408938746957626,
      0.00353170007561319
    ],
    [
      -0.871340618365794,
      -0.25583669517463,
      -0.418704086662692,
      0.909955595988331
    ],
    [
      0.0,
      0.0,
      0.0,
      1.0
    ]
  ],
  "T_WH": {
    "0": [
      [
        -0.165837150170975,
        -0.269584103492864,
        0.948589716772809,
        0.00792282262539035
      ],
      [
        -0.663258073251556,
        0.742334934552378,
        0.0950135422439889,
        -0.0430128814036167
      ],
      [
        -0.729785425923129,
        -0.61340301277958,
        -0.301910543080449,
        -0.0266668504890436
      ],
      [
        0.0,
        0.0,
        0.0,
        1.0
      ]
    ],
    "1": [
      [
        -0.347934929369479,
        0.562505824566338,
        0.750018987928706,
        -0.00792282262539035
      ],
      [
        0.894265050720416,
        -0.0410656539271912,
        0.445649673092603,
        0.0430128814036167
      ],
      [
        0.281480557027776,
        0.825772855812345,
        -0.488741124337677,
        0.0266668504890436
      ],
      [
        0.0,
        0.0,
        0.0,
        1.0
      ]
    ],
    "2": [
      [
        -0.479305220279311,
        -0.737792487698587,
        0.475319630257927,
        -0.0264703829818683
      ],
      [
        -0.27583206759558,
        0.640774399932944,
        0.716466914013845,
        0.00841682127745979
      ],
      [
        -0.833176557698877,
        0.212297935661433,
        -0.510633342247591,
        -0.0430403989802199
      ],
      [
        0.0,
        0.0,
        0.0,
        1.0
      ]
    ],
    "3": [
      [
        0.532091107941962,
        -0.0229408856408827,
        0.846376257119201,
        0.0264703829818683
      ],
      [
        -0.483356094287576,
        -0.828962941474444,
        0.28140243029707,
        -0.00841682127745979
      ],
      [
        0.695158930723152,
        -0.558832852853202,
        -0.45217242685484,
        0.0430403989802199
      ],
      [
        0.0,
        0.0,
        0.0,
        1.0
      ]
    ]
  },
  "T_WP": {
    "0": [
      [
        -0.948589716772809,
        -0.269584103492864,
        -0.165837150170975,
        -0.00368577788657791
      ],
      [
        -0.095013542243989,
        0.742334934552378,
        -0.663258073251556,
        -0.0894409465312257
      ],
      [
        0.301910543080449,
        -0.61340301277958,
        -0.729785425923129,
        -0.0777518303036627
      ],
      [
        0.0,
        0.0,
        0.0,
        1.0
      ]
    ],
    "1": [
      [
        -0.750018987928706,
        0.562505824566338,
        -0.347934929369479,
        -0.0322782676812539
      ],
      [
        -0.445649673092603,
        -0.0410656539271912,
        0.894265050720416,
        0.105611434954046
      ],
      [
        0.488741124337677,
        0.825772855812345,
        0.281480557027776,
        0.046370489480988
      ],
      [
        0.0,
        0.0,
        0.0,
        1.0
      ]
    ],
    "2": [
      [
        -0.475319630257927,
        -0.737792487698587,
        -0.479305220279311,
        -0.0600217484014201
      ],
      [
        -0.716466914013845,
        0.640774399932944,
        -0.27583206759558,
        -0.0108914234542308
      ],
      [
        0.510633342247591,
        0.212297935661433,
        -0.833176557698877,
        -0.101362758019141
      ],
      [
        0.0,
        0.0,
        0.0,
        1.0
      ]
    ],
    "3": [
      [
        -0.846376257119201,
        -0.0229408856408827,
        0.532091107941962,
        0.0637167605378057
      ],
      [
        -0.28140243029707,
        -0.828962941474444,
        -0.483356094287576,
        -0.0422517478775901
      ],
      [
        0.45217242685484,
        -0.558832852853202,
        0.695158930723152,
        0.0917015241308406
      ],
      [
        0.0,
        0.0,
        0.0,
        1.0
      ]
    ]
  }
}