{
  "arms": {
    "0": [
      [
        0.822978675365448,
        -0.0453380718827248,
        -0.566260039806366,
        -0.0317075178027153
      ],
      [
        0.455892980098724,
        0.647425055503845,
        0.610739171504974,
        0.229987725615501
      ],
      [
        0.338921219110489,
        -0.760779321193695,
        0.553486406803131,
        0.0321675986051559
      ],
      [
        0.0,
        0.0,
        0.0,
        1.0
      ]
    ],
    "1": [
      [
        0.848697006702423,
        -0.449303269386292,
        0.278997927904129,
        0.0111272195354104
      ],
      [
        0.519416511058807,
        0.608757197856903,
        -0.599684119224548,
        0.162421688437462
      ],
      [
        0.0995980426669121,
        0.653866350650787,
        0.750025987625122,
        0.0320414751768112
      ],
      [
        0.0,
        0.0,
        0.0,
        1.0
      ]
    ],
    "2": [
      [
        0.975844144821167,
        0.147901549935341,
        0.160789236426353,
        0.0108573855832219
      ],
      [
        0.212912201881409,
        -0.808760941028595,
        -0.548246502876282,
        0.162370085716248
      ],
      [
        0.0489535480737686,
        0.569237172603607,
        -0.820714712142944,
        -0.0319579355418682
      ],
      [
        0.0,
        0.0,
        0.0,
        1.0
      ]
    ],
    "3": [
      [
        0.784625291824341,
        0.393148839473724,
        -0.479371458292007,
        -0.0319773480296135
      ],
      [
        0.619655430316925,
        -0.521948218345642,
        0.586171746253967,
        0.229936122894287
      ],
      [
        -0.0197543483227491,
        -0.756970345973969,
        -0.65315055847168,
        -0.0318318121135235
      ],
      [
        0.0,
        0.0,
        0.0,
        1.0
      ]
    ]
  },
  "base": [
    [
      -0.535434186458588,
      -0.00421614572405815,
      -0.844566345214844,
      -0.0104250656440854
    ],
    [
      0.844575464725494,
      -0.000806250085588545,
      -0.535435974597931,
      0.196178898215294
    ],
    [
      0.00157654471695423,
      -0.99999076128006,
      0.00399254728108644,
      0.000104831589851528
    ],
    [
      0.0,
      0.0,
      0.0,
      1.0
    ]
  ]
}