{
  "T_WB": [
    [
      -2.22044604925031e-16,
      1.13558353518986e-19,
      1.0,
      -9.2304716426746e-36
    ],
    [
      -2.37247634727941e-18,
      1.0,
      -1.13558353518986e-19,
      3.92390757261462e-21
    ],
    [
      -1.0,
      -2.37247634727941e-18,
      -2.22044604925031e-16,
      0.210465038300003
    ],
    [
      0.0,
      0.0,
      0.0,
      1.0
    ]
  ],
  "T_WH": {
    "0": [
      [
        -1.57196556888948e-16,
        -1.52132851910519e-16,
        1.0,
        -8.88541806431386e-18
      ],
      [
        -0.707106779455507,
        0.707106782917588,
        -3.58057959271344e-18,
        -0.032
      ],
      [
        -0.707106782917588,
        -0.707106779455507,
        -2.18728922591295e-16,
        0.170465038300003
      ],
      [
        0.0,
        0.0,
        0.0,
        1.0
      ]
    ],
    "1": [
      [
        1.57196556888948e-16,
        1.52130656588769e-16,
        1.0,
        8.88541806431386e-18
      ],
      [
        0.707106779455507,
        -0.707106782917588,
        -3.5821319196135e-18,
        0.032
      ],
      [
        0.707106782917588,
        0.707106779455507,
        -2.18727370264402e-16,
        0.250465038300003
      ],
      [
        0.0,
        0.0,
        0.0,
        1.0
      ]
    ],
    "2": [
      [
        -1.57043346865695e-16,
        1.5310599906144e-16,
        1.0,
        -8.87815032968865e-18
      ],
      [
        0.707106779455507,
        0.707106782917588,
        2.78412479539775e-18,
        0.032
      ],
      [
        -0.707106782917588,
        0.707106779455507,
        -2.19308705692465e-16,
        0.170465038300003
      ],
      [
        0.0,
        0.0,
        0.0,
        1.0
      ]
    ],
    "3": [
      [
        1.57043346865695e-16,
        -1.52279146600507e-16,
        1.0,
        8.87815032968865e-18
      ],
      [
        -0.707106779455507,
        -0.707106782917588,
        3.36879777899544e-18,
        -0.032
      ],
      [
        0.707106782917588,
        -0.707106779455507,
        -2.1872403271173e-16,
        0.250465038300003
      ],
      [
        0.0,
        0.0,
        0.0,
        1.0
      ]
    ]
  },
  "T_WP": {
    "0": [
      [
        -1.0,
        -1.52132851910519e-16,
        -9.59642169315804e-17,
        -1.98891770465402e-17
      ],
      [
        -3.97172231130656e-17,
        0.707106782917588,
        -0.707106779455507,
        -0.0814974745618855
      ],
      [
        1.75431119673524e-16,
        -0.707106779455507,
        -0.707106782917588,
        0.120967563495772
      ],
      [
        0.0,
        0.0,
        0.0,
        1.0
      ]
    ],
    "1": [
      [
        -1.0,
        1.52130656588769e-16,
        2.18428896846316e-16,
        1.98891770465402e-17
      ],
      [
        4.68799346253925e-17,
        -0.707106782917588,
        0.707106779455507,
        0.0814974745618855
      ],
      [
        2.62025173182172e-16,
        0.707106779455507,
        0.707106782917588,
        0.299962513104234
      ],
      [
        0.0,
        0.0,
        0.0,
        1.0
      ]
    ],
    "2": [
      [
        -1.0,
        1.5310599906144e-16,
        -9.58110069083275e-17,
        -1.98711846102873e-17
      ],
      [
        4.05136779103813e-17,
        0.707106782917588,
        0.707106779455507,
        0.0814974745618855
      ],
      [
        1.76010902774695e-16,
        0.707106779455507,
        -0.707106782917588,
        0.120967563495772
      ],
      [
        0.0,
        0.0,
        0.0,
        1.0
      ]
    ],
    "3": [
      [
        -1.0,
        -1.52279146600507e-16,
        2.18275686823063e-16,
        1.98711846102873e-17
      ],
      [
        -4.66666004847745e-17,
        -0.707106782917588,
        -0.707106779455507,
        -0.0814974745618855
      ],
      [
        2.62021835629501e-16,
        -0.707106779455507,
        0.707106782917588,
        0.299962513104234
      ],
      [
        0.0,
        0.0,
        0.0,
        1.0
      ]
    ]
  },
  "simTime": 0.24299999999999,
  "state": [
    -9.2304716426746e-36,
    3.92390757261462e-21,
    0.210465038300003,
    0.707106781186548,
    -7.98648115766154e-19,
    0.707106781186548,
    -8.78945997599808e-19,
    -7.12726662250527e-35,
    -2.01790673785238e-20,
    -2.38300380000003,
    5.27561855459133e-19,
    -1.15677200332884e-17,
    -2.10108333302308e-17,
    1.0,
    2.39804784572991e-18,
    5.35063772827029e-20,
    -1.33539502107395e-18,
    1.0,
    -2.39914550660487e-18,
    -5.35063772827023e-20,
    1.33189936833877e-18,
    1.0,
    -1.99177215229973e-18,
    5.71992472933339e-20,
    9.16308710435518e-19,
    1.0,
    2.40519838276613e-18,
    -5.71992472933331e-20,
    -1.33018292699298e-18,
    1.26734675831447e-17,
    1.85298512211448e-19,
    -2.30550844545135e-17,
    -1.27380298740548e-17,
    -1.85298512211445e-19,
    2.3056332411337e-17,
    -1.68285053412347e-17,
    6.83976423440284e-20,
    1.86853284632043e-17,
    1.26993598159539e-17,
    -6.8397642344027e-20,
    -2.31823733254951e-17
  ]
}