{
  "T_WB": [
    [
      0.987556389607527,
      -0.00231541990063548,
      -0.157248262871263,
      -0.093844070034513
    ],
    [
      0.00266313301629196,
      0.999994452695376,
      0.00200057517058538,
      1.78333566288904e-05
    ],
    [
      0.157242758395685,
      -0.00239445383320877,
      0.987557077602584,
      0.213888254326562
    ],
    [
      0.0,
      0.0,
      0.0,
      1.0
    ]
  ],
  "T_WH": {
    "0": [
      [
        -0.164712538149722,
        0.960782940610972,
        -0.223082766719461,
        -0.0542677210133916
      ],
      [
        -0.84630932154427,
        -0.253828214368845,
        -0.468328698520175,
        -0.0318754638089715
      ],
      [
        -0.506586924469585,
        0.111657416328952,
        0.854928248062485,
        0.220254587185052
      ],
      [
        0.0,
        0.0,
        0.0,
        1.0
      ]
    ],
    "1": [
      [
        -0.619532835812251,
        -0.774212092140062,
        -0.129517187023723,
        -0.133420419055634
      ],
      [
        0.775906956995043,
        -0.628987291926189,
        0.0484084773779523,
        0.0319111305222292
      ],
      [
        -0.118943093272049,
        -0.0705026451948191,
        0.990394829138062,
        0.207521921468072
      ],
      [
        0.0,
        0.0,
        0.0,
        1.0
      ]
    ],
    "2": [
      [
        -0.168564953065414,
        -0.959535379246183,
        -0.22556088440361,
        -0.0544159078870323
      ],
      [
        0.842709418463065,
        -0.258991298761193,
        0.471979176658922,
        0.0321241811635326
      ],
      [
        -0.511299024673134,
        -0.110523133962416,
        0.852266357559318,
        0.220101342139727
      ],
      [
        0.0,
        0.0,
        0.0,
        1.0
      ]
    ],
    "3": [
      [
        -0.615927915110547,
        0.777183761820052,
        -0.128911612164334,
        -0.133272232181994
      ],
      [
        -0.779314003984571,
        -0.625035249268511,
        -0.044728294908108,
        -0.0320885144502748
      ],
      [
        -0.11533640613922,
        0.0729132192066927,
        0.990646847208331,
        0.207675166513397
      ],
      [
        0.0,
        0.0,
        0.0,
        1.0
      ]
    ]
  },
  "T_WP": {
    "0": [
      [
        0.223082766719461,
        0.960782940610972,
        -0.164712538149722,
        -0.0657975986838722
      ],
      [
        0.468328698520175,
        -0.253828214368845,
        -0.84630932154427,
        -0.0911171163170704
      ],
      [
        -0.854928248062485,
        0.111657416328952,
        -0.506586924469585,
        0.184793502472181
      ],
      [
        0.0,
        0.0,
        0.0,
        1.0
      ]
    ],
    "1": [
      [
        0.129517187023723,
        -0.774212092140062,
        -0.619532835812251,
        -0.176787717562492
      ],
      [
        -0.0484084773779522,
        -0.628987291926189,
        0.775906956995043,
        0.0862246175118822
      ],
      [
        -0.990394829138062,
        -0.0705026451948191,
        -0.118943093272049,
        0.199195904939028
      ],
      [
        0.0,
        0.0,
        0.0,
        1.0
      ]
    ],
    "2": [
      [
        0.22556088440361,
        -0.959535379246183,
        -0.168564953065414,
        -0.0662154546016113
      ],
      [
        -0.471979176658922,
        -0.258991298761193,
        0.842709418463065,
        0.0911138404559471
      ],
      [
        -0.852266357559318,
        -0.110523133962416,
        -0.511299024673134,
        0.184310410412607
      ],
      [
        0.0,
        0.0,
        0.0,
        1.0
      ]
    ],
    "3": [
      [
        0.128911612164334,
        0.777183761820052,
        -0.615927915110547,
        -0.176387186239732
      ],
      [
        0.0447282949081079,
        -0.625035249268511,
        -0.779314003984571,
        -0.0866404947291948
      ],
      [
        -0.990646847208331,
        0.0729132192066927,
        -0.11533640613922,
        0.199601618083652
      ],
      [
        0.0,
        0.0,
        0.0,
        1.0
      ]
    ]
  },
  "simTime": 0.668999999999943,
  "state": [
    -0.093844070034513,
    1.78333566288904e-05,
    0.213888254326562,
    0.996883634120037,
    -0.00110219208475463,
    -0.0788685385392433,
    0.00124852910272774,
    -0.337706144729695,
    -0.000307318195322798,
    -1.69968516787418,
    -0.0118480196905084,
    -2.58467753214373,
    0.000281213258585056,
    0.837318307116856,
    0.105253503689354,
    0.222946750288636,
    -0.4879697726948,
    0.998225729132565,
    0.025894062570471,
    0.007885887443937,
    -0.0530349318900003,
    0.837194384198954,
    -0.105502895000084,
    0.223230058254811,
    0.48799901977759,
    0.99821788735742,
    -0.0261947460498491,
    0.00792844350850398,
    0.0530285246127567,
    -5.07451417877431,
    -2.54168811757591,
    -1.42398285892954,
    -0.489916459757963,
    0.0863252123964564,
    -0.43405037914267,
    5.07628280617517,
    -2.54419850429686,
    1.42486646104433,
    0.489295805267643,
    0.0860264619763958,
    0.43712873363895
  ]
}