{
  "T_WB": [
    [
      -0.351176322476868,
      -0.616683351227866,
      0.704540158436686,
      -0.0940468249066228
    ],
    [
      -0.49270372605864,
      0.761570408278896,
      0.421014906579148,
      0.00238554254094393
    ],
    [
      -0.796189819615621,
      -0.199279094619292,
      -0.571287680234888,
      0.888485826898371
    ],
    [
      0.0,
      0.0,
      0.0,
      1.0
    ]
  ],
  "T_WH": {
    "0": [
      [
        -0.156761168165497,
        -0.306089925813494,
        0.93900739798517,
        0.00568681434021697
      ],
      [
        -0.777220903385714,
        0.62486870446303,
        0.0739376056076313,
        -0.0440784021072703
      ],
      [
        -0.609387892475461,
        -0.71822563272149,
        -0.335854636719715,
        -0.0254706617568075
      ],
      [
        0.0,
        0.0,
        0.0,
        1.0
      ]
    ],
    "1": [
      [
        -0.353171633697586,
        0.647014469543197,
        0.67575296769834,
        -0.00568681434021697
      ],
      [
        0.896684738265276,
        0.0280510402443458,
        0.44178005761164,
        0.0440784021072703
      ],
      [
        0.266882515938216,
        0.761961557654286,
        -0.5900748319862,
        0.0254706617568075
      ],
      [
        0.0,
        0.0,
        0.0,
        1.0
      ]
    ],
    "2": [
      [
        -0.669680407113705,
        -0.682882572114495,
        0.291889611035258,
        -0.0337809201383664
      ],
      [
        -0.213808277774952,
        0.553681627861137,
        0.804812198791713,
        0.00466210402257906
      ],
      [
        -0.711206139373763,
        0.476558545901061,
        -0.516795684623754,
        -0.0382245238124422
      ],
      [
        0.0,
        0.0,
        0.0,
        1.0
      ]
    ],
    "3": [
      [
        0.676931691785162,
        -0.04299101071116,
        0.734789260710111,
        0.0337809201383664
      ],
      [
        -0.443509745766962,
        -0.820537263022882,
        0.360579679683482,
        -0.00466210402257906
      ],
      [
        0.587420284010182,
        -0.569974010801327,
        -0.574514609861618,
        0.0382245238124422
      ],
      [
        0.0,
        0.0,
        0.0,
        1.0
      ]
    ]
  },
  "T_WP": {
    "0": [
      [
        -0.93900739798517,
        -0.306089925813494,
        -0.156761168165497,
        -0.00528646743136783
      ],
      [
        -0.0739376056076313,
        0.62486870446303,
        -0.777220903385714,
        -0.0984838653442702
      ],
      [
        0.335854636719715,
        -0.71822563272149,
        -0.609387892475461,
        -0.0681278142300898
      ],
      [
        0.0,
        0.0,
        0.0,
        1.0
      ]
    ],
    "1": [
      [
        -0.67575296769834,
        0.647014469543197,
        -0.353171633697586,
        -0.030408828699048
      ],
      [
        -0.44178005761164,
        0.0280510402443458,
        0.896684738265276,
        0.10684633378584
      ],
      [
        0.5900748319862,
        0.761961557654286,
        0.266882515938216,
        0.0441524378724826
      ],
      [
        0.0,
        0.0,
        0.0,
        1.0
      ]
    ],
    "2": [
      [
        -0.291889611035258,
        -0.682882572114495,
        -0.669680407113705,
        -0.0806585486363258
      ],
      [
        -0.804812198791713,
        0.553681627861137,
        -0.213808277774951,
        -0.0103044754216675
      ],
      [
        0.516795684623754,
        0.476558545901061,
        -0.711206139373763,
        -0.0880089535686056
      ],
      [
        0.0,
        0.0,
        0.0,
        1.0
      ]
    ],
    "3": [
      [
        -0.734789260710111,
        -0.04299101071116,
        0.676931691785162,
        0.0811661385633278
      ],
      [
        -0.360579679683482,
        -0.820537263022882,
        -0.443509745766962,
        -0.0357077862262664
      ],
      [
        0.574514609861618,
        -0.569974010801327,
        0.587420284010182,
        0.079343943693155
      ],
      [
        0.0,
        0.0,
        0.0,
        1.0
      ]
    ]
  }
}