{
  "arms": {
    "0": [
      [
        0.601654469966888,
        -0.25503596663475,
        -0.756946742534637,
        -0.0403997600078583
      ],
      [
        0.729548275470734,
        0.561309814453125,
        0.39075642824173,
        0.197849243879318
      ],
      [
        0.325224727392197,
        -0.7873295545578,
        0.523775696754456,
        0.032080452889204
      ],
      [
        0.0,
        0.0,
        0.0,
        1.0
      ]
    ],
    "1": [
      [
        0.837895572185516,
        -0.447693049907684,
        0.312252849340439,
        0.0197031777352095
      ],
      [
        0.536763787269592,
        0.571994602680206,
        -0.620247364044189,
        0.145051196217537
      ],
      [
        0.0990735068917274,
        0.687308609485626,
        0.719577193260193,
        0.0320371128618717
      ],
      [
        0.0,
        0.0,
        0.0,
        1.0
      ]
    ],
    "2": [
      [
        0.871184289455414,
        0.42285743355751,
        0.249458178877831,
        0.0194596592336893
      ],
      [
        0.489708691835403,
        -0.712243258953094,
        -0.502886593341827,
        0.144826516509056
      ],
      [
        -0.0349744260311127,
        0.560268819332123,
        -0.827572166919708,
        -0.0319620296359062
      ],
      [
        0.0,
        0.0,
        0.0,
        1.0
      ]
    ],
    "3": [
      [
        0.553801596164703,
        0.429950475692749,
        -0.713054180145264,
        -0.0406432785093784
      ],
      [
        0.786321997642517,
        -0.551719129085541,
        0.278035640716553,
        0.197624579071999
      ],
      [
        -0.273864060640335,
        -0.714666783809662,
        -0.64362245798111,
        -0.0319186896085739
      ],
      [
        0.0,
        0.0,
        0.0,
        1.0
      ]
    ]
  },
  "base": [
    [
      -0.751286745071411,
      -0.00380499428138137,
      -0.659964799880981,
      -0.0104700513184071
    ],
    [
      0.659975647926331,
      -0.0035106441937387,
      -0.751278817653656,
      0.171337887644768
    ],
    [
      0.000541709887329489,
      -0.999986588954926,
      0.00514870462939143,
      5.92119322391227e-05
    ],
    [
      0.0,
      0.0,
      0.0,
      1.0
    ]
  ]
}