{
  "T_WB": [
    [
      -2.22044604925031e-16,
      5.97433836948336e-25,
      1.0,
      -2.78301594810812e-38
    ],
    [
      -4.28367878779846e-22,
      1.0,
      -5.97433836948362e-25,
      1.57431408617211e-23
    ],
    [
      -1.0,
      -4.28367878779846e-22,
      -2.22044604925031e-16,
      0.4999215472
    ],
    [
      0.0,
      0.0,
      0.0,
      1.0
    ]
  ],
  "T_WH": {
    "0": [
      [
        -1.57009250903114e-16,
        -1.56999940363775e-16,
        1.0,
        -8.88178421611913e-18
      ],
      [
        -0.707106779455507,
        0.707106782917588,
        -6.58300194071467e-21,
        -0.032
      ],
      [
        -0.707106782917588,
        -0.707106779455507,
        -2.22038028499737e-16,
        0.4599215472
      ],
      [
        0.0,
        0.0,
        0.0,
        1.0
      ]
    ],
    "1": [
      [
        1.57009250903114e-16,
        1.56999046750161e-16,
        1.0,
        8.88178421611913e-18
      ],
      [
        0.707106779455507,
        -0.707106782917588,
        -7.21488218845108e-21,
        0.032
      ],
      [
        0.707106782917588,
        0.707106779455507,
        -2.22037396619492e-16,
        0.5399215472
      ],
      [
        0.0,
        0.0,
        0.0,
        1.0
      ]
    ],
    "2": [
      [
        -1.57009250902435e-16,
        1.57002240194573e-16,
        1.0,
        -8.88178417788337e-18
      ],
      [
        0.707106779455507,
        0.707106782917588,
        4.95677550364594e-21,
        0.032
      ],
      [
        -0.707106782917588,
        0.707106779455507,
        -2.22039654725206e-16,
        0.4599215472
      ],
      [
        0.0,
        0.0,
        0.0,
        1.0
      ]
    ],
    "3": [
      [
        1.57009250902435e-16,
        -1.56999960083474e-16,
        1.0,
        8.88178417788337e-18
      ],
      [
        -0.707106779455507,
        -0.707106782917588,
        6.56905752801939e-21,
        -0.032
      ],
      [
        0.707106782917588,
        -0.707106779455507,
        -2.2203804244319e-16,
        0.5399215472
      ],
      [
        0.0,
        0.0,
        0.0,
        1.0
      ]
    ]
  },
  "T_WP": {
    "0": [
      [
        -1.0,
        -1.56999940363775e-16,
        -9.57769109457465e-17,
        -1.98724317793371e-17
      ],
      [
        -4.32912197038383e-17,
        0.707106782917588,
        -0.707106779455507,
        -0.0814974745618855
      ],
      [
        1.78740225581967e-16,
        -0.707106779455507,
        -0.707106782917588,
        0.410424072395769
      ],
      [
        0.0,
        0.0,
        0.0,
        1.0
      ]
    ],
    "1": [
      [
        -1.0,
        1.56999046750161e-16,
        2.18241590860482e-16,
        1.98724317793371e-17
      ],
      [
        4.33050175879675e-17,
        -0.707106782917588,
        0.707106779455507,
        0.0814974745618855
      ],
      [
        2.65335199537263e-16,
        0.707106779455507,
        0.707106782917588,
        0.589419022004231
      ],
      [
        0.0,
        0.0,
        0.0,
        1.0
      ]
    ],
    "2": [
      [
        -1.0,
        1.57002240194573e-16,
        -9.57769109450678e-17,
        -1.98724317410539e-17
      ],
      [
        4.32928459302754e-17,
        0.707106782917588,
        0.707106779455507,
        0.0814974745618855
      ],
      [
        1.78741851807436e-16,
        0.707106779455507,
        -0.707106782917588,
        0.410424072395769
      ],
      [
        0.0,
        0.0,
        0.0,
        1.0
      ]
    ],
    "3": [
      [
        -1.0,
        -1.56999960083474e-16,
        2.18241590859803e-16,
        1.98724317410539e-17
      ],
      [
        -4.3304371763307e-17,
        -0.707106782917588,
        -0.707106779455507,
        -0.0814974745618855
      ],
      [
        2.6533584536096e-16,
        -0.707106779455507,
        0.707106782917588,
        0.589419022004231
      ],
      [
        0.0,
        0.0,
        0.0,
        1.0
      ]
    ]
  },
  "simTime": 0.004,
  "state": [
    -2.78301594810812e-38,
    1.57431408617211e-23,
    0.4999215472,
    0.707106781186548,
    -1.51239691205155e-22,
    0.707106781186548,
    -1.51662140722571e-22,
    -1.36271878293569e-35,
    7.8998368245915e-21,
    -0.0392264,
    5.71530305456708e-22,
    -6.2334966716211e-21,
    -3.46995799798728e-19,
    1.0,
    4.6523488924147e-21,
    2.11395952737663e-24,
    -3.94489979549707e-24,
    1.0,
    -5.09915569939314e-21,
    -2.11395952737659e-24,
    4.01631013609698e-24,
    1.0,
    -3.50285594272503e-21,
    2.53606967079891e-24,
    3.10009129431723e-24,
    1.0,
    4.64291149255375e-21,
    -2.53606967079815e-24,
    -3.53628255317336e-24,
    4.51380396184134e-18,
    3.99981477230065e-21,
    -7.56692971357786e-21,
    -5.23770062559312e-18,
    -3.99981477230055e-21,
    7.76374534283041e-21,
    -3.63566864078957e-18,
    4.79921927097779e-21,
    5.98451367514925e-21,
    4.50433267278338e-18,
    -4.79921927097705e-21,
    -6.79324345803631e-21
  ]
}