{
  "T_WB": [
    [
      -2.22044604925031e-16,
      7.09391407428929e-20,
      1.0,
      -3.87055009565297e-36
    ],
    [
      -1.07858045482309e-18,
      1.0,
      -7.09391407428929e-20,
      5.07633971307891e-21
    ],
    [
      -1.0,
      -1.07858045482309e-18,
      -2.22044604925031e-16,
      0.354096179375002
    ],
    [
      0.0,
      0.0,
      0.0,
      1.0
    ]
  ],
  "T_WH": {
    "0": [
      [
        -1.57141109798336e-16,
        -1.53317775320153e-16,
        1.0,
        -8.88405424950503e-18
      ],
      [
        -0.707106779455507,
        0.707106782917588,
        -2.70350519885086e-18,
        -0.032
      ],
      [
        -0.707106782917588,
        -0.707106779455507,
        -2.19527582953517e-16,
        0.314096179375002
      ],
      [
        0.0,
        0.0,
        0.0,
        1.0
      ]
    ],
    "1": [
      [
        1.57141109798336e-16,
        1.53322279880063e-16,
        1.0,
        8.88405424950503e-18
      ],
      [
        0.707106779455507,
        -0.707106782917588,
        -2.7003199939841e-18,
        0.032
      ],
      [
        0.707106782917588,
        0.707106779455507,
        -2.19530768158369e-16,
        0.394096179375002
      ],
      [
        0.0,
        0.0,
        0.0,
        1.0
      ]
    ],
    "2": [
      [
        -1.57055891407741e-16,
        1.54467125282203e-16,
        1.0,
        -8.87951414449748e-18
      ],
      [
        0.707106779455507,
        0.707106782917588,
        1.83053354301495e-18,
        0.032
      ],
      [
        -0.707106782917588,
        0.707106779455507,
        -2.20280037601631e-16,
        0.314096179375002
      ],
      [
        0.0,
        0.0,
        0.0,
        1.0
      ]
    ],
    "3": [
      [
        1.57055891407741e-16,
        -1.53409108645132e-16,
        1.0,
        8.87951414449748e-18
      ],
      [
        -0.707106779455507,
        -0.707106782917588,
        2.57866428352773e-18,
        -0.032
      ],
      [
        0.707106782917588,
        -0.707106779455507,
        -2.19531906864781e-16,
        0.394096179375002
      ],
      [
        0.0,
        0.0,
        0.0,
        1.0
      ]
    ]
  },
  "T_WP": {
    "0": [
      [
        -1.0,
        -1.53317775320153e-16,
        -9.59087698409685e-17,
        -1.98839319353886e-17
      ],
      [
        -4.05942975069282e-17,
        0.707106782917588,
        -0.707106779455507,
        -0.0814974745618855
      ],
      [
        1.76229780035747e-16,
        -0.707106779455507,
        -0.707106782917588,
        0.264598704570771
      ],
      [
        0.0,
        0.0,
        0.0,
        1.0
      ]
    ],
    "1": [
      [
        -1.0,
        1.53322279880063e-16,
        2.18373449755704e-16,
        1.98839319353886e-17
      ],
      [
        4.59981226997631e-17,
        -0.707106782917588,
        0.707106779455507,
        0.0814974745618855
      ],
      [
        2.62828571076139e-16,
        0.707106779455507,
        0.707106782917588,
        0.443593654179233
      ],
      [
        0.0,
        0.0,
        0.0,
        1.0
      ]
    ],
    "2": [
      [
        -1.0,
        1.54467125282203e-16,
        -9.58235514503733e-17,
        -1.98734265430394e-17
      ],
      [
        4.14672691627641e-17,
        0.707106782917588,
        0.707106779455507,
        0.0814974745618855
      ],
      [
        1.76982234683861e-16,
        0.707106779455507,
        -0.707106782917588,
        0.264598704570771
      ],
      [
        0.0,
        0.0,
        0.0,
        1.0
      ]
    ],
    "3": [
      [
        -1.0,
        -1.53409108645132e-16,
        2.18288231365109e-16,
        1.98734265430394e-17
      ],
      [
        -4.58764669893068e-17,
        -0.707106782917588,
        -0.707106779455507,
        -0.0814974745618855
      ],
      [
        2.62829709782551e-16,
        -0.707106779455507,
        0.707106782917588,
        0.443593654179233
      ],
      [
        0.0,
        0.0,
        0.0,
        1.0
      ]
    ]
  },
  "simTime": 0.172499999999997,
  "state": [
    -3.87055009565297e-36,
    5.07633971307891e-21,
    0.354096179375002,
    0.707106781186548,
    -3.56255003094916e-19,
    0.707106781186548,
    -4.06416550565763e-19,
    -7.23241265751234e-35,
    -1.18481182549863e-20,
    -1.69163849999996,
    6.69019208678037e-19,
    -8.39453820478296e-18,
    -1.55676085868694e-17,
    1.0,
    1.82065430813136e-18,
    4.08509991212554e-20,
    -6.25017555750474e-19,
    1.0,
    -1.81840202817612e-18,
    -4.08509991212549e-20,
    6.22039243629591e-19,
    1.0,
    -1.29614087469991e-18,
    4.84033511717138e-20,
    3.79215029270473e-19,
    1.0,
    1.82514919323556e-18,
    -4.84033511717133e-20,
    -6.16549722847555e-19,
    1.97780152503457e-17,
    5.17820685266713e-19,
    -1.68570924272084e-17,
    -1.98383561124487e-17,
    -5.1782068526671e-19,
    1.68281456845238e-17,
    -2.21571951929499e-17,
    4.34804103661998e-19,
    1.15459369453504e-17,
    1.98760971491666e-17,
    -4.34804103661994e-19,
    -1.69017111364402e-17
  ]
}