{
  "T_WB": [
    [
      -0.901505944172462,
      0.0727676210616293,
      0.426605093671827,
      -0.208492086650505
    ],
    [
      0.059795612584268,
      0.997251684738371,
      -0.0437442796506261,
      -0.000580309780207808
    ],
    [
      -0.428615815547431,
      -0.0139266152209059,
      -0.903379506105324,
      0.192389672514683
    ],
    [
      0.0,
      0.0,
      0.0,
      1.0
    ]
  ],
  "T_WH": {
    "0": [
      [
        -0.810174730598047,
        -0.554486688124454,
        -0.19016155918891,
        -0.246880888291376
      ],
      [
        -0.581719214838123,
        0.800499056210065,
        0.144235973650521,
        -0.030100539188465
      ],
      [
        0.0722472213202736,
        0.227476973998624,
        -0.971099668062928,
        0.175690691579855
      ],
      [
        0.0,
        0.0,
        0.0,
        1.0
      ]
    ],
    "1": [
      [
        0.588373064123241,
        0.517933405898032,
        0.620936489883703,
        -0.170103285009635
      ],
      [
        0.76360495981766,
        -0.608475873978866,
        -0.216019851234846,
        0.0289399196280494
      ],
      [
        0.265940976075705,
        0.601250445189457,
        -0.753507332017002,
        0.209088653449512
      ],
      [
        0.0,
        0.0,
        0.0,
        1.0
      ]
    ],
    "2": [
      [
        -0.717430140781084,
        0.662592877512482,
        -0.21509224014028,
        -0.242223760543432
      ],
      [
        0.694492636490264,
        0.704452847918063,
        -0.146376784091373,
        0.0337235686347908
      ],
      [
        0.0545341265597705,
        -0.254395093761376,
        -0.965561580278805,
        0.174799388205717
      ],
      [
        0.0,
        0.0,
        0.0,
        1.0
      ]
    ],
    "3": [
      [
        0.46261316963479,
        -0.599983707903547,
        0.652693347239548,
        -0.174760412757579
      ],
      [
        -0.838052161617562,
        -0.536130447589683,
        0.101156895837195,
        -0.0348841881952064
      ],
      [
        0.289236286949934,
        -0.593787582741166,
        -0.75083864904107,
        0.20997995682365
      ],
      [
        0.0,
        0.0,
        0.0,
        1.0
      ]
    ]
  },
  "T_WP": {
    "0": [
      [
        0.19016155918891,
        -0.554486688124454,
        -0.810174730598047,
        -0.303593119433239
      ],
      [
        -0.144235973650521,
        0.800499056210065,
        -0.581719214838123,
        -0.0708208842271336
      ],
      [
        0.971099668062928,
        0.227476973998624,
        0.0722472213202736,
        0.180747997072274
      ],
      [
        0.0,
        0.0,
        0.0,
        1.0
      ]
    ],
    "1": [
      [
        -0.620936489883703,
        0.517933405898032,
        0.588373064123241,
        -0.128917170521008
      ],
      [
        0.216019851234846,
        -0.608475873978866,
        0.76360495981766,
        0.0823922668152856
      ],
      [
        0.753507332017002,
        0.601250445189457,
        0.265940976075705,
        0.227704521774811
      ],
      [
        0.0,
        0.0,
        0.0,
        1.0
      ]
    ],
    "2": [
      [
        0.21509224014028,
        0.662592877512482,
        -0.717430140781084,
        -0.292443870398107
      ],
      [
        0.146376784091373,
        0.704452847918063,
        0.694492636490264,
        0.0823380531891093
      ],
      [
        0.965561580278805,
        -0.254395093761376,
        0.0545341265597705,
        0.178616777064901
      ],
      [
        0.0,
        0.0,
        0.0,
        1.0
      ]
    ],
    "3": [
      [
        -0.652693347239548,
        -0.599983707903547,
        0.46261316963479,
        -0.142377490883144
      ],
      [
        -0.101156895837195,
        -0.536130447589683,
        -0.838052161617562,
        -0.0935478395084358
      ],
      [
        0.75083864904107,
        -0.593787582741166,
        0.289236286949934,
        0.230226496910145
      ],
      [
        0.0,
        0.0,
        0.0,
        1.0
      ]
    ]
  },
  "simTime": 0.96749999999991,
  "state": [
    -0.208492086650505,
    -0.000580309780207808,
    0.192389672514683,
    0.21929787644924,
    0.0339921946720513,
    0.974953477738317,
    -0.0147881145583777,
    -0.463995241364852,
    -0.00321197891805454,
    -0.233626305008758,
    0.46803157234813,
    12.927486040378,
    -0.25152460346201,
    0.943992165659504,
    -0.26488240750909,
    0.186864215954071,
    0.0616268298838979,
    0.986282031795999,
    -0.148317540980228,
    0.0218681322624947,
    -0.0690756511752484,
    0.943160147070664,
    0.267718862311069,
    0.186736413554864,
    -0.0624904760197716,
    0.985286287862633,
    0.152354083757737,
    0.0251689033447689,
    0.0732508731458914,
    0.353148545039576,
    -1.98151277988317,
    2.79737877526397,
    -1.04152625529999,
    -0.652538479209112,
    1.21726197089618,
    -0.307659651548333,
    -1.9699620800405,
    -2.82650055971632,
    1.05247936272564,
    -0.66541075427204,
    -1.28388109311146
  ]
}