{
  "T_WB": [
    [
      -2.22044604925031e-16,
      2.89464866317803e-20,
      1.0,
      7.24159303509456e-37
    ],
    [
      -3.78651363927318e-19,
      1.0,
      -2.89464866317803e-20,
      4.4275098818463e-21
    ],
    [
      -1.0,
      -3.78651363927318e-19,
      -2.22044604925031e-16,
      0.4351538575
    ],
    [
      0.0,
      0.0,
      0.0,
      1.0
    ]
  ],
  "T_WH": {
    "0": [
      [
        -1.570798590036e-16,
        -1.54601635602016e-16,
        1.0,
        -8.88271048457347e-18
      ],
      [
        -0.707106779455507,
        0.707106782917588,
        -1.75236803302211e-18,
        -0.032
      ],
      [
        -0.707106782917588,
        -0.707106779455507,
        -2.20392098410279e-16,
        -0.04
      ],
      [
        0.0,
        0.0,
        0.0,
        1.0
      ]
    ],
    "1": [
      [
        1.570798590036e-16,
        1.54611331047994e-16,
        1.0,
        8.88271048457347e-18
      ],
      [
        0.707106779455507,
        -0.707106782917588,
        -1.74551231740748e-18,
        0.032
      ],
      [
        0.707106782917588,
        0.707106779455507,
        -2.2039895412586e-16,
        0.04
      ],
      [
        0.0,
        0.0,
        0.0,
        1.0
      ]
    ],
    "2": [
      [
        -1.57052045869628e-16,
        1.55557345293936e-16,
        1.0,
        -8.88085790942904e-18
      ],
      [
        0.707106779455507,
        0.707106782917588,
        1.05691237177559e-18,
        0.032
      ],
      [
        -0.707106782917588,
        0.707106779455507,
        -2.21048220356942e-16,
        -0.04
      ],
      [
        0.0,
        0.0,
        0.0,
        1.0
      ]
    ],
    "3": [
      [
        1.57052045869628e-16,
        -1.54640670845856e-16,
        1.0,
        8.88085790942904e-18
      ],
      [
        -0.707106779455507,
        -0.707106782917588,
        1.70509909174078e-18,
        -0.032
      ],
      [
        0.707106782917588,
        -0.707106779455507,
        -2.2040003364015e-16,
        0.04
      ],
      [
        0.0,
        0.0,
        0.0,
        1.0
      ]
    ]
  },
  "T_WP": {
    "0": [
      [
        -1.0,
        -1.54601635602016e-16,
        -9.58475190462322e-17,
        -1.98783006148255e-17
      ],
      [
        -4.15454346727569e-17,
        0.707106782917588,
        -0.707106779455507,
        -0.0814974745618855
      ],
      [
        1.77094295492509e-16,
        -0.707106779455507,
        -0.707106782917588,
        -0.0894974748042311
      ],
      [
        0.0,
        0.0,
        0.0,
        1.0
      ]
    ],
    "1": [
      [
        -1.0,
        1.54611331047994e-16,
        2.18312198960968e-16,
        1.98783006148255e-17
      ],
      [
        4.50433150231865e-17,
        -0.707106782917588,
        0.707106779455507,
        0.0814974745618855
      ],
      [
        2.6369675704363e-16,
        0.707106779455507,
        0.707106782917588,
        0.0894974748042311
      ],
      [
        0.0,
        0.0,
        0.0,
        1.0
      ]
    ],
    "2": [
      [
        -1.0,
        1.55557345293936e-16,
        -9.58197059122604e-17,
        -1.9874501120303e-17
      ],
      [
        4.22408903340034e-17,
        0.707106782917588,
        0.707106779455507,
        0.0814974745618855
      ],
      [
        1.77750417439172e-16,
        0.707106779455507,
        -0.707106782917588,
        -0.0894974748042311
      ],
      [
        0.0,
        0.0,
        0.0,
        1.0
      ]
    ],
    "3": [
      [
        -1.0,
        -1.54640670845856e-16,
        2.18284385826996e-16,
        1.9874501120303e-17
      ],
      [
        -4.50029017975198e-17,
        -0.707106782917588,
        -0.707106779455507,
        -0.0814974745618855
      ],
      [
        2.63697836557921e-16,
        -0.707106779455507,
        0.707106782917588,
        0.0894974748042311
      ],
      [
        0.0,
        0.0,
        0.0,
        1.0
      ]
    ]
  }
}