{
  "T_WB": [
    [
      -2.22044604925031e-16,
      2.2290310755061e-20,
      1.0,
      3.43605046197296e-37
    ],
    [
      -2.21732838799792e-19,
      1.0,
      -2.2290310755061e-20,
      4.4899414492257e-21
    ],
    [
      -1.0,
      -2.21732838799792e-19,
      -2.22044604925031e-16,
      0.451456104175
    ],
    [
      0.0,
      0.0,
      0.0,
      1.0
    ]
  ],
  "T_WH": {
    "0": [
      [
        -1.5706414567341e-16,
        -1.5498409728182e-16,
        1.0,
        -8.88249748694541e-18
      ],
      [
        -0.707106779455507,
        0.707106782917588,
        -1.47081578272175e-18,
        -0.032
      ],
      [
        -0.707106782917588,
        -0.707106779455507,
        -2.20651428654591e-16,
        0.411456104175
      ],
      [
        0.0,
        0.0,
        0.0,
        1.0
      ]
    ],
    "1": [
      [
        1.5706414567341e-16,
        1.54991526342883e-16,
        1.0,
        8.88249748694541e-18
      ],
      [
        0.707106779455507,
        -0.707106782917588,
        -1.46556264325348e-18,
        0.032
      ],
      [
        0.707106782917588,
        0.707106779455507,
        -2.20656681794034e-16,
        0.491456104175
      ],
      [
        0.0,
        0.0,
        0.0,
        1.0
      ]
    ],
    "2": [
      [
        -1.57044894681477e-16,
        1.55942096770484e-16,
        1.0,
        -8.88107090705709e-18
      ],
      [
        0.707106779455507,
        0.707106782917588,
        7.7979533934888e-19,
        0.032
      ],
      [
        -0.707106782917588,
        0.707106779455507,
        -2.21315224080767e-16,
        0.411456104175
      ],
      [
        0.0,
        0.0,
        0.0,
        1.0
      ]
    ],
    "3": [
      [
        1.57044894681477e-16,
        -1.55012485373814e-16,
        1.0,
        8.88107090705709e-18
      ],
      [
        -0.707106779455507,
        -0.707106782917588,
        1.43712986341177e-18,
        -0.032
      ],
      [
        0.707106782917588,
        -0.707106779455507,
        -2.20657889559922e-16,
        0.491456104175
      ],
      [
        0.0,
        0.0,
        0.0,
        1.0
      ]
    ]
  },
  "T_WP": {
    "0": [
      [
        -1.0,
        -1.5498409728182e-16,
        -9.58318057160426e-17,
        -1.98769876840841e-17
      ],
      [
        -4.18269869230573e-17,
        0.707106782917588,
        -0.707106779455507,
        -0.0814974745618855
      ],
      [
        1.77353625736821e-16,
        -0.707106779455507,
        -0.707106782917588,
        0.361958629370769
      ],
      [
        0.0,
        0.0,
        0.0,
        1.0
      ]
    ],
    "1": [
      [
        -1.0,
        1.54991526342883e-16,
        2.18296485630778e-16,
        1.98769876840841e-17
      ],
      [
        4.47633653490325e-17,
        -0.707106782917588,
        0.707106779455507,
        0.0814974745618855
      ],
      [
        2.63954484711804e-16,
        0.707106779455507,
        0.707106782917588,
        0.540953578979231
      ],
      [
        0.0,
        0.0,
        0.0,
        1.0
      ]
    ],
    "2": [
      [
        -1.0,
        1.55942096770484e-16,
        -9.58125547241098e-17,
        -1.98742135347605e-17
      ],
      [
        4.25180073664301e-17,
        0.707106782917588,
        0.707106779455507,
        0.0814974745618855
      ],
      [
        1.78017421162996e-16,
        0.707106779455507,
        -0.707106782917588,
        0.361958629370769
      ],
      [
        0.0,
        0.0,
        0.0,
        1.0
      ]
    ],
    "3": [
      [
        -1.0,
        -1.55012485373814e-16,
        2.18277234638845e-16,
        1.98742135347605e-17
      ],
      [
        -4.47349325691908e-17,
        -0.707106782917588,
        -0.707106779455507,
        -0.0814974745618855
      ],
      [
        2.63955692477693e-16,
        -0.707106779455507,
        0.707106782917588,
        0.540953578979231
      ],
      [
        0.0,
        0.0,
        0.0,
        1.0
      ]
    ]
  },
  "simTime": 0.0995000000000018,
  "state": [
    3.43605046197296e-37,
    4.4899414492257e-21,
    0.451456104175,
    0.707106781186548,
    -7.05135820187086e-20,
    0.707106781186548,
    -8.62752119083676e-20,
    -3.48428900773982e-35,
    3.84420621395411e-20,
    -0.975756699999988,
    5.71354563751208e-19,
    -4.31651655983238e-18,
    -7.39843015213819e-18,
    1.0,
    1.00469328613066e-18,
    1.95688954067821e-20,
    -1.58368420764282e-19,
    1.0,
    -1.00097875559923e-18,
    -1.95688954067818e-20,
    1.56681608209507e-19,
    1.0,
    -5.41455171726901e-19,
    2.57050292914293e-20,
    9.19462412260655e-20,
    1.0,
    1.00626087006193e-18,
    -2.5705029291429e-20,
    -1.52451329425669e-19,
    2.42478899945002e-17,
    6.16434895813197e-19,
    -8.48525856896285e-18,
    -2.46395946827836e-17,
    -6.16434895813191e-19,
    8.4434174320579e-18,
    -1.66797029958444e-17,
    7.86101228223905e-19,
    4.68159819528199e-18,
    2.43659097077019e-17,
    -7.86101228223898e-19,
    -8.30518513819977e-18
  ]
}