{
  "T_WB": [
    [
      -2.22044604925031e-16,
      2.78319248672638e-24,
      1.0,
      -6.27784259984934e-38
    ],
    [
      -1.54840671185484e-21,
      1.0,
      -2.78319248672637e-24,
      3.55464830812035e-23
    ],
    [
      -1.0,
      -1.54840671185484e-21,
      -2.22044604925031e-16,
      0.4998234812
    ],
    [
      0.0,
      0.0,
      0.0,
      1.0
    ]
  ],
  "T_WH": {
    "0": [
      [
        -1.57009267499322e-16,
        -1.56988917759401e-16,
        1.0,
        -8.88178428606341e-18
      ],
      [
        -0.707106779455507,
        0.707106782917588,
        -1.43888955497343e-20,
        -0.032
      ],
      [
        -0.707106782917588,
        -0.707106779455507,
        -2.22030246076748e-16,
        0.4598234812
      ],
      [
        0.0,
        0.0,
        0.0,
        1.0
      ]
    ],
    "1": [
      [
        1.57009267499322e-16,
        1.56985687501949e-16,
        1.0,
        8.88178428606341e-18
      ],
      [
        0.707106779455507,
        -0.707106782917588,
        -1.66730325044417e-20,
        0.032
      ],
      [
        0.707106782917588,
        0.707106779455507,
        -2.22027961939804e-16,
        0.5398234812
      ],
      [
        0.0,
        0.0,
        0.0,
        1.0
      ]
    ],
    "2": [
      [
        -1.57009267419717e-16,
        1.56992900017612e-16,
        1.0,
        -8.88178410793909e-18
      ],
      [
        0.707106779455507,
        0.707106782917588,
        1.15729574689968e-20,
        0.032
      ],
      [
        -0.707106782917588,
        0.707106779455507,
        -2.22033061902238e-16,
        0.4598234812
      ],
      [
        0.0,
        0.0,
        0.0,
        1.0
      ]
    ],
    "3": [
      [
        1.57009267419717e-16,
        -1.56988964312894e-16,
        1.0,
        8.88178410793909e-18
      ],
      [
        -0.707106779455507,
        -0.707106782917588,
        1.43559209704295e-20,
        -0.032
      ],
      [
        0.707106782917588,
        -0.707106779455507,
        -2.2203027893875e-16,
        0.5398234812
      ],
      [
        0.0,
        0.0,
        0.0,
        1.0
      ]
    ]
  },
  "T_WP": {
    "0": [
      [
        -1.0,
        -1.56988917759401e-16,
        -9.57769275419539e-17,
        -1.98724330110159e-17
      ],
      [
        -4.32834138102293e-17,
        0.707106782917588,
        -0.707106779455507,
        -0.0814974745618855
      ],
      [
        1.78732443158978e-16,
        -0.707106779455507,
        -0.707106782917588,
        0.410326006395769
      ],
      [
        0.0,
        0.0,
        0.0,
        1.0
      ]
    ],
    "1": [
      [
        -1.0,
        1.56985687501949e-16,
        2.18241607456689e-16,
        1.98724330110159e-17
      ],
      [
        4.33144757382835e-17,
        -0.707106782917588,
        0.707106779455507,
        0.0814974745618855
      ],
      [
        2.65325764857575e-16,
        0.707106779455507,
        0.707106782917588,
        0.589320956004231
      ],
      [
        0.0,
        0.0,
        0.0,
        1.0
      ]
    ],
    "2": [
      [
        -1.0,
        1.56992900017612e-16,
        -9.57769274623498e-17,
        -1.98724328273193e-17
      ],
      [
        4.328622974831e-17,
        0.707106782917588,
        0.707106779455507,
        0.0814974745618855
      ],
      [
        1.78735258984467e-16,
        0.707106779455507,
        -0.707106782917588,
        0.410326006395769
      ],
      [
        0.0,
        0.0,
        0.0,
        1.0
      ]
    ],
    "3": [
      [
        -1.0,
        -1.56988964312894e-16,
        2.18241607377085e-16,
        1.98724328273193e-17
      ],
      [
        -4.33121586267495e-17,
        -0.707106782917588,
        -0.707106779455507,
        -0.0814974745618855
      ],
      [
        2.6532808185652e-16,
        -0.707106779455507,
        0.707106782917588,
        0.589320956004231
      ],
      [
        0.0,
        0.0,
        0.0,
        1.0
      ]
    ]
  },
  "simTime": 0.006,
  "state": [
    -6.27784259984934e-38,
    3.55464830812035e-23,
    0.4998234812,
    0.707106781186548,
    -5.46460435853305e-22,
    0.707106781186548,
    -5.48428450134016e-22,
    -2.05762429177261e-35,
    1.19096422136216e-20,
    -0.0588396000000001,
    1.74346907430549e-21,
    -1.89753206995406e-20,
    -8.01877360137648e-19,
    1.0,
    1.01628782970193e-20,
    9.63928084631799e-24,
    -1.84586732471503e-23,
    1.0,
    -1.17780070228978e-20,
    -9.63928084631785e-24,
    1.90858447332232e-23,
    1.0,
    -8.17371720596021e-21,
    1.15674930502049e-23,
    1.46955181293204e-23,
    1.0,
    1.01415695648005e-20,
    -1.15674930502032e-23,
    -1.65927643631867e-23,
    6.47717583286867e-18,
    1.18684622173285e-20,
    -2.31984995934209e-20,
    -8.15008103374662e-18,
    -1.18684622173285e-20,
    2.42917747165369e-20,
    -5.73488839378993e-18,
    1.42461697210949e-20,
    1.86698822604508e-20,
    6.46289709969185e-18,
    -1.42461697210937e-20,
    -2.08981973551663e-20
  ]
}