{
  "T_WB": [
    [
      0.965289067946258,
      -0.00221903325686524,
      -0.261174445907041,
      -0.109004722203439
    ],
    [
      0.00290287429809587,
      0.999993294417481,
      0.00223258614216423,
      2.77589928517605e-06
    ],
    [
      0.261167740397344,
      -0.00291324758262242,
      0.965289036695366,
      0.12817622407859
    ],
    [
      0.0,
      0.0,
      0.0,
      1.0
    ]
  ],
  "T_WH": {
    "0": [
      [
        -0.165029193025371,
        0.983367581999713,
        -0.0758522519206445,
        -0.0703221504213692
      ],
      [
        -0.889673592981052,
        -0.181619036136519,
        -0.418921739308224,
        -0.0318808945501504
      ],
      [
        -0.425730270713254,
        -0.00165057107687721,
        0.904848612870429,
        0.138716157617128
      ],
      [
        0.0,
        0.0,
        0.0,
        1.0
      ]
    ],
    "1": [
      [
        -0.590101670499013,
        -0.766365515203511,
        -0.253897450914993,
        -0.147687293985509
      ],
      [
        0.786018768449878,
        -0.61715473506521,
        0.0359795585176839,
        0.0318864463487207
      ],
      [
        -0.184267506953374,
        -0.178336564095663,
        0.966561718561076,
        0.117636290540053
      ],
      [
        0.0,
        0.0,
        0.0,
        1.0
      ]
    ],
    "2": [
      [
        -0.168902892329255,
        -0.982548081468974,
        -0.0779171390930873,
        -0.0704641685498086
      ],
      [
        0.886153628723925,
        -0.185990039241556,
        0.424428382182841,
        0.0321186762925684
      ],
      [
        -0.431513104392244,
        0.00264062579018201,
        0.902102803361792,
        0.13852970977184
      ],
      [
        0.0,
        0.0,
        0.0,
        1.0
      ]
    ],
    "3": [
      [
        -0.586481440745562,
        0.769318831166475,
        -0.253353617842054,
        -0.14754527585707
      ],
      [
        -0.789761368051364,
        -0.612582368176581,
        -0.0319346791562015,
        -0.0321131244939981
      ],
      [
        -0.179767909245916,
        0.181359803186427,
        0.966846482433242,
        0.11782273838534
      ],
      [
        0.0,
        0.0,
        0.0,
        1.0
      ]
    ]
  },
  "T_WP": {
    "0": [
      [
        0.0758522519206445,
        0.983367581999713,
        -0.165029193025371,
        -0.0818741939331452
      ],
      [
        0.418921739308224,
        -0.181619036136519,
        -0.889673592981052,
        -0.094158046058824
      ],
      [
        -0.904848612870429,
        -0.00165057107687721,
        -0.425730270713254,
        0.1089150386672
      ],
      [
        0.0,
        0.0,
        0.0,
        1.0
      ]
    ],
    "1": [
      [
        0.253897450914993,
        -0.766365515203511,
        -0.590101670499013,
        -0.18899441092044
      ],
      [
        -0.0359795585176839,
        -0.61715473506521,
        0.786018768449878,
        0.0869077601402122
      ],
      [
        -0.966561718561076,
        -0.178336564095663,
        -0.184267506953374,
        0.104737565053316
      ],
      [
        0.0,
        0.0,
        0.0,
        1.0
      ]
    ],
    "2": [
      [
        0.0779171390930873,
        -0.982548081468974,
        -0.168902892329255,
        -0.0822873710128564
      ],
      [
        -0.424428382182841,
        -0.185990039241556,
        0.886153628723925,
        0.0941494303032432
      ],
      [
        -0.902102803361792,
        0.00264062579018201,
        -0.431513104392244,
        0.108323792464383
      ],
      [
        0.0,
        0.0,
        0.0,
        1.0
      ]
    ],
    "3": [
      [
        0.253353617842054,
        0.769318831166475,
        -0.586481440745562,
        -0.188598976709259
      ],
      [
        0.0319346791562015,
        -0.612582368176581,
        -0.789761368051364,
        -0.0873964202575935
      ],
      [
        -0.966846482433242,
        0.181359803186427,
        -0.179767909245915,
        0.105238984738126
      ],
      [
        0.0,
        0.0,
        0.0,
        1.0
      ]
    ]
  },
  "simTime": 0.713499999999938,
  "state": [
    -0.109004722203439,
    2.77589928517605e-06,
    0.12817622407859,
    0.991283435635226,
    -0.00129777053156576,
    -0.131733812834687,
    0.00129173639214473,
    -0.342440274867253,
    -0.000366753416508745,
    -2.15256184822724,
    -0.0118634870780385,
    -2.20279664253906,
    0.000437525560898967,
    0.846721512996263,
    -0.0222421488298993,
    0.230970492446197,
    -0.478769879862872,
    0.997974958449564,
    0.0139659629379167,
    0.010164153145081,
    -0.0612178419878717,
    0.846648168028922,
    0.0220441054628705,
    0.231236491732694,
    0.478780348258748,
    0.997966373851183,
    -0.0142691042428402,
    0.0102049456545008,
    0.0612810607823982,
    -5.09233541951982,
    -2.60178122777002,
    -0.113509385319687,
    -0.581044641457817,
    0.0424848487555404,
    -0.310949715362711,
    5.09350287157084,
    -2.60416098985519,
    0.113447736320295,
    0.581348595814263,
    0.0422504636490275,
    0.314183835290684
  ]
}