{
  "arms": {
    "0": [
      [
        -0.907218337059021,
        -0.0745487362146378,
        0.414001524448395,
        0.00864721462130547
      ],
      [
        -0.271879345178604,
        -0.647079467773438,
        -0.712298989295959,
        0.26605013012886
      ],
      [
        0.320992887020111,
        -0.75876921415329,
        0.566774129867554,
        0.0319874174892902
      ],
      [
        0.0,
        0.0,
        0.0,
        1.0
      ]
    ],
    "1": [
      [
        -0.939287781715393,
        0.317182660102844,
        -0.130895167589188,
        -0.0180089883506298
      ],
      [
        -0.323312759399414,
        -0.690347135066986,
        0.64721691608429,
        0.341478556394577
      ],
      [
        0.114922881126404,
        0.650243103504181,
        0.750983834266663,
        0.0320430770516396
      ],
      [
        0.0,
        0.0,
        0.0,
        1.0
      ]
    ],
    "2": [
      [
        -0.998928666114807,
        0.0159126743674278,
        -0.0434531159698963,
        -0.0180171635001898
      ],
      [
        -0.0125719215720892,
        0.810376763343811,
        0.585774183273315,
        0.341522872447968
      ],
      [
        0.0445346347987652,
        0.585692942142487,
        -0.809308588504791,
        -0.0319569073617458
      ],
      [
        0.0,
        0.0,
        0.0,
        1.0
      ]
    ],
    "3": [
      [
        -0.898385763168335,
        -0.281638979911804,
        0.337019771337509,
        0.00863903854042292
      ],
      [
        -0.439119756221771,
        0.591273128986359,
        -0.676439106464386,
        0.266094475984573
      ],
      [
        -0.00875912420451641,
        -0.755695343017578,
        -0.654864728450775,
        -0.0320125669240952
      ],
      [
        0.0,
        0.0,
        0.0,
        1.0
      ]
    ]
  },
  "base": [
    [
      0.333202540874481,
      -0.000127744773635641,
      0.942855179309845,
      -0.00468497490510345
    ],
    [
      -0.942855000495911,
      0.000692786066792905,
      0.333202570676804,
      0.303786516189575
    ],
    [
      -0.000695761875249445,
      -0.999999761581421,
      0.000110393273644149,
      1.52540069393581e-05
    ],
    [
      0.0,
      0.0,
      0.0,
      1.0
    ]
  ]
}