{
  "T_WB": [
    [
      0.441388886636174,
      -0.000701798298310349,
      0.897315640247749,
      -0.0106171045461404
    ],
    [
      0.000547158823370259,
      0.999999718743878,
      0.000512961388857145,
      1.41135851810927e-05
    ],
    [
      -0.897315747867662,
      0.000264558713594687,
      0.441389146487979,
      0.255889314243065
    ],
    [
      0.0,
      0.0,
      0.0,
      1.0
    ]
  ],
  "T_WH": {
    "0": [
      [
        0.524483129607133,
        0.845584473077668,
        0.0995205790149496,
        0.00706090846485247
      ],
      [
        -0.632908398031297,
        0.465390625847116,
        -0.618739464617448,
        -0.0319639910616882
      ],
      [
        -0.569512428713338,
        0.261531000578502,
        0.779267046189843,
        0.219988218449524
      ],
      [
        0.0,
        0.0,
        0.0,
        1.0
      ]
    ],
    "1": [
      [
        -0.261863760010923,
        -0.226722537095588,
        0.938096083760017,
        -0.0282951175571333
      ],
      [
        0.663320686319955,
        -0.748322884070876,
        0.00430444838160732,
        0.0319922182320504
      ],
      [
        0.701022851477015,
        0.623385717151738,
        0.346348393035465,
        0.291790410036607
      ],
      [
        0.0,
        0.0,
        0.0,
        1.0
      ]
    ],
    "2": [
      [
        0.524265658465124,
        -0.845913378464206,
        0.0978574242937292,
        0.00701599337376061
      ],
      [
        0.633858999423944,
        0.464393681275657,
        0.61851538189484,
        0.03203599093792
      ],
      [
        -0.568654805838662,
        -0.262238564910879,
        0.779655466773675,
        0.220005150207194
      ],
      [
        0.0,
        0.0,
        0.0,
        1.0
      ]
    ],
    "3": [
      [
        -0.26124151434164,
        0.227822212634945,
        0.938003150642153,
        -0.0282502024660415
      ],
      [
        -0.663812876035095,
        -0.7478917281013,
        -0.00322934167694781,
        -0.0320077637675578
      ],
      [
        0.700789081532027,
        -0.62350220726776,
        0.346611685806651,
        0.291773478278936
      ],
      [
        0.0,
        0.0,
        0.0,
        1.0
      ]
    ]
  },
  "T_WP": {
    "0": [
      [
        -0.0995205790149496,
        0.845584473077668,
        0.524483129607133,
        0.0437747275373518
      ],
      [
        0.618739464617448,
        0.465390625847116,
        -0.632908398031297,
        -0.076267578923879
      ],
      [
        -0.779267046189843,
        0.261531000578502,
        -0.569512428713338,
        0.18012234843959
      ],
      [
        0.0,
        0.0,
        0.0,
        1.0
      ]
    ],
    "1": [
      [
        -0.938096083760017,
        -0.226722537095588,
        -0.261863760010923,
        -0.046625580757898
      ],
      [
        -0.00430444838160728,
        -0.748322884070876,
        0.663320686319955,
        0.0784246662744473
      ],
      [
        -0.346348393035465,
        0.623385717151738,
        0.701022851477015,
        0.340862009639998
      ],
      [
        0.0,
        0.0,
        0.0,
        1.0
      ]
    ],
    "2": [
      [
        -0.0978574242937292,
        -0.845913378464206,
        0.524265658465124,
        0.0437145894663193
      ],
      [
        -0.61851538189484,
        0.464393681275657,
        0.633858999423944,
        0.0764061208975961
      ],
      [
        -0.779655466773675,
        -0.262238564910879,
        -0.568654805838662,
        0.180199313798487
      ],
      [
        0.0,
        0.0,
        0.0,
        1.0
      ]
    ],
    "3": [
      [
        -0.938003150642153,
        0.227822212634945,
        -0.26124151434164,
        -0.0465371084699563
      ],
      [
        0.00322934167694776,
        -0.7478917281013,
        -0.663812876035095,
        -0.0784746650900145
      ],
      [
        -0.346611685806651,
        -0.62350220726776,
        0.700789081532027,
        0.340828713986178
      ],
      [
        0.0,
        0.0,
        0.0,
        1.0
      ]
    ]
  },
  "simTime": 0.358499999999977,
  "state": [
    -0.0106171045461404,
    1.41135851810927e-05,
    0.255889314243065,
    0.84893724029931,
    -7.3151071560625e-05,
    0.528493539605671,
    0.000367800192520787,
    -0.175053866527333,
    0.000302065639395081,
    1.40337760359085,
    -0.00975605393537541,
    -5.38982554706518,
    0.00513322573064171,
    0.841503702152599,
    0.527469972163245,
    -0.0728246452334372,
    0.0913428638493385,
    0.998213291303807,
    0.0368172079311646,
    -0.0363597908551075,
    0.0298778157425765,
    0.841275073706114,
    -0.527747810430021,
    -0.0731668104275063,
    -0.091570283383623,
    0.998215581803206,
    -0.0367355634948985,
    -0.0362430644619795,
    -0.0300431506071548,
    2.32201489972048,
    0.656800728626477,
    -4.32504788388337,
    0.341310915239009,
    0.330317140791623,
    -0.376381122434791,
    -2.32527535837987,
    0.660011890213137,
    4.32743627900869,
    -0.343931332558485,
    0.330030795042332,
    0.37466074553285
  ]
}