{
  "T_WB": [
    [
      -2.22044604925031e-16,
      7.95054646036821e-20,
      1.0,
      -4.82293955134185e-36
    ],
    [
      -1.28794782027838e-18,
      1.0,
      -7.95054646036821e-20,
      4.90947853906893e-21
    ],
    [
      -1.0,
      -1.28794782027838e-18,
      -2.22044604925031e-16,
      0.331276221175002
    ],
    [
      0.0,
      0.0,
      0.0,
      1.0
    ]
  ],
  "T_WH": {
    "0": [
      [
        -1.57153576149623e-16,
        -1.53062171406547e-16,
        1.0,
        -8.88432837186857e-18
      ],
      [
        -0.707106779455507,
        0.707106782917588,
        -2.89305950141212e-18,
        -0.032
      ],
      [
        -0.707106782917588,
        -0.707106779455507,
        -2.19355658734904e-16,
        0.291276221175002
      ],
      [
        0.0,
        0.0,
        0.0,
        1.0
      ]
    ],
    "1": [
      [
        1.57153576149623e-16,
        1.53065739082269e-16,
        1.0,
        8.88432837186857e-18
      ],
      [
        0.707106779455507,
        -0.707106782917588,
        -2.89053677370958e-18,
        0.032
      ],
      [
        0.707106782917588,
        0.707106779455507,
        -2.19358181462595e-16,
        0.371276221175002
      ],
      [
        0.0,
        0.0,
        0.0,
        1.0
      ]
    ],
    "2": [
      [
        -1.57055036388019e-16,
        1.54189699517419e-16,
        1.0,
        -8.87924002213393e-18
      ],
      [
        0.707106779455507,
        0.707106782917588,
        2.02609859280841e-18,
        0.032
      ],
      [
        -0.707106782917588,
        0.707106779455507,
        -2.20083263372311e-16,
        0.291276221175002
      ],
      [
        0.0,
        0.0,
        0.0,
        1.0
      ]
    ],
    "3": [
      [
        1.57055036388019e-16,
        -1.531645805818e-16,
        1.0,
        8.87924002213393e-18
      ],
      [
        -0.707106779455507,
        -0.707106782917588,
        2.75096714548153e-18,
        -0.032
      ],
      [
        0.707106782917588,
        -0.707106779455507,
        -2.19358394823187e-16,
        0.371276221175002
      ],
      [
        0.0,
        0.0,
        0.0,
        1.0
      ]
    ]
  },
  "T_WP": {
    "0": [
      [
        -1.0,
        -1.53062171406547e-16,
        -9.59212361922555e-17,
        -1.98850787023422e-17
      ],
      [
        -4.04047432043669e-17,
        0.707106782917588,
        -0.707106779455507,
        -0.0814974745618855
      ],
      [
        1.76057855817134e-16,
        -0.707106779455507,
        -0.707106782917588,
        0.241778746370771
      ],
      [
        0.0,
        0.0,
        0.0,
        1.0
      ]
    ],
    "1": [
      [
        -1.0,
        1.53065739082269e-16,
        2.18385916106991e-16,
        1.98850787023422e-17
      ],
      [
        4.61883394794886e-17,
        -0.707106782917588,
        0.707106779455507,
        0.0814974745618855
      ],
      [
        2.62655984380365e-16,
        0.707106779455507,
        0.707106782917588,
        0.420773695979233
      ],
      [
        0.0,
        0.0,
        0.0,
        1.0
      ]
    ],
    "2": [
      [
        -1.0,
        1.54189699517419e-16,
        -9.58226964306517e-17,
        -1.98730925692953e-17
      ],
      [
        4.12717041129706e-17,
        0.707106782917588,
        0.707106779455507,
        0.0814974745618855
      ],
      [
        1.76785460454541e-16,
        0.707106779455507,
        -0.707106782917588,
        0.241778746370771
      ],
      [
        0.0,
        0.0,
        0.0,
        1.0
      ]
    ],
    "3": [
      [
        -1.0,
        -1.531645805818e-16,
        2.18287376345387e-16,
        1.98730925692953e-17
      ],
      [
        -4.60487698512606e-17,
        -0.707106782917588,
        -0.707106779455507,
        -0.0814974745618855
      ],
      [
        2.62656197740958e-16,
        -0.707106779455507,
        0.707106782917588,
        0.420773695979233
      ],
      [
        0.0,
        0.0,
        0.0,
        1.0
      ]
    ]
  },
  "simTime": 0.185499999999996,
  "state": [
    -4.82293955134185e-36,
    4.90947853906893e-21,
    0.331276221175002,
    0.707106781186548,
    -4.27248892185314e-19,
    0.707106781186548,
    -4.83467745347965e-19,
    -7.40546284126786e-35,
    -1.40569623592873e-20,
    -1.81912429999996,
    6.48528313049947e-19,
    -9.06211059210775e-18,
    -1.65303622859645e-17,
    1.0,
    1.94542761208109e-18,
    4.40555219262727e-20,
    -7.38894385962333e-19,
    1.0,
    -1.9436437742199e-18,
    -4.40555219262722e-20,
    7.35741785866711e-19,
    1.0,
    -1.43788240994545e-18,
    5.10044941493912e-20,
    4.58857465600843e-19,
    1.0,
    1.95044187775471e-18,
    -5.10044941493907e-20,
    -7.30796090953624e-19,
    1.87588854819992e-17,
    4.66371749356771e-19,
    -1.81706474221062e-17,
    -1.85367794493351e-17,
    -4.66371749356767e-19,
    1.81460795585626e-17,
    -2.13020495901038e-17,
    3.65631411885478e-19,
    1.29565369725551e-17,
    1.88611227800301e-17,
    -3.65631411885474e-19,
    -1.82382751567875e-17
  ]
}