{
  "T_WB": [
    [
      -2.22044604925031e-16,
      8.55284521243443e-23,
      1.0,
      -1.82207163311251e-37
    ],
    [
      -7.43931102462137e-21,
      1.0,
      -8.5528452124344e-23,
      1.49114806878728e-22
    ],
    [
      -1.0,
      -7.43931102462137e-21,
      -2.22044604925031e-16,
      0.4985829463
    ],
    [
      0.0,
      0.0,
      0.0,
      1.0
    ]
  ],
  "T_WH": {
    "0": [
      [
        -1.57010007070914e-16,
        -1.56878136023407e-16,
        1.0,
        -8.88178693391172e-18
      ],
      [
        -0.707106779455507,
        0.707106782917588,
        -9.3246368581376e-20,
        -0.032
      ],
      [
        -0.707106782917588,
        -0.707106779455507,
        -2.21952434516276e-16,
        0.4585829463
      ],
      [
        0.0,
        0.0,
        0.0,
        1.0
      ]
    ],
    "1": [
      [
        1.57010007070914e-16,
        1.56871596315246e-16,
        1.0,
        8.88178693391172e-18
      ],
      [
        0.707106779455507,
        -0.707106782917588,
        -9.78706405805217e-20,
        0.032
      ],
      [
        0.707106782917588,
        0.707106779455507,
        -2.219478102443e-16,
        0.5385829463
      ],
      [
        0.0,
        0.0,
        0.0,
        1.0
      ]
    ],
    "2": [
      [
        -1.57009989604907e-16,
        1.56902725909551e-16,
        1.0,
        -8.88178146009078e-18
      ],
      [
        0.707106779455507,
        0.707106782917588,
        7.58463429659581e-20,
        0.032
      ],
      [
        -0.707106782917588,
        0.707106779455507,
        -2.21969809841142e-16,
        0.4585829463
      ],
      [
        0.0,
        0.0,
        0.0,
        1.0
      ]
    ],
    "3": [
      [
        1.57009989604907e-16,
        -1.56877666563258e-16,
        1.0,
        8.88178146009078e-18
      ],
      [
        -0.707106779455507,
        -0.707106782917588,
        9.3565976705011e-20,
        -0.032
      ],
      [
        0.707106782917588,
        -0.707106779455507,
        -2.2195209020749e-16,
        0.5385829463
      ],
      [
        0.0,
        0.0,
        0.0,
        1.0
      ]
    ]
  },
  "T_WP": {
    "0": [
      [
        -1.0,
        -1.56878136023407e-16,
        -9.57776671135465e-17,
        -1.98724874288757e-17
      ],
      [
        -4.32045563371976e-17,
        0.707106782917588,
        -0.707106779455507,
        -0.0814974745618855
      ],
      [
        1.78654631598506e-16,
        -0.707106779455507,
        -0.707106782917588,
        0.409085471495769
      ],
      [
        0.0,
        0.0,
        0.0,
        1.0
      ]
    ],
    "1": [
      [
        -1.0,
        1.56871596315246e-16,
        2.18242347028282e-16,
        1.98724874288757e-17
      ],
      [
        4.33956733463595e-17,
        -0.707106782917588,
        0.707106779455507,
        0.0814974745618855
      ],
      [
        2.6524561316207e-16,
        0.707106779455507,
        0.707106782917588,
        0.588080421104231
      ],
      [
        0.0,
        0.0,
        0.0,
        1.0
      ]
    ],
    "2": [
      [
        -1.0,
        1.56902725909551e-16,
        -9.5777649647539e-17,
        -1.98724807324343e-17
      ],
      [
        4.32219563628131e-17,
        0.707106782917588,
        0.707106779455507,
        0.0814974745618855
      ],
      [
        1.78672006923372e-16,
        0.707106779455507,
        -0.707106782917588,
        0.409085471495769
      ],
      [
        0.0,
        0.0,
        0.0,
        1.0
      ]
    ],
    "3": [
      [
        -1.0,
        -1.56877666563258e-16,
        2.18242329562274e-16,
        1.98724807324343e-17
      ],
      [
        -4.3391368682484e-17,
        -0.707106782917588,
        -0.707106779455507,
        -0.0814974745618855
      ],
      [
        2.6524989312526e-16,
        -0.707106779455507,
        0.707106782917588,
        0.588080421104231
      ],
      [
        0.0,
        0.0,
        0.0,
        1.0
      ]
    ]
  },
  "simTime": 0.017,
  "state": [
    -1.82207163311251e-37,
    1.49114806878728e-22,
    0.4985829463,
    0.707106781186548,
    -2.59995476219205e-21,
    0.707106781186548,
    -2.66043251067356e-21,
    5.00172301098471e-36,
    1.52598348464635e-20,
    -0.166712199999999,
    1.42204004779644e-20,
    -2.2806893991606e-19,
    5.04618990378993e-20,
    1.0,
    6.55244914267618e-20,
    3.5017021011717e-22,
    -7.68974233819956e-22,
    1.0,
    -6.87943455074041e-20,
    -3.50170210117159e-22,
    8.14636878876885e-22,
    1.0,
    -5.32900261037314e-20,
    4.01914954706345e-22,
    6.54596808006156e-22,
    1.0,
    6.58196992500843e-20,
    -4.01914954706329e-22,
    -7.20178162155134e-22,
    1.29240444309058e-17,
    1.24962829669255e-19,
    -2.98587821673279e-19,
    -1.19263932524517e-17,
    -1.24962829669251e-19,
    3.14284483658273e-19,
    -8.75040782227299e-18,
    1.40868979403845e-19,
    2.56602696419577e-19,
    1.29871460940666e-17,
    -1.40868979403841e-19,
    -2.83953991477265e-19
  ]
}