{
  "T_WB": [
    [
      -0.972967820179966,
      0.0712550875222625,
      0.219673242331517,
      -0.216313161551793
    ],
    [
      0.0644467298211493,
      0.997196832149384,
      -0.0380144310307671,
      -0.000643048495092332
    ],
    [
      -0.221766182971179,
      -0.022829595997912,
      -0.974832585440683,
      0.187127265356943
    ],
    [
      0.0,
      0.0,
      0.0,
      1.0
    ]
  ],
  "T_WH": {
    "0": [
      [
        -0.811531169218716,
        -0.455482660769803,
        -0.365995501508646,
        -0.257512037159704
      ],
      [
        -0.537754944330578,
        0.827212314996014,
        0.162909194850851,
        -0.0299754779310267
      ],
      [
        0.228553672546562,
        0.329021779912814,
        -0.916246630066645,
        0.178987165110029
      ],
      [
        0.0,
        0.0,
        0.0,
        1.0
      ]
    ],
    "1": [
      [
        0.652902518227175,
        0.612886096138155,
        0.445071831116221,
        -0.175114285943882
      ],
      [
        0.74486129529798,
        -0.626173265843493,
        -0.230409834664037,
        0.028689380940842
      ],
      [
        0.137477097945909,
        0.481951941902329,
        -0.86534523355534,
        0.195267365603857
      ],
      [
        0.0,
        0.0,
        0.0,
        1.0
      ]
    ],
    "2": [
      [
        -0.726757294966171,
        0.563653981591635,
        -0.392578684150516,
        -0.252951711558279
      ],
      [
        0.656493275140368,
        0.73811858654345,
        -0.155555558867473,
        0.0338451193265339
      ],
      [
        0.202090113337903,
        -0.370776403287744,
        -0.906468115741573,
        0.177526070966163
      ],
      [
        0.0,
        0.0,
        0.0,
        1.0
      ]
    ],
    "3": [
      [
        0.533034862148567,
        -0.69647686694443,
        0.48041004313558,
        -0.179674611545307
      ],
      [
        -0.827391287332737,
        -0.547800280974856,
        0.123848737618696,
        -0.0351312163167186
      ],
      [
        0.176910975861121,
        -0.463502778821379,
        -0.868255538793002,
        0.196728459747724
      ],
      [
        0.0,
        0.0,
        0.0,
        1.0
      ]
    ]
  },
  "T_WP": {
    "0": [
      [
        0.365995501508646,
        -0.455482660769803,
        -0.811531169218716,
        -0.314319219005014
      ],
      [
        -0.162909194850851,
        0.827212314996014,
        -0.537754944330578,
        -0.0676183240341671
      ],
      [
        0.916246630066645,
        0.329021779912814,
        0.228553672546562,
        0.194985922188289
      ],
      [
        0.0,
        0.0,
        0.0,
        1.0
      ]
    ],
    "1": [
      [
        -0.445071831116221,
        0.612886096138155,
        0.652902518227175,
        -0.12941110966798
      ],
      [
        0.230409834664037,
        -0.626173265843493,
        0.74486129529798,
        0.0808296716117006
      ],
      [
        0.86534523355534,
        0.481951941902329,
        0.137477097945909,
        0.204890762460071
      ],
      [
        0.0,
        0.0,
        0.0,
        1.0
      ]
    ],
    "2": [
      [
        0.392578684150516,
        0.563653981591635,
        -0.726757294966171,
        -0.303824722205911
      ],
      [
        0.155555558867473,
        0.73811858654345,
        0.656493275140368,
        0.0797996485863597
      ],
      [
        0.906468115741573,
        -0.370776403287744,
        0.202090113337903,
        0.191672378899816
      ],
      [
        0.0,
        0.0,
        0.0,
        1.0
      ]
    ],
    "3": [
      [
        -0.48041004313558,
        -0.69647686694443,
        0.533034862148567,
        -0.142362171194907
      ],
      [
        -0.123848737618696,
        -0.547800280974856,
        -0.827391287332737,
        -0.0930486064300102
      ],
      [
        0.868255538793002,
        -0.463502778821379,
        0.176910975861121,
        0.209112228058002
      ],
      [
        0.0,
        0.0,
        0.0,
        1.0
      ]
    ]
  },
  "simTime": 0.984499999999908,
  "state": [
    -0.216313161551793,
    -0.000643048495092332,
    0.187127265356943,
    0.111126534329943,
    0.0341611369517072,
    0.993100855624698,
    -0.0153166787351134,
    -0.455567481664633,
    -0.00419908510543522,
    -0.385865595059589,
    0.466257673904279,
    12.8704389874665,
    -0.259557033195581,
    0.946419047160784,
    -0.255270325118365,
    0.177594157823164,
    0.0871112127818209,
    0.985773983497233,
    -0.15684799215643,
    0.0187271515065411,
    -0.0574252088628685,
    0.945442998454535,
    0.258393732894622,
    0.177674389076237,
    -0.088329083208575,
    0.984832396514727,
    0.160924919659601,
    0.0221060651243485,
    0.0609888751521905,
    0.673777545793538,
    -1.91483205456436,
    2.66630719181721,
    -0.962845319936732,
    -0.61984480038115,
    1.3237816189396,
    -0.632947240256419,
    -1.90911701382547,
    -2.70624772935993,
    0.968780588245893,
    -0.630212967955946,
    -1.38948870724085
  ]
}