{
  "T_WB": [
    [
      0.99927111079273,
      -0.0027901782794874,
      0.0380718011162096,
      -0.00670314802965561
    ],
    [
      0.00260445745283319,
      0.999984471120951,
      0.00492689743437123,
      2.71249445201473e-06
    ],
    [
      -0.0380849568260215,
      -0.0048241498858461,
      0.999262860133128,
      0.414888079365136
    ],
    [
      0.0,
      0.0,
      0.0,
      1.0
    ]
  ],
  "T_WH": {
    "0": [
      [
        0.505070967950357,
        0.857502679968593,
        -0.0979411618287701,
        0.0333569821069972
      ],
      [
        -0.857089248365637,
        0.484981752064691,
        -0.173754771158347,
        -0.0318926122833051
      ],
      [
        -0.101495505662644,
        0.171702807230817,
        0.979906530399375,
        0.413519053888443
      ],
      [
        0.0,
        0.0,
        0.0,
        1.0
      ]
    ],
    "1": [
      [
        -0.733304797314446,
        -0.669843897917629,
        -0.116504191590414,
        -0.0467632781663084
      ],
      [
        0.678055038832541,
        -0.733113435624559,
        -0.0527830921844844,
        0.0318980372722091
      ],
      [
        -0.0500543559485099,
        -0.117702348868965,
        0.991786629533444,
        0.41625710484183
      ],
      [
        0.0,
        0.0,
        0.0,
        1.0
      ]
    ],
    "2": [
      [
        0.500047799045858,
        -0.860470757454784,
        -0.0976845649761682,
        0.03317841069711
      ],
      [
        0.859088725299807,
        0.478672071690043,
        0.18121702416361,
        0.0321063938684358
      ],
      [
        -0.10917307695648,
        -0.174536882489496,
        0.978579642092917,
        0.413210308295749
      ],
      [
        0.0,
        0.0,
        0.0,
        1.0
      ]
    ],
    "3": [
      [
        -0.731464620934101,
        0.672295587254069,
        -0.113921691000609,
        -0.0465847067564212
      ],
      [
        -0.68050654881061,
        -0.730328165795932,
        0.0594273276449714,
        -0.0321009688795317
      ],
      [
        -0.0432474894948298,
        0.120993444466449,
        0.991710764814287,
        0.416565850434524
      ],
      [
        0.0,
        0.0,
        0.0,
        1.0
      ]
    ]
  },
  "T_WP": {
    "0": [
      [
        0.0979411618287702,
        0.857502679968593,
        0.505070967950357,
        0.0687119498635222
      ],
      [
        0.173754771158347,
        0.484981752064691,
        -0.857089248365637,
        -0.0918888596688997
      ],
      [
        -0.979906530399375,
        0.171702807230817,
        -0.101495505662644,
        0.406414368492058
      ],
      [
        0.0,
        0.0,
        0.0,
        1.0
      ]
    ],
    "1": [
      [
        0.116504191590414,
        -0.669843897917629,
        -0.733304797314446,
        -0.0980946139783196
      ],
      [
        0.0527830921844844,
        -0.733113435624559,
        0.678055038832541,
        0.079361889990487
      ],
      [
        -0.991786629533444,
        -0.117702348868965,
        -0.0500543559485099,
        0.412753299925435
      ],
      [
        0.0,
        0.0,
        0.0,
        1.0
      ]
    ],
    "2": [
      [
        0.0976845649761682,
        -0.860470757454784,
        0.500047799045858,
        0.06818175663032
      ],
      [
        -0.18121702416361,
        0.478672071690043,
        0.859088725299807,
        0.0922426046394223
      ],
      [
        -0.978579642092917,
        -0.174536882489496,
        -0.10917307695648,
        0.405568192908795
      ],
      [
        0.0,
        0.0,
        0.0,
        1.0
      ]
    ],
    "3": [
      [
        0.113921691000609,
        0.672295587254069,
        -0.731464620934101,
        -0.0977872302218083
      ],
      [
        -0.0594273276449714,
        -0.730328165795932,
        -0.68050654881061,
        -0.0797364272962745
      ],
      [
        -0.991710764814287,
        0.120993444466449,
        -0.0432474894948298,
        0.413538526169886
      ],
      [
        0.0,
        0.0,
        0.0,
        1.0
      ]
    ]
  }
}