{
  "T_WB": [
    [
      0.229815461478378,
      -0.00025665272547258,
      0.973234189594087,
      -0.00445658389376297
    ],
    [
      0.000232063496870632,
      0.999999951251018,
      0.000208912649708916,
      2.29914683183068e-06
    ],
    [
      -0.973234195767912,
      0.000177840772309734,
      0.229815509834837,
      0.190301178056282
    ],
    [
      0.0,
      0.0,
      0.0,
      1.0
    ]
  ],
  "T_WH": {
    "0": [
      [
        0.467745324113246,
        0.775555862944013,
        0.423942702759891,
        0.00474424745258727
      ],
      [
        -0.58825608446409,
        0.631147011819548,
        -0.505577124247363,
        -0.0319884167533259
      ],
      [
        -0.659673472910024,
        -0.012905538517332,
        0.751441518825255,
        0.151366119320852
      ],
      [
        0.0,
        0.0,
        0.0,
        1.0
      ]
    ],
    "1": [
      [
        -0.0929946673693149,
        -0.100257878762365,
        0.990606051660771,
        -0.0136574152401132
      ],
      [
        0.656733178850821,
        -0.753980563068748,
        -0.0146575001630149,
        0.0319930150469896
      ],
      [
        0.7483672384848,
        0.649200791943913,
        0.135958847089955,
        0.229236236791713
      ],
      [
        0.0,
        0.0,
        0.0,
        1.0
      ]
    ],
    "2": [
      [
        0.468216430476511,
        -0.775765430619587,
        0.423038261729883,
        0.00472782167815702
      ],
      [
        0.588604913979449,
        0.630900933664722,
        0.505478255853035,
        0.0320115801267392
      ],
      [
        -0.659027791121952,
        0.0123291750165334,
        0.752017527702867,
        0.15137750113028
      ],
      [
        0.0,
        0.0,
        0.0,
        1.0
      ]
    ],
    "3": [
      [
        -0.0928701191987062,
        0.100824670128897,
        0.990560208595831,
        -0.013640989465683
      ],
      [
        -0.656893410767453,
        -0.753831392064441,
        0.0151419691087211,
        -0.0320069818330756
      ],
      [
        0.748242065009927,
        -0.649286237519005,
        0.136239472687226,
        0.229224854982285
      ],
      [
        0.0,
        0.0,
        0.0,
        1.0
      ]
    ]
  },
  "T_WP": {
    "0": [
      [
        -0.423942702759891,
        0.775555862944013,
        0.467745324113246,
        0.0374864201405145
      ],
      [
        0.505577124247363,
        0.631147011819548,
        -0.58825608446409,
        -0.0731663426658122
      ],
      [
        -0.751441518825255,
        -0.012905538517332,
        -0.659673472910024,
        0.10518897621715
      ],
      [
        0.0,
        0.0,
        0.0,
        1.0
      ]
    ],
    "1": [
      [
        -0.990606051660771,
        -0.100257878762365,
        -0.0929946673693148,
        -0.0201670419559652
      ],
      [
        0.014657500163015,
        -0.753980563068748,
        0.656733178850821,
        0.0779643375665471
      ],
      [
        -0.135958847089955,
        0.649200791943913,
        0.7483672384848,
        0.281621943485649
      ],
      [
        0.0,
        0.0,
        0.0,
        1.0
      ]
    ],
    "2": [
      [
        -0.423038261729883,
        -0.775765430619587,
        0.468216430476511,
        0.0375029718115128
      ],
      [
        -0.505478255853035,
        0.630900933664722,
        0.588604913979449,
        0.0732139241053007
      ],
      [
        -0.752017527702867,
        0.0123291750165334,
        -0.659027791121952,
        0.105245555751743
      ],
      [
        0.0,
        0.0,
        0.0,
        1.0
      ]
    ],
    "3": [
      [
        -0.990560208595831,
        0.100824670128897,
        -0.0928701191987062,
        -0.0201418978095924
      ],
      [
        -0.0151419691087211,
        -0.753831392064441,
        -0.656893410767453,
        -0.0779895205867973
      ],
      [
        -0.136239472687226,
        -0.649286237519005,
        0.748242065009927,
        0.28160179953298
      ],
      [
        0.0,
        0.0,
        0.0,
        1.0
      ]
    ]
  },
  "simTime": 0.317499999999981,
  "state": [
    -0.00445658389376297,
    2.29914683183068e-06,
    0.190301178056282,
    0.784160526066607,
    -9.90609587141555e-06,
    0.620558010974357,
    0.000155808729876598,
    -0.115414186271802,
    0.000241075436745655,
    1.79011893417816,
    -0.00921933906073071,
    -5.66512139440073,
    0.00630393582301751,
    0.882094206730216,
    0.441495028364496,
    -0.111761918381855,
    0.120421027989432,
    0.99825720298113,
    0.0271343614453066,
    -0.039958636985671,
    0.0339056109736054,
    0.881915733622526,
    -0.441702203985369,
    -0.112143064501092,
    -0.120613991177693,
    0.998260262302205,
    -0.0270266107432119,
    -0.0398682551814335,
    -0.0340078409907991,
    8.96099837571113,
    -1.11534883692057,
    0.745674384961483,
    0.686797620040289,
    -0.23573395326102,
    0.100070404808723,
    -8.96643403905579,
    -1.12306031516998,
    -0.746698538177484,
    -0.686054250539172,
    -0.231790608583916,
    -0.105288124356453
  ]
}