{
  "T_WB": [
    [
      0.966089523154155,
      0.00276700799811033,
      0.258192519098666,
      -0.129937209457027
    ],
    [
      -0.000146927208740666,
      0.99994830877733,
      -0.0101665227955348,
      -0.000135613364079016
    ],
    [
      -0.258207303661558,
      0.00978383565352515,
      0.966039991354257,
      0.0780950965784051
    ],
    [
      0.0,
      0.0,
      0.0,
      1.0
    ]
  ],
  "T_WH": {
    "0": [
      [
        -0.0336054512811759,
        0.69249063976784,
        0.720643731311191,
        -0.0913821727868006
      ],
      [
        -0.89107929430051,
        0.305773231692838,
        -0.335381010268951,
        -0.0321398363333032
      ],
      [
        -0.452601772989339,
        -0.653421337740087,
        0.606788423153295,
        0.0674537216910299
      ],
      [
        0.0,
        0.0,
        0.0,
        1.0
      ]
    ],
    "1": [
      [
        -0.488249566571257,
        -0.861321466040243,
        0.140490899638614,
        -0.168492246127254
      ],
      [
        0.872512335337871,
        -0.478401344355562,
        0.0992692218265383,
        0.0318686096051452
      ],
      [
        -0.018291676419473,
        0.171048197468079,
        0.98509285284012,
        0.0887364714657802
      ],
      [
        0.0,
        0.0,
        0.0,
        1.0
      ]
    ],
    "2": [
      [
        -0.0239434781507882,
        -0.691926701100772,
        0.721570613424525,
        -0.0912050842749215
      ],
      [
        0.899565583090105,
        0.299966588974588,
        0.317493003416941,
        0.0318568554284459
      ],
      [
        -0.436128962090116,
        0.656701976396259,
        0.61525120286225,
        0.0680798871728556
      ],
      [
        0.0,
        0.0,
        0.0,
        1.0
      ]
    ],
    "3": [
      [
        -0.479855892507033,
        0.866887946586959,
        0.135068910147834,
        -0.168669334639133
      ],
      [
        -0.876164066059362,
        -0.465502867012216,
        -0.125074418446511,
        -0.032128082156604
      ],
      [
        -0.045550540859622,
        -0.178360222206782,
        0.982910361814211,
        0.0881103059839546
      ],
      [
        0.0,
        0.0,
        0.0,
        1.0
      ]
    ]
  },
  "T_WP": {
    "0": [
      [
        -0.720643731311191,
        0.69249063976784,
        -0.0336054512811758,
        -0.0937345543764829
      ],
      [
        0.335381010268951,
        0.305773231692838,
        -0.89107929430051,
        -0.0945153869343389
      ],
      [
        -0.606788423153295,
        -0.653421337740087,
        -0.452601772989339,
        0.0357715975817762
      ],
      [
        0.0,
        0.0,
        0.0,
        1.0
      ]
    ],
    "1": [
      [
        -0.140490899638614,
        -0.861321466040243,
        -0.488249566571257,
        -0.202669715787242
      ],
      [
        -0.0992692218265383,
        -0.478401344355562,
        0.872512335337871,
        0.0929444730787961
      ],
      [
        -0.98509285284012,
        0.171048197468079,
        -0.0182916764194729,
        0.0874560541164171
      ],
      [
        0.0,
        0.0,
        0.0,
        1.0
      ]
    ],
    "2": [
      [
        -0.721570613424525,
        -0.691926701100772,
        -0.0239434781507881,
        -0.0928811277454767
      ],
      [
        -0.317493003416941,
        0.299966588974588,
        0.899565583090105,
        0.0948264462447533
      ],
      [
        -0.61525120286225,
        0.656701976396259,
        -0.436128962090116,
        0.0375508598265474
      ],
      [
        0.0,
        0.0,
        0.0,
        1.0
      ]
    ],
    "3": [
      [
        -0.135068910147834,
        0.866887946586959,
        -0.479855892507033,
        -0.202259247114625
      ],
      [
        0.125074418446511,
        -0.465502867012216,
        -0.876164066059362,
        -0.0934595667807593
      ],
      [
        -0.982910361814211,
        -0.178360222206782,
        -0.045550540859622,
        0.084921768123781
      ],
      [
        0.0,
        0.0,
        0.0,
        1.0
      ]
    ]
  },
  "simTime": 0.78049999999993,
  "state": [
    -0.129937209457027,
    -0.000135613364079016,
    0.0780950965784051,
    0.991473376254469,
    0.00503048264503764,
    0.130210209151316,
    -0.000734748727661023,
    -0.300695297611148,
    -0.0044170302807347,
    1.51917019189936,
    0.500255345528622,
    13.0196359513708,
    -0.191696441759894,
    0.904716581783574,
    -0.167332352013204,
    0.290123599381883,
    -0.263279485902864,
    0.986328556179978,
    -0.014928791311424,
    0.0795320528391319,
    -0.143554042176088,
    0.905745229288327,
    0.166465724467295,
    0.289088847874167,
    0.261423756062452,
    0.98480015801498,
    0.0157541551359009,
    0.0831490880095582,
    0.151679545532028,
    -3.06870831332162,
    -1.67257832745006,
    2.88353576446435,
    -2.22059476034886,
    -0.608378169310725,
    0.982145052722879,
    3.09311248107071,
    -1.80974075228076,
    -2.97434307131391,
    2.22524412600585,
    -0.622430144442163,
    -0.763418425290685
  ]
}