{
  "T_WB": [
    [
      0.612925138885478,
      0.0242368257656626,
      0.789769175391786,
      -0.147335749557086
    ],
    [
      0.00466803463541077,
      0.999400924371654,
      -0.0342928829019363,
      -0.000315825225694827
    ],
    [
      -0.790127194554687,
      0.0247056398801614,
      0.612444812030645,
      0.140915632815102
    ],
    [
      0.0,
      0.0,
      0.0,
      1.0
    ]
  ],
  "T_WH": {
    "0": [
      [
        -0.197417786333078,
        0.0543501401437272,
        0.978811667230068,
        -0.123594322426168
      ],
      [
        -0.861987760025752,
        0.465925261316533,
        -0.199726694342312,
        -0.0321099334201713
      ],
      [
        -0.466908255661789,
        -0.8831532783914,
        -0.0451327781261938,
        0.108519964556749
      ],
      [
        0.0,
        0.0,
        0.0,
        1.0
      ]
    ],
    "1": [
      [
        -0.366033375475035,
        -0.641513928735977,
        0.674150908384825,
        -0.171077176688004
      ],
      [
        0.864267041673469,
        -0.502946560857175,
        -0.00934010700847119,
        0.0314782829687817
      ],
      [
        0.345053689612707,
        0.579227620335625,
        0.738534572735079,
        0.173311301073454
      ],
      [
        0.0,
        0.0,
        0.0,
        1.0
      ]
    ],
    "2": [
      [
        -0.150008123947287,
        -0.0332345727180447,
        0.988126017229617,
        -0.122043165577165
      ],
      [
        0.89208522937157,
        0.426325876108065,
        0.14976712221901,
        0.0318517257396145
      ],
      [
        -0.426241136314749,
        0.903958909761356,
        -0.0343042734389113,
        0.110101125509079
      ],
      [
        0.0,
        0.0,
        0.0,
        1.0
      ]
    ],
    "3": [
      [
        -0.40199961459513,
        0.626528042669268,
        0.667726681820027,
        -0.172628333537006
      ],
      [
        -0.869838289331827,
        -0.489063936096973,
        -0.0647905612077636,
        -0.0324833761910042
      ],
      [
        0.28596793575093,
        -0.606860015290473,
        0.741581594677214,
        0.171730140121124
      ],
      [
        0.0,
        0.0,
        0.0,
        1.0
      ]
    ]
  },
  "T_WP": {
    "0": [
      [
        -0.978811667230068,
        0.0543501401437272,
        -0.197417786333078,
        -0.137413567469483
      ],
      [
        0.199726694342312,
        0.465925261316533,
        -0.861987760025752,
        -0.0924490766219739
      ],
      [
        0.0451327781261937,
        -0.8831532783914,
        -0.466908255661789,
        0.0758363866604239
      ],
      [
        0.0,
        0.0,
        0.0,
        1.0
      ]
    ],
    "1": [
      [
        -0.674150908384825,
        -0.641513928735977,
        -0.366033375475035,
        -0.196699512971256
      ],
      [
        0.00934010700847125,
        -0.502946560857175,
        0.864267041673469,
        0.0919769758859245
      ],
      [
        -0.738534572735079,
        0.579227620335625,
        0.345053689612707,
        0.197465059346344
      ],
      [
        0.0,
        0.0,
        0.0,
        1.0
      ]
    ],
    "2": [
      [
        -0.988126017229617,
        -0.0332345727180447,
        -0.150008123947287,
        -0.132543734253476
      ],
      [
        -0.14976712221901,
        0.426325876108065,
        0.89208522937157,
        0.0942976917956244
      ],
      [
        0.0343042734389113,
        0.903958909761356,
        -0.426241136314749,
        0.080264245967047
      ],
      [
        0.0,
        0.0,
        0.0,
        1.0
      ]
    ],
    "3": [
      [
        -0.667726681820027,
        0.626528042669268,
        -0.40199961459513,
        -0.200768306558665
      ],
      [
        0.0647905612077635,
        -0.489063936096973,
        -0.869838289331827,
        -0.0933720564442321
      ],
      [
        -0.741581594677214,
        -0.606860015290473,
        0.28596793575093,
        0.191747895623689
      ],
      [
        0.0,
        0.0,
        0.0,
        1.0
      ]
    ]
  },
  "simTime": 0.830499999999925,
  "state": [
    -0.147335749557086,
    -0.000315825225694827,
    0.140915632815102,
    0.897882352439307,
    0.0164271306318179,
    0.439895150420964,
    -0.00544859554180139,
    -0.387615850033759,
    -0.00274762386234312,
    1.00540754571206,
    0.491023961966382,
    13.0318083374797,
    -0.201398924341747,
    0.919058209845496,
    -0.227830100299481,
    0.268275734252423,
    -0.177351579424726,
    0.987896065494985,
    -0.0600453885283348,
    0.0621833130970629,
    -0.12879887681297,
    0.919954600047822,
    0.227864994173139,
    0.266372896268844,
    0.175517971771198,
    0.986366055149777,
    0.0617598968688367,
    0.0656575353759347,
    0.137683726109425,
    -2.5692153619106,
    -2.36314767463501,
    2.41330007736811,
    -1.43045629857898,
    -1.0161426506503,
    0.300034273884816,
    2.59132511400781,
    -2.33882422337986,
    -2.36417262412564,
    1.4739449121922,
    -1.04967245647409,
    -0.336659931931307
  ]
}