{
  "T_WB": [
    [
      -2.22044604925031e-16,
      6.07443497721582e-20,
      1.0,
      -2.81456746242392e-36
    ],
    [
      -8.54000923795641e-19,
      1.0,
      -6.07443497721582e-20,
      5.24242059765216e-21
    ],
    [
      -1.0,
      -8.54000923795641e-19,
      -2.22044604925031e-16,
      0.378367514375001
    ],
    [
      0.0,
      0.0,
      0.0,
      1.0
    ]
  ],
  "T_WH": {
    "0": [
      [
        -1.57125797363206e-16,
        -1.53630372143175e-16,
        1.0,
        -8.88372801619396e-18
      ],
      [
        -0.707106779455507,
        0.707106782917588,
        -2.4716383382827e-18,
        -0.032
      ],
      [
        -0.707106782917588,
        -0.707106779455507,
        -2.19737794759569e-16,
        0.338367514375001
      ],
      [
        0.0,
        0.0,
        0.0,
        1.0
      ]
    ],
    "1": [
      [
        1.57125797363206e-16,
        1.53636199037495e-16,
        1.0,
        8.88372801619396e-18
      ],
      [
        0.707106779455507,
        -0.707106782917588,
        -2.46751810178581e-18,
        0.032
      ],
      [
        0.707106782917588,
        0.707106779455507,
        -2.19741914996046e-16,
        0.418367514375001
      ],
      [
        0.0,
        0.0,
        0.0,
        1.0
      ]
    ],
    "2": [
      [
        -1.57055979073551e-16,
        1.54799167388757e-16,
        1.0,
        -8.87984037780854e-18
      ],
      [
        0.707106779455507,
        0.707106782917588,
        1.59580630634544e-18,
        0.032
      ],
      [
        -0.707106782917588,
        0.707106779455507,
        -2.20514888815329e-16,
        0.338367514375001
      ],
      [
        0.0,
        0.0,
        0.0,
        1.0
      ]
    ],
    "3": [
      [
        1.57055979073551e-16,
        -1.53708626462412e-16,
        1.0,
        8.87984037780854e-18
      ],
      [
        -0.707106779455507,
        -0.707106782917588,
        2.36693519241317e-18,
        -0.032
      ],
      [
        0.707106782917588,
        -0.707106779455507,
        -2.19743759933037e-16,
        0.418367514375001
      ],
      [
        0.0,
        0.0,
        0.0,
        1.0
      ]
    ]
  },
  "T_WP": {
    "0": [
      [
        -1.0,
        -1.53630372143175e-16,
        -9.58934574058382e-17,
        -1.98825338316184e-17
      ],
      [
        -4.08261643674963e-17,
        0.707106782917588,
        -0.707106779455507,
        -0.0814974745618855
      ],
      [
        1.76439991841799e-16,
        -0.707106779455507,
        -0.707106782917588,
        0.28887003957077
      ],
      [
        0.0,
        0.0,
        0.0,
        1.0
      ]
    ],
    "1": [
      [
        -1.0,
        1.53636199037495e-16,
        2.18358137320574e-16,
        1.98825338316184e-17
      ],
      [
        4.57653208075648e-17,
        -0.707106782917588,
        0.707106779455507,
        0.0814974745618855
      ],
      [
        2.63039717913816e-16,
        0.707106779455507,
        0.707106782917588,
        0.467864989179233
      ],
      [
        0.0,
        0.0,
        0.0,
        1.0
      ]
    ],
    "2": [
      [
        -1.0,
        1.54799167388757e-16,
        -9.58236391161838e-17,
        -1.98737589129571e-17
      ],
      [
        4.17019963994336e-17,
        0.707106782917588,
        0.707106779455507,
        0.0814974745618855
      ],
      [
        1.77217085897559e-16,
        0.707106779455507,
        -0.707106782917588,
        0.28887003957077
      ],
      [
        0.0,
        0.0,
        0.0,
        1.0
      ]
    ],
    "3": [
      [
        -1.0,
        -1.53708626462412e-16,
        2.18288319030919e-16,
        1.98737589129571e-17
      ],
      [
        -4.56647378981922e-17,
        -0.707106782917588,
        -0.707106779455507,
        -0.0814974745618855
      ],
      [
        2.63041562850807e-16,
        -0.707106779455507,
        0.707106782917588,
        0.467864989179233
      ],
      [
        0.0,
        0.0,
        0.0,
        1.0
      ]
    ]
  },
  "simTime": 0.157499999999999,
  "state": [
    -2.81456746242392e-36,
    5.24242059765216e-21,
    0.378367514375001,
    0.707106781186548,
    -2.80458551356407e-19,
    0.707106781186548,
    -3.23411292999067e-19,
    -6.87331783991651e-35,
    -9.94956699633074e-21,
    -1.54453949999997,
    6.89603945719849e-19,
    -7.58553348080655e-18,
    -1.42632032457241e-17,
    1.0,
    1.66796029954312e-18,
    3.67991844613855e-20,
    -5.04523998825583e-19,
    1.0,
    -1.66504685238321e-18,
    -3.67991844613851e-20,
    5.01777240319329e-19,
    1.0,
    -1.12651541850009e-18,
    4.48427811716863e-20,
    2.98741103629219e-19,
    1.0,
    1.67178588167256e-18,
    -4.48427811716858e-20,
    -4.95862466878264e-19,
    2.11054320419455e-17,
    5.58444472410606e-19,
    -1.52608921727812e-17,
    -2.09086729375277e-17,
    -5.58444472410602e-19,
    1.52283945678317e-17,
    -2.29242391366371e-17,
    5.14633006491056e-19,
    9.91811314371682e-18,
    2.11194976114628e-17,
    -5.14633006491051e-19,
    -1.52646248386427e-17
  ]
}