{
  "T_WB": [
    [
      0.924507627236162,
      0.00619330580533225,
      0.381113224836613,
      -0.133053300565245
    ],
    [
      -0.000431078554722837,
      0.999884335203287,
      -0.0152029729447989,
      -0.000178318523573359
    ],
    [
      -0.381163300113535,
      0.0138909747059833,
      0.924403364050714,
      0.0927350615771285
    ],
    [
      0.0,
      0.0,
      0.0,
      1.0
    ]
  ],
  "T_WH": {
    "0": [
      [
        -0.0633773373596327,
        0.580380602208071,
        0.811875402811171,
        -0.0962711812615688
      ],
      [
        -0.886266162950231,
        0.341275793356799,
        -0.313150317384738,
        -0.0321918603922675
      ],
      [
        -0.458819791986656,
        -0.739384331352298,
        0.492742538281441,
        0.0770440183819956
      ],
      [
        0.0,
        0.0,
        0.0,
        1.0
      ]
    ],
    "1": [
      [
        -0.489120158468314,
        -0.834606798769514,
        0.253363300475098,
        -0.16983541986892
      ],
      [
        0.870255467841316,
        -0.486444785643619,
        0.0776330548956166,
        0.0318352233451207
      ],
      [
        0.0584541809644406,
        0.2584626897017,
        0.964251080766799,
        0.108426104772261
      ],
      [
        0.0,
        0.0,
        0.0,
        1.0
      ]
    ],
    "2": [
      [
        -0.0466003452974379,
        -0.577359297725019,
        0.815159278392041,
        -0.0958748096900275
      ],
      [
        0.899016157925329,
        0.33147560661056,
        0.28617105026774,
        0.0318007370607429
      ],
      [
        -0.435428932901042,
        0.746177032313803,
        0.503608459857483,
        0.0779330407631786
      ],
      [
        0.0,
        0.0,
        0.0,
        1.0
      ]
    ],
    "3": [
      [
        -0.486850322760881,
        0.837782141196378,
        0.247179787037773,
        -0.170231791440462
      ],
      [
        -0.873203559111646,
        -0.473988087248284,
        -0.113361534487972,
        -0.0321573741078896
      ],
      [
        0.0221880053718318,
        -0.27102836943598,
        0.962315600714492,
        0.107537082391078
      ],
      [
        0.0,
        0.0,
        0.0,
        1.0
      ]
    ]
  },
  "T_WP": {
    "0": [
      [
        -0.811875402811171,
        0.580380602208071,
        -0.0633773373596326,
        -0.100707594876743
      ],
      [
        0.313150317384738,
        0.341275793356799,
        -0.886266162950231,
        -0.0942304917987836
      ],
      [
        -0.492742538281441,
        -0.739384331352298,
        -0.458819791986656,
        0.0449266329429297
      ],
      [
        0.0,
        0.0,
        0.0,
        1.0
      ]
    ],
    "1": [
      [
        -0.253363300475099,
        -0.834606798769514,
        -0.489120158468314,
        -0.204073830961702
      ],
      [
        -0.0776330548956165,
        -0.486444785643619,
        0.870255467841316,
        0.0927531060940129
      ],
      [
        -0.964251080766799,
        0.2584626897017,
        0.0584541809644407,
        0.112517897439772
      ],
      [
        0.0,
        0.0,
        0.0,
        1.0
      ]
    ],
    "2": [
      [
        -0.815159278392041,
        -0.577359297725019,
        -0.0466003452974378,
        -0.0991368338608482
      ],
      [
        -0.28617105026774,
        0.33147560661056,
        0.899016157925329,
        0.0947318681155159
      ],
      [
        -0.503608459857483,
        0.746177032313803,
        -0.435428932901042,
        0.0474530154601056
      ],
      [
        0.0,
        0.0,
        0.0,
        1.0
      ]
    ],
    "3": [
      [
        -0.247179787037773,
        0.837782141196378,
        -0.486850322760881,
        -0.204311314033723
      ],
      [
        0.113361534487972,
        -0.473988087248284,
        -0.873203559111646,
        -0.0932816232457049
      ],
      [
        -0.962315600714492,
        -0.27102836943598,
        0.0221880053718319,
        0.109090242767107
      ],
      [
        0.0,
        0.0,
        0.0,
        1.0
      ]
    ]
  },
  "simTime": 0.790499999999929,
  "state": [
    -0.133053300565245,
    -0.000178318523573359,
    0.0927350615771285,
    0.980917341891018,
    0.00741498452731366,
    0.194276442161943,
    -0.00168831360124711,
    -0.322122626257954,
    -0.00411756763661134,
    1.40975962138201,
    0.498127992016332,
    12.9746592804269,
    -0.194187826789435,
    0.908119559067116,
    -0.179632460882434,
    0.287918590284342,
    -0.245262982950436,
    0.986964267295516,
    -0.0254752753708638,
    0.0773473547481733,
    -0.138816181117564,
    0.909317157942711,
    0.178956379669031,
    0.286438949242399,
    0.243042483536634,
    0.985362028380629,
    0.0264079748878093,
    0.0809646251504172,
    0.147678777629656,
    -3.01825248339815,
    -1.99573617279888,
    2.48017606773654,
    -1.96779083446004,
    -0.871086754853447,
    0.600427084384622,
    3.04640455941534,
    -2.07150307667189,
    -2.50446743326939,
    1.97676384841633,
    -0.891584996977609,
    -0.494304291752889
  ]
}