{
  "T_WB": [
    [
      -0.720655913781267,
      0.0421246780974409,
      -0.692011969135848,
      -0.249279982191522
    ],
    [
      0.0652681159950645,
      0.99784158267962,
      -0.00722834074218591,
      -0.00119003038368532
    ],
    [
      0.690213826988812,
      -0.0503754639742139,
      -0.721849835951246,
      0.129270507839005
    ],
    [
      0.0,
      0.0,
      0.0,
      1.0
    ]
  ],
  "T_WH": {
    "0": [
      [
        -0.392353737126568,
        0.00561130461472084,
        -0.919797291919984,
        -0.27945420844189
      ],
      [
        -0.373248975863859,
        0.912979278847166,
        0.164784824581299,
        -0.0305102363896306
      ],
      [
        0.840680526109292,
        0.407967338957704,
        -0.3561164182741,
        0.158491075765732
      ],
      [
        0.0,
        0.0,
        0.0,
        1.0
      ]
    ],
    "1": [
      [
        0.556101631526965,
        0.691057468556405,
        -0.461725622600112,
        -0.219105755941153
      ],
      [
        0.654135948228686,
        -0.706633985331171,
        -0.269767625948601,
        0.02813017562226
      ],
      [
        -0.512695949513945,
        -0.152013111037831,
        -0.845005844609725,
        0.100049939912278
      ],
      [
        0.0,
        0.0,
        0.0,
        1.0
      ]
    ],
    "2": [
      [
        -0.354949138780702,
        0.059604923229627,
        -0.932983580780299,
        -0.276758229043654
      ],
      [
        0.481874476528211,
        0.866848628457514,
        -0.127947036745636,
        0.0333516249018651
      ],
      [
        0.8011292640701,
        -0.494995665100329,
        -0.336409265304008,
        0.155267046071383
      ],
      [
        0.0,
        0.0,
        0.0,
        1.0
      ]
    ],
    "3": [
      [
        0.499930662974386,
        -0.751009996605021,
        -0.431338981796586,
        -0.221801735339389
      ],
      [
        -0.749024680256281,
        -0.624955474100012,
        0.219983371552044,
        -0.0357316856692357
      ],
      [
        -0.434777368988964,
        0.213107110138904,
        -0.874959427072638,
        0.103273969606628
      ],
      [
        0.0,
        0.0,
        0.0,
        1.0
      ]
    ]
  },
  "T_WP": {
    "0": [
      [
        0.919797291919984,
        0.00561130461472084,
        -0.392353737126568,
        -0.30691897004075
      ],
      [
        -0.1647848245813,
        0.912979278847166,
        -0.373248975863859,
        -0.0566376647001007
      ],
      [
        0.3561164182741,
        0.407967338957704,
        0.840680526109292,
        0.217338712593383
      ],
      [
        0.0,
        0.0,
        0.0,
        1.0
      ]
    ],
    "1": [
      [
        0.461725622600112,
        0.691057468556405,
        0.556101631526965,
        -0.180178641734265
      ],
      [
        0.269767625948601,
        -0.706633985331171,
        0.654135948228686,
        0.073919691998268
      ],
      [
        0.845005844609725,
        -0.152013111037831,
        -0.512695949513945,
        0.0641612234463017
      ],
      [
        0.0,
        0.0,
        0.0,
        1.0
      ]
    ],
    "2": [
      [
        0.932983580780299,
        0.059604923229627,
        -0.354949138780702,
        -0.301604668758303
      ],
      [
        0.127947036745636,
        0.866848628457514,
        0.481874476528211,
        0.0670828382588399
      ],
      [
        0.336409265304008,
        -0.494995665100329,
        0.8011292640701,
        0.21134609455629
      ],
      [
        0.0,
        0.0,
        0.0,
        1.0
      ]
    ],
    "3": [
      [
        0.431338981796586,
        -0.751009996605021,
        0.499930662974386,
        -0.186806588931182
      ],
      [
        -0.219983371552045,
        -0.624955474100012,
        -0.749024680256281,
        -0.0881634132871754
      ],
      [
        0.874959427072638,
        0.213107110138904,
        -0.434777368988964,
        0.0728395537774
      ],
      [
        0.0,
        0.0,
        0.0,
        1.0
      ]
    ]
  },
  "simTime": 1.0619999999999,
  "state": [
    -0.249279982191522,
    -0.00119003038368532,
    0.129270507839005,
    -0.372604291758397,
    0.0289496955526248,
    0.92740866563939,
    -0.0155281611145734,
    -0.391263973140503,
    -0.0101629521884653,
    -1.11897613584485,
    0.466057910728076,
    12.5490607182759,
    -0.295096255216641,
    0.956371007031485,
    -0.185346918146192,
    0.139482700415785,
    0.177610791136157,
    0.98269568652802,
    -0.184937923440668,
    0.008915408571321,
    0.00526000405728977,
    0.954907071110233,
    0.188820162202951,
    0.140171805355759,
    -0.181249267233375,
    0.981951081615629,
    0.188655586578513,
    0.0127905632819634,
    -0.0041886104550786,
    1.75786755164379,
    -1.59877599418974,
    1.76498488662504,
    -0.488787775483939,
    -0.484855345383915,
    1.72445362540242,
    -1.75390002775936,
    -1.61894031552007,
    -1.83304401592652,
    0.477122783750596,
    -0.488104503306849,
    -1.77828307808247
  ]
}