{
  "T_WB": [
    [
      0.934087669882818,
      0.00546482683020962,
      0.357001905654022,
      -0.132413129962324
    ],
    [
      -0.000424539663053934,
      0.999899152747556,
      -0.0141952140101881,
      -0.000170020262403282
    ],
    [
      -0.357043477379103,
      0.0131080129095286,
      0.933995789743509,
      0.0898941196796467
    ],
    [
      0.0,
      0.0,
      0.0,
      1.0
    ]
  ],
  "T_WH": {
    "0": [
      [
        -0.0572802341957084,
        0.603794902345974,
        0.795079046806983,
        -0.0952244976255784
      ],
      [
        -0.887167862244185,
        0.334463340233692,
        -0.317911085432397,
        -0.0321837747368472
      ],
      [
        -0.45787788652824,
        -0.723578599697875,
        0.51650929428975,
        0.0751929241713777
      ],
      [
        0.0,
        0.0,
        0.0,
        1.0
      ]
    ],
    "1": [
      [
        -0.490121007808066,
        -0.840559968426577,
        0.230738677260484,
        -0.16960176229907
      ],
      [
        0.870594717281337,
        -0.485111323848562,
        0.0820478014070116,
        0.0318437342120407
      ],
      [
        0.0429678478287518,
        0.241093224609501,
        0.969550319014108,
        0.104595315187916
      ],
      [
        0.0,
        0.0,
        0.0,
        1.0
      ]
    ],
    "2": [
      [
        -0.0419323382681872,
        -0.601334016403002,
        0.797896659802506,
        -0.094874748708445
      ],
      [
        0.899071828818091,
        0.325616239906585,
        0.292649809387928,
        0.0318097710389963
      ],
      [
        -0.435788395477732,
        0.729637899937861,
        0.526988623540596,
        0.0760318369975875
      ],
      [
        0.0,
        0.0,
        0.0,
        1.0
      ]
    ],
    "3": [
      [
        -0.486460846483245,
        0.844315627026659,
        0.224693050175977,
        -0.169951511216204
      ],
      [
        -0.873661824510596,
        -0.472554847499523,
        -0.115788308984626,
        -0.0321498115638029
      ],
      [
        0.0084179113574,
        -0.25263221897312,
        0.967525762295298,
        0.103756402361706
      ],
      [
        0.0,
        0.0,
        0.0,
        1.0
      ]
    ]
  },
  "T_WP": {
    "0": [
      [
        -0.795079046806983,
        0.603794902345974,
        -0.0572802341957083,
        -0.099234114019278
      ],
      [
        0.317911085432397,
        0.334463340233692,
        -0.887167862244185,
        -0.0942855250939402
      ],
      [
        -0.51650929428975,
        -0.723578599697875,
        -0.45787788652824,
        0.0431414721144009
      ],
      [
        0.0,
        0.0,
        0.0,
        1.0
      ]
    ],
    "1": [
      [
        -0.230738677260484,
        -0.840559968426577,
        -0.490121007808066,
        -0.203910232845635
      ],
      [
        -0.0820478014070116,
        -0.485111323848562,
        0.870594717281337,
        0.0927853644217342
      ],
      [
        -0.969550319014108,
        0.241093224609501,
        0.0429678478287518,
        0.107603064535928
      ],
      [
        0.0,
        0.0,
        0.0,
        1.0
      ]
    ],
    "2": [
      [
        -0.797896659802506,
        -0.601334016403002,
        -0.0419323382681872,
        -0.0978100123872181
      ],
      [
        -0.292649809387928,
        0.325616239906585,
        0.899071828818091,
        0.0947447990562627
      ],
      [
        -0.526988623540596,
        0.729637899937861,
        -0.435788395477732,
        0.0455266493141462
      ],
      [
        0.0,
        0.0,
        0.0,
        1.0
      ]
    ],
    "3": [
      [
        -0.224693050175977,
        0.844315627026659,
        -0.486460846483245,
        -0.204003770470031
      ],
      [
        0.115788308984626,
        -0.472554847499523,
        -0.873661824510596,
        -0.0933061392795446
      ],
      [
        -0.967525762295298,
        -0.25263221897312,
        0.00841791135740005,
        0.104345656156724
      ],
      [
        0.0,
        0.0,
        0.0,
        1.0
      ]
    ]
  },
  "simTime": 0.788499999999929,
  "state": [
    -0.132413129962324,
    -0.000170020262403282,
    0.0898941196796467,
    0.983359371284716,
    0.0069413145684589,
    0.181532154948667,
    -0.00149725691980984,
    -0.318031621934212,
    -0.00418047034328306,
    1.43121312582023,
    0.498584207535409,
    12.9761686448865,
    -0.193838939250734,
    0.907472034088586,
    -0.177123774471335,
    0.288512807388544,
    -0.248761001438999,
    0.986858888367127,
    -0.0234401359063631,
    0.0778965428105972,
    -0.13961455188356,
    0.908650449366329,
    0.176407921655532,
    0.287105323300123,
    0.246586981360079,
    0.985265446995334,
    0.0243505877540384,
    0.0815157112890677,
    0.148371953704718,
    -3.02826791526627,
    -1.94271436118011,
    2.53419859252485,
    -2.01544781495047,
    -0.833983810683272,
    0.663138690256482,
    3.05626878134004,
    -2.02888627834048,
    -2.56908872838098,
    2.0225515533489,
    -0.85338392965246,
    -0.538895951522856
  ]
}