{
  "T_WB": [
    [
      0.965001086979413,
      -0.00221769273071648,
      -0.262236503880567,
      -0.109175945068176
    ],
    [
      0.00290555203769666,
      0.999993280528716,
      0.00223532207371724,
      2.59237783213308e-06
    ],
    [
      0.262229784532396,
      -0.00291903003909485,
      0.965001046303953,
      0.127098670973498
    ],
    [
      0.0,
      0.0,
      0.0,
      1.0
    ]
  ],
  "T_WH": {
    "0": [
      [
        -0.164709424839217,
        0.983552566666932,
        -0.0741293057570691,
        -0.0705049354216163
      ],
      [
        -0.890210249158247,
        -0.180598922259044,
        -0.418222119898606,
        -0.0318809705175789
      ],
      [
        -0.424731112190697,
        -0.0028944570756092,
        0.905314920044672,
        0.137681271316045
      ],
      [
        0.0,
        0.0,
        0.0,
        1.0
      ]
    ],
    "1": [
      [
        -0.589775793362983,
        -0.766184973203961,
        -0.255196199814006,
        -0.147846954714735
      ],
      [
        0.786111998808755,
        -0.617045289016592,
        0.0358195007130825,
        0.0318861552732432
      ],
      [
        -0.184911976064201,
        -0.179487320273262,
        0.96622557561325,
        0.116516070630952
      ],
      [
        0.0,
        0.0,
        0.0,
        1.0
      ]
    ],
    "2": [
      [
        -0.168582771671368,
        -0.982738563029187,
        -0.0761890138466704,
        -0.0706468677563821
      ],
      [
        0.886694256306069,
        -0.184959073131149,
        0.423749262064601,
        0.0321185994362589
      ],
      [
        -0.430526590269901,
        0.00388046412108102,
        0.902569552482676,
        0.137494453393543
      ],
      [
        0.0,
        0.0,
        0.0,
        1.0
      ]
    ],
    "3": [
      [
        -0.586155915372836,
        0.769137761318657,
        -0.2546533859723,
        -0.147705022379969
      ],
      [
        -0.789858384794181,
        -0.61246581765742,
        -0.0317703347724842,
        -0.0321134146805946
      ],
      [
        -0.180402258422008,
        0.182517742466183,
        0.966510371822924,
        0.116702888553454
      ],
      [
        0.0,
        0.0,
        0.0,
        1.0
      ]
    ]
  },
  "T_WP": {
    "0": [
      [
        0.0741293057570691,
        0.983552566666932,
        -0.164709424839217,
        -0.0820345951603615
      ],
      [
        0.418222119898606,
        -0.180598922259044,
        -0.890210249158247,
        -0.0941956879586562
      ],
      [
        -0.905314920044672,
        -0.0028944570756092,
        -0.424731112190697,
        0.107950093462697
      ],
      [
        0.0,
        0.0,
        0.0,
        1.0
      ]
    ],
    "1": [
      [
        0.255196199814005,
        -0.766184973203961,
        -0.589775793362983,
        -0.189131260250144
      ],
      [
        -0.0358195007130824,
        -0.617045289016592,
        0.786111998808755,
        0.086913995189856
      ],
      [
        -0.96622557561325,
        -0.179487320273262,
        -0.184911976064201,
        0.103572232306457
      ],
      [
        0.0,
        0.0,
        0.0,
        1.0
      ]
    ],
    "2": [
      [
        0.0761890138466704,
        -0.982738563029187,
        -0.168582771671368,
        -0.0824476617733779
      ],
      [
        -0.423749262064601,
        -0.184959073131149,
        0.886694256306069,
        0.0941871973776837
      ],
      [
        -0.902569552482676,
        0.00388046412108102,
        -0.430526590269901,
        0.10735759207465
      ],
      [
        0.0,
        0.0,
        0.0,
        1.0
      ]
    ],
    "3": [
      [
        0.2546533859723,
        0.769137761318657,
        -0.586155915372836,
        -0.188735936456068
      ],
      [
        0.0317703347724841,
        -0.61246581765742,
        -0.789858384794181,
        -0.0874035016161873
      ],
      [
        -0.966510371822924,
        0.182517742466183,
        -0.180402258422008,
        0.104074730463913
      ],
      [
        0.0,
        0.0,
        0.0,
        1.0
      ]
    ]
  },
  "simTime": 0.713999999999938,
  "state": [
    -0.109175945068176,
    2.59237783213308e-06,
    0.127098670973498,
    0.991210801723337,
    -0.00130001410997808,
    -0.132279200221869,
    0.00129216831563623,
    -0.342451030660688,
    -0.000367332093904629,
    -2.15765056971377,
    -0.0118635697013234,
    -2.19880057439428,
    0.000440481931364862,
    0.846829858576029,
    -0.0236374619330306,
    0.231028295743768,
    -0.478483424564736,
    0.997972120515729,
    0.013820743346231,
    0.0101846774825005,
    -0.0612936054680542,
    0.846757076830735,
    0.0234398663557603,
    0.231293997023379,
    0.478493586627074,
    0.99796352672772,
    -0.0141237943841095,
    0.0102254604670902,
    0.0613576214630545,
    -5.09061021083649,
    -2.60211814009335,
    -0.0990529132644247,
    -0.581932952549827,
    0.0420230176586986,
    -0.309421557310698,
    5.09176899438383,
    -2.60449538859234,
    0.0989831646897019,
    0.582247665115111,
    0.041789187490873,
    0.312656251843479
  ]
}