{
  "T_WB": [
    [
      -0.65701571493276,
      0.0700167957155729,
      0.750618410811458,
      -0.193752279615876
    ],
    [
      0.0479235213592301,
      0.997542931975973,
      -0.0511022011787295,
      -0.000501506367830173
    ],
    [
      -0.752352102696554,
      0.00239732820107356,
      -0.658756834033295,
      0.195365038412861
    ],
    [
      0.0,
      0.0,
      0.0,
      1.0
    ]
  ],
  "T_WH": {
    "0": [
      [
        -0.724998208754738,
        -0.669306491601474,
        0.162500515699328,
        -0.222273445676084
      ],
      [
        -0.664237566672913,
        0.741840446500797,
        0.0919848191602573,
        -0.0305059393366921
      ],
      [
        -0.182115491715747,
        -0.0412501180073997,
        -0.982411510234641,
        0.165194239802564
      ],
      [
        0.0,
        0.0,
        0.0,
        1.0
      ]
    ],
    "1": [
      [
        0.40458856273909,
        0.282639371087757,
        0.869725865322996,
        -0.165231113555667
      ],
      [
        0.796051986062259,
        -0.576955957349066,
        -0.182819743916667,
        0.0295029266010318
      ],
      [
        0.450121461815643,
        0.766313779851661,
        -0.458425414241411,
        0.225535837023157
      ],
      [
        0.0,
        0.0,
        0.0,
        1.0
      ]
    ],
    "2": [
      [
        -0.62465360141802,
        0.767221367302352,
        0.145530930699309,
        -0.217792370750288
      ],
      [
        0.759940033611453,
        0.640126438826199,
        -0.112824144713409,
        0.0333368083097702
      ],
      [
        -0.179719290979351,
        0.0401187720450003,
        -0.982899517030852,
        0.165347668807433
      ],
      [
        0.0,
        0.0,
        0.0,
        1.0
      ]
    ],
    "3": [
      [
        0.279325380125058,
        -0.355880140589174,
        0.89181088665267,
        -0.169712188481464
      ],
      [
        -0.852631294482155,
        -0.519066096111545,
        0.059918807875362,
        -0.0343398210454305
      ],
      [
        0.441584881633957,
        -0.777122714506371,
        -0.448422879557426,
        0.225382408018289
      ],
      [
        0.0,
        0.0,
        0.0,
        1.0
      ]
    ]
  },
  "T_WP": {
    "0": [
      [
        -0.162500515699328,
        -0.669306491601474,
        -0.724998208754738,
        -0.273023320288916
      ],
      [
        -0.0919848191602574,
        0.741840446500797,
        -0.664237566672913,
        -0.077002569003796
      ],
      [
        0.982411510234641,
        -0.0412501180073997,
        -0.182115491715747,
        0.152446155382462
      ],
      [
        0.0,
        0.0,
        0.0,
        1.0
      ]
    ],
    "1": [
      [
        -0.869725865322996,
        0.282639371087757,
        0.40458856273909,
        -0.136909914163931
      ],
      [
        0.182819743916667,
        -0.576955957349066,
        0.796051986062259,
        0.0852265656253899
      ],
      [
        0.458425414241411,
        0.766313779851661,
        0.450121461815643,
        0.257044339350252
      ],
      [
        0.0,
        0.0,
        0.0,
        1.0
      ]
    ],
    "2": [
      [
        -0.145530930699309,
        0.767221367302352,
        -0.62465360141802,
        -0.261518122849549
      ],
      [
        0.112824144713409,
        0.640126438826199,
        0.759940033611453,
        0.0865326106625719
      ],
      [
        0.982899517030852,
        0.0401187720450003,
        -0.179719290979351,
        0.152767318438878
      ],
      [
        0.0,
        0.0,
        0.0,
        1.0
      ]
    ],
    "3": [
      [
        -0.89181088665267,
        -0.355880140589174,
        0.279325380125058,
        -0.15015941187271
      ],
      [
        -0.0599188078753621,
        -0.519066096111545,
        -0.852631294482155,
        -0.0940240116591814
      ],
      [
        0.448422879557426,
        -0.777122714506371,
        0.441584881633957,
        0.256293349732666
      ],
      [
        0.0,
        0.0,
        0.0,
        1.0
      ]
    ]
  },
  "simTime": 0.935999999999913,
  "state": [
    -0.193752279615876,
    -0.000501506367830173,
    0.195365038412861,
    0.412846939860864,
    0.0323967094184066,
    0.910125744188959,
    -0.0133786109470671,
    -0.469497778492018,
    -0.00191511600804152,
    0.0441031365963026,
    0.472448396220236,
    13.0121759368372,
    -0.237120801729068,
    0.939211258069016,
    -0.275404426237586,
    0.204767252876647,
    0.0102463102878232,
    0.987057290014623,
    -0.130747946794507,
    0.0286734728322769,
    -0.0883216428388136,
    0.938686779021487,
    0.277583457407376,
    0.204204941503684,
    -0.0107189985311407,
    0.985953010127191,
    0.134569588858185,
    0.031880460744681,
    0.0936553458077934,
    -0.301674520059832,
    -2.0991887667739,
    2.94560990187952,
    -1.16052309493195,
    -0.717368921527745,
    1.00715978819515,
    0.350416961681515,
    -2.07741122126475,
    -2.95201884359877,
    1.18169248469572,
    -0.735856090822646,
    -1.07351942203888
  ]
}