{
  "T_WB": [
    [
      0.631615771411202,
      -0.00116572201115289,
      0.775280696520186,
      -0.0188059122196624
    ],
    [
      0.000888413960487917,
      0.99999930129489,
      0.00077982713923429,
      2.63020544419758e-05
    ],
    [
      -0.775281063889263,
      0.000196219073970473,
      0.631616365741743,
      0.307231851563149
    ],
    [
      0.0,
      0.0,
      0.0,
      1.0
    ]
  ],
  "T_WH": {
    "0": [
      [
        0.4603947625926,
        0.8799419112002,
        -0.117213034644803,
        0.00649602174114256
      ],
      [
        -0.702438745324078,
        0.280381451571533,
        -0.654191142314061,
        -0.031938139028575
      ],
      [
        -0.542785843261262,
        0.383521152647387,
        0.747191443893183,
        0.276214329997212
      ],
      [
        0.0,
        0.0,
        0.0,
        1.0
      ]
    ],
    "1": [
      [
        -0.419284496437101,
        -0.358637251072553,
        0.834014288361182,
        -0.0441078461804674
      ],
      [
        0.677075922625564,
        -0.735518311736746,
        0.0241041096219778,
        0.0319907431374589
      ],
      [
        0.604788149725362,
        0.574797473239966,
        0.551216072614654,
        0.338249373129087
      ],
      [
        0.0,
        0.0,
        0.0,
        1.0
      ]
    ],
    "2": [
      [
        0.459305249426185,
        -0.880202433171608,
        -0.119508846904032,
        0.00642141553242877
      ],
      [
        0.703579217982008,
        0.278367430852313,
        0.653825555836195,
        0.032061816254298
      ],
      [
        -0.54223147444,
        -0.384389451051228,
        0.747147761856488,
        0.276226888017946
      ],
      [
        0.0,
        0.0,
        0.0,
        1.0
      ]
    ],
    "3": [
      [
        -0.418023771303703,
        0.360214839748973,
        0.833967263056322,
        -0.0440332399717536
      ],
      [
        -0.678010323867526,
        -0.734707657702855,
        -0.0225090746552522,
        -0.032009212145414
      ],
      [
        0.604614031721132,
        -0.574847742395676,
        0.551354646038748,
        0.338236815108353
      ],
      [
        0.0,
        0.0,
        0.0,
        1.0
      ]
    ]
  },
  "T_WP": {
    "0": [
      [
        0.117213034644803,
        0.8799419112002,
        0.4603947625926,
        0.0387236551226245
      ],
      [
        0.654191142314061,
        0.280381451571533,
        -0.702438745324078,
        -0.0811088512012604
      ],
      [
        -0.747191443893183,
        0.383521152647387,
        -0.542785843261262,
        0.238219320968923
      ],
      [
        0.0,
        0.0,
        0.0,
        1.0
      ]
    ],
    "1": [
      [
        -0.834014288361182,
        -0.358637251072553,
        -0.419284496437101,
        -0.0734577609310644
      ],
      [
        -0.0241041096219777,
        -0.735518311736746,
        0.677075922625564,
        0.0793860577212484
      ],
      [
        -0.551216072614654,
        0.574797473239966,
        0.604788149725362,
        0.380584543609862
      ],
      [
        0.0,
        0.0,
        0.0,
        1.0
      ]
    ],
    "2": [
      [
        0.119508846904032,
        -0.880202433171608,
        0.459305249426185,
        0.0385727829922618
      ],
      [
        -0.653825555836195,
        0.278367430852313,
        0.703579217982008,
        0.0813123615130385
      ],
      [
        -0.747147761856488,
        -0.384389451051228,
        -0.54223147444,
        0.238270684807146
      ],
      [
        0.0,
        0.0,
        0.0,
        1.0
      ]
    ],
    "3": [
      [
        -0.833967263056322,
        0.360214839748973,
        -0.418023771303702,
        -0.0732949039630127
      ],
      [
        0.0225090746552522,
        -0.734707657702855,
        -0.678010323867526,
        -0.0794699348161409
      ],
      [
        -0.551354646038748,
        -0.574847742395676,
        0.604614031721132,
        0.380559797328832
      ],
      [
        0.0,
        0.0,
        0.0,
        1.0
      ]
    ]
  },
  "simTime": 0.401499999999972,
  "state": [
    -0.0188059122196624,
    2.63020544419758e-05,
    0.307231851563149,
    0.903220825497264,
    -0.000161535266013855,
    0.42917571114345,
    0.000568558627539923,
    -0.204262890647055,
    0.000256428212392547,
    0.984065925115423,
    -0.0102186321755258,
    -5.12953507068066,
    0.0038926823326046,
    0.830807124287704,
    0.556512161974566,
    -0.00407688553570768,
    0.0060921926692809,
    0.998474831010104,
    0.0428625611899858,
    -0.027879506325168,
    0.0208217630051835,
    0.830568259634732,
    -0.556864351253062,
    -0.00426999686516997,
    -0.00634251666219979,
    0.998474527779755,
    -0.0428432970228058,
    -0.0277769566778754,
    -0.0210121382283281,
    0.716362382980734,
    0.0556362268440633,
    -5.54778288279638,
    0.221233708640336,
    0.381084004034003,
    -0.499873360048634,
    -0.719324146564589,
    0.0590924728516395,
    5.55191257512374,
    -0.224539007422548,
    0.380184684246197,
    0.499164048336473
  ]
}