{
  "T_WB": [
    [
      -2.22044604925031e-16,
      3.8624263197953e-20,
      1.0,
      -7.7932798734035e-37
    ],
    [
      -4.53289484477264e-19,
      1.0,
      -3.8624263197953e-20,
      5.20070694245853e-21
    ],
    [
      -1.0,
      -4.53289484477264e-19,
      -2.22044604925031e-16,
      0.422771799175001
    ],
    [
      0.0,
      0.0,
      0.0,
      1.0
    ]
  ],
  "T_WH": {
    "0": [
      [
        -1.5709156872954e-16,
        -1.54353339283074e-16,
        1.0,
        -8.88302017342359e-18
      ],
      [
        -0.707106779455507,
        0.707106782917588,
        -1.93622007091722e-18,
        -0.032
      ],
      [
        -0.707106782917588,
        -0.707106779455507,
        -2.2022480642648e-16,
        0.382771799175001
      ],
      [
        0.0,
        0.0,
        0.0,
        1.0
      ]
    ],
    "1": [
      [
        1.5709156872954e-16,
        1.54360051980851e-16,
        1.0,
        8.88302017342359e-18
      ],
      [
        0.707106779455507,
        -0.707106782917588,
        -1.93147347678748e-18,
        0.032
      ],
      [
        0.707106782917588,
        0.707106779455507,
        -2.20229553020587e-16,
        0.462771799175001
      ],
      [
        0.0,
        0.0,
        0.0,
        1.0
      ]
    ],
    "2": [
      [
        -1.57052483662681e-16,
        1.55480562792121e-16,
        1.0,
        -8.88054822057892e-18
      ],
      [
        0.707106779455507,
        0.707106782917588,
        1.11151536605435e-18,
        0.032
      ],
      [
        -0.707106782917588,
        0.707106779455507,
        -2.20994236495801e-16,
        0.382771799175001
      ],
      [
        0.0,
        0.0,
        0.0,
        1.0
      ]
    ],
    "3": [
      [
        1.57052483662681e-16,
        -1.54402976838591e-16,
        1.0,
        8.88054822057892e-18
      ],
      [
        -0.707106779455507,
        -0.707106782917588,
        1.87348370297201e-18,
        -0.032
      ],
      [
        0.707106782917588,
        -0.707106779455507,
        -2.20232268162615e-16,
        0.462771799175001
      ],
      [
        0.0,
        0.0,
        0.0,
        1.0
      ]
    ]
  },
  "T_WP": {
    "0": [
      [
        -1.0,
        -1.54353339283074e-16,
        -9.58592287721726e-17,
        -1.98794299844914e-17
      ],
      [
        -4.13615826348618e-17,
        0.707106782917588,
        -0.707106779455507,
        -0.0814974745618855
      ],
      [
        1.7692700350871e-16,
        -0.707106779455507,
        -0.707106782917588,
        0.33327432437077
      ],
      [
        0.0,
        0.0,
        0.0,
        1.0
      ]
    ],
    "1": [
      [
        -1.0,
        1.54360051980851e-16,
        2.18323908686908e-16,
        1.98794299844914e-17
      ],
      [
        4.52292761825665e-17,
        -0.707106782917588,
        0.707106779455507,
        0.0814974745618855
      ],
      [
        2.63527355938357e-16,
        0.707106779455507,
        0.707106782917588,
        0.512269273979232
      ],
      [
        0.0,
        0.0,
        0.0,
        1.0
      ]
    ],
    "2": [
      [
        -1.0,
        1.55480562792121e-16,
        -9.5820143705313e-17,
        -1.98742220769666e-17
      ],
      [
        4.21862873397247e-17,
        0.707106782917588,
        0.707106779455507,
        0.0814974745618855
      ],
      [
        1.77696433578031e-16,
        0.707106779455507,
        -0.707106782917588,
        0.33327432437077
      ],
      [
        0.0,
        0.0,
        0.0,
        1.0
      ]
    ],
    "3": [
      [
        -1.0,
        -1.54402976838591e-16,
        2.18284823620048e-16,
        1.98742220769666e-17
      ],
      [
        -4.5171286408751e-17,
        -0.707106782917588,
        -0.707106779455507,
        -0.0814974745618855
      ],
      [
        2.63530071080385e-16,
        -0.707106779455507,
        0.707106782917588,
        0.512269273979232
      ],
      [
        0.0,
        0.0,
        0.0,
        1.0
      ]
    ]
  },
  "simTime": 0.125500000000002,
  "state": [
    -7.7932798734035e-37,
    5.20070694245853e-21,
    0.422771799175001,
    0.707106781186548,
    -1.46606294944411e-19,
    0.707106781186548,
    -1.73917773370017e-19,
    -5.20785799958637e-35,
    1.60803425111814e-20,
    -1.23072829999998,
    6.72588600141988e-19,
    -5.79130870627781e-18,
    -1.0546812533533e-17,
    1.0,
    1.31429736122136e-18,
    2.75054992179553e-20,
    -2.89130230633571e-19,
    1.0,
    -1.31094101233289e-18,
    -2.75054992179549e-20,
    2.86936214931059e-19,
    1.0,
    -7.77997085190533e-19,
    3.52744441469255e-20,
    1.66000281621781e-19,
    1.0,
    1.31679006195545e-18,
    -3.52744441469251e-20,
    -2.81318616801908e-19,
    2.31193524629407e-17,
    6.00346206646287e-19,
    -1.16150731455922e-17,
    -2.3189723425355e-17,
    -6.00346206646282e-19,
    1.15784048220091e-17,
    -1.98460817893322e-17,
    6.78846883508513e-19,
    6.7779437880955e-18,
    2.31827333571325e-17,
    -6.78846883508507e-19,
    -1.15075673039583e-17
  ]
}