{
  "arms": {
    "0": [
      [
        -0.999999940395355,
        -3.4544521526815e-17,
        -5.74293566019887e-17,
        -8.88178482565852e-18
      ],
      [
        6.50353617437526e-17,
        -0.707106828689575,
        -0.707106709480286,
        0.103873319923878
      ],
      [
        -1.61820267898952e-17,
        -0.707106709480286,
        0.707106828689575,
        0.0319999977946281
      ],
      [
        0.0,
        0.0,
        0.0,
        1.0
      ]
    ],
    "1": [
      [
        -0.999999940395355,
        -1.59505528686176e-16,
        3.79056164212025e-16,
        8.88178151693607e-18
      ],
      [
        3.80820639720274e-16,
        -0.707106709480286,
        0.707106828689575,
        0.183873325586319
      ],
      [
        1.55245747054875e-16,
        0.707106828689575,
        0.707106709480286,
        0.0319999940693378
      ],
      [
        0.0,
        0.0,
        0.0,
        1.0
      ]
    ],
    "2": [
      [
        -0.999999940395355,
        1.54533868802267e-16,
        3.79051479061036e-16,
        8.88178482565852e-18
      ],
      [
        3.77301853099143e-16,
        0.707106828689575,
        0.707106709480286,
        0.183873325586319
      ],
      [
        -1.58757942700885e-16,
        0.707106709480286,
        -0.707106828689575,
        -0.032000008970499
      ],
      [
        0.0,
        0.0,
        0.0,
        1.0
      ]
    ],
    "3": [
      [
        -0.999999940395355,
        2.79473941674685e-16,
        1.87500060237159e-16,
        -8.88178151693607e-18
      ],
      [
        6.50353485088628e-17,
        0.707106709480286,
        -0.707106828689575,
        0.103873319923878
      ],
      [
        -3.30200521424259e-16,
        -0.707106828689575,
        -0.707106709480286,
        -0.0320000052452087
      ],
      [
        0.0,
        0.0,
        0.0,
        1.0
      ]
    ]
  },
  "base": [
    [
      -2.22044591690142e-16,
      5.7406373638681e-23,
      0.999999940395355,
      1.56857552913993e-35
    ],
    [
      -1.0,
      -4.37113882867379e-08,
      -2.22044604925031e-16,
      0.143873319029808
    ],
    [
      4.37113882867379e-08,
      -1.0,
      6.71122594701434e-23,
      -6.28890273191018e-09
    ],
    [
      0.0,
      0.0,
      0.0,
      1.0
    ]
  ]
}