{
  "T_WB": [
    [
      -0.948701773931204,
      0.0591947833211612,
      -0.310581586330142,
      -0.234816693790992
    ],
    [
      0.0691572877988486,
      0.997381472930078,
      -0.0211534158030165,
      -0.000881123648284288
    ],
    [
      0.308516148173955,
      -0.0415472632478827,
      -0.950311323321214,
      0.162832016977953
    ],
    [
      0.0,
      0.0,
      0.0,
      1.0
    ]
  ],
  "T_WH": {
    "0": [
      [
        -0.66374951448459,
        -0.182660345350271,
        -0.725308058867397,
        -0.274658997814517
      ],
      [
        -0.439035343827245,
        0.880234730631332,
        0.180096601469539,
        -0.0300310392700928
      ],
      [
        0.605544836401041,
        0.437974904791251,
        -0.664449722613481,
        0.176502175328843
      ],
      [
        0.0,
        0.0,
        0.0,
        1.0
      ]
    ],
    "1": [
      [
        0.682501314899311,
        0.729023629673627,
        -0.0521200780717253,
        -0.194974389767467
      ],
      [
        0.696381806158673,
        -0.670278613979512,
        -0.256474091660132,
        0.0282687919735243
      ],
      [
        -0.221910646909736,
        0.138748430690927,
        -0.965144827354376,
        0.149161858627062
      ],
      [
        0.0,
        0.0,
        0.0,
        1.0
      ]
    ],
    "2": [
      [
        -0.604482030902762,
        0.274805853657246,
        -0.747718675112094,
        -0.270870531681963
      ],
      [
        0.559876591228773,
        0.814259229265856,
        -0.153362675216048,
        0.0338013749974322
      ],
      [
        0.566691871222556,
        -0.511335164399132,
        -0.646062437183274,
        0.173843150480979
      ],
      [
        0.0,
        0.0,
        0.0,
        1.0
      ]
    ],
    "3": [
      [
        0.59207560907769,
        -0.80574274687056,
        -0.0150032996626537,
        -0.198762855900021
      ],
      [
        -0.791269931536975,
        -0.584768391247429,
        0.178711566618855,
        -0.0355636222940007
      ],
      [
        -0.15276900399215,
        -0.0939390997581898,
        -0.983787109569884,
        0.151820883474927
      ],
      [
        0.0,
        0.0,
        0.0,
        1.0
      ]
    ]
  },
  "T_WP": {
    "0": [
      [
        0.725308058867397,
        -0.182660345350271,
        -0.66374951448459,
        -0.321121463828439
      ],
      [
        -0.180096601469539,
        0.880234730631332,
        -0.439035343827245,
        -0.060763513338
      ],
      [
        0.664449722613481,
        0.437974904791251,
        0.605544836401041,
        0.218890313876916
      ],
      [
        0.0,
        0.0,
        0.0,
        1.0
      ]
    ],
    "1": [
      [
        0.0521200780717253,
        0.729023629673627,
        0.682501314899311,
        -0.147199297724515
      ],
      [
        0.256474091660132,
        -0.670278613979512,
        0.696381806158673,
        0.0770155184046313
      ],
      [
        0.965144827354376,
        0.138748430690927,
        -0.221910646909736,
        0.133628113343381
      ],
      [
        0.0,
        0.0,
        0.0,
        1.0
      ]
    ],
    "2": [
      [
        0.747718675112094,
        0.274805853657246,
        -0.604482030902762,
        -0.313184273845156
      ],
      [
        0.153362675216048,
        0.814259229265856,
        0.559876591228773,
        0.0729927363834463
      ],
      [
        0.646062437183274,
        -0.511335164399132,
        0.566691871222556,
        0.213511581466558
      ],
      [
        0.0,
        0.0,
        0.0,
        1.0
      ]
    ],
    "3": [
      [
        0.0150032996626538,
        -0.80574274687056,
        0.59207560907769,
        -0.157317563264583
      ],
      [
        -0.178711566618855,
        -0.584768391247429,
        -0.791269931536975,
        -0.0909525175015889
      ],
      [
        0.983787109569884,
        -0.0939390997581898,
        -0.15276900399215,
        0.141127053195476
      ],
      [
        0.0,
        0.0,
        0.0,
        1.0
      ]
    ]
  },
  "simTime": 1.0264999999999,
  "state": [
    -0.234816693790992,
    -0.000881123648284288,
    0.162832016977953,
    -0.15681866572387,
    0.0325118303850004,
    0.98696435728228,
    -0.0158822045062379,
    -0.423498627264211,
    -0.00725456824181169,
    -0.774337647490057,
    0.46434888177135,
    12.7049927615107,
    -0.279323463130771,
    0.952023766303424,
    -0.221814959442818,
    0.156052047650864,
    0.141762585278333,
    0.984258271834054,
    -0.174479590567375,
    0.0125069428791686,
    -0.02522108604917,
    0.950751663939538,
    0.225343929988268,
    0.156537503692606,
    -0.144178350217119,
    0.983434383231707,
    0.178459891392435,
    0.0161356102266921,
    0.0273591506535522,
    1.34286023936789,
    -1.74448013710405,
    2.22524055749269,
    -0.727931968527517,
    -0.544058727016153,
    1.56026943575502,
    -1.31994670278533,
    -1.75324484988849,
    -2.28516383824088,
    0.723221286083626,
    -0.549802642033598,
    -1.62092260663749
  ]
}