{
  "T_WB": [
    [
      0.960866006162143,
      0.00324524794500263,
      0.276994560538267,
      -0.130390781373217
    ],
    [
      -0.000229131714850064,
      0.999940344477813,
      -0.0109203930446529,
      -0.000142207211211619
    ],
    [
      -0.277013475666202,
      0.0104295662118762,
      0.960809428788021,
      0.0803612394090288
    ],
    [
      0.0,
      0.0,
      0.0,
      1.0
    ]
  ],
  "T_WH": {
    "0": [
      [
        -0.0379282667089266,
        0.676492747738402,
        0.735471963328177,
        -0.0920599890609716
      ],
      [
        -0.890288234718922,
        0.31137314848775,
        -0.332315545110203,
        -0.0321494635030956
      ],
      [
        -0.453815277073747,
        -0.667386188543164,
        0.590463690362334,
        0.0689469542636007
      ],
      [
        0.0,
        0.0,
        0.0,
        1.0
      ]
    ],
    "1": [
      [
        -0.489332161335227,
        -0.857784364302312,
        0.157353170420791,
        -0.168721573685463
      ],
      [
        0.872069844561148,
        -0.479849127675984,
        0.0961197215751874,
        0.0318650490806724
      ],
      [
        -0.00694421270482047,
        0.184257425975389,
        0.982853488004613,
        0.091775524554457
      ],
      [
        0.0,
        0.0,
        0.0,
        1.0
      ]
    ],
    "2": [
      [
        -0.0272005027826861,
        -0.675615663666278,
        0.736752066612062,
        -0.0918522931924915
      ],
      [
        0.899420326453711,
        0.305095930142237,
        0.312984903425938,
        0.0318467185434844
      ],
      [
        -0.436237560292863,
        0.671163131004243,
        0.599363698075144,
        0.0696144465011608
      ],
      [
        0.0,
        0.0,
        0.0,
        1.0
      ]
    ],
    "3": [
      [
        -0.481715204255381,
        0.863079090783739,
        0.151805615973555,
        -0.168929269553943
      ],
      [
        -0.875603680226021,
        -0.46699948546691,
        -0.123408572426267,
        -0.0321311329659076
      ],
      [
        -0.0356182139339441,
        -0.192369341698607,
        0.980675980745221,
        0.0911080323168969
      ],
      [
        0.0,
        0.0,
        0.0,
        1.0
      ]
    ]
  },
  "T_WP": {
    "0": [
      [
        -0.735471963328177,
        0.676492747738402,
        -0.0379282667089266,
        -0.0947149677305965
      ],
      [
        0.332315545110203,
        0.31137314848775,
        -0.890288234718922,
        -0.0944696399334202
      ],
      [
        -0.590463690362334,
        -0.667386188543164,
        -0.453815277073747,
        0.0371798848684384
      ],
      [
        0.0,
        0.0,
        0.0,
        1.0
      ]
    ],
    "1": [
      [
        -0.157353170420791,
        -0.857784364302312,
        -0.489332161335227,
        -0.202974824978929
      ],
      [
        -0.0961197215751873,
        -0.479849127675984,
        0.872069844561148,
        0.0929099381999528
      ],
      [
        -0.982853488004613,
        0.184257425975389,
        -0.00694421270482041,
        0.0912894296651195
      ],
      [
        0.0,
        0.0,
        0.0,
        1.0
      ]
    ],
    "2": [
      [
        -0.736752066612062,
        -0.675615663666278,
        -0.027200502782686,
        -0.0937563283872795
      ],
      [
        -0.312984903425938,
        0.305095930142237,
        0.899420326453711,
        0.0948061413952442
      ],
      [
        -0.599363698075144,
        0.671163131004243,
        -0.436237560292863,
        0.0390778172806604
      ],
      [
        0.0,
        0.0,
        0.0,
        1.0
      ]
    ],
    "3": [
      [
        -0.151805615973555,
        0.863079090783739,
        -0.481715204255381,
        -0.20264933385182
      ],
      [
        0.123408572426267,
        -0.46699948546691,
        -0.875603680226021,
        -0.0934233905817291
      ],
      [
        -0.980675980745221,
        -0.192369341698607,
        -0.035618213933944,
        0.0886147573415208
      ],
      [
        0.0,
        0.0,
        0.0,
        1.0
      ]
    ]
  },
  "simTime": 0.78199999999993,
  "state": [
    -0.130390781373217,
    -0.000142207211211619,
    0.0803612394090288,
    0.990153495604088,
    0.0053905680662935,
    0.139879331503666,
    -0.000877232589512042,
    -0.304059315018606,
    -0.00437462033509182,
    1.50237938128889,
    0.500024210838794,
    13.0033511933127,
    -0.192266995579208,
    0.905257698782179,
    -0.169128745161649,
    0.289928529490662,
    -0.260471522710301,
    0.986442337045286,
    -0.0165688123211034,
    0.0793087112915216,
    -0.142713413721977,
    0.906324772525997,
    0.16828872014669,
    0.288812330246225,
    0.258537717315741,
    0.984897352463551,
    0.0174108276201624,
    0.0829276711279306,
    0.150986984714465,
    -3.05960145045268,
    -1.73030797192015,
    2.79614637793206,
    -2.18126128712044,
    -0.66318751677142,
    0.915905290929131,
    3.08515431176476,
    -1.85648637194372,
    -2.87463440357842,
    2.18541695325255,
    -0.67846938267862,
    -0.717937321447094
  ]
}