{
  "T_WB": [
    [
      0.969006847976669,
      -0.00220523834778616,
      -0.247024018059276,
      -0.00265008536836538
    ],
    [
      0.0017279730229603,
      0.99999619831524,
      -0.00214882858747074,
      -4.04377124486014e-06
    ],
    [
      0.247027817631035,
      0.00165537877715749,
      0.969006974710478,
      0.0480709077565656
    ],
    [
      0.0,
      0.0,
      0.0,
      1.0
    ]
  ],
  "T_WH": {
    "0": [
      [
        0.704073119931127,
        0.58089687426618,
        -0.40846035702162,
        0.0361807561778305
      ],
      [
        -0.695800395384582,
        0.679282022273858,
        -0.233318974792444,
        -0.0319348031964141
      ],
      [
        0.141925514172428,
        0.448480496435819,
        0.882452487527557,
        0.057899048340938
      ],
      [
        0.0,
        0.0,
        0.0,
        1.0
      ]
    ],
    "1": [
      [
        -0.640764787528154,
        -0.711153649543052,
        -0.28927663888672,
        -0.0414809269145613
      ],
      [
        0.750477724148838,
        -0.65964139013202,
        -0.0406991643781305,
        0.0319267156539244
      ],
      [
        -0.161875484927094,
        -0.243174265016457,
        0.956379947621929,
        0.0382427671721932
      ],
      [
        0.0,
        0.0,
        0.0,
        1.0
      ]
    ],
    "2": [
      [
        0.700402210163829,
        -0.584567225627616,
        -0.409533762612628,
        0.0360396209235722
      ],
      [
        0.699072690724943,
        0.677597448247481,
        0.228383605390338,
        0.0320649534957612
      ],
      [
        0.143993461935644,
        -0.446254251352896,
        0.883245733683019,
        0.058004992582676
      ],
      [
        0.0,
        0.0,
        0.0,
        1.0
      ]
    ],
    "3": [
      [
        -0.637540005524951,
        0.714039233707258,
        -0.289293473970633,
        -0.041339791660303
      ],
      [
        -0.752680483527763,
        -0.657392400881634,
        0.0361568939414692,
        -0.032073041038251
      ],
      [
        -0.164361890569741,
        0.240797018232851,
        0.95655735057471,
        0.0381368229304551
      ],
      [
        0.0,
        0.0,
        0.0,
        1.0
      ]
    ]
  },
  "T_WP": {
    "0": [
      [
        0.40846035702162,
        0.58089687426618,
        0.704073119931127,
        0.0854658745730095
      ],
      [
        0.233318974792444,
        0.679282022273858,
        -0.695800395384582,
        -0.0806408308733349
      ],
      [
        -0.882452487527557,
        0.448480496435819,
        0.141925514172428,
        0.0678338343330079
      ],
      [
        0.0,
        0.0,
        0.0,
        1.0
      ]
    ],
    "1": [
      [
        0.289276638886719,
        -0.711153649543052,
        -0.640764787528154,
        -0.0863344620415321
      ],
      [
        0.0406991643781306,
        -0.65964139013202,
        0.750477724148838,
        0.0844601563443431
      ],
      [
        -0.956379947621929,
        -0.243174265016457,
        -0.161875484927094,
        0.0269114832272967
      ],
      [
        0.0,
        0.0,
        0.0,
        1.0
      ]
    ],
    "2": [
      [
        0.409533762612628,
        -0.584567225627616,
        0.700402210163829,
        0.0850677756350402
      ],
      [
        -0.228383605390338,
        0.677597448247481,
        0.699072690724943,
        0.0810000418465073
      ],
      [
        -0.883245733683019,
        -0.446254251352896,
        0.143993461935645,
        0.0680845349181712
      ],
      [
        0.0,
        0.0,
        0.0,
        1.0
      ]
    ],
    "3": [
      [
        0.289293473970633,
        0.714039233707258,
        -0.637540005524951,
        -0.0859675920470495
      ],
      [
        -0.0361568939414692,
        -0.657392400881634,
        -0.752680483527763,
        -0.0847606748851943
      ],
      [
        -0.95655735057471,
        0.240797018232851,
        -0.164361890569741,
        0.0266314905905732
      ],
      [
        0.0,
        0.0,
        0.0,
        1.0
      ]
    ]
  }
}