{
  "arms": {
    "0": [
      [
        -0.999999940395355,
        -3.4544521526815e-17,
        -5.74293566019887e-17,
        -8.88178482565852e-18
      ],
      [
        6.50353617437526e-17,
        -0.707106828689575,
        -0.707106709480286,
        0.116965129971504
      ],
      [
        -1.6182025135534e-17,
        -0.707106709480286,
        0.707106828689575,
        0.0319999977946281
      ],
      [
        0.0,
        0.0,
        0.0,
        1.0
      ]
    ],
    "1": [
      [
        -0.999999940395355,
        -1.59459868316363e-16,
        3.79056111272466e-16,
        8.88178151693607e-18
      ],
      [
        3.80788320119381e-16,
        -0.707106709480286,
        0.707106828689575,
        0.196965128183365
      ],
      [
        1.5527798724643e-16,
        0.707106828689575,
        0.707106709480286,
        0.0319999940693378
      ],
      [
        0.0,
        0.0,
        0.0,
        1.0
      ]
    ],
    "2": [
      [
        -0.999999940395355,
        1.54580905600619e-16,
        3.79051532000595e-16,
        8.88178482565852e-18
      ],
      [
        3.77335125612102e-16,
        0.707106828689575,
        0.707106709480286,
        0.196965128183365
      ],
      [
        -1.58724723127485e-16,
        0.707106709480286,
        -0.707106828689575,
        -0.032000008970499
      ],
      [
        0.0,
        0.0,
        0.0,
        1.0
      ]
    ],
    "3": [
      [
        -0.999999940395355,
        2.79473941674685e-16,
        1.87500060237159e-16,
        -8.88178151693607e-18
      ],
      [
        6.50353485088628e-17,
        0.707106709480286,
        -0.707106828689575,
        0.116965129971504
      ],
      [
        -3.30200521424259e-16,
        -0.707106828689575,
        -0.707106709480286,
        -0.0320000052452087
      ],
      [
        0.0,
        0.0,
        0.0,
        1.0
      ]
    ]
  },
  "base": [
    [
      -2.22044591690142e-16,
      5.58955156785655e-23,
      0.999999940395355,
      1.53583258743554e-35
    ],
    [
      -1.0,
      -4.37113882867379e-08,
      -2.22044604925031e-16,
      0.156965136528015
    ],
    [
      4.37113882867379e-08,
      -1.0,
      6.56014015100279e-23,
      -6.86116408132875e-09
    ],
    [
      0.0,
      0.0,
      0.0,
      1.0
    ]
  ]
}