{
  "T_WB": [
    [
      -2.22044604925031e-16,
      3.57919640272162e-25,
      1.0,
      -2.14372900352482e-38
    ],
    [
      -2.76825465610773e-22,
      1.0,
      -3.5791964027216e-25,
      1.20424572927894e-23
    ],
    [
      -1.0,
      -2.76825465610773e-22,
      -2.22044604925031e-16,
      0.499939934575
    ],
    [
      0.0,
      0.0,
      0.0,
      1.0
    ]
  ],
  "T_WH": {
    "0": [
      [
        -1.57009249052196e-16,
        -1.57002067970277e-16,
        1.0,
        -8.88178420845468e-18
      ],
      [
        -0.707106779455507,
        0.707106782917588,
        -5.07724815540528e-21,
        -0.032
      ],
      [
        -0.707106782917588,
        -0.707106779455507,
        -2.22039531635922e-16,
        0.459939934575
      ],
      [
        0.0,
        0.0,
        0.0,
        1.0
      ]
    ],
    "1": [
      [
        1.57009249052196e-16,
        1.57001490500159e-16,
        1.0,
        8.88178420845468e-18
      ],
      [
        0.707106779455507,
        -0.707106782917588,
        -5.48558119219481e-21,
        0.032
      ],
      [
        0.707106782917588,
        0.707106779455507,
        -2.22039123302887e-16,
        0.539939934575
      ],
      [
        0.0,
        0.0,
        0.0,
        1.0
      ]
    ],
    "2": [
      [
        -1.57009249054254e-16,
        1.57003933132949e-16,
        1.0,
        -8.88178418554782e-18
      ],
      [
        0.707106779455507,
        0.707106782917588,
        3.75838043415017e-21,
        0.032
      ],
      [
        -0.707106782917588,
        0.707106779455507,
        -2.22040850506547e-16,
        0.459939934575
      ],
      [
        0.0,
        0.0,
        0.0,
        1.0
      ]
    ],
    "3": [
      [
        1.57009249054254e-16,
        -1.5700208291442e-16,
        1.0,
        8.88178418554782e-18
      ],
      [
        -0.707106779455507,
        -0.707106782917588,
        5.06668250577849e-21,
        -0.032
      ],
      [
        0.707106782917588,
        -0.707106779455507,
        -2.22039542204482e-16,
        0.539939934575
      ],
      [
        0.0,
        0.0,
        0.0,
        1.0
      ]
    ]
  },
  "T_WP": {
    "0": [
      [
        -1.0,
        -1.57002067970277e-16,
        -9.57769090948286e-17,
        -1.98724316421084e-17
      ],
      [
        -4.32927254576236e-17,
        0.707106782917588,
        -0.707106779455507,
        -0.0814974745618855
      ],
      [
        1.78741728718151e-16,
        -0.707106779455507,
        -0.707106782917588,
        0.410442459770769
      ],
      [
        0.0,
        0.0,
        0.0,
        1.0
      ]
    ],
    "1": [
      [
        -1.0,
        1.57001490500159e-16,
        2.18241589009564e-16,
        1.98724316421084e-17
      ],
      [
        4.33032882869712e-17,
        -0.707106782917588,
        0.707106779455507,
        0.0814974745618855
      ],
      [
        2.65336926220657e-16,
        0.707106779455507,
        0.707106782917588,
        0.589437409379231
      ],
      [
        0.0,
        0.0,
        0.0,
        1.0
      ]
    ],
    "2": [
      [
        -1.0,
        1.57003933132949e-16,
        -9.57769090968868e-17,
        -1.98724316193456e-17
      ],
      [
        4.32940443253449e-17,
        0.707106782917588,
        0.707106779455507,
        0.0814974745618855
      ],
      [
        1.78743047588777e-16,
        0.707106779455507,
        -0.707106782917588,
        0.410442459770769
      ],
      [
        0.0,
        0.0,
        0.0,
        1.0
      ]
    ],
    "3": [
      [
        -1.0,
        -1.5700208291442e-16,
        2.18241589011622e-16,
        1.98724316193456e-17
      ],
      [
        -4.33028693882848e-17,
        -0.707106782917588,
        -0.707106779455507,
        -0.0814974745618855
      ],
      [
        2.65337345122252e-16,
        -0.707106779455507,
        0.707106782917588,
        0.589437409379231
      ],
      [
        0.0,
        0.0,
        0.0,
        1.0
      ]
    ]
  },
  "simTime": 0.0035,
  "state": [
    -2.14372900352482e-38,
    1.20424572927894e-23,
    0.499939934575,
    0.707106781186548,
    -9.77460382668723e-23,
    0.707106781186548,
    -9.79991256716286e-23,
    -1.21493690051315e-35,
    6.90328843744407e-21,
    -0.0343231,
    3.93144705898346e-22,
    -4.29006379677831e-21,
    -2.61010932787695e-19,
    1.0,
    3.58863032265446e-21,
    1.27318161268603e-24,
    -2.36041841851753e-24,
    1.0,
    -3.87736538124398e-21,
    -1.27318161268602e-24,
    2.39428261106915e-24,
    1.0,
    -2.65630207405375e-21,
    1.52729811837995e-24,
    1.84931991710939e-24,
    1.0,
    3.58141133847782e-21,
    -1.52729811837936e-24,
    -2.11439927119148e-24,
    3.99402821535064e-18,
    2.77015490890922e-21,
    -5.1975020801239e-21,
    -4.53853830038135e-18,
    -2.77015490890913e-21,
    5.30702656259917e-21,
    -3.13859940005472e-18,
    3.32348617927151e-21,
    4.09410453173998e-21,
    3.98575171017406e-18,
    -3.32348617927089e-21,
    -4.6619074240082e-21
  ]
}