{
  "T_WB": [
    [
      0.838093503468319,
      -0.0017533477660838,
      0.545523789779886,
      -0.0330164876729258
    ],
    [
      0.00137486839629938,
      0.999998447847929,
      0.00110183420928636,
      3.88430729519853e-05
    ],
    [
      -0.545524874942556,
      -0.000173416674704222,
      0.838094613242184,
      0.349888745734429
    ],
    [
      0.0,
      0.0,
      0.0,
      1.0
    ]
  ],
  "T_WH": {
    "0": [
      [
        0.299348444101134,
        0.890728194930075,
        -0.342043552447405,
        0.000563359594321682
      ],
      [
        -0.775522351168585,
        0.0183032344195199,
        -0.631054731737062,
        -0.0319061125223298
      ],
      [
        -0.555837738780105,
        0.454167672084215,
        0.696258668729823,
        0.328073300070317
      ],
      [
        0.0,
        0.0,
        0.0,
        1.0
      ]
    ],
    "1": [
      [
        -0.579956967508394,
        -0.531183728193007,
        0.617651813517491,
        -0.0665963349401733
      ],
      [
        0.701184593665022,
        -0.711459669054399,
        0.0465328369629713,
        0.0319837986682338
      ],
      [
        0.414716869014615,
        0.460074978902333,
        0.7850738387838,
        0.37170419139854
      ],
      [
        0.0,
        0.0,
        0.0,
        1.0
      ]
    ],
    "2": [
      [
        0.297042431258782,
        -0.890370970728754,
        -0.344971489423994,
        0.000451145337292312
      ],
      [
        0.77610323133921,
        0.0146605616490266,
        0.630435438595398,
        0.0320937881399377
      ],
      [
        -0.556263937656135,
        -0.454999563093935,
        0.695374596349061,
        0.328062201403136
      ],
      [
        0.0,
        0.0,
        0.0,
        1.0
      ]
    ],
    "3": [
      [
        -0.577807805817775,
        0.533346372679728,
        0.617802384493153,
        -0.0664841206831439
      ],
      [
        -0.702790014502479,
        -0.710014121977586,
        -0.0443412010212068,
        -0.0320161019940337
      ],
      [
        0.414999198856641,
        -0.459806038826997,
        0.785082206909933,
        0.371715290065721
      ],
      [
        0.0,
        0.0,
        0.0,
        1.0
      ]
    ]
  },
  "T_WP": {
    "0": [
      [
        0.342043552447405,
        0.890728194930075,
        0.299348444101134,
        0.0215177506814011
      ],
      [
        0.631054731737062,
        0.0183032344195199,
        -0.775522351168585,
        -0.0861926771041307
      ],
      [
        -0.696258668729823,
        0.454167672084215,
        -0.555837738780105,
        0.28916465835571
      ],
      [
        0.0,
        0.0,
        0.0,
        1.0
      ]
    ],
    "1": [
      [
        -0.617651813517491,
        -0.531183728193007,
        -0.579956967508394,
        -0.107193322665761
      ],
      [
        -0.0465328369629712,
        -0.711459669054399,
        0.701184593665022,
        0.0810667202247853
      ],
      [
        -0.7850738387838,
        0.460074978902333,
        0.414716869014615,
        0.400734372229563
      ],
      [
        0.0,
        0.0,
        0.0,
        1.0
      ]
    ],
    "2": [
      [
        0.344971489423994,
        -0.890370970728754,
        0.297042431258782,
        0.021244115525407
      ],
      [
        -0.630435438595398,
        0.0146605616490266,
        0.77610323133921,
        0.0864210143336824
      ],
      [
        -0.695374596349061,
        -0.454999563093935,
        -0.556263937656135,
        0.289123725767206
      ],
      [
        0.0,
        0.0,
        0.0,
        1.0
      ]
    ],
    "3": [
      [
        -0.617802384493153,
        0.533346372679728,
        -0.577807805817775,
        -0.106930667090388
      ],
      [
        0.0443412010212068,
        -0.710014121977586,
        -0.702790014502479,
        -0.0812114030092073
      ],
      [
        -0.785082206909933,
        -0.459806038826997,
        0.414999198856641,
        0.400765233985686
      ],
      [
        0.0,
        0.0,
        0.0,
        1.0
      ]
    ]
  },
  "simTime": 0.464999999999965,
  "state": [
    -0.0330164876729258,
    3.88430729519853e-05,
    0.349888745734429,
    0.958669203187214,
    -0.000332557591229293,
    0.284521673663636,
    0.00081577048474673,
    -0.243497228277177,
    0.000131100205054046,
    0.357982863323362,
    -0.0109507683645027,
    -4.61784823254874,
    0.0022877727902014,
    0.821652539827318,
    0.54291394899869,
    0.084399232733186,
    -0.151684927702182,
    0.998731441818619,
    0.0476384178652662,
    -0.015811031883165,
    0.00401242283237831,
    0.821400727310618,
    -0.543347296540761,
    0.0844193290712653,
    0.151485766310214,
    0.998727883125052,
    -0.0477220079764029,
    -0.0157322896348616,
    -0.00420957077355491,
    -1.06102057112612,
    -1.02329067708441,
    -5.68496693387613,
    0.0626996631872187,
    0.318203140912642,
    -0.587981291697224,
    1.05929808982018,
    -1.0223520961174,
    5.6901980573724,
    -0.0659883490571568,
    0.317477753610087,
    0.588331685084654
  ]
}