{
  "T_WB": [
    [
      0.962647236379236,
      0.0030843560200407,
      0.270741177214256,
      -0.130239030494645
    ],
    [
      -0.000203243436322002,
      0.999943064297086,
      -0.0106689669724276,
      -0.000140016338426273
    ],
    [
      -0.270758669267532,
      0.0102154252038179,
      0.962593054257291,
      0.0796086554564377
    ],
    [
      0.0,
      0.0,
      0.0,
      1.0
    ]
  ],
  "T_WH": {
    "0": [
      [
        -0.0364796127880083,
        0.681858601167774,
        0.730573805898051,
        -0.0918318404321165
      ],
      [
        -0.890547977310108,
        0.309520332911209,
        -0.333348861740085,
        -0.0321463241333859
      ],
      [
        -0.453424236184738,
        -0.662771462517858,
        0.595936616186845,
        0.0684514150792142
      ],
      [
        0.0,
        0.0,
        0.0,
        1.0
      ]
    ],
    "1": [
      [
        -0.489009221125472,
        -0.858981045621416,
        0.151728523743554,
        -0.168646220557173
      ],
      [
        0.87221253794547,
        -0.479376981133845,
        0.0971750925377613,
        0.0318662914565334
      ],
      [
        -0.0107364009323643,
        0.179859037087771,
        0.983633802018251,
        0.0907658958336612
      ],
      [
        0.0,
        0.0,
        0.0,
        1.0
      ]
    ],
    "2": [
      [
        -0.0261069712659296,
        -0.681088109505965,
        0.731735890291648,
        -0.0916344416468339
      ],
      [
        0.899465096526149,
        0.30340529559312,
        0.314496052021733,
        0.0318500319816276
      ],
      [
        -0.436212065608604,
        0.666381432586205,
        0.604693988825615,
        0.0691052022922586
      ],
      [
        0.0,
        0.0,
        0.0,
        1.0
      ]
    ],
    "3": [
      [
        -0.481127210135112,
        0.864370076138002,
        0.146222361986081,
        -0.168843619342455
      ],
      [
        -0.875785480543084,
        -0.466509873545055,
        -0.123969068540895,
        -0.0321300646584802
      ],
      [
        -0.0389409776138648,
        -0.187704313648254,
        0.981453356456798,
        0.0901121086206168
      ],
      [
        0.0,
        0.0,
        0.0,
        1.0
      ]
    ]
  },
  "T_WP": {
    "0": [
      [
        -0.730573805898051,
        0.681858601167774,
        -0.0364796127880082,
        -0.094385413327277
      ],
      [
        0.333348861740085,
        0.309520332911209,
        -0.890547977310108,
        -0.0944846825450935
      ],
      [
        -0.595936616186845,
        -0.662771462517858,
        -0.453424236184738,
        0.0367117185462826
      ],
      [
        0.0,
        0.0,
        0.0,
        1.0
      ]
    ],
    "1": [
      [
        -0.151728523743554,
        -0.858981045621416,
        -0.489009221125472,
        -0.202876866035956
      ],
      [
        -0.0971750925377613,
        -0.479376981133845,
        0.87221253794547,
        0.0929211691127163
      ],
      [
        -0.983633802018251,
        0.179859037087771,
        -0.0107364009323642,
        0.0900143477683957
      ],
      [
        0.0,
        0.0,
        0.0,
        1.0
      ]
    ],
    "2": [
      [
        -0.731735890291648,
        -0.681088109505965,
        -0.0261069712659296,
        -0.0934619296354489
      ],
      [
        -0.314496052021733,
        0.30340529559312,
        0.899465096526149,
        0.094812588738458
      ],
      [
        -0.604693988825615,
        0.666381432586205,
        -0.436212065608604,
        0.0385703576996563
      ],
      [
        0.0,
        0.0,
        0.0,
        1.0
      ]
    ],
    "3": [
      [
        -0.146222361986081,
        0.864370076138002,
        -0.481127210135112,
        -0.202522524051913
      ],
      [
        0.123969068540895,
        -0.466509873545055,
        -0.875785480543084,
        -0.093435048296496
      ],
      [
        -0.981453356456798,
        -0.187704313648254,
        -0.0389409776138648,
        0.0873862401876463
      ],
      [
        0.0,
        0.0,
        0.0,
        1.0
      ]
    ]
  },
  "simTime": 0.78149999999993,
  "state": [
    -0.130239030494645,
    -0.000140016338426273,
    0.0796086554564377,
    0.990603774843102,
    0.00527062199504371,
    0.136659040736937,
    -0.000829695873328217,
    -0.302943322636441,
    -0.00438885486576935,
    1.50795911984586,
    0.500110478757779,
    13.0081173616161,
    -0.192090504025353,
    0.905078847022034,
    -0.168527491539839,
    0.289999673641705,
    -0.261401902357768,
    0.98640516607761,
    -0.0160242930988356,
    0.0793882139345087,
    -0.142988047942387,
    0.906133712506577,
    0.167678483000928,
    0.288909960651099,
    0.259493075117884,
    0.98486544708,
    0.0168608608460627,
    0.0830066335397794,
    0.151213958706973,
    -3.06245712495922,
    -1.71140230941445,
    2.82380050059846,
    -2.19438721886545,
    -0.645750305012456,
    0.93782984939648,
    3.08765742433287,
    -1.84115039093081,
    -2.90629367756988,
    2.19863897064465,
    -0.660642719496888,
    -0.733113741914434
  ]
}