{
  "T_WB": [
    [
      -2.22044604925031e-16,
      2.73190830587304e-21,
      1.0,
      5.99997414265172e-37
    ],
    [
      -1.43653632402945e-20,
      1.0,
      -2.73190830587304e-21,
      1.67686171240763e-21
    ],
    [
      -1.0,
      -1.43653632402945e-20,
      -2.22044604925031e-16,
      0.487495359175
    ],
    [
      0.0,
      0.0,
      0.0,
      1.0
    ]
  ],
  "T_WH": {
    "0": [
      [
        -1.57022234306645e-16,
        -1.56231942476104e-16,
        1.0,
        -8.88187161806704e-18
      ],
      [
        -0.707106779455507,
        0.707106782917588,
        -5.58820170236338e-19,
        -0.032
      ],
      [
        -0.707106782917588,
        -0.707106779455507,
        -2.2150415263946e-16,
        0.447495359175
      ],
      [
        0.0,
        0.0,
        0.0,
        1.0
      ]
    ],
    "1": [
      [
        1.57022234306645e-16,
        1.56242084328055e-16,
        1.0,
        8.88187161806704e-18
      ],
      [
        0.707106779455507,
        -0.707106782917588,
        -5.5164879793037e-19,
        0.032
      ],
      [
        0.707106782917588,
        0.707106779455507,
        -2.21511324011731e-16,
        0.527495359175
      ],
      [
        0.0,
        0.0,
        0.0,
        1.0
      ]
    ],
    "2": [
      [
        -1.57020862471341e-16,
        1.56589501687791e-16,
        1.0,
        -8.88169677593546e-18
      ],
      [
        0.707106779455507,
        0.707106782917588,
        3.0501759231399e-19,
        0.032
      ],
      [
        -0.707106782917588,
        0.707106779455507,
        -2.21756015148051e-16,
        0.447495359175
      ],
      [
        0.0,
        0.0,
        0.0,
        1.0
      ]
    ],
    "3": [
      [
        1.57020862471341e-16,
        -1.562343184435e-16,
        1.0,
        8.88169677593546e-18
      ],
      [
        -0.707106779455507,
        -0.707106782917588,
        5.56170073530589e-19,
        -0.032
      ],
      [
        0.707106782917588,
        -0.707106779455507,
        -2.21504862668064e-16,
        0.527495359175
      ],
      [
        0.0,
        0.0,
        0.0,
        1.0
      ]
    ]
  },
  "T_WP": {
    "0": [
      [
        -1.0,
        -1.56231942476104e-16,
        -9.57898943492776e-17,
        -1.98734280195322e-17
      ],
      [
        -4.27389825355427e-17,
        0.707106782917588,
        -0.707106779455507,
        -0.0814974745618855
      ],
      [
        1.78206349721689e-16,
        -0.707106779455507,
        -0.707106782917588,
        0.397997884370768
      ],
      [
        0.0,
        0.0,
        0.0,
        1.0
      ]
    ],
    "1": [
      [
        -1.0,
        1.56242084328055e-16,
        2.18254574264013e-16,
        1.98734280195322e-17
      ],
      [
        4.38494515037094e-17,
        -0.707106782917588,
        0.707106779455507,
        0.0814974745618855
      ],
      [
        2.64809126929501e-16,
        0.707106779455507,
        0.707106782917588,
        0.576992833979231
      ],
      [
        0.0,
        0.0,
        0.0,
        1.0
      ]
    ],
    "2": [
      [
        -1.0,
        1.56589501687791e-16,
        -9.57885225139728e-17,
        -1.98731571489293e-17
      ],
      [
        4.2992785113465e-17,
        0.707106782917588,
        0.707106779455507,
        0.0814974745618855
      ],
      [
        1.78458212230281e-16,
        0.707106779455507,
        -0.707106782917588,
        0.397997884370768
      ],
      [
        0.0,
        0.0,
        0.0,
        1.0
      ]
    ],
    "3": [
      [
        -1.0,
        -1.562343184435e-16,
        2.18253202428708e-16,
        1.98731571489293e-17
      ],
      [
        -4.38539727793096e-17,
        -0.707106782917588,
        -0.707106779455507,
        -0.0814974745618855
      ],
      [
        2.64802665585834e-16,
        -0.707106779455507,
        0.707106782917588,
        0.576992833979231
      ],
      [
        0.0,
        0.0,
        0.0,
        1.0
      ]
    ]
  },
  "simTime": 0.0505000000000004,
  "state": [
    5.99997414265172e-37,
    1.67686171240763e-21,
    0.487495359175,
    0.707106781186548,
    -4.11304743637876e-21,
    0.707106781186548,
    -6.04479832504144e-21,
    1.85766046445933e-35,
    7.28368224908053e-20,
    -0.495233300000004,
    1.89352933692808e-19,
    -1.56655320316297e-18,
    -1.70561419587269e-18,
    1.0,
    3.8768562850587e-19,
    5.52815150785765e-21,
    -2.29002713390305e-20,
    1.0,
    -3.82614702530321e-19,
    -5.52815150785752e-21,
    2.24934174305426e-20,
    1.0,
    -2.10837773556118e-19,
    6.77398473940045e-21,
    1.60654721514324e-20,
    1.0,
    3.88429395701447e-19,
    -6.77398473940032e-21,
    -2.175918214139e-20,
    2.42490644737059e-17,
    4.62244654686398e-19,
    -2.70748981372425e-18,
    -2.57992098438491e-17,
    -4.62244654686389e-19,
    2.63261829021887e-18,
    -1.09469318403153e-17,
    6.15878097592084e-19,
    1.68389345829323e-18,
    2.42432155936749e-17,
    -6.15878097592077e-19,
    -2.56487368299651e-18
  ]
}