{
  "T_WB": [
    [
      0.85418994920162,
      0.0109711318499567,
      0.519845327909047,
      -0.137057516250121
    ],
    [
      6.4003603057912e-05,
      0.99977514600682,
      -0.0212050307847028,
      -0.000225364285177251
    ],
    [
      -0.519961081799852,
      0.0181463961428231,
      0.85399717898864,
      0.108894458361278
    ],
    [
      0.0,
      0.0,
      0.0,
      1.0
    ]
  ],
  "T_WH": {
    "0": [
      [
        -0.100901817748111,
        0.431246754610661,
        0.89657406822465,
        -0.103240994501255
      ],
      [
        -0.880778861330145,
        0.380348872734371,
        -0.282069729754304,
        -0.0322156088132732
      ],
      [
        -0.462652591702565,
        -0.818144835372971,
        0.341455132840955,
        0.0875153304127132
      ],
      [
        0.0,
        0.0,
        0.0,
        1.0
      ]
    ],
    "1": [
      [
        -0.471687081243889,
        -0.791804300265961,
        0.388017071103776,
        -0.170874037998988
      ],
      [
        0.868774612358216,
        -0.492581885509125,
        0.0509289602299819,
        0.0317648802429187
      ],
      [
        0.150804410775852,
        0.36112191313822,
        0.920243985876539,
        0.130273586309842
      ],
      [
        0.0,
        0.0,
        0.0,
        1.0
      ]
    ],
    "2": [
      [
        -0.0753746827969005,
        -0.424155146663137,
        0.902447266466268,
        -0.102538842062858
      ],
      [
        0.898578111941451,
        0.363457259695679,
        0.245878419374791,
        0.0317700005311633
      ],
      [
        -0.432291607520901,
        0.829452368694961,
        0.353741055199019,
        0.0886766997658539
      ],
      [
        0.0,
        0.0,
        0.0,
        1.0
      ]
    ],
    "3": [
      [
        -0.4791330665968,
        0.790646352458845,
        0.381195290942938,
        -0.171576190437385
      ],
      [
        -0.87140569364793,
        -0.480564295072722,
        -0.0985397147308001,
        -0.0322207291015178
      ],
      [
        0.105278780252792,
        -0.379389382619997,
        0.919227977589728,
        0.129112216956701
      ],
      [
        0.0,
        0.0,
        0.0,
        1.0
      ]
    ]
  },
  "T_WP": {
    "0": [
      [
        -0.89657406822465,
        0.431246754610661,
        -0.100901817748111,
        -0.110304121743623
      ],
      [
        0.282069729754304,
        0.380348872734371,
        -0.880778861330145,
        -0.0938701291063833
      ],
      [
        -0.341455132840955,
        -0.818144835372971,
        -0.462652591702565,
        0.0551296489935336
      ],
      [
        0.0,
        0.0,
        0.0,
        1.0
      ]
    ],
    "1": [
      [
        -0.388017071103776,
        -0.791804300265961,
        -0.471687081243889,
        -0.20389213368606
      ],
      [
        -0.0509289602299818,
        -0.492581885509125,
        0.868774612358216,
        0.0925791031079938
      ],
      [
        -0.920243985876539,
        0.36112191313822,
        0.150804410775852,
        0.140829895064152
      ],
      [
        0.0,
        0.0,
        0.0,
        1.0
      ]
    ],
    "2": [
      [
        -0.902447266466268,
        -0.424155146663137,
        -0.0753746827969005,
        -0.107815069858641
      ],
      [
        -0.245878419374791,
        0.363457259695679,
        0.898578111941451,
        0.0946704683670649
      ],
      [
        -0.353741055199019,
        0.829452368694961,
        -0.432291607520901,
        0.0584162872393908
      ],
      [
        0.0,
        0.0,
        0.0,
        1.0
      ]
    ],
    "3": [
      [
        -0.381195290942938,
        0.790646352458845,
        -0.4791330665968,
        -0.205115505099161
      ],
      [
        0.0985397147308,
        -0.480564295072722,
        -0.87140569364793,
        -0.0932191276568729
      ],
      [
        -0.919227977589728,
        -0.379389382619997,
        0.105278780252792,
        0.136481731574397
      ],
      [
        0.0,
        0.0,
        0.0,
        1.0
      ]
    ]
  },
  "simTime": 0.802499999999928,
  "state": [
    -0.137057516250121,
    -0.000225364285177251,
    0.108894458361278,
    0.962803494254809,
    0.010217927947484,
    0.269994452635864,
    -0.00283212730115315,
    -0.344710437359427,
    -0.00371817467390571,
    1.28430928783848,
    0.495730440133925,
    12.984360511703,
    -0.196100451815251,
    0.911756026603917,
    -0.194812055708702,
    0.283225764991347,
    -0.224794076761495,
    0.987428793047949,
    -0.0369468256360039,
    0.0733320695135431,
    -0.135061905495796,
    0.912964779298586,
    0.194371621315045,
    0.281448349362411,
    0.222490025009705,
    0.985812975485634,
    0.0380468779232933,
    0.0769241241403532,
    0.144249407519373,
    -2.93474238151016,
    -2.21515916599917,
    2.3114865418704,
    -1.72721661955156,
    -1.00195462911522,
    0.360586204000372,
    2.96088822740658,
    -2.24243230175487,
    -2.2925221052084,
    1.74978143293184,
    -1.02822300108178,
    -0.330817601051447
  ]
}