{
  "T_WB": [
    [
      0.955282434354233,
      0.00373661432365895,
      0.295671284245947,
      -0.130849362414961
    ],
    [
      -0.000297610429198283,
      0.999931796815896,
      -0.0116753220326228,
      -0.000148736773586393
    ],
    [
      -0.295694744698454,
      0.0110652351953874,
      0.955218393105884,
      0.0826023096115789
    ],
    [
      0.0,
      0.0,
      0.0,
      1.0
    ]
  ],
  "T_WH": {
    "0": [
      [
        -0.0423150906813691,
        0.660197162820865,
        0.749899419458308,
        -0.0927576366991483
      ],
      [
        -0.889529935092781,
        0.316856243545165,
        -0.329148318391999,
        -0.032158458688863
      ],
      [
        -0.454913099035916,
        -0.68098592285724,
        0.573857338713911,
        0.0704204322973883
      ],
      [
        0.0,
        0.0,
        0.0,
        1.0
      ]
    ],
    "1": [
      [
        -0.490073934515063,
        -0.854087141893009,
        0.174248939055472,
        -0.168941088130773
      ],
      [
        0.871669339335831,
        -0.481204269479135,
        0.0929247754739762,
        0.0318609851416902
      ],
      [
        0.00448347753008457,
        0.197427467916913,
        0.980307244358193,
        0.0947841869257694
      ],
      [
        0.0,
        0.0,
        0.0,
        1.0
      ]
    ],
    "2": [
      [
        -0.0305223833369533,
        -0.65898712895206,
        0.751534661869267,
        -0.0925184933824341
      ],
      [
        0.899305279393125,
        0.310061090488716,
        0.308402552876271,
        0.0318371763073544
      ],
      [
        -0.436254969680673,
        0.685272270006943,
        0.583166800656935,
        0.0711286073498931
      ],
      [
        0.0,
        0.0,
        0.0,
        1.0
      ]
    ],
    "3": [
      [
        -0.483287757406832,
        0.859077276361586,
        0.168579882488494,
        -0.169180231447487
      ],
      [
        -0.87508763673093,
        -0.468413028087925,
        -0.121699889721296,
        -0.0321346498545271
      ],
      [
        -0.025584596564134,
        -0.206338237747299,
        0.978146185425261,
        0.0940760118732646
      ],
      [
        0.0,
        0.0,
        0.0,
        1.0
      ]
    ]
  },
  "T_WP": {
    "0": [
      [
        -0.749899419458308,
        0.660197162820865,
        -0.0423150906813691,
        -0.0957196930468441
      ],
      [
        0.329148318391999,
        0.316856243545165,
        -0.889529935092781,
        -0.0944255541453577
      ],
      [
        -0.573857338713911,
        -0.68098592285724,
        -0.454913099035916,
        0.0385765153648742
      ],
      [
        0.0,
        0.0,
        0.0,
        1.0
      ]
    ],
    "1": [
      [
        -0.174248939055472,
        -0.854087141893009,
        -0.490073934515063,
        -0.203246263546827
      ],
      [
        -0.0929247754739762,
        -0.481204269479135,
        0.871669339335831,
        0.0928778388951984
      ],
      [
        -0.980307244358193,
        0.197427467916913,
        0.00448347753008463,
        0.0950980303528753
      ],
      [
        0.0,
        0.0,
        0.0,
        1.0
      ]
    ],
    "2": [
      [
        -0.751534661869267,
        -0.65898712895206,
        -0.0305223833369532,
        -0.0946550602160208
      ],
      [
        -0.308402552876271,
        0.310061090488716,
        0.899305279393125,
        0.0947885458648731
      ],
      [
        -0.583166800656935,
        0.685272270006943,
        -0.436254969680673,
        0.040590759472246
      ],
      [
        0.0,
        0.0,
        0.0,
        1.0
      ]
    ],
    "3": [
      [
        -0.168579882488494,
        0.859077276361586,
        -0.483287757406832,
        -0.203010374465965
      ],
      [
        0.121699889721296,
        -0.468413028087925,
        -0.87508763673093,
        -0.0933907844256923
      ],
      [
        -0.978146185425261,
        -0.206338237747299,
        -0.025584596564134,
        0.0922850901137752
      ],
      [
        0.0,
        0.0,
        0.0,
        1.0
      ]
    ]
  },
  "simTime": 0.78349999999993,
  "state": [
    -0.130849362414961,
    -0.000148736773586393,
    0.0826023096115789,
    0.98874069202648,
    0.00574987896508085,
    0.149525055890125,
    -0.00102004114561849,
    -0.307373522398449,
    -0.00433131105781636,
    1.48573806680105,
    0.499727576281502,
    12.9922151822026,
    -0.192730439121805,
    0.905785971172755,
    -0.170946123574142,
    0.289680102605768,
    -0.257710371184231,
    0.986549311554459,
    -0.0181890461383783,
    0.0790421583229628,
    -0.141922343835093,
    0.906886261872531,
    0.170133663719308,
    0.288488213964589,
    0.255707635591576,
    0.984990001272259,
    0.0190469888385313,
    0.0826622078418149,
    0.150329202101842,
    -3.05177674809693,
    -1.78488363574536,
    2.72091286720706,
    -2.14198679508574,
    -0.711108624166178,
    0.851697423039193,
    3.07822352003821,
    -1.90084172773395,
    -2.78797630499219,
    2.14620586754575,
    -0.727467039601322,
    -0.672984121148935
  ]
}