{
  "T_WB": [
    [
      -0.411526020437667,
      0.0639126887800458,
      0.909154278830409,
      -0.183231940832804
    ],
    [
      0.0377926716532883,
      0.997876820052824,
      -0.0530430577038162,
      -0.00046427413087074
    ],
    [
      -0.910614105135674,
      0.0125307706933228,
      -0.413067707904876,
      0.192149969449523
    ],
    [
      0.0,
      0.0,
      0.0,
      1.0
    ]
  ],
  "T_WH": {
    "0": [
      [
        -0.617064057637622,
        -0.667195795427804,
        0.41723101434967,
        -0.201738187691272
      ],
      [
        -0.720346256440371,
        0.692354555550251,
        0.0417904324117058,
        -0.0308846255064296
      ],
      [
        -0.316754194296046,
        -0.274763425463205,
        -0.907839104920904,
        0.155324420581909
      ],
      [
        0.0,
        0.0,
        0.0,
        1.0
      ]
    ],
    "1": [
      [
        0.237701152281213,
        0.0815146279094514,
        0.967911942090275,
        -0.164725693974336
      ],
      [
        0.816689380596414,
        -0.556227146146586,
        -0.153719932053949,
        0.0299560772446881
      ],
      [
        0.525848474206429,
        0.827022809435392,
        -0.198787964546051,
        0.228975518317136
      ],
      [
        0.0,
        0.0,
        0.0,
        1.0
      ]
    ],
    "2": [
      [
        -0.518537487300823,
        0.751227362492503,
        0.408382570767053,
        -0.197647775609349
      ],
      [
        0.800979908960808,
        0.593913669791721,
        -0.0754833642312374,
        0.0329794909769512
      ],
      [
        -0.299249159906731,
        0.287965280332696,
        -0.909684526425523,
        0.156126389906282
      ],
      [
        0.0,
        0.0,
        0.0,
        1.0
      ]
    ],
    "3": [
      [
        0.122010703183428,
        -0.144623043543616,
        0.981935620896231,
        -0.168816106056259
      ],
      [
        -0.859598569530668,
        -0.509985875092472,
        0.0316971050254494,
        -0.0339080392386926
      ],
      [
        0.496189165106932,
        -0.847937841166643,
        -0.186541496584912,
        0.228173548992763
      ],
      [
        0.0,
        0.0,
        0.0,
        1.0
      ]
    ]
  },
  "T_WP": {
    "0": [
      [
        -0.41723101434967,
        -0.667195795427804,
        -0.617064057637622,
        -0.244932671725906
      ],
      [
        -0.0417904324117059,
        0.692354555550251,
        -0.720346256440371,
        -0.0813088634572555
      ],
      [
        0.907839104920904,
        -0.274763425463205,
        -0.316754194296046,
        0.133151626981186
      ],
      [
        0.0,
        0.0,
        0.0,
        1.0
      ]
    ],
    "1": [
      [
        -0.967911942090275,
        0.0815146279094514,
        0.237701152281213,
        -0.148086613314651
      ],
      [
        0.153719932053949,
        -0.556227146146586,
        0.816689380596414,
        0.0871243338864371
      ],
      [
        0.198787964546051,
        0.827022809435392,
        0.525848474206429,
        0.265784911511586
      ],
      [
        0.0,
        0.0,
        0.0,
        1.0
      ]
    ],
    "2": [
      [
        -0.408382570767053,
        0.751227362492503,
        -0.518537487300823,
        -0.233945399720407
      ],
      [
        0.0754833642312374,
        0.593913669791721,
        0.800979908960808,
        0.0890480846042077
      ],
      [
        0.909684526425523,
        0.287965280332696,
        -0.299249159906731,
        0.135178948712811
      ],
      [
        0.0,
        0.0,
        0.0,
        1.0
      ]
    ],
    "3": [
      [
        -0.981935620896231,
        -0.144623043543616,
        0.122010703183428,
        -0.160275356833419
      ],
      [
        -0.0316971050254494,
        -0.509985875092472,
        -0.859598569530668,
        -0.0940799391058394
      ],
      [
        0.186541496584912,
        -0.847937841166643,
        0.496189165106932,
        0.262906790550248
      ],
      [
        0.0,
        0.0,
        0.0,
        1.0
      ]
    ]
  },
  "simTime": 0.913499999999916,
  "state": [
    -0.183231940832804,
    -0.00046427413087074,
    0.192149969449523,
    0.541590964591887,
    0.0302690742110846,
    0.840010498207518,
    -0.0120570775891914,
    -0.464352225982838,
    -0.00146165591767565,
    0.241850051890991,
    0.476226687313685,
    13.0525807773173,
    -0.22755974362327,
    0.93553019361657,
    -0.276414533197489,
    0.218037065449276,
    -0.0289499699348017,
    0.987474063365897,
    -0.117028553003248,
    0.0343561332314176,
    -0.100094695518767,
    0.935259679162919,
    0.278074836276202,
    0.217141472956664,
    0.0285183920347393,
    0.986286655129942,
    0.120575146175936,
    0.0375455717957116,
    0.106257225993228,
    -0.803355854908088,
    -2.17723753656003,
    2.96430086616574,
    -1.22399414254047,
    -0.768648289377582,
    0.8495075350228,
    0.849746155604697,
    -2.14902911299717,
    -2.95372834075354,
    1.25295378181255,
    -0.791753643227133,
    -0.914072601443297
  ]
}