{
  "T_WB": [
    [
      -2.22044604925031e-16,
      4.92365267285886e-23,
      1.0,
      -1.80951993803808e-37
    ],
    [
      -7.09451390868593e-21,
      1.0,
      -4.92365267285883e-23,
      1.09187685553371e-22
    ],
    [
      -1.0,
      -7.09451390868593e-21,
      -2.22044604925031e-16,
      0.4990389532
    ],
    [
      0.0,
      0.0,
      0.0,
      1.0
    ]
  ],
  "T_WH": {
    "0": [
      [
        -1.57009662300531e-16,
        -1.56914644983867e-16,
        1.0,
        -8.88178577257011e-18
      ],
      [
        -0.707106779455507,
        0.707106782917588,
        -6.7186845527748e-20,
        -0.032
      ],
      [
        -0.707106782917588,
        -0.707106779455507,
        -2.21978006460252e-16,
        0.4590389532
      ],
      [
        0.0,
        0.0,
        0.0,
        1.0
      ]
    ],
    "1": [
      [
        1.57009662300531e-16,
        1.56906149894571e-16,
        1.0,
        8.88178577257011e-18
      ],
      [
        0.707106779455507,
        -0.707106782917588,
        -7.31937807907142e-20,
        0.032
      ],
      [
        0.707106782917588,
        0.707106779455507,
        -2.21971999525019e-16,
        0.5390389532
      ],
      [
        0.0,
        0.0,
        0.0,
        1.0
      ]
    ],
    "2": [
      [
        -1.57009654630163e-16,
        1.56928887024088e-16,
        1.0,
        -8.8817826214324e-18
      ],
      [
        0.707106779455507,
        0.707106782917588,
        5.7110778515865e-20,
        0.032
      ],
      [
        -0.707106782917588,
        0.707106779455507,
        -2.21988071679676e-16,
        0.4590389532
      ],
      [
        0.0,
        0.0,
        0.0,
        1.0
      ]
    ],
    "3": [
      [
        1.57009654630163e-16,
        -1.56914320527317e-16,
        1.0,
        8.8817826214324e-18
      ],
      [
        -0.707106779455507,
        -0.707106782917588,
        6.74108471857699e-20,
        -0.032
      ],
      [
        0.707106782917588,
        -0.707106779455507,
        -2.21977771611057e-16,
        0.5390389532
      ],
      [
        0.0,
        0.0,
        0.0,
        1.0
      ]
    ]
  },
  "T_WP": {
    "0": [
      [
        -1.0,
        -1.56914644983867e-16,
        -9.57773223431638e-17,
        -1.98724621336073e-17
      ],
      [
        -4.32306158602513e-17,
        0.707106782917588,
        -0.707106779455507,
        -0.0814974745618855
      ],
      [
        1.78680203542482e-16,
        -0.707106779455507,
        -0.707106782917588,
        0.409541478395769
      ],
      [
        0.0,
        0.0,
        0.0,
        1.0
      ]
    ],
    "1": [
      [
        -1.0,
        1.56906149894571e-16,
        2.18242002257899e-16,
        1.98724621336073e-17
      ],
      [
        4.33709964865697e-17,
        -0.707106782917588,
        0.707106779455507,
        0.0814974745618855
      ],
      [
        2.65269802442789e-16,
        0.707106779455507,
        0.707106782917588,
        0.588536428004231
      ],
      [
        0.0,
        0.0,
        0.0,
        1.0
      ]
    ],
    "2": [
      [
        -1.0,
        1.56928887024088e-16,
        -9.57773146727955e-17,
        -1.98724584455438e-17
      ],
      [
        4.32406919272632e-17,
        0.707106782917588,
        0.707106779455507,
        0.0814974745618855
      ],
      [
        1.78690268761906e-16,
        0.707106779455507,
        -0.707106782917588,
        0.409541478395769
      ],
      [
        0.0,
        0.0,
        0.0,
        1.0
      ]
    ],
    "3": [
      [
        -1.0,
        -1.56914320527317e-16,
        2.18241994587531e-16,
        1.98724584455438e-17
      ],
      [
        -4.33652135529648e-17,
        -0.707106782917588,
        -0.707106779455507,
        -0.0814974745618855
      ],
      [
        2.65275574528827e-16,
        -0.707106779455507,
        0.707106782917588,
        0.588536428004231
      ],
      [
        0.0,
        0.0,
        0.0,
        1.0
      ]
    ]
  },
  "simTime": 0.014,
  "state": [
    -1.80951993803808e-37,
    1.09187685553371e-22,
    0.4990389532,
    0.707106781186548,
    -2.49088170606112e-21,
    0.707106781186548,
    -2.52569718799298e-21,
    -4.3079017653281e-36,
    1.15365954052906e-20,
    -0.1372924,
    1.01419221187053e-20,
    -1.53339313626155e-19,
    -2.76842015400561e-19,
    1.0,
    4.72828423300135e-20,
    1.90616151973736e-22,
    -4.00971146285875e-22,
    1.0,
    -5.15303869782073e-20,
    -1.9061615197373e-22,
    4.25582746053961e-22,
    1.0,
    -4.01966377017562e-20,
    2.21596449725477e-22,
    3.37537599136729e-22,
    1.0,
    4.74798860871032e-20,
    -2.21596449725467e-22,
    -3.71426739704817e-22,
    1.14023786439938e-17,
    8.79649864146934e-20,
    -1.95341241410265e-19,
    -1.10879938369085e-17,
    -8.79649864146904e-20,
    2.07378266645238e-19,
    -8.66705439107677e-18,
    9.98928937284232e-20,
    1.68252987241772e-19,
    1.14699452699424e-17,
    -9.98928937284202e-20,
    -1.84180064704565e-19
  ]
}