{
  "T_WB": [
    [
      -0.950647426977958,
      0.0593987695366435,
      -0.304534490259679,
      -0.23460483395966
    ],
    [
      0.0691614777492254,
      0.997376753376655,
      -0.0213612223289442,
      -0.000877506339834055
    ],
    [
      0.302466790864275,
      -0.0413690464160814,
      -0.952261751002786,
      0.163217999450146
    ],
    [
      0.0,
      0.0,
      0.0,
      1.0
    ]
  ],
  "T_WH": {
    "0": [
      [
        -0.666722213187932,
        -0.18575222080493,
        -0.721787782459515,
        -0.274531491663951
      ],
      [
        -0.440092420402863,
        0.879700592253564,
        0.180126426414001,
        -0.030027103337918
      ],
      [
        0.601498255978965,
        0.437747621872199,
        -0.668264070259279,
        0.176640480570031
      ],
      [
        0.0,
        0.0,
        0.0,
        1.0
      ]
    ],
    "1": [
      [
        0.683301475181535,
        0.728682733193284,
        -0.0460496293221225,
        -0.194678176255369
      ],
      [
        0.696970848706129,
        -0.669757528069695,
        -0.256235223277032,
        0.0282720906582499
      ],
      [
        -0.217556268741209,
        0.142990656827424,
        -0.965516929935185,
        0.14979551833026
      ],
      [
        0.0,
        0.0,
        0.0,
        1.0
      ]
    ],
    "2": [
      [
        -0.607133724147641,
        0.278207446674735,
        -0.744304546282865,
        -0.270729970413606
      ],
      [
        0.561018605506639,
        0.813431744459143,
        -0.153580341780911,
        0.0338050088781879
      ],
      [
        0.562713750745442,
        -0.510812503489177,
        -0.649941398128414,
        0.173992861599402
      ],
      [
        0.0,
        0.0,
        0.0,
        1.0
      ]
    ],
    "3": [
      [
        0.592431490673739,
        -0.805571782476126,
        -0.00889000204329302,
        -0.198479697505714
      ],
      [
        -0.791787062776454,
        -0.584259253803953,
        0.178085292947747,
        -0.035560021557856
      ],
      [
        -0.148654552832829,
        -0.0984643469621676,
        -0.983974896173366,
        0.152443137300889
      ],
      [
        0.0,
        0.0,
        0.0,
        1.0
      ]
    ]
  },
  "T_WP": {
    "0": [
      [
        0.721787782459515,
        -0.18575222080493,
        -0.666722213187932,
        -0.321202046587106
      ],
      [
        -0.180126426414001,
        0.879700592253564,
        -0.440092420402863,
        -0.0608335727661184
      ],
      [
        0.668264070259279,
        0.437747621872199,
        0.601498255978965,
        0.218745358488559
      ],
      [
        0.0,
        0.0,
        0.0,
        1.0
      ]
    ],
    "1": [
      [
        0.0460496293221226,
        0.728682733193284,
        0.683301475181535,
        -0.146847072992661
      ],
      [
        0.256235223277032,
        -0.669757528069695,
        0.696970848706129,
        0.0770600500676789
      ],
      [
        0.965516929935185,
        0.142990656827424,
        -0.21755626874121,
        0.134566579518375
      ],
      [
        0.0,
        0.0,
        0.0,
        1.0
      ]
    ],
    "2": [
      [
        0.744304546282865,
        0.278207446674735,
        -0.607133724147641,
        -0.31322933110394
      ],
      [
        0.153580341780911,
        0.813431744459143,
        0.561018605506639,
        0.0730763112636527
      ],
      [
        0.649941398128414,
        -0.510812503489177,
        0.562713750745442,
        0.213382824151583
      ],
      [
        0.0,
        0.0,
        0.0,
        1.0
      ]
    ],
    "3": [
      [
        0.00889000204329306,
        -0.805571782476126,
        0.592431490673739,
        -0.157009493158552
      ],
      [
        -0.178085292947747,
        -0.584259253803953,
        -0.791787062776454,
        -0.0909851159522078
      ],
      [
        0.983974896173366,
        -0.0984643469621676,
        -0.14865455283283,
        0.142037318602591
      ],
      [
        0.0,
        0.0,
        0.0,
        1.0
      ]
    ]
  },
  "simTime": 1.0259999999999,
  "state": [
    -0.23460483395966,
    -0.000877506339834055,
    0.163217999450146,
    -0.153677889915817,
    0.0325483127372734,
    0.987457078985892,
    -0.0158817709852891,
    -0.423940563669742,
    -0.00721467434851337,
    -0.769592729005699,
    0.464347933054289,
    12.7071149469174,
    -0.279093010577045,
    0.951960071250098,
    -0.222282478186711,
    0.156296404853046,
    0.141187664003249,
    0.984278459573117,
    -0.174301512370943,
    0.0125683189469384,
    -0.025630726958508,
    0.950691029380916,
    0.225809522966419,
    0.156778052383048,
    -0.143587145257891,
    0.983453317716744,
    0.178284435064069,
    0.0161936739260794,
    0.0277848341832499,
    1.33600808092659,
    -1.746533344598,
    2.23127079337406,
    -0.731048053101802,
    -0.544923738773844,
    1.55770722632373,
    -1.31284289440115,
    -1.75512957714936,
    -2.2910205907192,
    0.726448802927608,
    -0.550710870071646,
    -1.61844150729423
  ]
}