{
  "T_WB": [
    [
      -2.22044604925031e-16,
      1.56317263671189e-22,
      1.0,
      -1.41302422341291e-37
    ],
    [
      -6.36588990899884e-21,
      1.0,
      -1.56317263671189e-22,
      2.22728497623663e-22
    ],
    [
      -1.0,
      -6.36588990899884e-21,
      -2.22044604925031e-16,
      0.4978376447
    ],
    [
      0.0,
      0.0,
      0.0,
      1.0
    ]
  ],
  "T_WH": {
    "0": [
      [
        -1.57010656589873e-16,
        -1.56822337387883e-16,
        1.0,
        -8.88178919915369e-18
      ],
      [
        -0.707106779455507,
        0.707106782917588,
        -1.33161241496961e-19,
        -0.032
      ],
      [
        -0.707106782917588,
        -0.707106779455507,
        -2.21913438202074e-16,
        0.4578376447
      ],
      [
        0.0,
        0.0,
        0.0,
        1.0
      ]
    ],
    "1": [
      [
        1.57010656589873e-16,
        1.56821599582387e-16,
        1.0,
        8.88178919915369e-18
      ],
      [
        0.707106779455507,
        -0.707106782917588,
        -1.33682948767988e-19,
        0.032
      ],
      [
        0.707106782917588,
        0.707106779455507,
        -2.21912916494806e-16,
        0.5378376447
      ],
      [
        0.0,
        0.0,
        0.0,
        1.0
      ]
    ],
    "2": [
      [
        -1.57010616022033e-16,
        1.56868083239941e-16,
        1.0,
        -8.88177919484882e-18
      ],
      [
        0.707106779455507,
        0.707106782917588,
        1.00785353421942e-19,
        0.032
      ],
      [
        -0.707106782917588,
        0.707106779455507,
        -2.21945756718401e-16,
        0.4578376447
      ],
      [
        0.0,
        0.0,
        0.0,
        1.0
      ]
    ],
    "3": [
      [
        1.57010616022033e-16,
        -1.56821730687248e-16,
        1.0,
        8.88177919484882e-18
      ],
      [
        -0.707106779455507,
        -0.707106782917588,
        1.33561557836371e-19,
        -0.032
      ],
      [
        0.707106782917588,
        -0.707106779455507,
        -2.21912980514147e-16,
        0.5378376447
      ],
      [
        0.0,
        0.0,
        0.0,
        1.0
      ]
    ]
  },
  "T_WP": {
    "0": [
      [
        -1.0,
        -1.56822337387883e-16,
        -9.57783166325051e-17,
        -1.98725351604448e-17
      ],
      [
        -4.31646414642821e-17,
        0.707106782917588,
        -0.707106779455507,
        -0.0814974745618855
      ],
      [
        1.78615635284304e-16,
        -0.707106779455507,
        -0.707106782917588,
        0.408340169895769
      ],
      [
        0.0,
        0.0,
        0.0,
        1.0
      ]
    ],
    "1": [
      [
        -1.0,
        1.56821599582387e-16,
        2.1824299654724e-16,
        1.98725351604448e-17
      ],
      [
        4.3431485654547e-17,
        -0.707106782917588,
        0.707106779455507,
        0.0814974745618855
      ],
      [
        2.65210719412576e-16,
        0.707106779455507,
        0.707106782917588,
        0.587335119504231
      ],
      [
        0.0,
        0.0,
        0.0,
        1.0
      ]
    ],
    "2": [
      [
        -1.0,
        1.56868083239941e-16,
        -9.57782760646651e-17,
        -1.98725223163911e-17
      ],
      [
        4.31970173523571e-17,
        0.707106782917588,
        0.707106779455507,
        0.0814974745618855
      ],
      [
        1.78647953800631e-16,
        0.707106779455507,
        -0.707106782917588,
        0.408340169895769
      ],
      [
        0.0,
        0.0,
        0.0,
        1.0
      ]
    ],
    "3": [
      [
        -1.0,
        -1.56821730687248e-16,
        2.182429559794e-16,
        1.98725223163911e-17
      ],
      [
        -4.34313642636154e-17,
        -0.707106782917588,
        -0.707106779455507,
        -0.0814974745618855
      ],
      [
        2.65210783431918e-16,
        -0.707106779455507,
        0.707106782917588,
        0.587335119504231
      ],
      [
        0.0,
        0.0,
        0.0,
        1.0
      ]
    ]
  },
  "simTime": 0.0209999999999999,
  "state": [
    -1.41302422341291e-37,
    2.22728497623663e-22,
    0.4978376447,
    0.707106781186548,
    -2.19541546289084e-21,
    0.707106781186548,
    -2.30594846004926e-21,
    1.52586457426689e-35,
    2.16994072171964e-20,
    -0.205938599999999,
    2.16109754244138e-20,
    -3.41700428633626e-19,
    4.5381067233975e-19,
    1.0,
    9.33987815643998e-20,
    6.49902065107341e-22,
    -1.52831466809644e-21,
    1.0,
    -9.37676843126342e-20,
    -6.4990206510732e-22,
    1.60696872682461e-21,
    1.0,
    -7.06363885329685e-20,
    7.40151142017835e-22,
    1.29966271414489e-21,
    1.0,
    9.38126648792306e-20,
    -7.40151142017811e-22,
    -1.44439448119937e-21,
    1.49152759518553e-17,
    1.7461970470708e-19,
    -4.66497057557276e-19,
    -1.30819153014297e-17,
    -1.74619704707075e-19,
    4.82796103492296e-19,
    -8.60001301856021e-18,
    1.9762541585284e-19,
    3.91181811464826e-19,
    1.49706734160747e-17,
    -1.97625415852835e-19,
    -4.45635405241985e-19
  ]
}