{
  "T_WB": [
    [
      -2.22044604925031e-16,
      9.84386752549242e-20,
      1.0,
      -7.13403477589538e-36
    ],
    [
      -1.83185515886374e-18,
      1.0,
      -9.84386752549242e-20,
      4.43474313120489e-21
    ],
    [
      -1.0,
      -1.83185515886374e-18,
      -2.22044604925031e-16,
      0.271231635200003
    ],
    [
      0.0,
      0.0,
      0.0,
      1.0
    ]
  ],
  "T_WH": {
    "0": [
      [
        -1.57179025997087e-16,
        -1.52525742037292e-16,
        1.0,
        -8.88493423460941e-18
      ],
      [
        -0.707106779455507,
        0.707106782917588,
        -3.29036810664577e-18,
        -0.032
      ],
      [
        -0.707106782917588,
        -0.707106779455507,
        -2.18994341650971e-16,
        0.231231635200003
      ],
      [
        0.0,
        0.0,
        0.0,
        1.0
      ]
    ],
    "1": [
      [
        1.57179025997087e-16,
        1.5252617367721e-16,
        1.0,
        8.88493423460941e-18
      ],
      [
        0.707106779455507,
        -0.707106782917588,
        -3.29006289113194e-18,
        0.032
      ],
      [
        0.707106782917588,
        0.707106779455507,
        -2.18994646866484e-16,
        0.311231635200003
      ],
      [
        0.0,
        0.0,
        0.0,
        1.0
      ]
    ],
    "2": [
      [
        -1.57050350285569e-16,
        1.5358256867698e-16,
        1.0,
        -8.87863415939309e-18
      ],
      [
        0.707106779455507,
        0.707106782917588,
        2.45209135338942e-18,
        0.032
      ],
      [
        -0.707106782917588,
        0.707106779455507,
        -2.19650643464193e-16,
        0.231231635200003
      ],
      [
        0.0,
        0.0,
        0.0,
        1.0
      ]
    ],
    "3": [
      [
        1.57050350285569e-16,
        -1.52652425643715e-16,
        1.0,
        8.87863415939309e-18
      ],
      [
        -0.707106779455507,
        -0.707106782917588,
        3.10980180129508e-18,
        -0.032
      ],
      [
        0.707106782917588,
        -0.707106779455507,
        -2.18992933019508e-16,
        0.311231635200003
      ],
      [
        0.0,
        0.0,
        0.0,
        1.0
      ]
    ]
  },
  "T_WP": {
    "0": [
      [
        -1.0,
        -1.52525742037292e-16,
        -9.59466860397191e-17,
        -1.98874660544055e-17
      ],
      [
        -4.00074345991333e-17,
        0.707106782917588,
        -0.707106779455507,
        -0.0814974745618855
      ],
      [
        1.75696538733201e-16,
        -0.707106779455507,
        -0.707106782917588,
        0.181734160395772
      ],
      [
        0.0,
        0.0,
        0.0,
        1.0
      ]
    ],
    "1": [
      [
        -1.0,
        1.5252617367721e-16,
        2.18411365954454e-16,
        1.98874660544055e-17
      ],
      [
        4.6587865596911e-17,
        -0.707106782917588,
        0.707106779455507,
        0.0814974745618855
      ],
      [
        2.62292449784254e-16,
        0.707106779455507,
        0.707106782917588,
        0.360729110004234
      ],
      [
        0.0,
        0.0,
        0.0,
        1.0
      ]
    ],
    "2": [
      [
        -1.0,
        1.5358256867698e-16,
        -9.58180103282018e-17,
        -1.9872158679383e-17
      ],
      [
        4.08457113523896e-17,
        0.707106782917588,
        0.707106779455507,
        0.0814974745618855
      ],
      [
        1.76352840546423e-16,
        0.707106779455507,
        -0.707106782917588,
        0.181734160395772
      ],
      [
        0.0,
        0.0,
        0.0,
        1.0
      ]
    ],
    "3": [
      [
        -1.0,
        -1.52652425643715e-16,
        2.18282690242937e-16,
        1.9872158679383e-17
      ],
      [
        -4.64076045070741e-17,
        -0.707106782917588,
        -0.707106779455507,
        -0.0814974745618855
      ],
      [
        2.62290735937278e-16,
        -0.707106779455507,
        0.707106782917588,
        0.360729110004234
      ],
      [
        0.0,
        0.0,
        0.0,
        1.0
      ]
    ]
  },
  "simTime": 0.215999999999993,
  "state": [
    -7.13403477589538e-36,
    4.43474313120489e-21,
    0.271231635200003,
    0.707106781186548,
    -6.12855275090166e-19,
    0.707106781186548,
    -6.82461929893943e-19,
    -7.98080363446617e-35,
    -1.77305530820409e-20,
    -2.11822559999998,
    5.90609160558279e-19,
    -1.0489313542361e-17,
    -1.90300155636155e-17,
    1.0,
    2.20694839587139e-18,
    5.0086544853871e-20,
    -1.03783720951744e-18,
    1.0,
    -2.20673257591237e-18,
    -5.00865448538704e-20,
    1.03440923485631e-18,
    1.0,
    -1.7481417310017e-18,
    5.53553437285943e-20,
    6.809740918592e-19,
    1.0,
    2.21321324763451e-18,
    -5.53553437285936e-20,
    -1.03106197168304e-18,
    1.55958991348757e-17,
    3.21278430414432e-19,
    -2.0963901683254e-17,
    -1.57297989047762e-17,
    -3.21278430414429e-19,
    2.09525954250283e-17,
    -1.92410932465829e-17,
    2.05637768895135e-19,
    1.61319116677203e-17,
    1.57014952390163e-17,
    -2.05637768895132e-19,
    -2.10673424158003e-17
  ]
}