{
  "T_WB": [
    [
      0.523252603408465,
      -0.000893780174389022,
      0.852177161265933,
      -0.0137995306080064
    ],
    [
      0.00068603810424301,
      0.999999567748012,
      0.000627579085989266,
      1.93082958876015e-05
    ],
    [
      -0.852177353828405,
      0.000256243613605482,
      0.523252990398744,
      0.278959909205591
    ],
    [
      0.0,
      0.0,
      0.0,
      1.0
    ]
  ],
  "T_WH": {
    "0": [
      [
        0.505833971181737,
        0.862619914078268,
        0.00434481692543191,
        0.00715917449391269
      ],
      [
        -0.66163956699592,
        0.391202506974195,
        -0.639682485239792,
        -0.0319532363478791
      ],
      [
        -0.553502553728495,
        0.320698429015027,
        0.768626984071811,
        0.244864615256819
      ],
      [
        0.0,
        0.0,
        0.0,
        1.0
      ]
    ],
    "1": [
      [
        -0.329871353127374,
        -0.281244490170985,
        0.901158380715831,
        -0.0347582357099254
      ],
      [
        0.668512648614082,
        -0.743593330326288,
        0.0126411129749261,
        0.0319918529396543
      ],
      [
        0.666540118094103,
        0.606605716955192,
        0.433305637083545,
        0.313055203154362
      ],
      [
        0.0,
        0.0,
        0.0,
        1.0
      ]
    ],
    "2": [
      [
        0.505267859766241,
        -0.862959196937481,
        0.002411287676944,
        0.00710197256275179
      ],
      [
        0.662722035704198,
        0.389814426326041,
        0.6394092714531,
        0.0320467359879937
      ],
      [
        -0.552724066130042,
        -0.321474940623866,
        0.76886277661983,
        0.24488101484809
      ],
      [
        0.0,
        0.0,
        0.0,
        1.0
      ]
    ],
    "3": [
      [
        -0.328992406608291,
        0.282546424671445,
        0.901072424558353,
        -0.0347010337787645
      ],
      [
        -0.669179671407502,
        -0.743014097652368,
        -0.0113409904676109,
        -0.0320081193962185
      ],
      [
        0.666305158143799,
        -0.60671044872758,
        0.433520319749542,
        0.313038803563091
      ],
      [
        0.0,
        0.0,
        0.0,
        1.0
      ]
    ]
  },
  "T_WP": {
    "0": [
      [
        -0.00434481692543188,
        0.862619914078268,
        0.505833971181737,
        0.0425675524766343
      ],
      [
        0.639682485239792,
        0.391202506974195,
        -0.66163956699592,
        -0.0782680060375934
      ],
      [
        -0.768626984071811,
        0.320698429015027,
        -0.553502553728495,
        0.206119436495824
      ],
      [
        0.0,
        0.0,
        0.0,
        1.0
      ]
    ],
    "1": [
      [
        -0.901158380715831,
        -0.281244490170985,
        -0.329871353127373,
        -0.0578492304288416
      ],
      [
        -0.0126411129749261,
        -0.743593330326288,
        0.668512648614082,
        0.07878773834264
      ],
      [
        -0.433305637083545,
        0.606605716955192,
        0.666540118094103,
        0.359713011420949
      ],
      [
        0.0,
        0.0,
        0.0,
        1.0
      ]
    ],
    "2": [
      [
        -0.00241128767694397,
        -0.862959196937481,
        0.505267859766241,
        0.0424707227463886
      ],
      [
        -0.6394092714531,
        0.389814426326041,
        0.662722035704198,
        0.0784372784872875
      ],
      [
        -0.76886277661983,
        -0.321474940623866,
        -0.552724066130042,
        0.206190330218987
      ],
      [
        0.0,
        0.0,
        0.0,
        1.0
      ]
    ],
    "3": [
      [
        -0.901072424558353,
        0.282546424671445,
        -0.328992406608291,
        -0.0577305022413449
      ],
      [
        0.0113409904676108,
        -0.743014097652368,
        -0.669179671407502,
        -0.0788506963947436
      ],
      [
        -0.433520319749542,
        -0.60671044872758,
        0.666305158143799,
        0.359680164633157
      ],
      [
        0.0,
        0.0,
        0.0,
        1.0
      ]
    ]
  },
  "simTime": 0.375999999999975,
  "state": [
    -0.0137995306080064,
    1.93082958876015e-05,
    0.278959909205591,
    0.872712031765808,
    -0.000106373998199738,
    0.48823508014603,
    0.000452560014394294,
    -0.188142401619232,
    0.000289734726359123,
    1.23314683408314,
    -0.00993294908998132,
    -5.29498521914989,
    0.00463355140527489,
    0.836116853223838,
    0.543346992467369,
    -0.0450589682097938,
    0.0604346168648504,
    0.998317721015753,
    0.0395786377831699,
    -0.0330459413113906,
    0.0265183917307563,
    0.835883553896739,
    -0.543655184654167,
    -0.0453442893372129,
    -0.0606763541101773,
    0.998318992891157,
    -0.0395205160049473,
    -0.0329334968923866,
    -0.0266964797291359,
    1.51495206671675,
    0.489130138421455,
    -5.04805652642671,
    0.285540619711928,
    0.372406394242068,
    -0.4380681550963,
    -1.518083464543,
    0.492991416932616,
    5.05127709143675,
    -0.28855613996138,
    0.371677644652909,
    0.43686043055759
  ]
}