{
  "T_WB": [
    [
      0.99302697085444,
      -0.00196390011807411,
      -0.117871023801362,
      -0.00233015867916652
    ],
    [
      0.00175391224358802,
      0.999996684885055,
      -0.00188520840795633,
      -6.37497562258376e-06
    ],
    [
      0.117874335406384,
      0.00166532736297273,
      0.993027123364351,
      0.1635873688735
    ],
    [
      0.0,
      0.0,
      0.0,
      1.0
    ]
  ],
  "T_WH": {
    "0": [
      [
        0.752171206304116,
        0.598826644508898,
        -0.27503659071699,
        0.039783923637956
      ],
      [
        -0.656010528070401,
        0.71995327790259,
        -0.226533584040225,
        -0.0319297374265782
      ],
      [
        0.0623591490304675,
        0.350818938290866,
        0.934364708809502,
        0.00466168294064023
      ],
      [
        0.0,
        0.0,
        0.0,
        1.0
      ]
    ],
    "1": [
      [
        -0.649311739020826,
        -0.745542416518729,
        -0.150202432540772,
        -0.039783923637956
      ],
      [
        0.756805791603685,
        -0.652913019017769,
        -0.030815311003162,
        0.0319297374265782
      ],
      [
        -0.0750950022629346,
        -0.133682814035749,
        0.988174906515346,
        -0.00466168294064023
      ],
      [
        0.0,
        0.0,
        0.0,
        1.0
      ]
    ],
    "2": [
      [
        0.749005248024701,
        -0.602301128352943,
        -0.276087828808565,
        0.0396582340303992
      ],
      [
        0.659425576652392,
        0.718165204808994,
        0.222253565681897,
        0.0320700504060653
      ],
      [
        0.0644130987309023,
        -0.348528462806738,
        0.935082276233196,
        0.00476826389187049
      ],
      [
        0.0,
        0.0,
        0.0,
        1.0
      ]
    ],
    "3": [
      [
        -0.646451231838393,
        0.748028673773736,
        -0.150179586052599,
        -0.0396582340303992
      ],
      [
        -0.758997270706187,
        -0.650539991710095,
        0.0268488779353844,
        -0.0320700504060653
      ],
      [
        -0.0776140961113649,
        0.131342386144516,
        0.988294100805363,
        -0.00476826389187049
      ],
      [
        0.0,
        0.0,
        0.0,
        1.0
      ]
    ]
  },
  "T_WP": {
    "0": [
      [
        0.27503659071699,
        0.598826644508898,
        0.752171206304116,
        0.0924359080792441
      ],
      [
        0.226533584040225,
        0.71995327790259,
        -0.656010528070401,
        -0.0778504743915063
      ],
      [
        -0.934364708809502,
        0.350818938290866,
        0.0623591490304676,
        0.00902682337277296
      ],
      [
        0.0,
        0.0,
        0.0,
        1.0
      ]
    ],
    "1": [
      [
        0.150202432540772,
        -0.745542416518729,
        -0.649311739020826,
        -0.0852357453694138
      ],
      [
        0.0308153110031621,
        -0.652913019017769,
        0.756805791603685,
        0.0849061428388362
      ],
      [
        -0.988174906515346,
        -0.133682814035749,
        -0.0750950022629345,
        -0.00991833309904566
      ],
      [
        0.0,
        0.0,
        0.0,
        1.0
      ]
    ],
    "2": [
      [
        0.276087828808565,
        -0.602301128352943,
        0.749005248024701,
        0.0920886013921283
      ],
      [
        -0.222253565681897,
        0.718165204808994,
        0.659425576652392,
        0.0782298407717327
      ],
      [
        -0.935082276233196,
        -0.348528462806738,
        0.0644130987309023,
        0.00927718080303365
      ],
      [
        0.0,
        0.0,
        0.0,
        1.0
      ]
    ],
    "3": [
      [
        0.150179586052599,
        0.748028673773736,
        -0.646451231838393,
        -0.0849098202590867
      ],
      [
        -0.0268488779353845,
        -0.650539991710095,
        -0.758997270706187,
        -0.0851998593554984
      ],
      [
        -0.988294100805363,
        0.131342386144516,
        -0.0776140961113649,
        -0.010201250619666
      ],
      [
        0.0,
        0.0,
        0.0,
        1.0
      ]
    ]
  }
}