{
  "arms": {
    "0": [
      [
        -0.984509229660034,
        0.0366585776209831,
        0.171457529067993,
        0.00659620109945536
      ],
      [
        -0.0892993807792664,
        0.736722707748413,
        -0.670272529125214,
        -0.0319587960839272
      ],
      [
        -0.150887906551361,
        -0.675200521945953,
        -0.722036719322205,
        0.0823316648602486
      ],
      [
        0.0,
        0.0,
        0.0,
        1.0
      ]
    ],
    "1": [
      [
        -0.975466668605804,
        0.188554793596268,
        -0.113630287349224,
        -0.00869527831673622
      ],
      [
        -0.0507926382124424,
        -0.694993674755096,
        -0.717219531536102,
        -0.0320630334317684
      ],
      [
        -0.214207515120506,
        -0.693852186203003,
        0.687520384788513,
        0.160856559872627
      ],
      [
        0.0,
        0.0,
        0.0,
        1.0
      ]
    ],
    "2": [
      [
        -0.993776381015778,
        -0.0499885752797127,
        -0.0995470806956291,
        -0.00870015937834978
      ],
      [
        -0.0401963926851749,
        -0.67251580953598,
        0.738990366458893,
        0.031936913728714
      ],
      [
        -0.103888057172298,
        0.73839259147644,
        0.666320979595184,
        0.160940572619438
      ],
      [
        0.0,
        0.0,
        0.0,
        1.0
      ]
    ],
    "3": [
      [
        -0.970370292663574,
        -0.184076920151711,
        0.156515792012215,
        0.0065913200378418
      ],
      [
        -0.023041844367981,
        0.715315699577332,
        0.698421478271484,
        0.032041147351265
      ],
      [
        -0.240521460771561,
        0.674121022224426,
        -0.698362529277802,
        0.0824156701564789
      ],
      [
        0.0,
        0.0,
        0.0,
        1.0
      ]
    ]
  },
  "arms_in_parent_frame": {
    "0": [
      [
        1.74160632582243e-08,
        -2.22962412976813e-08,
        0.999999940395355,
        0.0
      ],
      [
        3.99918675952904e-09,
        0.999999940395355,
        -2.22962412976813e-08,
        0.0
      ],
      [
        -1.0,
        -3.99918675952904e-09,
        -1.74160632582243e-08,
        1.86264514923096e-09
      ],
      [
        0.0,
        0.0,
        0.0,
        1.0
      ]
    ],
    "1": [
      [
        -1.26418573387355e-08,
        -3.26304245845677e-08,
        0.999999940395355,
        0.0
      ],
      [
        -1.40509470725192e-09,
        0.999999940395355,
        -3.26304245845677e-08,
        7.45058059692383e-09
      ],
      [
        -0.999999940395355,
        1.40509470725192e-09,
        1.26418573387355e-08,
        -1.86264514923096e-09
      ],
      [
        0.0,
        0.0,
        0.0,
        1.0
      ]
    ],
    "2": [
      [
        -6.4908118879714e-09,
        -5.81540859911911e-09,
        1.0,
        0.0
      ],
      [
        2.38641106875548e-10,
        1.0,
        -5.81540859911911e-09,
        0.0
      ],
      [
        -1.0,
        -2.38641106875548e-10,
        6.4908118879714e-09,
        0.0
      ],
      [
        0.0,
        0.0,
        0.0,
        1.0
      ]
    ],
    "3": [
      [
        -1.81004171651011e-08,
        4.69414445092298e-08,
        1.0,
        0.0
      ],
      [
        1.99304643899723e-08,
        1.0,
        4.69414445092298e-08,
        0.0
      ],
      [
        -1.0,
        -1.99304643899723e-08,
        1.81004171651011e-08,
        0.0
      ],
      [
        0.0,
        0.0,
        0.0,
        1.0
      ]
    ]
  },
  "arms_link_world": {
    "0": [
      [
        -0.984509229660034,
        0.0366585776209831,
        0.171457529067993,
        0.00659620109945536
      ],
      [
        -0.0892993807792664,
        0.736722707748413,
        -0.670272529125214,
        -0.0319587960839272
      ],
      [
        -0.150887906551361,
        -0.675200521945953,
        -0.722036719322205,
        0.0823316648602486
      ],
      [
        0.0,
        0.0,
        0.0,
        1.0
      ]
    ],
    "1": [
      [
        -0.975466668605804,
        0.188554793596268,
        -0.113630287349224,
        -0.00869527831673622
      ],
      [
        -0.0507926382124424,
        -0.694993674755096,
        -0.717219531536102,
        -0.0320630334317684
      ],
      [
        -0.214207515120506,
        -0.693852186203003,
        0.687520384788513,
        0.160856559872627
      ],
      [
        0.0,
        0.0,
        0.0,
        1.0
      ]
    ],
    "2": [
      [
        -0.993776381015778,
        -0.0499885752797127,
        -0.0995470806956291,
        -0.00870015937834978
      ],
      [
        -0.0401963926851749,
        -0.67251580953598,
        0.738990366458893,
        0.031936913728714
      ],
      [
        -0.103888057172298,
        0.73839259147644,
        0.666320979595184,
        0.160940572619438
      ],
      [
        0.0,
        0.0,
        0.0,
        1.0
      ]
    ],
    "3": [
      [
        -0.970370292663574,
        -0.184076920151711,
        0.156515792012215,
        0.0065913200378418
      ],
      [
        -0.023041844367981,
        0.715315699577332,
        0.698421478271484,
        0.032041147351265
      ],
      [
        -0.240521460771561,
        0.674121022224426,
        -0.698362529277802,
        0.0824156701564789
      ],
      [
        0.0,
        0.0,
        0.0,
        1.0
      ]
    ]
  },
  "arms_relative_to_base": {
    "0": [
      [
        -0.0401931591331959,
        0.670717597007751,
        0.740622937679291,
        0.0399999991059303
      ],
      [
        -0.089422270655632,
        0.735832989215851,
        -0.6712327003479,
        -0.0319999940693378
      ],
      [
        -0.995182454586029,
        -0.0932071581482887,
        0.0304016210138798,
        0.0
      ],
      [
        0.0,
        0.0,
        0.0,
        1.0
      ]
    ],
    "1": [
      [
        0.0237375013530254,
        0.716193914413452,
        -0.697497546672821,
        -0.0399999991059303
      ],
      [
        -0.0509993620216846,
        -0.695918142795563,
        -0.716307818889618,
        -0.0319999977946281
      ],
      [
        -0.998416483402252,
        0.0525752902030945,
        0.0200060661882162,
        -1.86264514923096e-09
      ],
      [
        0.0,
        0.0,
        0.0,
        1.0
      ]
    ],
    "2": [
      [
        -0.0880337804555893,
        -0.735208809375763,
        -0.672099769115448,
        -0.0400000140070915
      ],
      [
        -0.0402569286525249,
        -0.671542227268219,
        0.739871859550476,
        0.0320000015199184
      ],
      [
        -0.995303630828857,
        0.0921903774142265,
        0.0295211486518383,
        0.0
      ],
      [
        0.0,
        0.0,
        0.0,
        1.0
      ]
    ],
    "3": [
      [
        0.0505765490233898,
        -0.695944130420685,
        0.7163125872612,
        0.0399999991059303
      ],
      [
        -0.0232835188508034,
        0.716213941574097,
        0.697492241859436,
        0.0319999977946281
      ],
      [
        -0.998448729515076,
        -0.0519550405442715,
        0.0200196038931608,
        0.0
      ],
      [
        0.0,
        0.0,
        0.0,
        1.0
      ]
    ]
  },
  "arms_view_frame": {
    "0": [
      [
        -0.984509170055389,
        0.0366585738956928,
        0.171457514166832,
        0.00659620063379407
      ],
      [
        -0.150887906551361,
        -0.675200581550598,
        -0.722036719322205,
        0.0823316648602486
      ],
      [
        0.089299388229847,
        -0.736722707748413,
        0.670272588729858,
        0.0319587923586369
      ],
      [
        0.0,
        0.0,
        0.0,
        1.0
      ]
    ],