{
  "T_WB": [
    [
      -0.616992243613614,
      0.0691676073787466,
      0.783923729332222,
      -0.191874902988552
    ],
    [
      0.0461904360131286,
      0.997595646221281,
      -0.0516659487599014,
      -0.00049407037583637
    ],
    [
      -0.78561250941005,
      0.0043322892150956,
      -0.618703657924051,
      0.195118425304917
    ],
    [
      0.0,
      0.0,
      0.0,
      1.0
    ]
  ],
  "T_WH": {
    "0": [
      [
        -0.707976340543931,
        -0.674819992922426,
        0.208296611547577,
        -0.218767956169217
      ],
      [
        -0.674499468671802,
        0.733504658124325,
        0.0837936946993925,
        -0.0305695136143922
      ],
      [
        -0.209332195305648,
        -0.0811720004810459,
        -0.974469670306072,
        0.163555291673632
      ],
      [
        0.0,
        0.0,
        0.0,
        1.0
      ]
    ],
    "1": [
      [
        0.376554819692158,
        0.248399582725027,
        0.892470792277618,
        -0.164981849807888
      ],
      [
        0.79989870880068,
        -0.573137422489267,
        -0.17797626415161,
        0.0295813728627195
      ],
      [
        0.467299179782729,
        0.780904054442281,
        -0.414512164272651,
        0.226681558936202
      ],
      [
        0.0,
        0.0,
        0.0,
        1.0
      ]
    ],
    "2": [
      [
        -0.607484812301598,
        0.77060717077833,
        0.192683136698342,
        -0.214341229296977
      ],
      [
        0.767633067915722,
        0.63189446090077,
        -0.106999361330904,
        0.0332766077437698
      ],
      [
        -0.204209881898964,
        0.0829094604248777,
        -0.975409834637148,
        0.163832558183398
      ],
      [
        0.0,
        0.0,
        0.0,
        1.0
      ]
    ],
    "3": [
      [
        0.25244723072705,
        -0.320040104086868,
        0.913150988322474,
        -0.169408576680128
      ],
      [
        -0.854058486327686,
        -0.517280824497618,
        0.0548146927267252,
        -0.0342647484954425
      ],
      [
        0.454812596164513,
        -0.793722168257339,
        -0.403919078513215,
        0.226404292426436
      ],
      [
        0.0,
        0.0,
        0.0,
        1.0
      ]
    ]
  },
  "T_WP": {
    "0": [
      [
        -0.208296611547577,
        -0.674819992922426,
        -0.707976340543931,
        -0.268326300007292
      ],
      [
        -0.0837936946993925,
        0.733504658124325,
        -0.674499468671802,
        -0.0777844764214184
      ],
      [
        0.974469670306072,
        -0.0811720004810459,
        -0.209332195305648,
        0.148902038002236
      ],
      [
        0.0,
        0.0,
        0.0,
        1.0
      ]
    ],
    "1": [
      [
        -0.892470792277618,
        0.248399582725027,
        0.376554819692158,
        -0.138623012429437
      ],
      [
        0.17797626415161,
        -0.573137422489267,
        0.79989870880068,
        0.0855742824787671
      ],
      [
        0.414512164272651,
        0.780904054442281,
        0.467299179782729,
        0.259392501520993
      ],
      [
        0.0,
        0.0,
        0.0,
        1.0
      ]
    ],
    "2": [
      [
        -0.192683136698342,
        0.77060717077833,
        -0.607484812301598,
        -0.256865166158089
      ],
      [
        0.106999361330904,
        0.63189446090077,
        0.767633067915722,
        0.0870109224978703
      ],
      [
        0.975409834637148,
        0.0829094604248777,
        -0.204209881898964,
        0.14953786645047
      ],
      [
        0.0,
        0.0,
        0.0,
        1.0
      ]
    ],
    "3": [
      [
        -0.913150988322474,
        -0.320040104086868,
        0.25244723072705,
        -0.151737270529234
      ],
      [
        -0.0548146927267253,
        -0.517280824497618,
        -0.854058486327686,
        -0.0940488425383806
      ],
      [
        0.403919078513215,
        -0.793722168257339,
        0.454812596164513,
        0.258241174157952
      ],
      [
        0.0,
        0.0,
        0.0,
        1.0
      ]
    ]
  },
  "simTime": 0.931999999999914,
  "state": [
    -0.191874902988552,
    -0.00049407037583637,
    0.195118425304917,
    0.43643434348239,
    0.0320771261538315,
    0.899067787733348,
    -0.0131618717160747,
    -0.469149795748917,
    -0.00180499888913509,
    0.0792033922555439,
    0.473090678968544,
    13.0206776040445,
    -0.235366323290866,
    0.938574496582159,
    -0.275999682010238,
    0.207100248323349,
    0.00340250498911543,
    0.987139899714934,
    -0.12837314974387,
    0.0296321802579808,
    -0.0905377639926386,
    0.938093025951243,
    0.278087823232447,
    0.206479521811152,
    -0.00385283066313224,
    0.986021162608575,
    0.132153559751731,
    0.0328328098478084,
    0.0960193216518319,
    -0.389305492495556,
    -2.11346809155224,
    2.95455494549239,
    -1.17309847128073,
    -0.726116644366669,
    0.979513456966925,
    0.43791611927884,
    -2.0904796265829,
    -2.95794412374494,
    1.19563348256697,
    -0.745396694556683,
    -1.04565249619384
  ]
}