{
  "T_WB": [
    [
      0.0463880786801588,
      -7.83037996274885e-06,
      0.998923493614526,
      -0.00116758172023478
    ],
    [
      7.05624640605466e-05,
      0.999999997500063,
      4.5620338670555e-06,
      -2.22003065419429e-06
    ],
    [
      -0.998923491153002,
      7.02748791314441e-05,
      0.0463880791167225,
      0.166183232550847
    ],
    [
      0.0,
      0.0,
      0.0,
      1.0
    ]
  ],
  "T_WH": {
    "0": [
      [
        0.0863420602144476,
        -0.0780182616716565,
        0.993206020664222,
        0.00185577371936516
      ],
      [
        -0.66159054558522,
        0.740883764945152,
        0.11571169704463,
        -0.0319971774214396
      ],
      [
        -0.7448778414144,
        -0.667086499403511,
        0.0123532863398393,
        -0.0399591884422523
      ],
      [
        0.0,
        0.0,
        0.0,
        1.0
      ]
    ],
    "1": [
      [
        -0.00766178318929738,
        0.0101787017569919,
        0.999918842261162,
        -0.00185577371936516
      ],
      [
        0.69189054320644,
        -0.721891579239186,
        0.012650061069085,
        0.0319971774214396
      ],
      [
        0.721961753349759,
        0.691931312959673,
        -0.00151157072147127,
        0.0399591884422523
      ],
      [
        0.0,
        0.0,
        0.0,
        1.0
      ]
    ],
    "2": [
      [
        0.0866921487913623,
        0.0777496211347178,
        0.993196590686529,
        0.00185527257504754
      ],
      [
        0.661400355466159,
        0.741048835661587,
        -0.115741923924934,
        0.0320028224185644
      ],
      [
        -0.745006067845877,
        0.666934494218146,
        0.0128194888669787,
        -0.0399546908499879
      ],
      [
        0.0,
        0.0,
        0.0,
        1.0
      ]
    ],
    "3": [
      [
        -0.00765862888952892,
        -0.0100613478126314,
        0.999920054146193,
        -0.00185527257504754
      ],
      [
        -0.691986533675894,
        -0.721801086963487,
        -0.0125629642023498,
        -0.0320028224185644
      ],
      [
        0.721869782311708,
        -0.692027427302215,
        -0.00143431053985841,
        0.0399546908499879
      ],
      [
        0.0,
        0.0,
        0.0,
        1.0
      ]
    ]
  },
  "T_WP": {
    "0": [
      [
        -0.993206020664222,
        -0.0780182616716565,
        0.0863420602144476,
        0.00789971793437649
      ],
      [
        -0.11571169704463,
        0.740883764945152,
        -0.66159054558522,
        -0.078308515612405
      ],
      [
        -0.0123532863398394,
        -0.667086499403511,
        -0.7448778414144,
        -0.0921006373412603
      ],
      [
        0.0,
        0.0,
        0.0,
        1.0
      ]
    ],
    "1": [
      [
        -0.999918842261162,
        0.0101787017569919,
        -0.00766178318929732,
        -0.00239209854261598
      ],
      [
        -0.0126500610690849,
        -0.721891579239186,
        0.69189054320644,
        0.0804295154458904
      ],
      [
        0.00151157072147131,
        0.691931312959673,
        0.721961753349759,
        0.0904965111767354
      ],
      [
        0.0,
        0.0,
        0.0,
        1.0
      ]
    ],
    "2": [
      [
        -0.993196590686529,
        0.0777496211347178,
        0.0866921487913624,
        0.00792372299044291
      ],
      [
        0.115741923924934,
        0.741048835661587,
        0.661400355466159,
        0.0783008473011955
      ],
      [
        -0.0128194888669787,
        0.666934494218146,
        -0.745006067845877,
        -0.0921051155991993
      ],
      [
        0.0,
        0.0,
        0.0,
        1.0
      ]
    ],
    "3": [
      [
        -0.999920054146193,
        -0.0100613478126314,
        -0.00765862888952886,
        -0.00239137659731457
      ],
      [
        0.0125629642023497,
        -0.721801086963487,
        -0.691986533675894,
        -0.0804418797758771
      ],
      [
        0.00143431053985845,
        -0.692027427302215,
        0.721869782311708,
        0.0904855756118075
      ],
      [
        0.0,
        0.0,
        0.0,
        1.0
      ]
    ]
  }
}