{
  "arms": {
    "0": [
      [
        -0.999999940395355,
        -3.45445546140395e-17,
        -5.74293235147642e-17,
        -8.88178399847791e-18
      ],
      [
        6.50353617437526e-17,
        -0.707106828689575,
        -0.707106709480286,
        0.371299296617508
      ],
      [
        -1.61819804677809e-17,
        -0.707106709480286,
        0.707106828689575,
        0.0319999866187572
      ],
      [
        0.0,
        0.0,
        0.0,
        1.0
      ]
    ],
    "1": [
      [
        -0.999999940395355,
        -1.58238274752855e-16,
        3.79054787783486e-16,
        8.88178317129729e-18
      ],
      [
        3.79923605359352e-16,
        -0.707106709480286,
        0.707106828689575,
        0.45129930973053
      ],
      [
        1.56140835886996e-16,
        0.707106828689575,
        0.707106709480286,
        0.0319999828934669
      ],
      [
        0.0,
        0.0,
        0.0,
        1.0
      ]
    ],
    "2": [
      [
        -0.999999940395355,
        1.55798793394983e-16,
        3.79052855489575e-16,
        8.88178399847791e-18
      ],
      [
        3.78197272803509e-16,
        0.707106828689575,
        0.707106709480286,
        0.45129930973053
      ],
      [
        -1.57864494995099e-16,
        0.707106709480286,
        -0.707106828689575,
        -0.0320000201463699
      ],
      [
        0.0,
        0.0,
        0.0,
        1.0
      ]
    ],
    "3": [
      [
        -0.999999940395355,
        2.79473915204906e-16,
        1.8750003376738e-16,
        -8.88178317129729e-18
      ],
      [
        6.50353485088628e-17,
        0.707106709480286,
        -0.707106828689575,
        0.371299296617508
      ],
      [
        -3.302004684847e-16,
        -0.707106828689575,
        -0.707106709480286,
        -0.0320000164210796
      ],
      [
        0.0,
        0.0,
        0.0,
        1.0
      ]
    ]
  },
  "base": [
    [
      -2.22044591690142e-16,
      1.18514226217344e-23,
      0.999999940395355,
      8.71459021973871e-36
    ],
    [
      -1.0,
      -4.37113882867379e-08,
      -2.22044604925031e-16,
      0.411299288272858
    ],
    [
      4.37113882867379e-08,
      -1.0,
      2.15573013534486e-23,
      -1.79784631626489e-08
    ],
    [
      0.0,
      0.0,
      0.0,
      1.0
    ]
  ]
}