{
  "T_WB": [
    [
      0.999828859610814,
      -0.00235343919773868,
      -0.0183497360548051,
      -0.0774275403169805
    ],
    [
      0.00238626128270661,
      0.999995591715633,
      0.0017670049212533,
      3.101737543746e-05
    ],
    [
      0.0183454966253062,
      -0.00181048978003885,
      0.999830068001722,
      0.285563928041934
    ],
    [
      0.0,
      0.0,
      0.0,
      1.0
    ]
  ],
  "T_WH": {
    "0": [
      [
        -0.104418242018434,
        0.929081653395428,
        -0.354829694441992,
        -0.0373590758782203
      ],
      [
        -0.81579128058841,
        -0.284081906382455,
        -0.503767860211459,
        -0.0318733911081545
      ],
      [
        -0.568842172530924,
        0.236864416470958,
        0.787600045048355,
        0.286355683579908
      ],
      [
        0.0,
        0.0,
        0.0,
        1.0
      ]
    ],
    "1": [
      [
        -0.648317627810877,
        -0.76079982762837,
        0.0294597309953643,
        -0.117496004755741
      ],
      [
        0.760970838219384,
        -0.646239771062988,
        0.0574242255162824,
        0.0319354258590295
      ],
      [
        -0.0246502910604589,
        0.059647133854853,
        0.997915117920124,
        0.284772172503961
      ],
      [
        0.0,
        0.0,
        0.0,
        1.0
      ]
    ],
    "2": [
      [
        -0.108145117398765,
        -0.927575050777322,
        -0.357643899372346,
        -0.0375096959868755
      ],
      [
        0.812754033263083,
        -0.289661919827897,
        0.505496640558776,
        0.032126326761646
      ],
      [
        -0.572481890541001,
        -0.2360095281489,
        0.785215885999217,
        0.286239812233985
      ],
      [
        0.0,
        0.0,
        0.0,
        1.0
      ]
    ],
    "3": [
      [
        -0.644848286791074,
        0.763719277031361,
        0.0300591568962158,
        -0.117345384647085
      ],
      [
        -0.763993840307787,
        -0.642950201375697,
        -0.0541151598233864,
        -0.0320642920107711
      ],
      [
        -0.0220022497571476,
        -0.0578610788150901,
        0.998082159225371,
        0.284888043849883
      ],
      [
        0.0,
        0.0,
        0.0,
        1.0
      ]
    ]
  },
  "T_WP": {
    "0": [
      [
        0.354829694441992,
        0.929081653395428,
        -0.104418242018434,
        -0.0446683528195106
      ],
      [
        0.503767860211459,
        -0.284081906382455,
        -0.81579128058841,
        -0.0889787807493433
      ],
      [
        -0.787600045048355,
        0.236864416470958,
        -0.568842172530924,
        0.246536731502743
      ],
      [
        0.0,
        0.0,
        0.0,
        1.0
      ]
    ],
    "1": [
      [
        -0.0294597309953643,
        -0.76079982762837,
        -0.648317627810877,
        -0.162878238702502
      ],
      [
        -0.0574242255162824,
        -0.646239771062988,
        0.760970838219384,
        0.0852033845343863
      ],
      [
        -0.997915117920124,
        0.059647133854853,
        -0.0246502910604588,
        0.283046652129729
      ],
      [
        0.0,
        0.0,
        0.0,
        1.0
      ]
    ],
    "2": [
      [
        0.357643899372346,
        -0.927575050777322,
        -0.108145117398765,
        -0.0450798542047891
      ],
      [
        -0.505496640558776,
        -0.289661919827897,
        0.812754033263083,
        0.0890191090900618
      ],
      [
        -0.785215885999217,
        -0.2360095281489,
        -0.572481890541001,
        0.246166079896115
      ],
      [
        0.0,
        0.0,
        0.0,
        1.0
      ]
    ],
    "3": [
      [
        -0.0300591568962158,
        0.763719277031361,
        -0.644848286791074,
        -0.162484764722461
      ],
      [
        0.0541151598233863,
        -0.642950201375697,
        -0.763993840307787,
        -0.0855438608323162
      ],
      [
        -0.998082159225371,
        -0.0578610788150901,
        -0.0220022497571475,
        0.283347886366883
      ],
      [
        0.0,
        0.0,
        0.0,
        1.0
      ]
    ]
  },
  "simTime": 0.619499999999948,
  "state": [
    -0.0774275403169805,
    3.101737543746e-05,
    0.285563928041934,
    0.999956813983505,
    -0.000894412301427438,
    -0.00917420436736895,
    0.00118497629451712,
    -0.324244684042804,
    -0.000222011244727833,
    -1.19647410100735,
    -0.0118027687125732,
    -3.06146266319361,
    0.000356876874011385,
    0.828126244660925,
    0.246761997362936,
    0.2063128156063,
    -0.459075660079959,
    0.998480013384679,
    0.036456304150402,
    0.0042098078511231,
    -0.0411202903306961,
    0.827948965261272,
    -0.24708623065296,
    0.206589508860151,
    0.459096591550647,
    0.998472897460229,
    -0.0367314992707628,
    0.00425676766069895,
    0.0410432689704441,
    -4.6444423733572,
    -2.39055380484768,
    -2.85698107022024,
    -0.366568865150666,
    0.139959054813162,
    -0.536303709184622,
    4.64632146005794,
    -2.39294043586756,
    2.85929937056044,
    0.365034840800272,
    0.139572268604558,
    0.538978561377554
  ]
}