{
  "T_WB": [
    [
      0.710179992404597,
      -0.00137713665511789,
      0.704018807904192,
      -0.0232301695418779
    ],
    [
      0.00105285643753751,
      0.999999046096522,
      0.000894035439937543,
      3.13178655592316e-05
    ],
    [
      -0.704019367547178,
      0.000106304652105124,
      0.710180764888625,
      0.32573508122197
    ],
    [
      0.0,
      0.0,
      0.0,
      1.0
    ]
  ],
  "T_WH": {
    "0": [
      [
        0.412716140662364,
        0.887616073808603,
        -0.204458046438297,
        0.00522109852726978
      ],
      [
        -0.732017699410929,
        0.189638647423438,
        -0.654360199853673,
        -0.031926537352028
      ],
      [
        -0.542047484069333,
        0.419731925066477,
        0.728017606994567,
        0.297570904771215
      ],
      [
        0.0,
        0.0,
        0.0,
        1.0
      ]
    ],
    "1": [
      [
        -0.482614925746775,
        -0.419441895739256,
        0.768863661220307,
        -0.0516814376110255
      ],
      [
        0.684715843856795,
        -0.72808056859241,
        0.0326021289125396,
        0.0319891730831464
      ],
      [
        0.546119992875112,
        0.542187404627599,
        0.638581061138894,
        0.353899257672724
      ],
      [
        0.0,
        0.0,
        0.0,
        1.0
      ]
    ],
    "2": [
      [
        0.41119981323318,
        -0.887727606422037,
        -0.2070130681701,
        0.00513296178134223
      ],
      [
        0.733084267141106,
        0.187082006253512,
        0.653901965287113,
        0.0320734015981494
      ],
      [
        -0.541758406365037,
        -0.42064238936698,
        0.72770722780556,
        0.29757770826895
      ],
      [
        0.0,
        0.0,
        0.0,
        1.0
      ]
    ],
    "3": [
      [
        -0.481045820643061,
        0.421229403229328,
        0.768869760295531,
        -0.051593300865098
      ],
      [
        -0.685874010155307,
        -0.727068611710395,
        -0.0307908437526033,
        -0.032010765867031
      ],
      [
        0.546051060465339,
        -0.542159592482309,
        0.638663616972264,
        0.353892454174989
      ],
      [
        0.0,
        0.0,
        0.0,
        1.0
      ]
    ]
  },
  "T_WP": {
    "0": [
      [
        0.204458046438297,
        0.887616073808603,
        0.412716140662364,
        0.0341112283736353
      ],
      [
        0.654360199853673,
        0.189638647423438,
        -0.732017699410929,
        -0.083167776310793
      ],
      [
        -0.728017606994567,
        0.419731925066477,
        -0.542047484069333,
        0.259627580886362
      ],
      [
        0.0,
        0.0,
        0.0,
        1.0
      ]
    ],
    "1": [
      [
        -0.768863661220307,
        -0.419441895739256,
        -0.482614925746774,
        -0.0854644824132998
      ],
      [
        -0.0326021289125396,
        -0.72808056859241,
        0.684715843856795,
        0.0799192821531221
      ],
      [
        -0.638581061138894,
        0.542187404627599,
        0.546119992875112,
        0.392127657173982
      ],
      [
        0.0,
        0.0,
        0.0,
        1.0
      ]
    ],
    "2": [
      [
        0.2070130681701,
        -0.887727606422037,
        0.41119981323318,
        0.0339169487076648
      ],
      [
        -0.653901965287113,
        0.187082006253512,
        0.733084267141106,
        0.0833893002980269
      ],
      [
        -0.72770722780556,
        -0.42064238936698,
        -0.541758406365037,
        0.259654619823397
      ],
      [
        0.0,
        0.0,
        0.0,
        1.0
      ]
    ],
    "3": [
      [
        -0.768869760295531,
        0.421229403229328,
        -0.481045820643061,
        -0.0852665083101123
      ],
      [
        0.0307908437526032,
        -0.727068611710395,
        -0.685874010155307,
        -0.0800219465779024
      ],
      [
        -0.638663616972264,
        -0.542159592482309,
        0.546051060465339,
        0.392116028407563
      ],
      [
        0.0,
        0.0,
        0.0,
        1.0
      ]
    ]
  },
  "simTime": 0.42249999999997,
  "state": [
    -0.0232301695418779,
    3.13178655592316e-05,
    0.32573508122197,
    0.924710739013794,
    -0.000212966810754392,
    0.380669899257644,
    0.000656960330980635,
    -0.217105285048944,
    0.000220185303204032,
    0.777992238453724,
    -0.0104669665379131,
    -4.9744542995296,
    0.00331210497680978,
    0.827238515821166,
    0.559446176349478,
    0.0277775257823058,
    -0.0438728021826442,
    0.998585139172675,
    0.0449856731503351,
    -0.0236745254184212,
    0.0156053157902452,
    0.826994642623156,
    -0.559831520741357,
    0.0276599263682807,
    0.0436286365856137,
    0.998583617288282,
    -0.0450003056033952,
    -0.0235805535558673,
    -0.015801559196786,
    0.134459657204515,
    -0.327511011533505,
    -5.71382651984308,
    0.170582502615104,
    0.366149312905563,
    -0.536733723443198,
    -0.137150344573365,
    -0.324835267915788,
    5.71849083736311,
    -0.17396678040303,
    0.36527515779016,
    0.536375158771701
  ]
}