{
  "arms": {
    "0": [
      [
        0.228261053562164,
        0.639642536640167,
        0.733998715877533,
        0.031493429094553
      ],
      [
        -0.913230180740356,
        -0.12067698687315,
        0.389162808656693,
        0.692905843257904
      ],
      [
        0.337501853704453,
        -0.759140610694885,
        0.556595087051392,
        0.0319809243083
      ],
      [
        0.0,
        0.0,
        0.0,
        1.0
      ]
    ],
    "1": [
      [
        0.27918928861618,
        0.706388235092163,
        -0.650437355041504,
        -0.045011792331934
      ],
      [
        -0.953879177570343,
        0.281836837530136,
        -0.103356048464775,
        0.669519364833832
      ],
      [
        0.110307730734348,
        0.649294674396515,
        0.752494931221008,
        0.0321277976036072
      ],
      [
        0.0,
        0.0,
        0.0,
        1.0
      ]
    ],
    "2": [
      [
        -0.0503990836441517,
        -0.812263309955597,
        -0.581109344959259,
        -0.0451763346791267
      ],
      [
        -0.997693955898285,
        0.0674322843551636,
        -0.00772644998505712,
        0.669655680656433
      ],
      [
        0.0454614497721195,
        0.579379916191101,
        -0.813788771629333,
        -0.0318718440830708
      ],
      [
        0.0,
        0.0,
        0.0,
        1.0
      ]
    ],
    "3": [
      [
        0.398173123598099,
        -0.605287194252014,
        0.689264416694641,
        0.0313288867473602
      ],
      [
        -0.917180895805359,
        -0.250077039003372,
        0.310226857662201,
        0.69304221868515
      ],
      [
        -0.0154071459546685,
        -0.755704164505005,
        -0.654731869697571,
        -0.0320187173783779
      ],
      [
        0.0,
        0.0,
        0.0,
        1.0
      ]
    ]
  },
  "base": [
    [
      0.956315279006958,
      -0.00257097324356437,
      -0.292325764894485,
      -0.00684145232662559
    ],
    [
      0.292331337928772,
      0.00213026651181281,
      0.956314742565155,
      0.681280791759491
    ],
    [
      -0.001835927949287,
      -0.999994397163391,
      0.00278878258541226,
      5.45402872376144e-05
    ],
    [
      0.0,
      0.0,
      0.0,
      1.0
    ]
  ]
}