{
  "T_WB": [
    [
      0.999434749838213,
      -0.00234547656520476,
      0.0335362424178762,
      -0.0721274684488593
    ],
    [
      0.00228995785685702,
      0.999995943563822,
      0.00169379718851711,
      3.44129627535745e-05
    ],
    [
      -0.033540079141861,
      -0.00161604318756799,
      0.999436066737424,
      0.303924125922653
    ],
    [
      0.0,
      0.0,
      0.0,
      1.0
    ]
  ],
  "T_WH": {
    "0": [
      [
        -0.0729330329149314,
        0.919141578554507,
        -0.387116947810552,
        -0.0320750232052442
      ],
      [
        -0.810366465299381,
        -0.280874396097709,
        -0.514213735264758,
        -0.0318738589170144
      ],
      [
        -0.581366463281136,
        0.276203425375348,
        0.765326533698465,
        0.30263423613898
      ],
      [
        0.0,
        0.0,
        0.0,
        1.0
      ]
    ],
    "1": [
      [
        -0.65526953478354,
        -0.75035971888349,
        0.0870754216851899,
        -0.112179913692474
      ],
      [
        0.755292773673839,
        -0.652711072368958,
        0.0591699420571387,
        0.0319426848425216
      ],
      [
        0.0124363507767725,
        0.104539697168376,
        0.994442954067905,
        0.305214015706325
      ],
      [
        0.0,
        0.0,
        0.0,
        1.0
      ]
    ],
    "2": [
      [
        -0.0765953913723375,
        -0.917617430837291,
        -0.390014610808477,
        -0.0322251337054173
      ],
      [
        0.807651341633888,
        -0.286474349760918,
        0.515394758690889,
        0.0321258814710702
      ],
      [
        -0.584664396365556,
        -0.275518960423105,
        0.763057564060452,
        0.302530809374976
      ],
      [
        0.0,
        0.0,
        0.0,
        1.0
      ]
    ],
    "3": [
      [
        -0.651875526324662,
        0.753242979863859,
        0.0876545005391003,
        -0.112029803192301
      ],
      [
        -0.758181975370082,
        -0.649635662420107,
        -0.0559785524635161,
        -0.032057055545563
      ],
      [
        0.0147780378557378,
        -0.10294911071886,
        0.994576839766204,
        0.305317442470329
      ],
      [
        0.0,
        0.0,
        0.0,
        1.0
      ]
    ]
  },
  "T_WP": {
    "0": [
      [
        0.387116947810552,
        0.919141578554507,
        -0.0729330329149314,
        -0.0371803355092894
      ],
      [
        0.514213735264758,
        -0.280874396097709,
        -0.810366465299381,
        -0.0885995114879711
      ],
      [
        -0.765326533698465,
        0.276203425375348,
        -0.581366463281136,
        0.261938583709301
      ],
      [
        0.0,
        0.0,
        0.0,
        1.0
      ]
    ],
    "1": [
      [
        -0.0870754216851899,
        -0.75035971888349,
        -0.65526953478354,
        -0.158048781127322
      ],
      [
        -0.0591699420571387,
        -0.652711072368958,
        0.755292773673839,
        0.0848131789996903
      ],
      [
        -0.994442954067905,
        0.104539697168376,
        0.0124363507767725,
        0.306084560260699
      ],
      [
        0.0,
        0.0,
        0.0,
        1.0
      ]
    ],
    "2": [
      [
        0.390014610808477,
        -0.917617430837291,
        -0.0765953913723375,
        -0.0375868111014809
      ],
      [
        -0.515394758690889,
        -0.286474349760918,
        0.807651341633888,
        0.0886614753854423
      ],
      [
        -0.763057564060452,
        -0.275518960423105,
        -0.584664396365556,
        0.261604301629387
      ],
      [
        0.0,
        0.0,
        0.0,
        1.0
      ]
    ],
    "3": [
      [
        -0.0876545005391003,
        0.753242979863859,
        -0.651875526324662,
        -0.157661090035028
      ],
      [
        0.0559785524635161,
        -0.649635662420107,
        -0.758181975370082,
        -0.0851297938214687
      ],
      [
        -0.994576839766204,
        -0.10294911071886,
        0.0147780378557378,
        0.306351905120231
      ],
      [
        0.0,
        0.0,
        0.0,
        1.0
      ]
    ]
  },
  "simTime": 0.60299999999995,
  "state": [
    -0.0721274684488593,
    3.44129627535745e-05,
    0.303924125922653,
    0.999858334982944,
    -0.000827577332778237,
    0.0167714563185797,
    0.00115902279849996,
    -0.318057627493757,
    -0.000189234502631748,
    -1.02903814178935,
    -0.0117749166333486,
    -3.22913718048805,
    0.000439763647585042,
    0.825577688526317,
    0.291551383320545,
    0.198688276885305,
    -0.440388737049177,
    0.99855288216747,
    0.039261180590831,
    0.00269818986375411,
    -0.0366527077459818,
    0.825384524392267,
    -0.29190131777001,
    0.198955574426534,
    0.440398327633621,
    0.998546007092517,
    -0.0395231231651839,
    0.00274721696897412,
    0.0365547158898231,
    -4.406217446698,
    -2.31604127591324,
    -3.30560358703226,
    -0.322004496866981,
    0.158513172648185,
    -0.561305430490288,
    4.40797077274073,
    -2.31830697620842,
    3.3084359506905,
    0.320200425666719,
    0.158097142384177,
    0.563796786811113
  ]
}