{
  "T_WB": [
    [
      0.493512449784857,
      -0.000822757240605621,
      0.86973834282379,
      -0.01259113675449
    ],
    [
      0.000634345069521061,
      0.999999627082811,
      0.000586038029394187,
      1.74052375770824e-05
    ],
    [
      -0.869738500650444,
      0.000262497165990274,
      0.49351278765758,
      0.270738666295837
    ],
    [
      0.0,
      0.0,
      0.0,
      1.0
    ]
  ],
  "T_WH": {
    "0": [
      [
        0.514293967677439,
        0.856756843196819,
        0.0383330985705336,
        0.00717568946860363
      ],
      [
        -0.650872912274261,
        0.419030847938576,
        -0.633069980763186,
        -0.031957209026292
      ],
      [
        -0.558449789039462,
        0.300634096721079,
        0.773144859007988,
        0.235940726360508
      ],
      [
        0.0,
        0.0,
        0.0,
        1.0
      ]
    ],
    "1": [
      [
        -0.305154406034196,
        -0.26107815174889,
        0.915816022548907,
        -0.0323579629775837
      ],
      [
        0.666503059168827,
        -0.745440816155962,
        0.00957401312553175,
        0.0319920195014462
      ],
      [
        0.680187077645931,
        0.61331573295336,
        0.401483936310498,
        0.305536606231167
      ],
      [
        0.0,
        0.0,
        0.0,
        1.0
      ]
    ],
    "2": [
      [
        0.513859050427521,
        -0.857097874740753,
        0.0364980740397503,
        0.00712303300520487
      ],
      [
        0.651915103135215,
        0.417792475335702,
        0.632816044247512,
        0.0320427671070079
      ],
      [
        -0.557633907324446,
        -0.301384605890466,
        0.773441494060359,
        0.235957526179131
      ],
      [
        0.0,
        0.0,
        0.0,
        1.0
      ]
    ],
    "3": [
      [
        -0.304371959504179,
        0.262306225295073,
        0.915725479845918,
        -0.0323053065141849
      ],
      [
        -0.667103927711021,
        -0.744917806719101,
        -0.00835528966175864,
        -0.0320079566318537
      ],
      [
        0.679948571511195,
        -0.613427180196846,
        0.401717605658044,
        0.305519806412543
      ],
      [
        0.0,
        0.0,
        0.0,
        1.0
      ]
    ]
  },
  "T_WP": {
    "0": [
      [
        -0.0383330985705336,
        0.856756843196819,
        0.514293967677439,
        0.0431762672060244
      ],
      [
        0.633069980763186,
        0.419030847938576,
        -0.650872912274261,
        -0.0775183128854903
      ],
      [
        -0.773144859007988,
        0.300634096721079,
        -0.558449789039462,
        0.196849241127745
      ],
      [
        0.0,
        0.0,
        0.0,
        1.0
      ]
    ],
    "1": [
      [
        -0.915816022548907,
        -0.26107815174889,
        -0.305154406034196,
        -0.0537187713999774
      ],
      [
        -0.00957401312553171,
        -0.745440816155962,
        0.666503059168827,
        0.0786472336432641
      ],
      [
        -0.401483936310498,
        0.61331573295336,
        0.680187077645931,
        0.353149701666382
      ],
      [
        0.0,
        0.0,
        0.0,
        1.0
      ]
    ],
    "2": [
      [
        -0.0364980740397502,
        -0.857097874740753,
        0.513859050427521,
        0.0430931665351313
      ],
      [
        -0.632816044247512,
        0.417792475335702,
        0.651915103135215,
        0.0776768243264729
      ],
      [
        -0.773441494060359,
        -0.301384605890466,
        -0.557633907324446,
        0.19692315266642
      ],
      [
        0.0,
        0.0,
        0.0,
        1.0
      ]
    ],
    "3": [
      [
        -0.915725479845918,
        0.262306225295073,
        -0.304371959504179,
        -0.0536113436794775
      ],
      [
        0.0083552896617586,
        -0.744917806719101,
        -0.667103927711021,
        -0.0787052315716252
      ],
      [
        -0.401717605658044,
        -0.613427180196846,
        0.679948571511195,
        0.353116206418327
      ],
      [
        0.0,
        0.0,
        0.0,
        1.0
      ]
    ]
  },
  "simTime": 0.369499999999976,
  "state": [
    -0.01259113675449,
    1.74052375770824e-05,
    0.270738666295837,
    0.864150574918117,
    -9.36008355472569e-05,
    0.503233144188748,
    0.000421541786934745,
    -0.183621633151949,
    0.0002956014921386,
    1.29645327849908,
    -0.00986519987932402,
    -5.33223594139978,
    0.00482192481311092,
    0.837843069667129,
    0.538192334837407,
    -0.0555535069564521,
    0.0726760565651657,
    0.99827715310915,
    0.0386078459357664,
    -0.034318299325007,
    0.0278282975391903,
    0.837611263693033,
    -0.538489178692974,
    -0.0558610433944328,
    -0.0729130934470122,
    0.998278818433341,
    -0.038540580086606,
    -0.0342038532078337,
    -0.0280021566965244,
    1.77225684092624,
    0.573089108019348,
    -4.83045661463466,
    0.304289108013146,
    0.36153818663376,
    -0.41766505028878,
    -1.7754246839819,
    0.576841057397483,
    4.83339047273008,
    -0.307181961248713,
    0.360927810917344,
    0.416293661795785
  ]
}