{
  "T_WB": [
    [
      -0.647867693213216,
      0.0377857328700601,
      -0.760815148693859,
      -0.252381609177443
    ],
    [
      0.0634848634142318,
      0.997972673798886,
      -0.00449605026427593,
      -0.00127395991192995
    ],
    [
      0.759102841654451,
      -0.0512130915115952,
      -0.648953076154172,
      0.120000369271213
    ],
    [
      0.0,
      0.0,
      0.0,
      1.0
    ]
  ],
  "T_WH": {
    "0": [
      [
        -0.31798327817774,
        0.0379085281016402,
        -0.94733815414376,
        -0.279505460357814
      ],
      [
        -0.361132577314005,
        0.919032809613169,
        0.157993532959637,
        -0.030669690936925
      ],
      [
        0.876624147740571,
        0.392353970735216,
        -0.278547061098169,
        0.152003301865762
      ],
      [
        0.0,
        0.0,
        0.0,
        1.0
      ]
    ],
    "1": [
      [
        0.509811236986711,
        0.666667487931395,
        -0.543734276257551,
        -0.225257757997072
      ],
      [
        0.644518747991386,
        -0.714617404327319,
        -0.271877819838436,
        0.0281217711130651
      ],
      [
        -0.569814080318919,
        -0.211840567332436,
        -0.793999677520449,
        0.0879974366766637
      ],
      [
        0.0,
        0.0,
        0.0,
        1.0
      ]
    ],
    "2": [
      [
        -0.285049374569082,
        0.0203537403397191,
        -0.958296707346925,
        -0.27708717345413
      ],
      [
        0.465517269456173,
        0.87688696292443,
        -0.119845425825264,
        0.0332005601862037
      ],
      [
        0.837878586607776,
        -0.480265530209439,
        -0.259431097975557,
        0.14872566400902
      ],
      [
        0.0,
        0.0,
        0.0,
        1.0
      ]
    ],
    "3": [
      [
        0.461600773585964,
        -0.721757278365222,
        -0.515743305290207,
        -0.227676044900756
      ],
      [
        -0.738015194149509,
        -0.635038388365878,
        0.228166208072384,
        -0.0357484800100636
      ],
      [
        -0.492197418755221,
        0.275304697432674,
        -0.825802049248004,
        0.0912750745334058
      ],
      [
        0.0,
        0.0,
        0.0,
        1.0
      ]
    ]
  },
  "T_WP": {
    "0": [
      [
        0.94733815414376,
        0.0379085281016402,
        -0.31798327817774,
        -0.301764289830255
      ],
      [
        -0.157993532959637,
        0.919032809613169,
        -0.361132577314005,
        -0.0559489713489054
      ],
      [
        0.278547061098169,
        0.392353970735216,
        0.876624147740571,
        0.213366992207602
      ],
      [
        0.0,
        0.0,
        0.0,
        1.0
      ]
    ],
    "1": [
      [
        0.543734276257551,
        0.666667487931395,
        0.509811236986711,
        -0.189570971408003
      ],
      [
        0.271877819838436,
        -0.714617404327319,
        0.644518747991386,
        0.0732380834724622
      ],
      [
        0.793999677520449,
        -0.211840567332436,
        -0.569814080318919,
        0.0481104510543394
      ],
      [
        0.0,
        0.0,
        0.0,
        1.0
      ]
    ],
    "2": [
      [
        0.958296707346925,
        0.0203537403397191,
        -0.285049374569082,
        -0.297040629673965
      ],
      [
        0.119845425825264,
        0.87688696292443,
        0.465517269456173,
        0.0657867690481358
      ],
      [
        0.259431097975557,
        -0.480265530209439,
        0.837878586607776,
        0.207377165071564
      ],
      [
        0.0,
        0.0,
        0.0,
        1.0
      ]
    ],
    "3": [
      [
        0.515743305290207,
        -0.721757278365222,
        0.461600773585964,
        -0.195363990749739
      ],
      [
        -0.228166208072384,
        -0.635038388365878,
        -0.738015194149509,
        -0.0874095436005292
      ],
      [
        0.825802049248004,
        0.275304697432674,
        -0.492197418755221,
        0.0568212552205404
      ],
      [
        0.0,
        0.0,
        0.0,
        1.0
      ]
    ]
  },
  "simTime": 1.0699999999999,
  "state": [
    -0.252381609177443,
    -0.00127395991192995,
    0.120000369271213,
    -0.418674069065514,
    0.0278958291778091,
    0.907578294579354,
    -0.0153455470752778,
    -0.384174419990734,
    -0.0108183525039243,
    -1.19867633804706,
    0.46690942477689,
    12.5130883359957,
    -0.298453986975473,
    0.957303818710291,
    -0.176387141007511,
    0.135963798634782,
    0.184311748487965,
    0.982308782341155,
    -0.186667642049086,
    0.00831261230846041,
    0.0124718893468957,
    0.955803108658519,
    0.179795392607846,
    0.136680542801909,
    -0.188235128217549,
    0.981579401522169,
    0.190307458796311,
    0.012245189605341,
    -0.0116191637134608,
    1.83192559847427,
    -1.56617542510855,
    1.65480346324039,
    -0.43030985606641,
    -0.472132441003539,
    1.75633127329487,
    -1.83233593577376,
    -1.58871216315441,
    -1.72357800360815,
    0.417337255568901,
    -0.474947740791313,
    -1.80836878002869
  ]
}