{
  "T_WB": [
    [
      0.952986716461441,
      -0.00421142235399716,
      0.302982808373341,
      -0.012946854779956
    ],
    [
      0.00139230022019731,
      0.999953714872379,
      0.00951995866725043,
      -3.54952911800263e-05
    ],
    [
      -0.303008877342129,
      -0.00865055112033743,
      0.952948470913919,
      0.397476707864642
    ],
    [
      0.0,
      0.0,
      0.0,
      1.0
    ]
  ],
  "T_WH": {
    "0": [
      [
        0.394445009772394,
        0.840534675263048,
        0.371368541944652,
        0.0382542341737856
      ],
      [
        -0.902979462468067,
        0.429487375182142,
        -0.0129878758861913,
        -0.0319428268671082
      ],
      [
        -0.170414860345385,
        -0.330215163551881,
        0.928394701155639,
        -0.0118435374578344
      ],
      [
        0.0,
        0.0,
        0.0,
        1.0
      ]
    ],
    "1": [
      [
        -0.777188686911226,
        -0.589322958253165,
        0.220626824780992,
        -0.0382542341737856
      ],
      [
        0.59989462845421,
        -0.79974783253245,
        -0.0230182343248418,
        0.0319428268671082
      ],
      [
        0.190010998863195,
        0.114463335769087,
        0.975086644906812,
        0.0118435374578344
      ],
      [
        0.0,
        0.0,
        0.0,
        1.0
      ]
    ],
    "2": [
      [
        0.388345188518131,
        -0.843033611628117,
        0.372132159615466,
        0.0379847031431297
      ],
      [
        0.902583735595871,
        0.429405811633467,
        0.0308747335730379,
        0.032054210884724
      ],
      [
        -0.185824150186728,
        0.323890380531218,
        0.927666107285764,
        -0.012397172729536
      ],
      [
        0.0,
        0.0,
        0.0,
        1.0
      ]
    ],
    "3": [
      [
        -0.771435125518997,
        0.595665173500116,
        0.223765163049494,
        -0.0379847031431297
      ],
      [
        -0.603711815918149,
        -0.796277732729394,
        0.0383903071119031,
        -0.032054210884724
      ],
      [
        0.201046985643409,
        -0.105474041538247,
        0.973886716269037,
        0.012397172729536
      ],
      [
        0.0,
        0.0,
        0.0,
        1.0
      ]
    ]
  },
  "T_WP": {
    "0": [
      [
        -0.371368541944652,
        0.840534675263048,
        0.394445009772394,
        0.0658653848578532
      ],
      [
        0.0129878758861913,
        0.429487375182142,
        -0.902979462468067,
        -0.0951513892398729
      ],
      [
        -0.928394701155639,
        -0.330215163551881,
        -0.170414860345385,
        -0.0237725776820113
      ],
      [
        0.0,
        0.0,
        0.0,
        1.0
      ]
    ],
    "1": [
      [
        -0.220626824780992,
        -0.589322958253165,
        -0.777188686911226,
        -0.0926574422575714
      ],
      [
        0.0230182343248418,
        -0.79974783253245,
        0.59989462845421,
        0.073935450858903
      ],
      [
        -0.975086644906812,
        0.114463335769087,
        0.190010998863195,
        0.025144307378258
      ],
      [
        0.0,
        0.0,
        0.0,
        1.0
      ]
    ],
    "2": [
      [
        -0.372132159615466,
        -0.843033611628117,
        0.388345188518131,
        0.0651688663393989
      ],
      [
        -0.0308747335730379,
        0.429405811633467,
        0.902583735595871,
        0.095235072376435
      ],
      [
        -0.927666107285764,
        0.323890380531218,
        -0.185824150186728,
        -0.0254048632426069
      ],
      [
        0.0,
        0.0,
        0.0,
        1.0
      ]
    ],
    "3": [
      [
        -0.223765163049494,
        0.595665173500116,
        -0.771435125518997,
        -0.0919851619294595
      ],
      [
        -0.0383903071119031,
        -0.796277732729394,
        -0.603711815918149,
        -0.0743140379989944
      ],
      [
        -0.973886716269037,
        -0.105474041538247,
        0.201046985643409,
        0.0264704617245746
      ],
      [
        0.0,
        0.0,
        0.0,
        1.0
      ]
    ]
  }
}