{
  "T_WB": [
    [
      -2.22044604925031e-16,
      1.08984009620632e-19,
      1.0,
      -8.60175716586668e-36
    ],
    [
      -2.19640917943231e-18,
      1.0,
      -1.08984009620632e-19,
      4.09336772540931e-21
    ],
    [
      -1.0,
      -2.19640917943231e-18,
      -2.22044604925031e-16,
      0.230366307175003
    ],
    [
      0.0,
      0.0,
      0.0,
      1.0
    ]
  ],
  "T_WH": {
    "0": [
      [
        -1.57191565598126e-16,
        -1.52247686685742e-16,
        1.0,
        -8.88527168530911e-18
      ],
      [
        -0.707106779455507,
        0.707106782917588,
        -3.49584976866021e-18,
        -0.032
      ],
      [
        -0.707106782917588,
        -0.707106779455507,
        -2.18806593663776e-16,
        0.190366307175003
      ],
      [
        0.0,
        0.0,
        0.0,
        1.0
      ]
    ],
    "1": [
      [
        1.57191565598126e-16,
        1.52246343932126e-16,
        1.0,
        8.88527168530911e-18
      ],
      [
        0.707106779455507,
        -0.707106782917588,
        -3.49679923885008e-18,
        0.032
      ],
      [
        0.707106782917588,
        0.707106779455507,
        -2.18805644193591e-16,
        0.270366307175003
      ],
      [
        0.0,
        0.0,
        0.0,
        1.0
      ]
    ],
    "2": [
      [
        -1.5704581926949e-16,
        1.53249335173041e-16,
        1.0,
        -8.87829670869339e-18
      ],
      [
        0.707106779455507,
        0.707106782917588,
        2.68451911213265e-18,
        0.032
      ],
      [
        -0.707106782917588,
        0.707106779455507,
        -2.19411807882212e-16,
        0.190366307175003
      ],
      [
        0.0,
        0.0,
        0.0,
        1.0
      ]
    ],
    "3": [
      [
        1.5704581926949e-16,
        -1.52387962919438e-16,
        1.0,
        8.87829670869339e-18
      ],
      [
        -0.707106779455507,
        -0.707106782917588,
        3.29360127527183e-18,
        -0.032
      ],
      [
        0.707106782917588,
        -0.707106779455507,
        -2.18802725722055e-16,
        0.270366307175003
      ],
      [
        0.0,
        0.0,
        0.0,
        1.0
      ]
    ]
  },
  "T_WP": {
    "0": [
      [
        -1.0,
        -1.52247686685742e-16,
        -9.59592256407587e-17,
        -1.9888681277178e-17
      ],
      [
        -3.98019529371188e-17,
        0.707106782917588,
        -0.707106779455507,
        -0.0814974745618855
      ],
      [
        1.75508790746006e-16,
        -0.707106779455507,
        -0.707106782917588,
        0.140868832370772
      ],
      [
        0.0,
        0.0,
        0.0,
        1.0
      ]
    ],
    "1": [
      [
        -1.0,
        1.52246343932126e-16,
        2.18423905555494e-16,
        1.9888681277178e-17
      ],
      [
        4.67946019446291e-17,
        -0.707106782917588,
        0.707106779455507,
        0.0814974745618855
      ],
      [
        2.62103447111362e-16,
        0.707106779455507,
        0.707106782917588,
        0.319863781979234
      ],
      [
        0.0,
        0.0,
        0.0,
        1.0
      ]
    ],
    "2": [
      [
        -1.0,
        1.53249335173041e-16,
        -9.5813479312122e-17,
        -1.98715040575577e-17
      ],
      [
        4.06132835936464e-17,
        0.707106782917588,
        0.707106779455507,
        0.0814974745618855
      ],
      [
        1.76114004964442e-16,
        0.707106779455507,
        -0.707106782917588,
        0.140868832370772
      ],
      [
        0.0,
        0.0,
        0.0,
        1.0
      ]
    ],
    "3": [
      [
        -1.0,
        -1.52387962919438e-16,
        2.18278159226857e-16,
        1.98715040575577e-17
      ],
      [
        -4.65914039810509e-17,
        -0.707106782917588,
        -0.707106779455507,
        -0.0814974745618855
      ],
      [
        2.62100528639825e-16,
        -0.707106779455507,
        0.707106782917588,
        0.319863781979234
      ],
      [
        0.0,
        0.0,
        0.0,
        1.0
      ]
    ]
  },
  "simTime": 0.23449999999999,
  "state": [
    -8.60175716586668e-36,
    4.09336772540931e-21,
    0.230366307175003,
    0.707106781186548,
    -7.3801624639666e-19,
    0.707106781186548,
    -8.15079578640309e-19,
    -7.63242505249086e-35,
    -1.97298018201426e-20,
    -2.29964770000001,
    5.48583219108815e-19,
    -1.12484138047775e-17,
    -2.04112362174491e-17,
    1.0,
    2.34224773291739e-18,
    5.26280066628884e-20,
    -1.23870790588684e-18,
    1.0,
    -2.34291910972554e-18,
    -5.26280066628878e-20,
    1.23521525409946e-18,
    1.0,
    -1.91848682170053e-18,
    5.68181743995335e-20,
    8.38528005187578e-19,
    1.0,
    2.34917294850166e-18,
    -5.68181743995328e-20,
    -1.23296945100977e-18,
    1.35870688177528e-17,
    2.28088947277636e-19,
    -2.24382390059319e-17,
    -1.37214017735087e-17,
    -2.28088947277634e-19,
    2.24355238696712e-17,
    -1.76391535132444e-17,
    1.11035823413244e-19,
    1.79123463429915e-17,
    1.36940382118522e-17,
    -1.11035823413243e-19,
    -2.25585529897032e-17
  ]
}