{
  "T_WB": [
    [
      -0.661893416440234,
      0.0701153651485107,
      0.746311557490011,
      -0.193987035238004
    ],
    [
      0.0481374097390511,
      0.997536567630438,
      -0.0510253468748486,
      -0.000502467582403924
    ],
    [
      -0.748050730269472,
      0.00215216406784452,
      -0.663638058834132,
      0.195385993049681
    ],
    [
      0.0,
      0.0,
      0.0,
      1.0
    ]
  ],
  "T_WH": {
    "0": [
      [
        -0.727045068484129,
        -0.668451147081465,
        0.156775420134605,
        -0.222706463580365
      ],
      [
        -0.662948352646437,
        0.742868243884182,
        0.0929852351279876,
        -0.0304981413570159
      ],
      [
        -0.178619568122542,
        -0.0363295498720487,
        -0.983247280031738,
        0.165395094588731
      ],
      [
        0.0,
        0.0,
        0.0,
        1.0
      ]
    ],
    "1": [
      [
        0.408031926854088,
        0.286862774991005,
        0.86672930894957,
        -0.165267606895642
      ],
      [
        0.795566204655591,
        -0.577436836534042,
        -0.183415140660348,
        0.0294932061922081
      ],
      [
        0.447866454065983,
        0.764379780042629,
        -0.46383099420408,
        0.225376891510631
      ],
      [
        0.0,
        0.0,
        0.0,
        1.0
      ]
    ],
    "2": [
      [
        -0.626732810465261,
        0.766620220508392,
        0.139640330112689,
        -0.218219080210861
      ],
      [
        0.758967257515905,
        0.641155388630601,
        -0.113527396027254,
        0.0333441989713321
      ],
      [
        -0.176563547498063,
        0.0348310944072799,
        -0.983672764976896,
        0.165532833089073
      ],
      [
        0.0,
        0.0,
        0.0,
        1.0
      ]
    ],
    "3": [
      [
        0.282641430145392,
        -0.360296763300203,
        0.888988225074306,
        -0.169754990265147
      ],
      [
        -0.852446736436836,
        -0.519294840508523,
        0.0605593110876848,
        -0.03434913413614
      ],
      [
        0.439827674781334,
        -0.774931681489811,
        -0.453908036412465,
        0.225239153010289
      ],
      [
        0.0,
        0.0,
        0.0,
        1.0
      ]
    ]
  },
  "T_WP": {
    "0": [
      [
        -0.156775420134605,
        -0.668451147081465,
        -0.727045068484129,
        -0.273599618374254
      ],
      [
        -0.0929852351279877,
        0.742868243884182,
        -0.662948352646437,
        -0.0769045260422665
      ],
      [
        0.983247280031738,
        -0.0363295498720487,
        -0.178619568122542,
        0.152891724820153
      ],
      [
        0.0,
        0.0,
        0.0,
        1.0
      ]
    ],
    "1": [
      [
        -0.86672930894957,
        0.286862774991005,
        0.408031926854088,
        -0.136705372015856
      ],
      [
        0.183415140660348,
        -0.577436836534042,
        0.795566204655591,
        0.0851828405180995
      ],
      [
        0.46383099420408,
        0.764379780042629,
        0.447866454065983,
        0.256727543295249
      ],
      [
        0.0,
        0.0,
        0.0,
        1.0
      ]
    ],
    "2": [
      [
        -0.139640330112689,
        0.766620220508392,
        -0.626732810465261,
        -0.262090376943429
      ],
      [
        0.113527396027254,
        0.641155388630601,
        0.758967257515905,
        0.0864719069974455
      ],
      [
        0.983672764976896,
        0.0348310944072799,
        -0.176563547498063,
        0.153173384764208
      ],
      [
        0.0,
        0.0,
        0.0,
        1.0
      ]
    ],
    "3": [
      [
        -0.888988225074306,
        -0.360296763300203,
        0.282641430145392,
        -0.149970090154969
      ],
      [
        -0.0605593110876849,
        -0.519294840508523,
        -0.852446736436836,
        -0.0940204056867185
      ],
      [
        0.453908036412465,
        -0.774931681489811,
        0.439827674781334,
        0.256027090244982
      ],
      [
        0.0,
        0.0,
        0.0,
        1.0
      ]
    ]
  },
  "simTime": 0.936499999999913,
  "state": [
    -0.193987035238004,
    -0.000502467582403924,
    0.195385993049681,
    0.409879583645024,
    0.0324348376112016,
    0.911464212531793,
    -0.0134051293882532,
    -0.469524100793591,
    -0.00192977397499331,
    0.0397153908163585,
    0.472369174348242,
    13.0110748978572,
    -0.237341573688826,
    0.939290347703764,
    -0.275317734224229,
    0.204476490175409,
    0.0110974275273298,
    0.9870467085898,
    -0.131042707837888,
    0.0285551673575768,
    -0.0880409348072645,
    0.938760556770207,
    0.277508052638178,
    0.203921443389057,
    -0.0115733616370465,
    0.985944225814082,
    0.134869275246244,
    0.0317630447563651,
    0.0933561522676969,
    -0.290778961135408,
    -2.09739231772241,
    2.94432619882447,
    -1.15891107239157,
    -0.716285133126435,
    1.0106023542828,
    0.339529053152863,
    -2.07576787304057,
    -2.95111164997552,
    1.17991061411127,
    -0.734674277095792,
    -1.07698656349439
  ]
}