{
  "T_WB": [
    [
      0.936777549875819,
      -0.00455945952197244,
      0.34989574644103,
      -0.0140490804125991
    ],
    [
      0.00105896215752622,
      0.999947468298445,
      0.0101950597192189,
      -4.56260383992825e-05
    ],
    [
      -0.349923849784216,
      -0.00917997671004706,
      0.936733167652238,
      0.371554628141083
    ],
    [
      0.0,
      0.0,
      0.0,
      1.0
    ]
  ],
  "T_WH": {
    "0": [
      [
        0.393822538006057,
        0.801892442354437,
        0.449302035888225,
        0.0376170046997359
      ],
      [
        -0.900299630850136,
        0.435088074834262,
        0.0126072133369735,
        -0.0319559604992492
      ],
      [
        -0.185376328719653,
        -0.409471461803934,
        0.893290959720612,
        -0.0137031947366471
      ],
      [
        0.0,
        0.0,
        0.0,
        1.0
      ]
    ],
    "1": [
      [
        -0.771498480995703,
        -0.570802182151459,
        0.281024843514689,
        -0.0376170046997359
      ],
      [
        0.592123254434233,
        -0.805771234657046,
        -0.0110801154087689,
        0.0319559604992492
      ],
      [
        0.232766289181949,
        0.157853052711666,
        0.959636529301627,
        0.0137031947366471
      ],
      [
        0.0,
        0.0,
        0.0,
        1.0
      ]
    ],
    "2": [
      [
        0.387303672394983,
        -0.804633408997897,
        0.450067708765895,
        0.0373251992903296
      ],
      [
        0.899577376445596,
        0.436711142618231,
        0.0066273448935713,
        0.0320406774718513
      ],
      [
        -0.201882166465043,
        0.402303933658996,
        0.892969840378654,
        -0.0142907132460902
      ],
      [
        0.0,
        0.0,
        0.0,
        1.0
      ]
    ],
    "3": [
      [
        -0.765020698521699,
        0.577950452822584,
        0.284106678759129,
        -0.0373251992903296
      ],
      [
        -0.595919309025662,
        -0.802556941284991,
        0.0279737935514211,
        -0.0320406774718513
      ],
      [
        0.244179253753773,
        -0.147904124612706,
        0.958384506322384,
        0.0142907132460902
      ],
      [
        0.0,
        0.0,
        0.0,
        1.0
      ]
    ]
  },
  "T_WP": {
    "0": [
      [
        -0.449302035888225,
        0.801892442354437,
        0.393822538006057,
        0.0651845823601598
      ],
      [
        -0.0126072133369736,
        0.435088074834262,
        -0.900299630850136,
        -0.0949769346587587
      ],
      [
        -0.893290959720612,
        -0.409471461803934,
        -0.185376328719653,
        -0.0266795377470229
      ],
      [
        0.0,
        0.0,
        0.0,
        1.0
      ]
    ],
    "1": [
      [
        -0.281024843514689,
        -0.570802182151459,
        -0.771498480995703,
        -0.0916218983694351
      ],
      [
        0.0110801154087689,
        -0.805771234657046,
        0.592123254434233,
        0.0734045883096455
      ],
      [
        -0.959636529301627,
        0.157853052711666,
        0.23276628918195,
        0.0299968349793836
      ],
      [
        0.0,
        0.0,
        0.0,
        1.0
      ]
    ],
    "2": [
      [
        -0.450067708765895,
        -0.804633408997897,
        0.387303672394983,
        0.0644364563579785
      ],
      [
        -0.00662734489357124,
        0.436711142618231,
        0.899577376445596,
        0.095011093823043
      ],
      [
        -0.892969840378654,
        0.402303933658996,
        -0.201882166465043,
        -0.0284224648986431
      ],
      [
        0.0,
        0.0,
        0.0,
        1.0
      ]
    ],
    "3": [
      [
        -0.284106678759129,
        0.577950452822584,
        -0.765020698521699,
        -0.0908766481868486
      ],
      [
        -0.0279737935514211,
        -0.802556941284991,
        -0.595919309025662,
        -0.0737550291036477
      ],
      [
        -0.958384506322384,
        -0.147904124612706,
        0.244179253753773,
        0.0313832610088543
      ],
      [
        0.0,
        0.0,
        0.0,
        1.0
      ]
    ]
  }
}