{
  "T_WB": [
    [
      0.954248659641756,
      -0.00216634023954401,
      -0.299006358698071,
      -0.115339659564805
    ],
    [
      0.00300207399605518,
      0.999992765913657,
      0.00233573801530616,
      -4.19961087510672e-06
    ],
    [
      0.298999135657003,
      -0.00312651408448282,
      0.954248260038259,
      0.0866122972915508
    ],
    [
      0.0,
      0.0,
      0.0,
      1.0
    ]
  ],
  "T_WH": {
    "0": [
      [
        -0.148269690208324,
        0.988873748054496,
        -0.0120336766693237,
        -0.0771003902914697
      ],
      [
        -0.909693921744215,
        -0.141150327989048,
        -0.390555442479315,
        -0.0318838851602699
      ],
      [
        -0.387908581636391,
        -0.0469605719432639,
        0.920500753381335,
        0.0986723111685344
      ],
      [
        0.0,
        0.0,
        0.0,
        1.0
      ]
    ],
    "1": [
      [
        -0.578287652711694,
        -0.758462781798657,
        -0.300528866080185,
        -0.153578928838141
      ],
      [
        0.789145004383217,
        -0.613484185508064,
        0.0297878530364246,
        0.0318754859385197
      ],
      [
        -0.206962684506681,
        -0.219934905728376,
        0.953307444880212,
        0.0745522834145672
      ],
      [
        0.0,
        0.0,
        0.0,
        1.0
      ]
    ],
    "2": [
      [
        -0.152120342319358,
        -0.988264224570115,
        -0.0139004995403161,
        -0.0772390360668005
      ],
      [
        0.906362111995687,
        -0.145094719658429,
        0.396806305728575,
        0.0321156518582041
      ],
      [
        -0.394166365119297,
        0.0477634249407548,
        0.917797108214321,
        0.0984722142671275
      ],
      [
        0.0,
        0.0,
        0.0,
        1.0
      ]
    ],
    "3": [
      [
        -0.574687656711896,
        0.761392069108043,
        -0.300027022653567,
        -0.15344028306281
      ],
      [
        -0.793028689609281,
        -0.608646928591184,
        -0.0255815123302943,
        -0.0321240510799543
      ],
      [
        -0.202088086436527,
        0.223228657246089,
        0.95358763200061,
        0.0747523803159741
      ],
      [
        0.0,
        0.0,
        0.0,
        1.0
      ]
    ]
  },
  "T_WP": {
    "0": [
      [
        0.0120336766693237,
        0.988873748054496,
        -0.148269690208324,
        -0.0874792686060524
      ],
      [
        0.390555442479315,
        -0.141150327989048,
        -0.909693921744215,
        -0.095562459682365
      ],
      [
        -0.920500753381335,
        -0.0469605719432639,
        -0.387908581636391,
        0.071518710453987
      ],
      [
        0.0,
        0.0,
        0.0,
        1.0
      ]
    ],
    "1": [
      [
        0.300528866080185,
        -0.758462781798657,
        -0.578287652711694,
        -0.19405906452796
      ],
      [
        -0.0297878530364245,
        -0.613484185508064,
        0.789145004383217,
        0.0871156362453449
      ],
      [
        -0.953307444880212,
        -0.219934905728376,
        -0.206962684506681,
        0.0600648954990996
      ],
      [
        0.0,
        0.0,
        0.0,
        1.0
      ]
    ],
    "2": [
      [
        0.0139004995403161,
        -0.988264224570115,
        -0.152120342319358,
        -0.0878874600291556
      ],
      [
        -0.396806305728575,
        -0.145094719658429,
        0.906362111995687,
        0.0955609996979022
      ],
      [
        -0.917797108214321,
        0.0477634249407548,
        -0.394166365119297,
        0.0708805687087767
      ],
      [
        0.0,
        0.0,
        0.0,
        1.0
      ]
    ],
    "3": [
      [
        0.300027022653567,
        0.761392069108043,
        -0.574687656711896,
        -0.193668419032643
      ],
      [
        0.0255815123302943,
        -0.608646928591184,
        -0.793028689609281,
        -0.087636059352604
      ],
      [
        -0.95358763200061,
        0.223228657246089,
        -0.202088086436527,
        0.0606062142654173
      ],
      [
        0.0,
        0.0,
        0.0,
        1.0
      ]
    ]
  },
  "simTime": 0.731999999999936,
  "state": [
    -0.115339659564805,
    -4.19961087510672e-06,
    0.0866122972915508,
    0.988495028514771,
    -0.00138145664424739,
    -0.151241401601581,
    0.00130714219255225,
    -0.342198647668184,
    -0.000386943515340278,
    -2.34082990205045,
    -0.0118650015181154,
    -2.0595677576628,
    0.000564255496408148,
    0.850741540497448,
    -0.0729685956691187,
    0.232678979675375,
    -0.46559092316682,
    0.997870477774647,
    0.0084499059828219,
    0.0108537797166333,
    -0.0637597376135014,
    0.850688804523773,
    0.0727849657159999,
    0.232932641148834,
    0.465589187278939,
    0.997861537114036,
    -0.0087479141873565,
    0.0108943453297536,
    0.0638524861350009,
    -5.0012421176797,
    -2.6098518756331,
    0.413918740001315,
    -0.611633948859399,
    0.0259062622153461,
    -0.252532864616193,
    5.00206948065254,
    -2.61212529690833,
    -0.414239064990701,
    0.612339046286708,
    0.0256890671662375,
    0.255770428424638
  ]
}