{
  "T_WB": [
    [
      0.660817282758747,
      -0.00124279734503612,
      0.750545784254435,
      -0.0203550692692417
    ],
    [
      0.000947460092269971,
      0.999999213591419,
      0.000821666548438531,
      2.81801324231263e-05
    ],
    [
      -0.750546215183795,
      0.000168140722129636,
      0.660817940587253,
      0.314336821765433
    ],
    [
      0.0,
      0.0,
      0.0,
      1.0
    ]
  ],
  "T_WH": {
    "0": [
      [
        0.444225051281279,
        0.883316838116697,
        -0.149717959222218,
        0.00611739155614931
      ],
      [
        -0.713528389495745,
        0.247757531176983,
        -0.655357492616583,
        -0.0319338962988115
      ],
      [
        -0.541794556264414,
        0.397954230087591,
        0.740331742908299,
        0.284309592654974
      ],
      [
        0.0,
        0.0,
        0.0,
        1.0
      ]
    ],
    "1": [
      [
        -0.443028359754691,
        -0.380706959989912,
        0.811657614433763,
        -0.0468275300946328
      ],
      [
        0.679754531820153,
        -0.732933291605986,
        0.0272500738637385,
        0.0319902565636577
      ],
      [
        0.584516594223836,
        0.563800497224731,
        0.583497515338423,
        0.344364050875893
      ],
      [
        0.0,
        0.0,
        0.0,
        1.0
      ]
    ],
    "2": [
      [
        0.442981743843268,
        -0.883532326993478,
        -0.152111149423923,
        0.006037852526067
      ],
      [
        0.714655205558139,
        0.245551289749435,
        0.654959923408328,
        0.0320660533710393
      ],
      [
        -0.541327176290117,
        -0.398842313778113,
        0.740195715300953,
        0.28432035366119
      ],
      [
        0.0,
        0.0,
        0.0,
        1.0
      ]
    ],
    "3": [
      [
        -0.441656377515838,
        0.382361318240672,
        0.811627664950403,
        -0.0467479910645505
      ],
      [
        -0.680768766215787,
        -0.732051769397659,
        -0.0255752588802577,
        -0.0320096931061931
      ],
      [
        0.584374478519231,
        -0.56382624028597,
        0.583614975493574,
        0.344353289869677
      ],
      [
        0.0,
        0.0,
        0.0,
        1.0
      ]
    ]
  },
  "T_WP": {
    "0": [
      [
        0.149717959222218,
        0.883316838116697,
        0.444225051281279,
        0.0372131451458389
      ],
      [
        0.655357492616583,
        0.247757531176983,
        -0.713528389495745,
        -0.0818808835635136
      ],
      [
        -0.740331742908299,
        0.397954230087591,
        -0.541794556264414,
        0.246383973716465
      ],
      [
        0.0,
        0.0,
        0.0,
        1.0
      ]
    ],
    "1": [
      [
        -0.811657614433763,
        -0.380706959989912,
        -0.443028359754691,
        -0.0778395152774611
      ],
      [
        -0.0272500738637385,
        -0.732933291605986,
        0.679754531820153,
        0.0795730737910685
      ],
      [
        -0.583497515338423,
        0.563800497224731,
        0.584516594223836,
        0.385280212471562
      ],
      [
        0.0,
        0.0,
        0.0,
        1.0
      ]
    ],
    "2": [
      [
        0.152111149423923,
        -0.883532326993478,
        0.442981743843268,
        0.0370465745950957
      ],
      [
        -0.654959923408328,
        0.245551289749435,
        0.714655205558139,
        0.0820919177601091
      ],
      [
        -0.740195715300953,
        -0.398842313778113,
        -0.541327176290117,
        0.246427451320882
      ],
      [
        0.0,
        0.0,
        0.0,
        1.0
      ]
    ],
    "3": [
      [
        -0.811627664950403,
        0.382361318240672,
        -0.441656377515838,
        -0.0776639374906591
      ],
      [
        0.0255752588802576,
        -0.732051769397659,
        -0.680768766215787,
        -0.0796635067412982
      ],
      [
        -0.583614975493574,
        -0.56382624028597,
        0.584374478519231,
        0.385259503366023
      ],
      [
        0.0,
        0.0,
        0.0,
        1.0
      ]
    ]
  },
  "simTime": 0.408999999999971,
  "state": [
    -0.0203550692692417,
    2.81801324231263e-05,
    0.314336821765433,
    0.911267583772382,
    -0.000179290319865074,
    0.411814275567706,
    0.000600882077972934,
    -0.208844078179562,
    0.000244240526699756,
    0.910573863226906,
    -0.0103067467841489,
    -5.07591028319965,
    0.00368077184710462,
    0.829475385572352,
    0.558377037852485,
    0.00756101674709016,
    -0.0113357555739882,
    0.998516839959207,
    0.0436804325594715,
    -0.0263611641786744,
    0.0190060293707395,
    0.829234760241012,
    -0.55874154886424,
    0.00739520816084375,
    0.0110862472044849,
    0.998516088404261,
    -0.0436731644628557,
    -0.0262617138811509,
    -0.0191989137109324,
    0.506859417310741,
    -0.0821703223012757,
    -5.62529329017085,
    0.203215844974768,
    0.377156060976135,
    -0.514155282601007,
    -0.509741027646713,
    -0.0789699921914399,
    5.6296340700438,
    -0.20656248220699,
    0.376256454570025,
    0.5135732661843
  ]
}