{
  "T_WB": [
    [
      0.364143391049023,
      0.0357620292453277,
      0.930656041735922,
      -0.156174359498745
    ],
    [
      0.0112990798910552,
      0.999019333791108,
      -0.0428100631299111,
      -0.000368576381584546
    ],
    [
      -0.931274353533337,
      0.026104558525816,
      0.363382209904721,
      0.160708783563824
    ],
    [
      0.0,
      0.0,
      0.0,
      1.0
    ]
  ],
  "T_WH": {
    "0": [
      [
        -0.2898887359263,
        -0.22668578752444,
        0.929826905675178,
        -0.142753008792635
      ],
      [
        -0.837287597736983,
        0.530673383315301,
        -0.131663354493661,
        -0.0318852318672578
      ],
      [
        -0.463588178730739,
        -0.816700259565966,
        -0.34363743475646,
        0.122622463549665
      ],
      [
        0.0,
        0.0,
        0.0,
        1.0
      ]
    ],
    "1": [
      [
        -0.233809540870171,
        -0.47802025666961,
        0.846657978649939,
        -0.169595710204856
      ],
      [
        0.856831975033876,
        -0.512870092254211,
        -0.052945585563904,
        0.0311480791040887
      ],
      [
        0.459534618018738,
        0.713064444973017,
        0.529496961424422,
        0.198795103577984
      ],
      [
        0.0,
        0.0,
        0.0,
        1.0
      ]
    ],
    "2": [
      [
        -0.224867133439118,
        0.262751315168258,
        0.938294473327124,
        -0.140464238920934
      ],
      [
        0.878535613821003,
        0.471164982888325,
        0.078604924451318,
        0.0320520054953731
      ],
      [
        -0.421437952191099,
        0.842000775104866,
        -0.33678590703261,
        0.124293155295317
      ],
      [
        0.0,
        0.0,
        0.0,
        1.0
      ]
    ],
    "3": [
      [
        -0.294302599753891,
        0.450276923235926,
        0.842992688093609,
        -0.171884480076557
      ],
      [
        -0.868681751879598,
        -0.493791912883998,
        -0.0395165879315934,
        -0.0327891582585422
      ],
      [
        0.398469564370347,
        -0.743922199676519,
        0.536471590206747,
        0.197124411832332
      ],
      [
        0.0,
        0.0,
        0.0,
        1.0
      ]
    ]
  },
  "T_WP": {
    "0": [
      [
        -0.929826905675178,
        -0.22668578752444,
        -0.2898887359263,
        -0.163045220307476
      ],
      [
        0.131663354493661,
        0.530673383315301,
        -0.837287597736983,
        -0.0904953637088466
      ],
      [
        0.34363743475646,
        -0.816700259565966,
        -0.463588178730739,
        0.0901712910385131
      ],
      [
        0.0,
        0.0,
        0.0,
        1.0
      ]
    ],
    "1": [
      [
        -0.846657978649939,
        -0.47802025666961,
        -0.233809540870171,
        -0.185962378065768
      ],
      [
        0.052945585563904,
        -0.512870092254211,
        0.856831975033876,
        0.09112631735646
      ],
      [
        -0.529496961424422,
        0.713064444973017,
        0.459534618018738,
        0.230962526839296
      ],
      [
        0.0,
        0.0,
        0.0,
        1.0
      ]
    ],
    "2": [
      [
        -0.938294473327124,
        0.262751315168258,
        -0.224867133439118,
        -0.156204938261672
      ],
      [
        -0.078604924451318,
        0.471164982888325,
        0.878535613821003,
        0.0935494984628434
      ],
      [
        0.33678590703261,
        0.842000775104866,
        -0.421437952191099,
        0.0947924986419402
      ],
      [
        0.0,
        0.0,
        0.0,
        1.0
      ]
    ],
    "3": [
      [
        -0.842992688093609,
        0.450276923235926,
        -0.294302599753891,
        -0.192485662059329
      ],
      [
        0.0395165879315934,
        -0.493791912883998,
        -0.868681751879598,
        -0.0935968808901141
      ],
      [
        -0.536471590206747,
        -0.743922199676519,
        0.398469564370347,
        0.225017281338256
      ],
      [
        0.0,
        0.0,
        0.0,
        1.0
      ]
    ]
  },
  "simTime": 0.852499999999922,
  "state": [
    -0.156174359498745,
    -0.000368576381584546,
    0.160708783563824,
    0.825612641428299,
    0.0208677224032404,
    0.563802654489442,
    -0.00740751416788867,
    -0.415143248505542,
    -0.00207118648605034,
    0.795096365109384,
    0.48724660345139,
    13.0623601393997,
    -0.206735669047689,
    0.924007793286003,
    -0.248719928885816,
    0.255110740997777,
    -0.138803835499354,
    0.987978187281853,
    -0.0761952560888499,
    0.0536880943223849,
    -0.123332773149914,
    0.92457235660129,
    0.2491139094903,
    0.253379348613855,
    0.137503175247754,
    0.986542795740788,
    0.0784801246952437,
    0.0570506885044226,
    0.131603195785437,
    -2.15856940003662,
    -2.34682071456848,
    2.62362295910969,
    -1.34402599368212,
    -0.946544102922729,
    0.418324961973423,
    2.18519766636045,
    -2.31184310257614,
    -2.57654493271374,
    1.38990356152193,
    -0.980290662295295,
    -0.469690398302601
  ]
}