{
  "T_WB": [
    [
      0.943040242080185,
      0.00475727784784914,
      0.332644660448389,
      -0.131781239997111
    ],
    [
      -0.000392638503042344,
      0.999912970456525,
      -0.0131870143631883,
      -0.000161597583038718
    ],
    [
      -0.33267844482676,
      0.0123052761158525,
      0.942960037608891,
      0.0870100795060847
    ],
    [
      0.0,
      0.0,
      0.0,
      1.0
    ]
  ],
  "T_WH": {
    "0": [
      [
        -0.0512406150373639,
        0.626731465419453,
        0.777548757071721,
        -0.0942118632050346
      ],
      [
        -0.888088860275132,
        0.327529446272999,
        -0.322525406874126,
        -0.0321745181777692
      ],
      [
        -0.456806934739186,
        -0.707058789689576,
        0.539810422553049,
        0.073309172877307
      ],
      [
        0.0,
        0.0,
        0.0,
        1.0
      ]
    ],
    "1": [
      [
        -0.490544782129378,
        -0.846198325471918,
        0.208120663784649,
        -0.169350616789187
      ],
      [
        0.870981330234428,
        -0.483653845037579,
        0.0864319418006566,
        0.0318513230116918
      ],
      [
        0.027519794852217,
        0.223667950652048,
        0.974276813201672,
        0.100710986134862
      ],
      [
        0.0,
        0.0,
        0.0,
        1.0
      ]
    ],
    "2": [
      [
        -0.0373169091092295,
        -0.624796787229421,
        0.77989513587554,
        -0.0939073974227723
      ],
      [
        0.899143960521888,
        0.319561442220335,
        0.29903281241876,
        0.0318199119314484
      ],
      [
        -0.436059154876431,
        0.712396981544597,
        0.549857212496662,
        0.0740967105487216
      ],
      [
        0.0,
        0.0,
        0.0,
        1.0
      ]
    ],
    "3": [
      [
        -0.485571609336441,
        0.850486410880708,
        0.202220367702343,
        -0.169655082571449
      ],
      [
        -0.874181015797601,
        -0.470998800849829,
        -0.118184944968036,
        -0.0321431070975258
      ],
      [
        -0.00526913897078417,
        -0.234164460380466,
        0.972182720309938,
        0.0999234484634478
      ],
      [
        0.0,
        0.0,
        0.0,
        1.0
      ]
    ]
  },
  "T_WP": {
    "0": [
      [
        -0.777548757071721,
        0.626731465419453,
        -0.0512406150373639,
        -0.0977987062576501
      ],
      [
        0.322525406874126,
        0.327529446272999,
        -0.888088860275132,
        -0.0943407383970284
      ],
      [
        -0.539810422553049,
        -0.707058789689576,
        -0.456806934739186,
        0.041332687445564
      ],
      [
        0.0,
        0.0,
        0.0,
        1.0
      ]
    ],
    "1": [
      [
        -0.208120663784649,
        -0.846198325471918,
        -0.490544782129378,
        -0.203688751538244
      ],
      [
        -0.0864319418006565,
        -0.483653845037579,
        0.870981330234428,
        0.0928200161281017
      ],
      [
        -0.974276813201672,
        0.223667950652048,
        0.0275197948522171,
        0.102637371774518
      ],
      [
        0.0,
        0.0,
        0.0,
        1.0
      ]
    ],
    "2": [
      [
        -0.77989513587554,
        -0.624796787229421,
        -0.0373169091092294,
        -0.0965195810604184
      ],
      [
        -0.29903281241876,
        0.319561442220335,
        0.899143960521888,
        0.0947599891679806
      ],
      [
        -0.549857212496662,
        0.712396981544597,
        -0.436059154876431,
        0.0435725697073714
      ],
      [
        0.0,
        0.0,
        0.0,
        1.0
      ]
    ],
    "3": [
      [
        -0.202220367702343,
        0.850486410880708,
        -0.485571609336441,
        -0.203645095225
      ],
      [
        0.118184944968036,
        -0.470998800849829,
        -0.874181015797601,
        -0.0933357782033579
      ],
      [
        -0.972182720309938,
        -0.234164460380466,
        -0.00526913897078411,
        0.0995546087354929
      ],
      [
        0.0,
        0.0,
        0.0,
        1.0
      ]
    ]
  },
  "simTime": 0.78649999999993,
  "state": [
    -0.131781239997111,
    -0.000161597583038718,
    0.0870100795060847,
    0.985635993933054,
    0.00646594955844629,
    0.16875477087141,
    -0.00130624195509069,
    -0.313841908101151,
    -0.0042419640673704,
    1.45286081176775,
    0.499049799543343,
    12.979856420045,
    -0.193450569702506,
    0.906810019305199,
    -0.174633847456565,
    0.289037880598381,
    -0.252300835887275,
    0.986743370573847,
    -0.0213676877481748,
    0.0783973696736692,
    -0.140480585765827,
    0.907962729089155,
    0.173878697327073,
    0.287710285521798,
    0.250185276956456,
    0.985161314549034,
    0.0222568551567872,
    0.0820176144922117,
    0.149113807635495,
    -3.03767585734783,
    -1.88402383913219,
    2.59889690531145,
    -2.06496069157639,
    -0.790628457170547,
    0.733259456064859,
    3.06528273604041,
    -1.98141077173544,
    -2.64562708370714,
    2.07052960909592,
    -0.808877669773247,
    -0.58890204521947
  ]
}