{
  "T_WB": [
    [
      0.94418864418468,
      -0.00211624360096937,
      -0.329398430029222,
      -0.120806009674429
    ],
    [
      0.00308840416810517,
      0.999992283040725,
      0.00242808951488594,
      -1.05174085690536e-05
    ],
    [
      0.329390749646054,
      -0.00330989003128875,
      0.944187893734924,
      0.0478566470291398
    ],
    [
      0.0,
      0.0,
      0.0,
      1.0
    ]
  ],
  "T_WH": {
    "0": [
      [
        -0.125622271954778,
        0.991171544409966,
        0.042402999196774,
        -0.0829707441118108
      ],
      [
        -0.926685056614778,
        -0.101973670856406,
        -0.361740481974213,
        -0.0318867342991481
      ],
      [
        -0.35422288271057,
        -0.0847368869149159,
        0.931314022959057,
        0.0611381934959832
      ],
      [
        0.0,
        0.0,
        0.0,
        1.0
      ]
    ],
    "1": [
      [
        -0.568590375200894,
        -0.749726725048761,
        -0.338548110283555,
        -0.158641275237047
      ],
      [
        0.791295834434937,
        -0.610961592780567,
        0.0240173802266201,
        0.03186569948201
      ],
      [
        -0.224846364513247,
        -0.2542356581888,
        0.94064251576807,
        0.0345751005622964
      ],
      [
        0.0,
        0.0,
        0.0,
        1.0
      ]
    ],
    "2": [
      [
        -0.129435445975029,
        -0.990751557951816,
        0.0407162834906888,
        -0.0831061837022729
      ],
      [
        0.923578793044841,
        -0.105511428855064,
        0.36860487166992,
        0.0321127718154584
      ],
      [
        -0.360899817626832,
        0.0853152319167664,
        0.928694046949752,
        0.0609263605339807
      ],
      [
        0.0,
        0.0,
        0.0,
        1.0
      ]
    ],
    "3": [
      [
        -0.565019351798105,
        0.752627987747572,
        -0.338089106823467,
        -0.158505835646585
      ],
      [
        -0.795303880192235,
        -0.605891870804997,
        -0.0196666988484621,
        -0.0321338066325965
      ],
      [
        -0.219647149412017,
        0.257771513072064,
        0.940908591098899,
        0.0347869335242989
      ],
      [
        0.0,
        0.0,
        0.0,
        1.0
      ]
    ]
  },
  "T_WP": {
    "0": [
      [
        -0.042402999196774,
        0.991171544409966,
        -0.125622271954778,
        -0.0917643031486453
      ],
      [
        0.361740481974213,
        -0.101973670856406,
        -0.926685056614778,
        -0.0967546882621825
      ],
      [
        -0.931314022959057,
        -0.0847368869149159,
        -0.35422288271057,
        0.0363425917062433
      ],
      [
        0.0,
        0.0,
        0.0,
        1.0
      ]
    ],
    "1": [
      [
        0.338548110283555,
        -0.749726725048761,
        -0.568590375200894,
        -0.19844260150111
      ],
      [
        -0.02401738022662,
        -0.610961592780567,
        0.791295834434937,
        0.0872564078924555
      ],
      [
        -0.94064251576807,
        -0.2542356581888,
        -0.224846364513246,
        0.0188358550463691
      ],
      [
        0.0,
        0.0,
        0.0,
        1.0
      ]
    ],
    "2": [
      [
        -0.0407162834906888,
        -0.990751557951816,
        -0.129435445975029,
        -0.0921666649205249
      ],
      [
        -0.36860487166992,
        -0.105511428855064,
        0.923578793044841,
        0.0967632873285972
      ],
      [
        -0.928694046949752,
        0.0853152319167664,
        -0.360899817626832,
        0.0356633733001025
      ],
      [
        0.0,
        0.0,
        0.0,
        1.0
      ]
    ],
    "3": [
      [
        0.338089106823467,
        0.752627987747572,
        -0.565019351798105,
        -0.198057190272453
      ],
      [
        0.019666698848462,
        -0.605891870804997,
        -0.795303880192235,
        -0.0878050782460529
      ],
      [
        -0.940908591098899,
        0.257771513072064,
        -0.219647149412016,
        0.0194116330654577
      ],
      [
        0.0,
        0.0,
        0.0,
        1.0
      ]
    ]
  },
  "simTime": 0.747999999999934,
  "state": [
    -0.120806009674429,
    -1.05174085690536e-05,
    0.0478566470291398,
    0.985947364335481,
    -0.0014549406372322,
    -0.16704471341614,
    0.00131970730825535,
    -0.340932738419016,
    -0.000402502896117378,
    -2.50361917904898,
    -0.011863252987125,
    -1.94350742656506,
    0.00070194653276654,
    0.854214982872776,
    -0.115062283389513,
    0.233486333405418,
    -0.450068401567749,
    0.997781598223284,
    0.00346508113282457,
    0.0113397164657226,
    -0.0655079101346426,
    0.854179573812338,
    0.114887447739379,
    0.233727348447539,
    0.450055170641764,
    0.997772319695763,
    -0.00375565611787265,
    0.0113802630707615,
    0.0656260825320244,
    -4.87871885666944,
    -2.61005536221414,
    0.85482522562997,
    -0.634088791230331,
    0.0124471625497719,
    -0.199168013293066,
    4.87922827611719,
    -2.6122164120008,
    -0.855299736073042,
    0.635143535633883,
    0.0122386671183966,
    0.20237876779952
  ]
}