{
  "T_WB": [
    [
      -2.22044604925031e-16,
      1.46188242799302e-20,
      1.0,
      6.90782565250843e-37
    ],
    [
      -1.29227662865707e-19,
      1.0,
      -1.46188242799302e-20,
      3.8479945061701e-21
    ],
    [
      -1.0,
      -1.29227662865707e-19,
      -2.22044604925031e-16,
      0.4645736575
    ],
    [
      0.0,
      0.0,
      0.0,
      1.0
    ]
  ],
  "T_WH": {
    "0": [
      [
        -1.57049815445282e-16,
        -1.55347858806422e-16,
        1.0,
        -8.88225199937821e-18
      ],
      [
        -0.707106779455507,
        0.707106782917588,
        -1.20346453985105e-18,
        -0.032
      ],
      [
        -0.707106782917588,
        -0.707106779455507,
        -2.20898513893232e-16,
        0.4245736575
      ],
      [
        0.0,
        0.0,
        0.0,
        1.0
      ]
    ],
    "1": [
      [
        1.57049815445282e-16,
        1.55355767789542e-16,
        1.0,
        8.88225199937821e-18
      ],
      [
        0.707106779455507,
        -0.707106782917588,
        -1.19787204424099e-18,
        0.032
      ],
      [
        0.707106782917588,
        0.707106779455507,
        -2.20904106388815e-16,
        0.5045736575
      ],
      [
        0.0,
        0.0,
        0.0,
        1.0
      ]
    ],
    "2": [
      [
        -1.57038665469972e-16,
        1.56163736242409e-16,
        1.0,
        -8.88131639462429e-18
      ],
      [
        0.707106779455507,
        0.707106782917588,
        6.18667847702328e-19,
        0.032
      ],
      [
        -0.707106782917588,
        0.707106779455507,
        -2.21467542136252e-16,
        0.4245736575
      ],
      [
        0.0,
        0.0,
        0.0,
        1.0
      ]
    ],
    "3": [
      [
        1.57038665469972e-16,
        -1.5536619861133e-16,
        1.0,
        8.88131639462429e-18
      ],
      [
        -0.707106779455507,
        -0.707106782917588,
        1.18261211627006e-18,
        -0.032
      ],
      [
        0.707106782917588,
        -0.707106779455507,
        -2.20903597870446e-16,
        0.5045736575
      ],
      [
        0.0,
        0.0,
        0.0,
        1.0
      ]
    ]
  },
  "T_WP": {
    "0": [
      [
        -1.0,
        -1.55347858806422e-16,
        -9.58174754879148e-17,
        -1.9875739080548e-17
      ],
      [
        -4.2094338165928e-17,
        0.707106782917588,
        -0.707106779455507,
        -0.0814974745618855
      ],
      [
        1.77600710975462e-16,
        -0.707106779455507,
        -0.707106782917588,
        0.375076182695769
      ],
      [
        0.0,
        0.0,
        0.0,
        1.0
      ]
    ],
    "1": [
      [
        -1.0,
        1.55355767789542e-16,
        2.1828215540265e-16,
        1.9875739080548e-17
      ],
      [
        4.449567475002e-17,
        -0.707106782917588,
        0.707106779455507,
        0.0814974745618855
      ],
      [
        2.64201909306585e-16,
        0.707106779455507,
        0.707106782917588,
        0.554071132304231
      ],
      [
        0.0,
        0.0,
        0.0,
        1.0
      ]
    ],
    "2": [
      [
        -1.0,
        1.56163736242409e-16,
        -9.58063255126045e-17,
        -1.98740229775223e-17
      ],
      [
        4.26791348580767e-17,
        0.707106782917588,
        0.707106779455507,
        0.0814974745618855
      ],
      [
        1.78169739218482e-16,
        0.707106779455507,
        -0.707106782917588,
        0.375076182695769
      ],
      [
        0.0,
        0.0,
        0.0,
        1.0
      ]
    ],
    "3": [
      [
        -1.0,
        -1.5536619861133e-16,
        2.1827100542734e-16,
        1.98740229775223e-17
      ],
      [
        -4.44804148220491e-17,
        -0.707106782917588,
        -0.707106779455507,
        -0.0814974745618855
      ],
      [
        2.64201400788216e-16,
        -0.707106779455507,
        0.707106782917588,
        0.554071132304231
      ],
      [
        0.0,
        0.0,
        0.0,
        1.0
      ]
    ]
  },
  "simTime": 0.0850000000000014,
  "state": [
    6.90782565250843e-37,
    3.8479945061701e-21,
    0.4645736575,
    0.707106781186548,
    -4.05203434739587e-20,
    0.707106781186548,
    -5.08574132552719e-20,
    -1.44430482064981e-35,
    5.00731935464685e-20,
    -0.833560999999993,
    4.83069478732031e-19,
    -3.49412184230106e-18,
    -5.39177987084762e-18,
    1.0,
    8.25524803890573e-19,
    1.51160613904116e-20,
    -1.03271494159655e-19,
    1.0,
    -8.21570312330626e-19,
    -1.51160613904113e-20,
    1.01899724582509e-19,
    1.0,
    -4.27923155703492e-19,
    1.98781434913052e-20,
    6.17006879985122e-20,
    1.0,
    8.26691971242815e-19,
    -1.98781434913049e-20,
    -9.87628105735496e-20,
    2.51252615617065e-17,
    6.08948155585423e-19,
    -6.71380904565666e-18,
    -2.49038773911388e-17,
    -6.08948155585416e-19,
    6.66868565537026e-18,
    -1.46664586296427e-17,
    8.15536080645851e-19,
    3.68114213917683e-18,
    2.51481509444272e-17,
    -8.15536080645843e-19,
    -6.50795012701737e-18
  ]
}