{
  "T_WB": [
    [
      0.982326943026618,
      -0.00229434713704738,
      -0.18715905795658,
      -0.0979090631447693
    ],
    [
      0.00272827354439498,
      0.999994154515557,
      0.0020609362396904,
      1.40386434233075e-05
    ],
    [
      0.187153235418057,
      -0.00253513430252467,
      0.98232746045635,
      0.192759410822493
    ],
    [
      0.0,
      0.0,
      0.0,
      1.0
    ]
  ],
  "T_WH": {
    "0": [
      [
        -0.170255833765903,
        0.967853073181927,
        -0.185130710042867,
        -0.058542566315319
      ],
      [
        -0.856848627231535,
        -0.238191170228219,
        -0.457247631417316,
        -0.0318766433592987
      ],
      [
        -0.486645025742698,
        0.0807799180341902,
        0.869857013400639,
        0.200326664536896
      ],
      [
        0.0,
        0.0,
        0.0,
        1.0
      ]
    ],
    "1": [
      [
        -0.611636003004724,
        -0.773787035843807,
        -0.164787812014301,
        -0.137275559974219
      ],
      [
        0.778972838631241,
        -0.625409857041029,
        0.0454293670515593,
        0.0319047206461453
      ],
      [
        -0.138212577225054,
        -0.100578993214161,
        0.985282269007635,
        0.18519215710809
      ],
      [
        0.0,
        0.0,
        0.0,
        1.0
      ]
    ],
    "2": [
      [
        -0.174123479200024,
        -0.966706785194148,
        -0.18750734772503,
        -0.0586894045320901
      ],
      [
        0.853215276542275,
        -0.24317660421943,
        0.46139877658615,
        0.0321229825296969
      ],
      [
        -0.491634728092075,
        -0.0796437732651052,
        0.867151753451452,
        0.200164415941534
      ],
      [
        0.0,
        0.0,
        0.0,
        1.0
      ]
    ],
    "3": [
      [
        -0.608017557467405,
        0.776759500996885,
        -0.164192957895401,
        -0.137128721757448
      ],
      [
        -0.78247053546112,
        -0.62129284783243,
        -0.0416540318271539,
        -0.0320949052428503
      ],
      [
        -0.134367075381432,
        0.103149768993144,
        0.985548382480587,
        0.185354405703451
      ],
      [
        0.0,
        0.0,
        0.0,
        1.0
      ]
    ]
  },
  "T_WP": {
    "0": [
      [
        0.185130710042867,
        0.967853073181927,
        -0.170255833765903,
        -0.0704604746789323
      ],
      [
        0.457247631417316,
        -0.238191170228219,
        -0.856848627231535,
        -0.0918560472655062
      ],
      [
        -0.869857013400639,
        0.0807799180341902,
        -0.486645025742697,
        0.166261512734907
      ],
      [
        0.0,
        0.0,
        0.0,
        1.0
      ]
    ],
    "1": [
      [
        0.164787812014301,
        -0.773787035843807,
        -0.611636003004724,
        -0.18009008018455
      ],
      [
        -0.0454293670515592,
        -0.625409857041029,
        0.778972838631241,
        0.0864328193503322
      ],
      [
        -0.985282269007635,
        -0.100578993214161,
        -0.138212577225054,
        0.175517276702336
      ],
      [
        0.0,
        0.0,
        0.0,
        1.0
      ]
    ],
    "2": [
      [
        0.18750734772503,
        -0.966706785194148,
        -0.174123479200024,
        -0.0708780480760917
      ],
      [
        -0.46139877658615,
        -0.24317660421943,
        0.853215276542275,
        0.0918480518876562
      ],
      [
        -0.867151753451452,
        -0.0796437732651052,
        -0.491634728092075,
        0.165749984975089
      ],
      [
        0.0,
        0.0,
        0.0,
        1.0
      ]
    ],
    "3": [
      [
        0.164192957895401,
        0.776759500996885,
        -0.608017557467405,
        -0.179689950780167
      ],
      [
        0.0416540318271538,
        -0.62129284783243,
        -0.78247053546112,
        -0.0868678427251287
      ],
      [
        -0.985548382480587,
        0.103149768993144,
        -0.134367075381432,
        0.175948710426751
      ],
      [
        0.0,
        0.0,
        0.0,
        1.0
      ]
    ]
  },
  "simTime": 0.680999999999941,
  "state": [
    -0.0979090631447693,
    1.40386434233075e-05,
    0.192759410822493,
    0.995571262893637,
    -0.00115412896934584,
    -0.0939943496075547,
    0.00126124087462209,
    -0.339705978955471,
    -0.000324934192677244,
    -1.82179278337221,
    -0.0118538181807394,
    -2.47679499174613,
    0.000302424090986963,
    0.839788235842631,
    0.0704523329926322,
    0.225701102723758,
    -0.488724052963937,
    0.998159011537323,
    0.022884416566369,
    0.00859124908462264,
    -0.0555074914260868,
    0.839677934524859,
    -0.0706858411534309,
    0.225981671715716,
    0.488750204277265,
    0.99815098193187,
    -0.023187767409793,
    0.00863313810252245,
    0.055519488807942,
    -5.11328483846769,
    -2.56415021950161,
    -1.06819814545533,
    -0.516667815442646,
    0.0740085730576255,
    -0.403522546291332,
    5.11492980677068,
    -2.56664492306477,
    1.06878621177585,
    0.516288772970404,
    0.0737295391873536,
    0.406662973555175
  ]
}