{
  "arms": {
    "0": [
      [
        -0.874342560768127,
        0.206461668014526,
        0.43920236825943,
        0.0190022513270378
      ],
      [
        -0.1195183172822,
        0.785516619682312,
        -0.607189416885376,
        -0.0313133150339127
      ],
      [
        -0.470362097024918,
        -0.583384275436401,
        -0.662134647369385,
        0.0701514780521393
      ],
      [
        0.0,
        0.0,
        0.0,
        1.0
      ]
    ],
    "1": [
      [
        -0.834993720054626,
        0.434906631708145,
        -0.337107867002487,
        -0.0218163263052702
      ],
      [
        -0.060435313731432,
        -0.681410908699036,
        -0.729401588439941,
        -0.0328815542161465
      ],
      [
        -0.546930611133575,
        -0.588672518730164,
        0.595257580280304,
        0.138936534523964
      ],
      [
        0.0,
        0.0,
        0.0,
        1.0
      ]
    ],
    "2": [
      [
        -0.904155373573303,
        -0.278721898794174,
        -0.323754787445068,
        -0.0219768099486828
      ],
      [
        -0.0598031207919121,
        -0.667805373668671,
        0.741929650306702,
        0.03110371530056
      ],
      [
        -0.422997236251831,
        0.690181195735931,
        0.587131381034851,
        0.140300109982491
      ],
      [
        0.0,
        0.0,
        0.0,
        1.0
      ]
    ],
    "3": [
      [
        -0.824680864810944,
        -0.417746931314468,
        0.381299048662186,
        0.0188417695462704
      ],
      [
        -0.0255672913044691,
        0.700996398925781,
        0.712706327438354,
        0.0326719544827938
      ],
      [
        -0.565020143985748,
        0.578006505966187,
        -0.588778972625732,
        0.0715150535106659
      ],
      [
        0.0,
        0.0,
        0.0,
        1.0
      ]
    ]
  },
  "arms_in_parent_frame": {
    "0": [
      [
        -1.93870022258125e-08,
        1.41707232614863e-08,
        1.0,
        -1.86264514923096e-09
      ],
      [
        7.61780682978497e-09,
        1.0,
        1.41707232614863e-08,
        0.0
      ],
      [
        -1.0,
        -7.61780682978497e-09,
        1.93870022258125e-08,
        0.0
      ],
      [
        0.0,
        0.0,
        0.0,
        1.0
      ]
    ],
    "1": [
      [
        9.12105946326847e-10,
        -3.6151185156541e-08,
        1.0,
        0.0
      ],
      [
        8.20815415636389e-09,
        0.999999940395355,
        -3.6151185156541e-08,
        0.0
      ],
      [
        -1.0,
        -8.20815415636389e-09,
        -9.12105946326847e-10,
        3.72529029846191e-09
      ],
      [
        0.0,
        0.0,
        0.0,
        1.0
      ]
    ],
    "2": [
      [
        -2.47891023263946e-08,
        -2.64696424778776e-08,
        1.0,
        7.45058059692383e-09
      ],
      [
        3.89347576401633e-09,
        1.0,
        -2.64696424778776e-08,
        -7.45058059692383e-09
      ],
      [
        -1.0,
        -3.89347576401633e-09,
        2.47891023263946e-08,
        3.72529029846191e-09
      ],
      [
        0.0,
        0.0,
        0.0,
        1.0
      ]
    ],
    "3": [
      [
        -2.00425631646794e-08,
        -2.27929604079691e-08,
        0.999999940395355,
        -9.31322574615479e-10
      ],
      [
        3.3927705089809e-09,
        1.0,
        -2.27929604079691e-08,
        0.0
      ],
      [
        -1.0,
        -3.3927705089809e-09,
        2.00425631646794e-08,
        0.0
      ],
      [
        0.0,
        0.0,
        0.0,
        1.0
      ]
    ]
  },
  "arms_link_world": {
    "0": [
      [
        -0.874342560768127,
        0.206461668014526,
        0.43920236825943,
        0.0190022513270378
      ],
      [
        -0.1195183172822,
        0.785516619682312,
        -0.607189416885376,
        -0.0313133150339127
      ],
      [
        -0.470362097024918,
        -0.583384275436401,
        -0.662134647369385,
        0.0701514780521393
      ],
      [
        0.0,
        0.0,
        0.0,
        1.0
      ]
    ],
    "1": [
      [
        -0.834993720054626,
        0.434906631708145,
        -0.337107867002487,
        -0.0218163263052702
      ],
      [
        -0.060435313731432,
        -0.681410908699036,
        -0.729401588439941,
        -0.0328815542161465
      ],
      [
        -0.546930611133575,
        -0.588672518730164,
        0.595257580280304,
        0.138936534523964
      ],
      [
        0.0,
        0.0,
        0.0,
        1.0
      ]
    ],
    "2": [
      [
        -0.904155373573303,
        -0.278721898794174,
        -0.323754787445068,
        -0.0219768099486828
      ],
      [
        -0.0598031207919121,
        -0.667805373668671,
        0.741929650306702,
        0.03110371530056
      ],
      [
        -0.422997236251831,
        0.690181195735931,
        0.587131381034851,
        0.140300109982491
      ],
      [
        0.0,
        0.0,
        0.0,
        1.0
      ]
    ],
    "3": [
      [
        -0.824680864810944,
        -0.417746931314468,
        0.381299048662186,
        0.0188417695462704
      ],
      [
        -0.0255672913044691,
        0.700996398925781,
        0.712706327438354,
        0.0326719544827938
      ],
      [
        -0.565020143985748,
        0.578006505966187,
        -0.588778972625732,
        0.0715150535106659
      ],
      [
        0.0,
        0.0,
        0.0,
        1.0
      ]
    ]
  },
  "arms_relative_to_base": {
    "0": [
      [
        -0.0440370924770832,
        0.622343361377716,
        0.781504571437836,
        0.0400000028312206
      ],
      [
        -0.127319842576981,
        0.772388637065887,
        -0.622258365154266,
        -0.0319999977946281
      ],
      [
        -0.990883708000183,
        -0.126903489232063,
        0.0452229268848896,
        3.72529029846191e-09
      ],
      [
        0.0,
        0.0,
        0.0,
        1.0
      ]
    ],
    "1": [
      [
        0.0430327840149403,
        0.714694082736969,
        -0.698112070560455,
        -0.0399999916553497
      ],
      [
        -0.0699804574251175,
        -0.694886803627014,
        -0.715705931186676,
        -0.0319999977946281
      ],
      [
        -0.996619820594788,
        0.0796530097723007,
        0.020111745223403,
        0.0
      ],
      [
        0.0,
        0.0,
        0.0,
        1.0
      ]
    ],
    "2": [
      [
        -0.0988029092550278,
        -0.748730778694153,
        -0.655469417572021,
        -0.0399999916553497
      ],
      [
        -0.0665344744920731,
        -0.652247905731201,
        0.755080103874207,
        0.0320000015199184
      ],
      [
        -0.992880284786224,
        0.118215397000313,
        0.0146276000887156,
        0.0
      ],
      [
        0.0,
        0.0,
        0.0,
        1.0
      ]
    ],
    "3": [
      [
        0.0645318478345871,
        -0.696383953094482,
        0.714762151241302,
        0.0400000028312206
      ],
      [
        -0.0355317331850529,
        0.714197516441345,
        0.699041724205017,
        0.0319999977946281
      ],
      [
        -0.997282862663269,
        -0.0705072060227394,
        0.0213447604328394,
        3.72529029846191e-09
      ],
      [
        0.0,
        0.0,
        0.0,
        1.0
      ]
    ]
  },
  "arms_view_frame": {
    "0": [
      [
        -0.874342501163483,
        0.206461653113365,
        0.439202338457108,
        0.0190022494643927
      ],
      [
        -0.470362097024918,
        -0.583384335041046,
        -0.662134647369385,
        0.0701514780521393
      ],
      [
        0.119518339633942,
        -0.785516619682312,
        0.607189416885376,
        0.0313133113086224
      ],
      [
        0.0,
        0.0,
        0.0,
        1.0
      ]
    ],