{
  "T_WB": [
    [
      0.965629505583606,
      -0.00222962546311138,
      -0.259912844462628,
      -0.00270462889929265
    ],
    [
      0.00173759702489535,
      0.999996237238385,
      -0.00212279665766332,
      -3.79834260787115e-06
    ],
    [
      0.259916599514034,
      0.00159821130172362,
      0.96562974634054,
      0.033870753239141
    ],
    [
      0.0,
      0.0,
      0.0,
      1.0
    ]
  ],
  "T_WH": {
    "0": [
      [
        0.698409546340652,
        0.577936756574516,
        -0.422153065818991,
        0.0359918993388712
      ],
      [
        -0.699628385325442,
        0.675605241685655,
        -0.232546081140455,
        -0.0319341740532404
      ],
      [
        0.150811896172551,
        0.457762670831727,
        0.876190110173496,
        0.0442162744580472
      ],
      [
        0.0,
        0.0,
        0.0,
        1.0
      ]
    ],
    "1": [
      [
        -0.636993397383357,
        -0.707754570434251,
        -0.305487937109534,
        -0.0414011571374565
      ],
      [
        0.75116685503707,
        -0.658915526250308,
        -0.0397326711913269,
        0.0319265773680247
      ],
      [
        -0.173169765212427,
        -0.25478186217961,
        0.951366614466034,
        0.0235252320202348
      ],
      [
        0.0,
        0.0,
        0.0,
        1.0
      ]
    ],
    "2": [
      [
        0.694619838446844,
        -0.581694489288702,
        -0.423243193881763,
        0.035849203309232
      ],
      [
        0.70295605384804,
        0.673844883839963,
        0.227565065159609,
        0.0320655851300163
      ],
      [
        0.152826916459342,
        -0.455592574186478,
        0.876971687086686,
        0.0443185599813575
      ],
      [
        0.0,
        0.0,
        0.0,
        1.0
      ]
    ],
    "3": [
      [
        -0.633757960162213,
        0.710620161224462,
        -0.305564779371495,
        -0.0412584611078173
      ],
      [
        -0.753320685916669,
        -0.656711619897244,
        0.0351822748266413,
        -0.032073181815232
      ],
      [
        -0.175666707435047,
        0.252485315916109,
        0.951521083920725,
        0.0234229464969245
      ],
      [
        0.0,
        0.0,
        0.0,
        1.0
      ]
    ]
  },
  "T_WP": {
    "0": [
      [
        0.422153065818991,
        0.577936756574516,
        0.698409546340652,
        0.0848805675827168
      ],
      [
        0.232546081140455,
        0.675605241685655,
        -0.699628385325442,
        -0.0809081610260213
      ],
      [
        -0.876190110173496,
        0.457762670831727,
        0.150811896172551,
        0.0547731071901258
      ],
      [
        0.0,
        0.0,
        0.0,
        1.0
      ]
    ],
    "1": [
      [
        0.305487937109534,
        -0.707754570434251,
        -0.636993397383357,
        -0.0859906949542914
      ],
      [
        0.0397326711913269,
        -0.658915526250308,
        0.75116685503707,
        0.0845082572206195
      ],
      [
        -0.951366614466034,
        -0.25478186217961,
        -0.173169765212427,
        0.0114033484553649
      ],
      [
        0.0,
        0.0,
        0.0,
        1.0
      ]
    ],
    "2": [
      [
        0.423243193881763,
        -0.581694489288702,
        0.694619838446844,
        0.0844725920005112
      ],
      [
        -0.227565065159609,
        0.673844883839963,
        0.70295605384804,
        0.0812725088993791
      ],
      [
        -0.876971687086686,
        -0.455592574186478,
        0.152826916459342,
        0.0550164441335115
      ],
      [
        0.0,
        0.0,
        0.0,
        1.0
      ]
    ],
    "3": [
      [
        0.305564779371495,
        0.710620161224462,
        -0.633757960162213,
        -0.0856215183191723
      ],
      [
        -0.0351822748266414,
        -0.656711619897244,
        -0.753320685916669,
        -0.0848056298293988
      ],
      [
        -0.951521083920725,
        0.252485315916109,
        -0.175666707435047,
        0.0111262769764711
      ],
      [
        0.0,
        0.0,
        0.0,
        1.0
      ]
    ]
  }
}