{
  "T_WB": [
    [
      0.694187861318814,
      -0.00133303398021827,
      0.719792634178774,
      -0.0222594083382683
    ],
    [
      0.00101786422827997,
      0.999999103254768,
      0.000870311480470387,
      3.03082622535784e-05
    ],
    [
      -0.719793148862938,
      0.000128491508801031,
      0.694188595656763,
      0.322134565704189
    ],
    [
      0.0,
      0.0,
      0.0,
      1.0
    ]
  ],
  "T_WH": {
    "0": [
      [
        0.423531385424811,
        0.886420403085331,
        -0.186761972987491,
        0.00555076320185128
      ],
      [
        -0.726080397521034,
        0.208894110637349,
        -0.655111064535417,
        -0.0319289484727678
      ],
      [
        -0.541690337643046,
        0.413064304358378,
        0.732085690728273,
        0.293338728021389
      ],
      [
        0.0,
        0.0,
        0.0,
        1.0
      ]
    ],
    "1": [
      [
        -0.469876944344375,
        -0.406680810528263,
        0.783470724099929,
        -0.0500695798783878
      ],
      [
        0.683043798923959,
        -0.729724985977552,
        0.0308644389482042,
        0.031989564997275
      ],
      [
        0.559166188109688,
        0.549647307996807,
        0.620661752395574,
        0.350930403386988
      ],
      [
        0.0,
        0.0,
        0.0,
        1.0
      ]
    ],
    "2": [
      [
        0.422105341019973,
        -0.886569680447519,
        -0.18926511245762,
        0.00546544902711731
      ],
      [
        0.727172157011412,
        0.206454652692531,
        0.654673300546904,
        0.0320709941355374
      ],
      [
        -0.541338835804141,
        -0.413969416856837,
        0.731834398451882,
        0.293346951477953
      ],
      [
        0.0,
        0.0,
        0.0,
        1.0
      ]
    ],
    "3": [
      [
        -0.468373020889551,
        0.408424661363036,
        0.783464108490801,
        -0.0499842657036539
      ],
      [
        -0.68415399844085,
        -0.728756908662132,
        -0.0290976716355468,
        -0.0320103776110302
      ],
      [
        0.559070675067288,
        -0.54963866682367,
        0.620755439937585,
        0.350922179930424
      ],
      [
        0.0,
        0.0,
        0.0,
        1.0
      ]
    ]
  },
  "T_WP": {
    "0": [
      [
        0.186761972987491,
        0.886420403085331,
        0.423531385424811,
        0.035197960181588
      ],
      [
        0.655111064535417,
        0.208894110637349,
        -0.726080397521034,
        -0.0827545762992402
      ],
      [
        -0.732085690728273,
        0.413064304358378,
        -0.541690337643046,
        0.255420404386376
      ],
      [
        0.0,
        0.0,
        0.0,
        1.0
      ]
    ],
    "1": [
      [
        -0.783470724099929,
        -0.406680810528263,
        -0.469876944344375,
        -0.0829609659824941
      ],
      [
        -0.0308644389482042,
        -0.729724985977552,
        0.683043798923959,
        0.0798026309219521
      ],
      [
        -0.620661752395574,
        0.549647307996807,
        0.559166188109688,
        0.390072036554666
      ],
      [
        0.0,
        0.0,
        0.0,
        1.0
      ]
    ],
    "2": [
      [
        0.18926511245762,
        -0.886569680447519,
        0.422105341019973,
        0.0350128228985154
      ],
      [
        -0.654673300546904,
        0.206454652692531,
        0.727172157011412,
        0.0829730451263362
      ],
      [
        -0.731834398451882,
        -0.413969416856837,
        -0.541338835804141,
        0.255453232971663
      ],
      [
        0.0,
        0.0,
        0.0,
        1.0
      ]
    ],
    "3": [
      [
        -0.783464108490801,
        0.408424661363036,
        -0.468373020889551,
        -0.0827703771659225
      ],
      [
        0.0290976716355468,
        -0.728756908662132,
        -0.68415399844085,
        -0.0799011575018897
      ],
      [
        -0.620755439937585,
        -0.54963866682367,
        0.559070675067288,
        0.390057127185135
      ],
      [
        0.0,
        0.0,
        0.0,
        1.0
      ]
    ]
  },
  "simTime": 0.41799999999997,
  "state": [
    -0.0222594083382683,
    3.03082622535784e-05,
    0.322134565704189,
    0.920377036902587,
    -0.000201498935198844,
    0.391031535262564,
    0.000638569334696215,
    -0.214345421173037,
    0.000228483107029281,
    0.822229541841719,
    -0.0104134894398333,
    -5.00895333356342,
    0.00343297070704633,
    0.827962286063667,
    0.559419270722138,
    0.0211502331416287,
    -0.0328816063931139,
    0.998563482518739,
    0.0445745857265742,
    -0.0245620068791726,
    0.0167566555559029,
    0.827719495798505,
    -0.559797894071606,
    0.0210167366158016,
    0.0326351168235423,
    0.998562211571523,
    -0.0445818879346199,
    -0.024466232263704,
    -0.0169519429090782,
    0.258500506339219,
    -0.24651412170159,
    -5.69075111712851,
    0.18151889967976,
    0.370255600328961,
    -0.529610565604012,
    -0.261261644295831,
    -0.243657346078546,
    5.69531541872282,
    -0.184895348680295,
    0.369370245115929,
    0.529177898233027
  ]
}