{
  "T_WB": [
    [
      0.999782842108405,
      -0.00234846614513216,
      0.0207063597091773,
      -0.0734028566779801
    ],
    [
      0.00231352257326025,
      0.999995859404053,
      0.00171137022655764,
      3.36397212591751e-05
    ],
    [
      -0.020710293067547,
      -0.00166309395841027,
      0.99978413564106,
      0.299726834475683
    ],
    [
      0.0,
      0.0,
      0.0,
      1.0
    ]
  ],
  "T_WH": {
    "0": [
      [
        -0.0810089588787599,
        0.921469525464911,
        -0.379909808008231,
        -0.0333363920769997
      ],
      [
        -0.811486403554253,
        -0.28229264955677,
        -0.5116646136414,
        -0.0318736868767401
      ],
      [
        -0.578729095024575,
        0.266842226129393,
        0.770628224844085,
        0.29895164175965
      ],
      [
        0.0,
        0.0,
        0.0,
        1.0
      ]
    ],
    "1": [
      [
        -0.653758340585379,
        -0.753182771735097,
        0.0729091522134816,
        -0.113469321278961
      ],
      [
        0.756696717243094,
        -0.651115796200191,
        0.0588072959088963,
        0.0319409663192585
      ],
      [
        0.00317965856285344,
        0.093615876324632,
        0.995603313308767,
        0.300502027191716
      ],
      [
        0.0,
        0.0,
        0.0,
        1.0
      ]
    ],
    "2": [
      [
        -0.0846881232356541,
        -0.919946133382829,
        -0.382788497027804,
        -0.0334866939102881
      ],
      [
        0.808688025899059,
        -0.287893336787111,
        0.512972809611841,
        0.0321260481251193
      ],
      [
        -0.582109610425997,
        -0.266113769481335,
        0.768330568923383,
        0.298845203746312
      ],
      [
        0.0,
        0.0,
        0.0,
        1.0
      ]
    ],
    "3": [
      [
        -0.650344637939076,
        0.756075714218286,
        0.0734939880071909,
        -0.113319019445672
      ],
      [
        -0.759618686882512,
        -0.647988789352682,
        -0.0555875832550061,
        -0.0320587686826009
      ],
      [
        0.005594858602283,
        -0.0919784933696667,
        0.995745275818403,
        0.300608465205054
      ],
      [
        0.0,
        0.0,
        0.0,
        1.0
      ]
    ]
  },
  "T_WP": {
    "0": [
      [
        0.379909808008231,
        0.921469525464911,
        -0.0810089588787599,
        -0.0390070191985129
      ],
      [
        0.5116646136414,
        -0.28229264955677,
        -0.811486403554253,
        -0.0886777351255378
      ],
      [
        -0.770628224844085,
        0.266842226129393,
        -0.578729095024575,
        0.25844060510793
      ],
      [
        0.0,
        0.0,
        0.0,
        1.0
      ]
    ],
    "1": [
      [
        -0.0729091522134816,
        -0.753182771735097,
        -0.653758340585379,
        -0.159232405119937
      ],
      [
        -0.0588072959088962,
        -0.651115796200191,
        0.756696717243094,
        0.0849097365262751
      ],
      [
        -0.995603313308767,
        0.093615876324632,
        0.0031796585628535,
        0.300724603291116
      ],
      [
        0.0,
        0.0,
        0.0,
        1.0
      ]
    ],
    "2": [
      [
        0.382788497027804,
        -0.919946133382829,
        -0.0846881232356541,
        -0.0394148625367839
      ],
      [
        -0.512972809611841,
        -0.287893336787111,
        0.808688025899059,
        0.0887342099380534
      ],
      [
        -0.768330568923383,
        -0.266113769481335,
        -0.582109610425997,
        0.258097531016492
      ],
      [
        0.0,
        0.0,
        0.0,
        1.0
      ]
    ],
    "3": [
      [
        -0.0734939880071909,
        0.756075714218286,
        -0.650344637939076,
        -0.158843144101407
      ],
      [
        0.0555875832550061,
        -0.647988789352682,
        -0.759618686882512,
        -0.0852320767643768
      ],
      [
        -0.995745275818403,
        -0.0919784933696667,
        0.00559485860228306,
        0.301000105307214
      ],
      [
        0.0,
        0.0,
        0.0,
        1.0
      ]
    ]
  },
  "simTime": 0.606999999999949,
  "state": [
    -0.0734028566779801,
    3.36397212591751e-05,
    0.299726834475683,
    0.999945353151051,
    -0.000843662149720038,
    0.0103547290474952,
    0.00116556087382712,
    -0.319629034554127,
    -0.000197366831190076,
    -1.06960973524642,
    -0.0117824969319195,
    -3.18819906553294,
    0.000417048003930402,
    0.826165825637933,
    0.280863124223594,
    0.200639146172684,
    -0.445319960278506,
    0.998535924689863,
    0.0386155944205783,
    0.00307810901067527,
    -0.0377540490043621,
    0.825976391805421,
    -0.281206899728638,
    0.200909078031503,
    0.445332709431541,
    0.998528990585149,
    -0.0388809511724516,
    0.00312660773764712,
    0.0376609999997794,
    -4.46816954892162,
    -2.33533998638828,
    -3.19879805857442,
    -0.332922995125325,
    0.153996073352466,
    -0.555677596291259,
    4.46996120789343,
    -2.33763914563623,
    3.20150590599197,
    0.331182692430992,
    0.153587077319862,
    0.558215517180469
  ]
}