{
  "T_WB": [
    [
      -2.22044604925031e-16,
      2.64140004660787e-20,
      1.0,
      9.64950061446684e-38
    ],
    [
      -2.75803418137564e-19,
      1.0,
      -2.64140004660787e-20,
      4.73843967836456e-21
    ],
    [
      -1.0,
      -2.75803418137564e-19,
      -2.22044604925031e-16,
      0.444385545575001
    ],
    [
      0.0,
      0.0,
      0.0,
      1.0
    ]
  ],
  "T_WH": {
    "0": [
      [
        -1.57071372365829e-16,
        -1.54811282299554e-16,
        1.0,
        -8.88262944501617e-18
      ],
      [
        -0.707106779455507,
        0.707106782917588,
        -1.59812447207415e-18,
        -0.032
      ],
      [
        -0.707106782917588,
        -0.707106779455507,
        -2.20534340052267e-16,
        0.404385545575001
      ],
      [
        0.0,
        0.0,
        0.0,
        1.0
      ]
    ],
    "1": [
      [
        1.57071372365829e-16,
        1.54818373324626e-16,
        1.0,
        8.88262944501617e-18
      ],
      [
        0.707106779455507,
        -0.707106782917588,
        -1.59311036014803e-18,
        0.032
      ],
      [
        0.707106782917588,
        0.707106779455507,
        -2.20539354164169e-16,
        0.484385545575001
      ],
      [
        0.0,
        0.0,
        0.0,
        1.0
      ]
    ],
    "2": [
      [
        -1.5704739967678e-16,
        1.55825963607303e-16,
        1.0,
        -8.88093894898634e-18
      ],
      [
        0.707106779455507,
        0.707106782917588,
        8.6368518591687e-19,
        0.032
      ],
      [
        -0.707106782917588,
        0.707106779455507,
        -2.21234876832932e-16,
        0.404385545575001
      ],
      [
        0.0,
        0.0,
        0.0,
        1.0
      ]
    ],
    "3": [
      [
        1.5704739967678e-16,
        -1.54845005735553e-16,
        1.0,
        8.88093894898634e-18
      ],
      [
        -0.707106779455507,
        -0.707106782917588,
        1.5573271507876e-18,
        -0.032
      ],
      [
        0.707106782917588,
        -0.707106779455507,
        -2.20541234871457e-16,
        0.484385545575001
      ],
      [
        0.0,
        0.0,
        0.0,
        1.0
      ]
    ]
  },
  "T_WP": {
    "0": [
      [
        -1.0,
        -1.54811282299554e-16,
        -9.58390324084616e-17,
        -1.98776255106242e-17
      ],
      [
        -4.16996782337049e-17,
        0.707106782917588,
        -0.707106779455507,
        -0.0814974745618855
      ],
      [
        1.77236537134497e-16,
        -0.707106779455507,
        -0.707106782917588,
        0.354888070770769
      ],
      [
        0.0,
        0.0,
        0.0,
        1.0
      ]
    ],
    "1": [
      [
        -1.0,
        1.54818373324626e-16,
        2.18303712323197e-16,
        1.98776255106242e-17
      ],
      [
        4.48909130659271e-17,
        -0.707106782917588,
        0.707106779455507,
        0.0814974745618855
      ],
      [
        2.63837157081939e-16,
        0.707106779455507,
        0.707106782917588,
        0.533883020379232
      ],
      [
        0.0,
        0.0,
        0.0,
        1.0
      ]
    ],
    "2": [
      [
        -1.0,
        1.55825963607303e-16,
        -9.58150597194126e-17,
        -1.9874256926361e-17
      ],
      [
        4.24341175198622e-17,
        0.707106782917588,
        0.707106779455507,
        0.0814974745618855
      ],
      [
        1.77937073915162e-16,
        0.707106779455507,
        -0.707106782917588,
        0.354888070770769
      ],
      [
        0.0,
        0.0,
        0.0,
        1.0
      ]
    ],
    "3": [
      [
        -1.0,
        -1.54845005735553e-16,
        2.18279739634148e-16,
        1.9874256926361e-17
      ],
      [
        -4.48551298565666e-17,
        -0.707106782917588,
        -0.707106779455507,
        -0.0814974745618855
      ],
      [
        2.63839037789228e-16,
        -0.707106779455507,
        0.707106782917588,
        0.533883020379232
      ],
      [
        0.0,
        0.0,
        0.0,
        1.0
      ]
    ]
  },
  "simTime": 0.106500000000002,
  "state": [
    9.64950061446684e-38,
    4.73843967836456e-21,
    0.444385545575001,
    0.707106781186548,
    -8.81724741958356e-20,
    0.707106781186548,
    -1.06849993043665e-19,
    -3.80474708190282e-35,
    3.26974978716414e-20,
    -1.04440289999999,
    6.05956371679829e-19,
    -4.71393753887582e-18,
    -8.14906317013599e-18,
    1.0,
    1.08964283278086e-18,
    2.17242971407867e-20,
    -1.89558789842217e-19,
    1.0,
    -1.08609732024495e-18,
    -2.17242971407864e-20,
    1.87728580179578e-19,
    1.0,
    -6.00979697799955e-19,
    2.84154714183847e-20,
    1.0924282605851e-19,
    1.0,
    1.09145863367489e-18,
    -2.84154714183843e-20,
    -1.83040636103787e-19,
    2.4138710386229e-17,
    6.14799358833048e-19,
    -9.33708340976094e-18,
    -2.41465898464964e-17,
    -6.14799358833042e-19,
    9.29694187817478e-18,
    -1.74336396185678e-17,
    7.61929904247296e-19,
    5.20687528399862e-18,
    2.41816336202515e-17,
    -7.6192990424729e-19,
    -9.17409407264857e-18
  ]
}