{
  "T_WB": [
    [
      0.849199554650805,
      -0.00178836067956104,
      0.528069046760889,
      -0.034118531668362
    ],
    [
      0.00140795668090084,
      0.999998378900886,
      0.0011224319957744,
      3.9409892805981e-05
    ],
    [
      -0.528070198021871,
      -0.000209670408573505,
      0.849200695948526,
      0.351399101238079
    ],
    [
      0.0,
      0.0,
      0.0,
      1.0
    ]
  ],
  "T_WH": {
    "0": [
      [
        0.286514303520111,
        0.890562535313737,
        -0.353281650491437,
        -9.33219405838265e-05
      ],
      [
        -0.778755090266115,
        0.00168632345545111,
        -0.627325805062903,
        -0.0319042199647863
      ],
      [
        -0.558077112290946,
        0.454857699735612,
        0.694013263366218,
        0.330283002770278
      ],
      [
        0.0,
        0.0,
        0.0,
        1.0
      ]
    ],
    "1": [
      [
        -0.587855851816846,
        -0.541968006730086,
        0.60057986743289,
        -0.0681437413961402
      ],
      [
        0.702981054675537,
        -0.709604855859028,
        0.0477345295206518,
        0.0319830397503983
      ],
      [
        0.400303802445044,
        0.450257291137306,
        0.798138607965893,
        0.372515199705879
      ],
      [
        0.0,
        0.0,
        0.0,
        1.0
      ]
    ],
    "2": [
      [
        0.284133614050089,
        -0.890148283637164,
        -0.356236048856157,
        -0.000207777024075734
      ],
      [
        0.77925953648315,
        -0.00206546460642598,
        0.626697940523205,
        0.0320956762848704
      ],
      [
        -0.558589889066122,
        -0.455666289068844,
        0.693069670985051,
        0.330269583864129
      ],
      [
        0.0,
        0.0,
        0.0,
        1.0
      ]
    ],
    "3": [
      [
        -0.585649752448444,
        0.54416630233156,
        0.600747370251318,
        -0.0680292863126483
      ],
      [
        -0.704632843541276,
        -0.708111394813715,
        -0.0455061351678193,
        -0.0320168564992584
      ],
      [
        0.400633152971659,
        -0.449956984546049,
        0.798142712049803,
        0.372528618612028
      ],
      [
        0.0,
        0.0,
        0.0,
        1.0
      ]
    ]
  },
  "T_WP": {
    "0": [
      [
        0.353281650491437,
        0.890562535313737,
        0.286514303520111,
        0.019962679305824
      ],
      [
        0.627325805062903,
        0.00168632345545111,
        -0.778755090266115,
        -0.0864170762834144
      ],
      [
        -0.694013263366218,
        0.454857699735612,
        -0.558077112290946,
        0.291217604909912
      ],
      [
        0.0,
        0.0,
        0.0,
        1.0
      ]
    ],
    "1": [
      [
        -0.60057986743289,
        -0.541968006730086,
        -0.587855851816846,
        -0.109293651023319
      ],
      [
        -0.0477345295206517,
        -0.709604855859028,
        0.702981054675537,
        0.0811917135776859
      ],
      [
        -0.798138607965893,
        0.450257291137306,
        0.400303802445044,
        0.400536465877032
      ],
      [
        0.0,
        0.0,
        0.0,
        1.0
      ]
    ],
    "2": [
      [
        0.356236048856157,
        -0.890148283637164,
        0.284133614050089,
        0.0196815759594305
      ],
      [
        -0.626697940523205,
        -0.00206546460642598,
        0.77925953648315,
        0.0866438438386909
      ],
      [
        -0.693069670985051,
        -0.455666289068844,
        -0.558589889066122,
        0.291168291629501
      ],
      [
        0.0,
        0.0,
        0.0,
        1.0
      ]
    ],
    "3": [
      [
        -0.600747370251318,
        0.54416630233156,
        -0.585649752448444,
        -0.109024768984039
      ],
      [
        0.0455061351678192,
        -0.708111394813715,
        -0.704632843541276,
        -0.0813411555471477
      ],
      [
        -0.798142712049803,
        -0.449956984546049,
        0.400633152971659,
        0.400572939320044
      ],
      [
        0.0,
        0.0,
        0.0,
        1.0
      ]
    ]
  },
  "simTime": 0.469499999999965,
  "state": [
    -0.034118531668362,
    3.9409892805981e-05,
    0.351399101238079,
    0.96156105233888,
    -0.000346338488104247,
    0.274589752313134,
    0.000831022989306616,
    -0.246299275636692,
    0.000120799109147789,
    0.313279047051293,
    -0.0109976524436238,
    -4.57708527964408,
    0.00219244758880917,
    0.821220043684224,
    0.539348396536219,
    0.0897532813551209,
    -0.163233867475717,
    0.998740770563423,
    0.0477840101141457,
    -0.0150382602799234,
    0.00272255753757967,
    0.820967852226171,
    -0.539784846088058,
    0.089786407232021,
    0.163041426089216,
    0.998737032432764,
    -0.0478747394349282,
    -0.0149609240779314,
    -0.00291892483102654,
    -1.18964289606467,
    -1.08838755982873,
    -5.65911661080043,
    0.0507730048630517,
    0.312820765022621,
    -0.591868961833409,
    1.1880484977432,
    -1.08762080555912,
    5.6643672005952,
    -0.0540378533781007,
    0.312111035464383,
    0.592295921366014
  ]
}