{
  "T_WB": [
    [
      0.158013632613112,
      -0.000131465434342349,
      0.987436921846276,
      -0.00318568440081382
    ],
    [
      0.000137554725310997,
      0.999999984364855,
      0.000111125995017696,
      -2.29035718174446e-07
    ],
    [
      -0.987436921016784,
      0.000118267192396008,
      0.158013648226238,
      0.167271453454547
    ],
    [
      0.0,
      0.0,
      0.0,
      1.0
    ]
  ],
  "T_WH": {
    "0": [
      [
        0.383320614632385,
        0.703788651563369,
        0.598119419788779,
        0.00313906779760961
      ],
      [
        -0.595106897626427,
        0.683441612782713,
        -0.422794681038461,
        -0.0319947263463811
      ],
      [
        -0.706337799353326,
        -0.193879075321652,
        0.680806740093781,
        0.127770192063719
      ],
      [
        0.0,
        0.0,
        0.0,
        1.0
      ]
    ],
    "1": [
      [
        -0.045227881908602,
        -0.0631090788811874,
        0.996981285110623,
        -0.00951043659923725
      ],
      [
        0.660855253519899,
        -0.750308973184279,
        -0.0175150978958793,
        0.0319942682749448
      ],
      [
        0.749149366010018,
        0.658068149147123,
        0.0756408519575774,
        0.206772714845375
      ],
      [
        0.0,
        0.0,
        0.0,
        1.0
      ]
    ],
    "2": [
      [
        0.383879667906557,
        -0.703984591394152,
        0.597529995604874,
        0.0031306540098117
      ],
      [
        0.595207858718827,
        0.6833837700026,
        0.422746055944206,
        0.0320052726529696
      ],
      [
        -0.705949010543467,
        0.193370933639579,
        0.681354295896091,
        0.127777761164033
      ],
      [
        0.0,
        0.0,
        0.0,
        1.0
      ]
    ],
    "3": [
      [
        -0.0451881333935215,
        0.0634711574535123,
        0.996960101895718,
        -0.00950202281143933
      ],
      [
        -0.660948871059805,
        -0.750219696843131,
        0.0178043902835797,
        -0.032005730724406
      ],
      [
        0.749069170667956,
        -0.658135106676518,
        0.0758522175991527,
        0.206765145745062
      ],
      [
        0.0,
        0.0,
        0.0,
        1.0
      ]
    ]
  },
  "T_WP": {
    "0": [
      [
        -0.598119419788779,
        0.703788651563369,
        0.383320614632385,
        0.0299715108218766
      ],
      [
        0.422794681038461,
        0.683441612782713,
        -0.595106897626427,
        -0.073652209180231
      ],
      [
        -0.680806740093781,
        -0.193879075321652,
        -0.706337799353326,
        0.0783265461089864
      ],
      [
        0.0,
        0.0,
        0.0,
        1.0
      ]
    ],
    "1": [
      [
        -0.996981285110623,
        -0.0631090788811874,
        -0.045227881908602,
        -0.0126763883328394
      ],
      [
        0.0175150978958794,
        -0.750308973184279,
        0.660855253519899,
        0.0782541360213377
      ],
      [
        -0.0756408519575774,
        0.658068149147123,
        0.749149366010018,
        0.259213170466077
      ],
      [
        0.0,
        0.0,
        0.0,
        1.0
      ]
    ],
    "2": [
      [
        -0.597529995604874,
        -0.703984591394152,
        0.383879667906557,
        0.0300022307632707
      ],
      [
        -0.422746055944206,
        0.6833837700026,
        0.595207858718827,
        0.0736698227632876
      ],
      [
        -0.681354295896091,
        0.193370933639579,
        -0.705949010543467,
        0.0783613304259899
      ],
      [
        0.0,
        0.0,
        0.0,
        1.0
      ]
    ],
    "3": [
      [
        -0.996960101895718,
        0.0634711574535123,
        -0.0451881333935214,
        -0.0126651921489858
      ],
      [
        -0.0178043902835797,
        -0.750219696843131,
        -0.660948871059805,
        -0.0782721516985923
      ],
      [
        -0.0758522175991527,
        -0.658135106676518,
        0.749069170667956,
        0.259199987691819
      ],
      [
        0.0,
        0.0,
        0.0,
        1.0
      ]
    ]
  },
  "simTime": 0.304999999999983,
  "state": [
    -0.00318568440081382,
    -2.29035718174446e-07,
    0.167271453454547,
    0.76092497416043,
    2.34622256490891e-06,
    0.648839869213796,
    8.83859016291883e-05,
    -0.0891541156672401,
    0.000153238751821791,
    1.89209122308319,
    -0.00841340962899982,
    -6.14583442666801,
    0.00702360374519762,
    0.915456828749073,
    0.374652798895618,
    -0.102799777546054,
    0.104910822667888,
    0.998614262909822,
    0.0219534336179742,
    -0.036260319956589,
    0.0311895793831729,
    0.915326243962212,
    -0.374830848173046,
    -0.103126705657621,
    -0.105093220295654,
    0.998616391420861,
    -0.0218636160400005,
    -0.0362014240629771,
    -0.0312528714687989,
    15.5655545902519,
    -3.23368883647276,
    3.88811817749199,
    0.999376639452423,
    -1.14195594869475,
    0.877963196956798,
    -15.5734538430019,
    -3.24992457873051,
    -3.89270343051021,
    -0.99448409596067,
    -1.13559198803207,
    -0.885112566012903
  ]
}