{
  "T_WB": [
    [
      0.455819755273074,
      -0.000734846531594263,
      0.890071800869666,
      -0.0111460277877729
    ],
    [
      0.000570880167710972,
      0.99999969487185,
      0.000533246698268485,
      1.50179871203416e-05
    ],
    [
      -0.89007192113819,
      0.000265059959450366,
      0.455820035698947,
      0.260055760011721
    ],
    [
      0.0,
      0.0,
      0.0,
      1.0
    ]
  ],
  "T_WH": {
    "0": [
      [
        0.522294917841099,
        0.848783757147197,
        0.082305239204123,
        0.0071102775121611
      ],
      [
        -0.63774172809792,
        0.452849130046229,
        -0.623067535391672,
        -0.0319621370420704
      ],
      [
        -0.566121459618022,
        0.272935521725299,
        0.777825619236407,
        0.224444401247491
      ],
      [
        0.0,
        0.0,
        0.0,
        1.0
      ]
    ],
    "1": [
      [
        -0.27383526222791,
        -0.236111570771409,
        0.932344129229347,
        -0.0294023330877069
      ],
      [
        0.664157934648724,
        -0.747570189859037,
        0.00574883268714666,
        0.0319921730163111
      ],
      [
        0.695635311786077,
        0.620797984357216,
        0.361526452164023,
        0.295667118775951
      ],
      [
        0.0,
        0.0,
        0.0,
        1.0
      ]
    ],
    "2": [
      [
        0.522018830656516,
        -0.849117696502571,
        0.0805945278922345,
        0.00706324733413907
      ],
      [
        0.638720231384085,
        0.451787929589207,
        0.622835558312271,
        0.032037843429728
      ],
      [
        -0.56527232946666,
        -0.273654534337851,
        0.77819045829133,
        0.224461365084896
      ],
      [
        0.0,
        0.0,
        0.0,
        1.0
      ]
    ],
    "3": [
      [
        -0.273169840695514,
        0.237246697748633,
        0.932251169235929,
        -0.0293553029096848
      ],
      [
        -0.664679277808561,
        -0.747114439170538,
        -0.00463383586054703,
        -0.0320078074554873
      ],
      [
        0.695398947213955,
        -0.620913858107758,
        0.361782096051561,
        0.295650154938546
      ],
      [
        0.0,
        0.0,
        0.0,
        1.0
      ]
    ]
  },
  "T_WP": {
    "0": [
      [
        -0.0823052392041229,
        0.848783757147197,
        0.522294917841099,
        0.043670921761038
      ],
      [
        0.623067535391672,
        0.452849130046229,
        -0.63774172809792,
        -0.0766040580089248
      ],
      [
        -0.777825619236407,
        0.272935521725299,
        -0.566121459618022,
        0.184815899074229
      ],
      [
        0.0,
        0.0,
        0.0,
        1.0
      ]
    ],
    "1": [
      [
        -0.932344129229347,
        -0.236111570771409,
        -0.27383526222791,
        -0.0485708014436606
      ],
      [
        -0.00574883268714662,
        -0.747570189859037,
        0.664157934648724,
        0.0784832284417218
      ],
      [
        -0.361526452164023,
        0.620797984357216,
        0.695635311786077,
        0.344361590600976
      ],
      [
        0.0,
        0.0,
        0.0,
        1.0
      ]
    ],
    "2": [
      [
        -0.0805945278922345,
        -0.849117696502571,
        0.522018830656516,
        0.0436045654800952
      ],
      [
        -0.622835558312271,
        0.451787929589207,
        0.638720231384085,
        0.0767482596266139
      ],
      [
        -0.77819045829133,
        -0.273654534337851,
        -0.56527232946666,
        0.184892302022229
      ],
      [
        0.0,
        0.0,
        0.0,
        1.0
      ]
    ],
    "3": [
      [
        -0.932251169235929,
        0.237246697748633,
        -0.273169840695514,
        -0.0484771917583708
      ],
      [
        0.00463383586054699,
        -0.747114439170538,
        -0.664679277808561,
        -0.0785353569020866
      ],
      [
        -0.361782096051561,
        -0.620913858107758,
        0.695398947213955,
        0.344328081243523
      ],
      [
        0.0,
        0.0,
        0.0,
        1.0
      ]
    ]
  },
  "simTime": 0.361499999999977,
  "state": [
    -0.0111460277877729,
    1.50179871203416e-05,
    0.260055760011721,
    0.853176342534747,
    -7.85847911644354e-05,
    0.521622445812062,
    0.000382607508614802,
    -0.177539646544921,
    0.000300800377157665,
    1.37424821962837,
    -0.00978515880128895,
    -5.37482285900314,
    0.00504956129287781,
    0.840385585470768,
    0.530670011716021,
    -0.0682086945680856,
    0.0865388952066635,
    0.998229783686149,
    0.0373257622433633,
    -0.0358210199108755,
    0.0293417955722128,
    0.840155964660535,
    -0.530952999334171,
    -0.0685418883998939,
    -0.086769102092574,
    0.998231910715332,
    -0.0372478808002403,
    -0.0357047386723253,
    -0.0295096499784223,
    2.1534206386474,
    0.643474975885299,
    -4.4832203115295,
    0.330346450164142,
    0.340719659485513,
    -0.388654013845979,
    -2.15664953181227,
    0.646887412567043,
    4.48576542569293,
    -0.33305060091153,
    0.340326251811201,
    0.387040268763742
  ]
}