{
  "T_WB": [
    [
      0.0932664416152185,
      -0.327307293740712,
      0.940303837242285,
      -0.0617439425324491
    ],
    [
      -0.292556160445928,
      0.893720314349355,
      0.340110118497565,
      0.00409359009867271
    ],
    [
      -0.95168916346335,
      -0.306812540785774,
      -0.0124016516241316,
      0.827622093872998
    ],
    [
      0.0,
      0.0,
      0.0,
      1.0
    ]
  ],
  "T_WH": {
    "0": [
      [
        -0.0648752061489881,
        -0.335698810298504,
        0.939732683475091,
        -0.0475394514681376
      ],
      [
        -0.516608564178342,
        0.816996081612623,
        0.256189371456373,
        -0.0362077063783438
      ],
      [
        -0.853760387371491,
        -0.468853614035115,
        -0.226427669602222,
        0.799372528639608
      ],
      [
        0.0,
        0.0,
        0.0,
        1.0
      ]
    ],
    "1": [
      [
        -0.360162169751284,
        0.304427483650928,
        0.881820343765107,
        -0.0759484335967607
      ],
      [
        0.855520121141586,
        -0.269127124829803,
        0.442330095067847,
        0.0443948865756892
      ],
      [
        0.371979211518512,
        0.913725614108966,
        -0.163514428474244,
        0.855871659106387
      ],
      [
        0.0,
        0.0,
        0.0,
        1.0
      ]
    ],
    "2": [
      [
        -0.203017199960363,
        -0.382450965378707,
        0.901396292205126,
        -0.0684871182675432
      ],
      [
        -0.280720825549622,
        0.904657664509526,
        0.320609307642352,
        0.0209903937400149
      ],
      [
        -0.938072403721052,
        -0.187951507376411,
        -0.291023016704766,
        0.779736526029319
      ],
      [
        0.0,
        0.0,
        0.0,
        1.0
      ]
    ],
    "3": [
      [
        0.123325460219488,
        0.0533304882359867,
        0.990932232741555,
        -0.0550007667973551
      ],
      [
        -0.524529512042581,
        -0.844163360084975,
        0.110711392758005,
        -0.0128032135426695
      ],
      [
        0.842412975836687,
        -0.533426733970614,
        -0.0761334199114944,
        0.875507661716676
      ],
      [
        0.0,
        0.0,
        0.0,
        1.0
      ]
    ]
  },
  "T_WP": {
    "0": [
      [
        -0.939732683475091,
        -0.335698810298504,
        -0.0648752061489881,
        -0.0520807158985668
      ],
      [
        -0.256189371456373,
        0.816996081612623,
        -0.516608564178342,
        -0.0723703058708277
      ],
      [
        0.226427669602222,
        -0.468853614035115,
        -0.853760387371491,
        0.739609301523604
      ],
      [
        0.0,
        0.0,
        0.0,
        1.0
      ]
    ],
    "1": [
      [
        -0.881820343765107,
        0.304427483650928,
        -0.360162169751284,
        -0.101159785479351
      ],
      [
        -0.442330095067847,
        -0.269127124829803,
        0.855520121141586,
        0.1042812950556
      ],
      [
        0.163514428474244,
        0.913725614108966,
        0.371979211518512,
        0.881910203912683
      ],
      [
        0.0,
        0.0,
        0.0,
        1.0
      ]
    ],
    "2": [
      [
        -0.901396292205126,
        -0.382450965378707,
        -0.203017199960363,
        -0.0826983222647686
      ],
      [
        -0.320609307642352,
        0.904657664509526,
        -0.280720825549622,
        0.00133993595154138
      ],
      [
        0.291023016704766,
        -0.187951507376411,
        -0.938072403721052,
        0.714071457768845
      ],
      [
        0.0,
        0.0,
        0.0,
        1.0
      ]
    ],
    "3": [
      [
        -0.990932232741555,
        0.0533304882359867,
        0.123325460219488,
        -0.0463679845819909
      ],
      [
        -0.110711392758005,
        -0.844163360084975,
        -0.524529512042581,
        -0.0495202793856502
      ],
      [
        0.0761334199114945,
        -0.533426733970614,
        0.842412975836687,
        0.934476570025245
      ],
      [
        0.0,
        0.0,
        0.0,
        1.0
      ]
    ]
  }
}