{
  "T_WB": [
    [
      -0.0945389622246269,
      0.0762945933380875,
      -0.992593330447503,
      -0.275879309213295
    ],
    [
      -0.0990415121372413,
      0.991391628609379,
      0.0856353758490674,
      -0.00329598042940913
    ],
    [
      0.990582234594917,
      0.106403823947348,
      -0.0861688038348134,
      0.148322382944444
    ],
    [
      0.0,
      0.0,
      0.0,
      1.0
    ]
  ],
  "T_WH": {
    "0": [
      [
        0.201336113836401,
        0.232470819749094,
        -0.951536172318446,
        -0.282102294689099
      ],
      [
        -0.441283370777382,
        0.888791280806115,
        0.123770133062776,
        -0.0389821730303989
      ],
      [
        0.874489997621818,
        0.394977691937418,
        0.281531289435442,
        0.184540749961926
      ],
      [
        0.0,
        0.0,
        0.0,
        1.0
      ]
    ],
    "1": [
      [
        0.421599159423255,
        0.323478982079129,
        -0.847121890241691,
        -0.269656323737491
      ],
      [
        0.7162335640363,
        -0.691727522670378,
        0.0923174746630413,
        0.0323902121715807
      ],
      [
        -0.556114763804616,
        -0.645658100338989,
        -0.523318246333131,
        0.112104015926963
      ],
      [
        0.0,
        0.0,
        0.0,
        1.0
      ]
    ],
    "2": [
      [
        0.233722835661262,
        -0.000662568103678422,
        -0.97230303768628,
        -0.277219440715461
      ],
      [
        0.272389891165142,
        0.960000893886898,
        0.0648230740354054,
        0.0244668912006014
      ],
      [
        0.933368835606536,
        -0.279996151294737,
        0.224554608010242,
        0.191350594694556
      ],
      [
        0.0,
        0.0,
        0.0,
        1.0
      ]
    ],
    "3": [
      [
        0.0937465591466066,
        -0.446383713088746,
        -0.889917503669456,
        -0.274539177711128
      ],
      [
        -0.45208523980518,
        -0.815472783404947,
        0.361418144918156,
        -0.0310588520594196
      ],
      [
        -0.887034677224326,
        0.368436860554006,
        -0.278251255498772,
        0.105294171194332
      ],
      [
        0.0,
        0.0,
        0.0,
        1.0
      ]
    ]
  },
  "T_WP": {
    "0": [
      [
        0.951536172318446,
        0.232470819749094,
        0.201336113836401,
        -0.268008766720551
      ],
      [
        -0.123770133062776,
        0.888791280806115,
        -0.441283370777382,
        -0.0698720089848157
      ],
      [
        -0.281531289435442,
        0.394977691937418,
        0.874489997621818,
        0.245755049795453
      ],
      [
        0.0,
        0.0,
        0.0,
        1.0
      ]
    ],
    "1": [
      [
        0.847121890241691,
        0.323478982079129,
        0.421599159423255,
        -0.240144382577863
      ],
      [
        -0.0923174746630413,
        -0.691727522670378,
        0.7162335640363,
        0.0825265616541216
      ],
      [
        0.523318246333131,
        -0.645658100338989,
        -0.556114763804616,
        0.0731759824606395
      ],
      [
        0.0,
        0.0,
        0.0,
        1.0
      ]
    ],
    "2": [
      [
        0.97230303768628,
        -0.000662568103678422,
        0.233722835661262,
        -0.260858842219173
      ],
      [
        -0.0648230740354054,
        0.960000893886898,
        0.272389891165142,
        0.0435341835821613
      ],
      [
        -0.224554608010242,
        -0.279996151294737,
        0.933368835606536,
        0.256686413187014
      ],
      [
        0.0,
        0.0,
        0.0,
        1.0
      ]
    ],
    "3": [
      [
        0.889917503669456,
        -0.446383713088746,
        0.0937465591466065,
        -0.267976918570866
      ],
      [
        -0.361418144918156,
        -0.815472783404947,
        -0.45208523980518,
        -0.0627048188457822
      ],
      [
        0.278251255498772,
        0.368436860554006,
        -0.887034677224326,
        0.0432017437886295
      ],
      [
        0.0,
        0.0,
        0.0,
        1.0
      ]
    ]
  },
  "simTime": 1.13349999999989,
  "state": [
    -0.275879309213295,
    -0.00329598042940913,
    0.148322382944444,
    -0.672808268110228,
    -0.00771707523623875,
    0.736902197491095,
    0.0651508437789453,
    -0.319146242967607,
    -0.0202417221723821,
    0.445558220962887,
    -1.89556171862608,
    8.86890251485244,
    -2.78193892624393,
    0.956254947509813,
    -0.130044959785998,
    0.132944106929727,
    0.225811089696498,
    0.972906564821257,
    -0.169963657964766,
    0.155527847443511,
    0.0193974165425828,
    0.969452280910368,
    0.081194797761535,
    0.13325117806384,
    -0.189245352383477,
    0.977986093702521,
    0.175522443517221,
    0.00808728391029443,
    -0.112559620580303,
    1.95686590729733,
    -1.18945106835571,
    1.16344156113357,
    -0.215316807543581,
    -0.41854969883478,
    1.67616388801929,
    -2.24893714906076,
    -1.22694127800846,
    -0.456459231768793,
    -0.520325237260978,
    -0.293848067193044,
    -2.28827261163984
  ]
}