{
  "T_WB": [
    [
      0.61884553801492,
      -0.0501368117330049,
      0.783911028234884,
      -0.0292224712240055
    ],
    [
      -0.0711039462424085,
      0.99028865886583,
      0.119467991321832,
      0.00170659993107154
    ],
    [
      -0.78228794500988,
      -0.129671400975565,
      0.609270792719669,
      0.355799210018093
    ],
    [
      0.0,
      0.0,
      0.0,
      1.0
    ]
  ],
  "T_WH": {
    "0": [
      [
        0.254220621538477,
        -0.210925464978877,
        0.943865628046723,
        -0.00286427172795248
      ],
      [
        -0.695159161635252,
        0.638657652131136,
        0.329954759579127,
        -0.0328267950023313
      ],
      [
        -0.672402867021821,
        -0.740018142749075,
        0.0157331758728395,
        0.328657177048916
      ],
      [
        0.0,
        0.0,
        0.0,
        1.0
      ]
    ],
    "1": [
      [
        -0.578615976437156,
        -0.232828778773358,
        0.781661251173796,
        -0.0555806707200584
      ],
      [
        0.665397110322175,
        -0.68897543924799,
        0.28733174152526,
        0.0362399948644744
      ],
      [
        0.47164630538845,
        0.686369873965886,
        0.553575793117327,
        0.38294124298727
      ],
      [
        0.0,
        0.0,
        0.0,
        1.0
      ]
    ],
    "2": [
      [
        0.160778331279371,
        0.223182107756127,
        0.961426063183516,
        -0.0060730276788648
      ],
      [
        0.451276474034875,
        0.849692942874278,
        -0.272711288384437,
        0.0305516791650817
      ],
      [
        -0.877781221132961,
        0.477715029706185,
        0.0358953787993284,
        0.320358207386479
      ],
      [
        0.0,
        0.0,
        0.0,
        1.0
      ]
    ],
    "3": [
      [
        -0.551440443247745,
        0.254972402379362,
        0.794293718705887,
        -0.0523719147691461
      ],
      [
        -0.540752817679165,
        -0.834269486085396,
        -0.107614194039884,
        -0.0271384793029387
      ],
      [
        0.63521636292115,
        -0.488859385316173,
        0.597926980212065,
        0.391240212649706
      ],
      [
        0.0,
        0.0,
        0.0,
        1.0
      ]
    ]
  },
  "T_WP": {
    "0": [
      [
        -0.943865628046723,
        -0.210925464978877,
        0.254220621538477,
        0.0149311717797409
      ],
      [
        -0.329954759579127,
        0.638657652131136,
        -0.695159161635252,
        -0.081487936316799
      ],
      [
        -0.0157331758728395,
        -0.740018142749075,
        -0.672402867021821,
        0.281588976357388
      ],
      [
        0.0,
        0.0,
        0.0,
        1.0
      ]
    ],
    "1": [
      [
        -0.781661251173796,
        -0.232828778773358,
        -0.578615976437156,
        -0.0960837890706594
      ],
      [
        -0.28733174152526,
        -0.68897543924799,
        0.665397110322175,
        0.0828177925870267
      ],
      [
        -0.553575793117327,
        0.686369873965886,
        0.471646305388451,
        0.415956484364461
      ],
      [
        0.0,
        0.0,
        0.0,
        1.0
      ]
    ],
    "2": [
      [
        -0.961426063183516,
        0.223182107756127,
        0.160778331279372,
        0.00518145551069121
      ],
      [
        0.272711288384437,
        0.849692942874278,
        0.451276474034875,
        0.062141032347523
      ],
      [
        -0.0358953787993284,
        0.477715029706185,
        -0.877781221132961,
        0.258913521907172
      ],
      [
        0.0,
        0.0,
        0.0,
        1.0
      ]
    ],
    "3": [
      [
        -0.794293718705887,
        0.254972402379362,
        -0.551440443247745,
        -0.0909727457964882
      ],
      [
        0.107614194039884,
        -0.834269486085396,
        -0.540752817679165,
        -0.0649911765404802
      ],
      [
        -0.597926980212065,
        -0.488859385316173,
        0.63521636292115,
        0.435705358054186
      ],
      [
        0.0,
        0.0,
        0.0,
        1.0
      ]
    ]
  }
}