{
  "T_WB": [
    [
      0.997452350685014,
      -0.00233293624705273,
      0.0712977245177326,
      -0.0684968439043557
    ],
    [
      0.00222138591479379,
      0.999996181640362,
      0.00164382155764779,
      3.64519657960994e-05
    ],
    [
      -0.0713012872082746,
      -0.00148125391578195,
      0.997453724404937,
      0.315087691072116
    ],
    [
      0.0,
      0.0,
      0.0,
      1.0
    ]
  ],
  "T_WH": {
    "0": [
      [
        -0.0482683410354838,
        0.912814583400382,
        -0.405511656534396,
        -0.0285240959170495
      ],
      [
        -0.807762272252845,
        -0.274479375408326,
        -0.521709865730347,
        -0.0318745704101037
      ],
      [
        -0.587528959948872,
        0.30237494738659,
        0.750585846132442,
        0.31228303970909
      ],
      [
        0.0,
        0.0,
        0.0,
        1.0
      ]
    ],
    "1": [
      [
        -0.658900062474363,
        -0.741177455716289,
        0.128478351519658,
        -0.108469591891662
      ],
      [
        0.751166569622206,
        -0.657380870456484,
        0.0599931316059062,
        0.0319474743416959
      ],
      [
        0.0399936539126891,
        0.136038120744902,
        0.989896023504948,
        0.317892342435142
      ],
      [
        0.0,
        0.0,
        0.0,
        1.0
      ]
    ],
    "2": [
      [
        -0.0518778217298433,
        -0.911301040249537,
        -0.408459429628793,
        -0.0286734038368609
      ],
      [
        0.805302695728709,
        -0.280057417977983,
        0.522547041793923,
        0.0321251852148794
      ],
      [
        -0.590589755976719,
        -0.301824877496236,
        0.748401953137311,
        0.31218823945848
      ],
      [
        0.0,
        0.0,
        0.0,
        1.0
      ]
    ],
    "3": [
      [
        -0.655567834774929,
        0.744029572808668,
        0.129038012983238,
        -0.108320283971851
      ],
      [
        -0.753960300349232,
        -0.654452624471256,
        -0.0568825792310839,
        -0.0320522812832872
      ],
      [
        0.0421269451278772,
        -0.134579928328245,
        0.990006850170925,
        0.317987142685752
      ],
      [
        0.0,
        0.0,
        0.0,
        1.0
      ]
    ]
  },
  "T_WP": {
    "0": [
      [
        0.405511656534396,
        0.912814583400382,
        -0.0482683410354838,
        -0.0319028797895334
      ],
      [
        0.521709865730347,
        -0.274479375408326,
        -0.807762272252845,
        -0.0884179294678029
      ],
      [
        -0.750585846132442,
        0.30237494738659,
        -0.587528959948872,
        0.271156012512669
      ],
      [
        0.0,
        0.0,
        0.0,
        1.0
      ]
    ],
    "1": [
      [
        -0.128478351519659,
        -0.741177455716289,
        -0.658900062474363,
        -0.154592596264867
      ],
      [
        -0.0599931316059062,
        -0.657380870456484,
        0.751166569622206,
        0.0845291342152504
      ],
      [
        -0.989896023504948,
        0.136038120744902,
        0.0399936539126892,
        0.32069189820903
      ],
      [
        0.0,
        0.0,
        0.0,
        1.0
      ]
    ],
    "2": [
      [
        0.408459429628793,
        -0.911301040249537,
        -0.0518778217298433,
        -0.0323048513579499
      ],
      [
        -0.522547041793923,
        -0.280057417977983,
        0.805302695728709,
        0.0884963739158891
      ],
      [
        -0.748401953137311,
        -0.301824877496236,
        -0.590589755976719,
        0.27084695654011
      ],
      [
        0.0,
        0.0,
        0.0,
        1.0
      ]
    ],
    "3": [
      [
        -0.129038012983238,
        0.744029572808668,
        -0.655567834774929,
        -0.154210032406096
      ],
      [
        0.0568825792310839,
        -0.654452624471256,
        -0.753960300349232,
        -0.0848295023077335
      ],
      [
        -0.990006850170925,
        -0.134579928328245,
        0.0421269451278773,
        0.320936028844704
      ],
      [
        0.0,
        0.0,
        0.0,
        1.0
      ]
    ]
  },
  "simTime": 0.591499999999951,
  "state": [
    -0.0684968439043557,
    3.64519657960994e-05,
    0.315087691072116,
    0.999362578938484,
    -0.000781767183225225,
    0.0356724913287915,
    0.00113930675858508,
    -0.313296014769615,
    -0.000165221311111694,
    -0.91247106482821,
    -0.0117497138354323,
    -3.34766207687122,
    0.000514397453596446,
    0.824002410380049,
    0.32157903036381,
    0.192702961900631,
    -0.424820577883023,
    0.998598860044965,
    0.040992928271834,
    0.00155758283375025,
    -0.0334285878300706,
    0.823799003973001,
    -0.321946232034095,
    0.19296137650773,
    0.424819646330513,
    0.998592158300188,
    -0.0412443659305647,
    0.00160822519900631,
    0.0333169217075639,
    -4.21354797600809,
    -2.25593327850802,
    -3.60471999948374,
    -0.290271481798995,
    0.17155134855562,
    -0.575926257828119,
    4.21516321401001,
    -2.25808719071549,
    3.60790682605111,
    0.288290241158748,
    0.171115284862622,
    0.578276660689623
  ]
}