{
  "T_WB": [
    [
      0.944992584939019,
      -0.00211424924171629,
      0.327084919188298,
      -0.0476140813649019
    ],
    [
      0.00177122990480679,
      0.999997524735046,
      0.0013465765502659,
      4.2485355423572e-05
    ],
    [
      -0.32708695656491,
      -0.000693162264776411,
      0.944993990653475,
      0.354306533794904
    ],
    [
      0.0,
      0.0,
      0.0,
      1.0
    ]
  ],
  "T_WH": {
    "0": [
      [
        0.136667118655966,
        0.890535659758896,
        -0.433898994440024,
        -0.00974672199160619
      ],
      [
        -0.79974990729215,
        -0.159284353441656,
        -0.578816534434591,
        -0.0318865862399056
      ],
      [
        -0.584570085160431,
        0.426115868569174,
        0.690436877700682,
        0.34124523672478
      ],
      [
        0.0,
        0.0,
        0.0,
        1.0
      ]
    ],
    "1": [
      [
        -0.648089757238261,
        -0.648739643259045,
        0.398894148649713,
        -0.0854814407381975
      ],
      [
        0.723791032618572,
        -0.687604892087627,
        0.0576719470635826,
        0.0319715569507528
      ],
      [
        0.236867489672588,
        0.326092605928577,
        0.915181623883979,
        0.367367830865027
      ],
      [
        0.0,
        0.0,
        0.0,
        1.0
      ]
    ],
    "2": [
      [
        0.133587326448363,
        -0.889488394397246,
        -0.436995220162632,
        -0.00988203394307603
      ],
      [
        0.799114462533209,
        -0.164118771932358,
        0.578343413958934,
        0.0321132553431373
      ],
      [
        -0.586148873565955,
        -0.426468550929636,
        0.688878852255851,
        0.341200874339835
      ],
      [
        0.0,
        0.0,
        0.0,
        1.0
      ]
    ],
    "3": [
      [
        -0.645305662280708,
        0.651287762900656,
        0.399255372066947,
        -0.0853461287867277
      ],
      [
        -0.725953753125791,
        -0.68553644312184,
        -0.0550539142517096,
        -0.0320282846322902
      ],
      [
        0.237848167012141,
        -0.325367538404979,
        0.915185344288931,
        0.367412193249973
      ],
      [
        0.0,
        0.0,
        0.0,
        1.0
      ]
    ]
  },
  "T_WP": {
    "0": [
      [
        0.433898994440024,
        0.890535659758896,
        0.136667118655966,
        -0.000180023685688542
      ],
      [
        0.578816534434591,
        -0.159284353441656,
        -0.79974990729215,
        -0.0878690797503562
      ],
      [
        -0.690436877700682,
        0.426115868569174,
        -0.584570085160431,
        0.30032533076355
      ],
      [
        0.0,
        0.0,
        0.0,
        1.0
      ]
    ],
    "1": [
      [
        -0.398894148649713,
        -0.648739643259045,
        -0.648089757238261,
        -0.130847723744876
      ],
      [
        -0.0576719470635826,
        -0.687604892087627,
        0.723791032618572,
        0.0826369292340528
      ],
      [
        -0.915181623883979,
        0.326092605928577,
        0.236867489672588,
        0.383948555142109
      ],
      [
        0.0,
        0.0,
        0.0,
        1.0
      ]
    ],
    "2": [
      [
        0.436995220162632,
        -0.889488394397246,
        0.133587326448363,
        -0.000530921091690652
      ],
      [
        -0.578343413958934,
        -0.164118771932358,
        0.799114462533209,
        0.088051267720462
      ],
      [
        -0.688878852255851,
        -0.426468550929636,
        -0.586148873565955,
        0.300170453190218
      ],
      [
        0.0,
        0.0,
        0.0,
        1.0
      ]
    ],
    "3": [
      [
        -0.399255372066947,
        0.651287762900656,
        -0.645305662280708,
        -0.130517525146377
      ],
      [
        0.0550539142517095,
        -0.68553644312184,
        -0.725953753125791,
        -0.0828450473510955
      ],
      [
        -0.915185344288931,
        -0.325367538404979,
        0.237848167012141,
        0.384061564940823
      ],
      [
        0.0,
        0.0,
        0.0,
        1.0
      ]
    ]
  },
  "simTime": 0.520999999999959,
  "state": [
    -0.0476140813649019,
    4.2485355423572e-05,
    0.354306533794904,
    0.986152130800256,
    -0.000517095372847563,
    0.165839492539136,
    0.000985010077342235,
    -0.277398881651529,
    -2.39363068754803e-06,
    -0.201217705256838,
    -0.0114396159502972,
    -4.07845188503892,
    0.00127847452520175,
    0.81896982885227,
    0.474091302752341,
    0.142683936133256,
    -0.290115753542948,
    0.998768409535752,
    0.047488811708855,
    -0.00702034653039224,
    -0.0125376078459613,
    0.818723685124734,
    -0.474532137085681,
    0.142842375836234,
    0.290011782440182,
    0.99876305257186,
    -0.0476564931176445,
    -0.00695664582271894,
    0.0123623848818161,
    -2.62575694818976,
    -1.7137050591861,
    -5.08736766897203,
    -0.0909068662494575,
    0.252277901154634,
    -0.614997113075668,
    2.62574133790344,
    -1.71458818112051,
    5.0922894722466,
    0.0880454797240401,
    0.251711842046791,
    0.616297574175305
  ]
}