{
  "arms": {
    "0": [
      [
        -0.999999940395355,
        -3.4544521526815e-17,
        -5.74293566019887e-17,
        -8.88178565283913e-18
      ],
      [
        6.50353617437526e-17,
        -0.707106828689575,
        -0.707106709480286,
        0.0905363485217094
      ],
      [
        -1.61820267898952e-17,
        -0.707106709480286,
        0.707106828689575,
        0.0319999977946281
      ],
      [
        0.0,
        0.0,
        0.0,
        1.0
      ]
    ],
    "1": [
      [
        -0.999999940395355,
        -1.5955112288154e-16,
        3.79056217151584e-16,
        8.88178151693607e-18
      ],
      [
        3.80852932851388e-16,
        -0.707106709480286,
        0.707106828689575,
        0.17053633928299
      ],
      [
        1.552135333331e-16,
        0.707106828689575,
        0.707106709480286,
        0.0319999940693378
      ],
      [
        0.0,
        0.0,
        0.0,
        1.0
      ]
    ],
    "2": [
      [
        -0.999999940395355,
        1.54486898178364e-16,
        3.79051426121476e-16,
        8.88178565283913e-18
      ],
      [
        3.77268580586184e-16,
        0.707106828689575,
        0.707106709480286,
        0.17053633928299
      ],
      [
        -1.58791122569616e-16,
        0.707106709480286,
        -0.707106828689575,
        -0.032000008970499
      ],
      [
        0.0,
        0.0,
        0.0,
        1.0
      ]
    ],
    "3": [
      [
        -0.999999940395355,
        2.79473941674685e-16,
        1.87500073472049e-16,
        -8.88178151693607e-18
      ],
      [
        6.50353485088628e-17,
        0.707106709480286,
        -0.707106828689575,
        0.0905363485217094
      ],
      [
        -3.30200521424259e-16,
        -0.707106828689575,
        -0.707106709480286,
        -0.0320000052452087
      ],
      [
        0.0,
        0.0,
        0.0,
        1.0
      ]
    ]
  },
  "base": [
    [
      -2.22044591690142e-16,
      5.88256101378205e-23,
      0.999999940395355,
      1.60106247939879e-35
    ],
    [
      -1.0,
      -4.37113882867379e-08,
      -2.22044604925031e-16,
      0.13053634762764
    ],
    [
      4.37113882867379e-08,
      -1.0,
      6.85314959692829e-23,
      -5.70592506576872e-09
    ],
    [
      0.0,
      0.0,
      0.0,
      1.0
    ]
  ]
}