{
  "T_WB": [
    [
      0.293048458011135,
      -0.208218301962249,
      0.933149366385282,
      -0.0498020151218968
    ],
    [
      -0.211091562444559,
      0.937822498932059,
      0.275552740435554,
      0.00352598679334637
    ],
    [
      -0.932503594374848,
      -0.277730263429801,
      0.230874310509425,
      0.703329675162394
    ],
    [
      0.0,
      0.0,
      0.0,
      1.0
    ]
  ],
  "T_WH": {
    "0": [
      [
        0.0480301457231881,
        -0.374889947776034,
        0.925824298751276,
        -0.0314170911386594
      ],
      [
        -0.536956938217164,
        0.771879618688535,
        0.340410194843941,
        -0.0349279956702619
      ],
      [
        -0.84224126686019,
        -0.513477732048552,
        -0.164226267959842,
        0.674916899817154
      ],
      [
        0.0,
        0.0,
        0.0,
        1.0
      ]
    ],
    "1": [
      [
        -0.410438104448765,
        0.113868630831767,
        0.904751069261045,
        -0.0681869391051342
      ],
      [
        0.802324752141353,
        -0.426438321637408,
        0.417642610302621,
        0.0419799692569546
      ],
      [
        0.433376919687495,
        0.897320618704134,
        0.0836669153883972,
        0.731742450507634
      ],
      [
        0.0,
        0.0,
        0.0,
        1.0
      ]
    ],
    "2": [
      [
        -0.10868680562776,
        -0.0466824742885009,
        0.992979317446611,
        -0.0447430624642434
      ],
      [
        -0.116374948975916,
        0.992625690830986,
        0.0339279995455178,
        0.0250926442613899
      ],
      [
        -0.987240623927767,
        -0.111870391510047,
        -0.113317986083862,
        0.657142162957646
      ],
      [
        0.0,
        0.0,
        0.0,
        1.0
      ]
    ],
    "3": [
      [
        -0.135911485263684,
        0.115090594721053,
        0.984013324696457,
        -0.0548609677795503
      ],
      [
        -0.532520548586509,
        -0.846035841367552,
        0.0254011900237269,
        -0.0180406706746972
      ],
      [
        0.835433979142902,
        -0.520555002020202,
        0.176274094424577,
        0.749517187367142
      ],
      [
        0.0,
        0.0,
        0.0,
        1.0
      ]
    ]
  },
  "T_WP": {
    "0": [
      [
        -0.925824298751276,
        -0.374889947776034,
        0.0480301457231882,
        -0.0280549809380363
      ],
      [
        -0.340410194843941,
        0.771879618688535,
        -0.536956938217164,
        -0.0725149813454633
      ],
      [
        0.164226267959842,
        -0.513477732048552,
        -0.84224126686019,
        0.61596001113694
      ],
      [
        0.0,
        0.0,
        0.0,
        1.0
      ]
    ],
    "1": [
      [
        -0.904751069261045,
        0.113868630831767,
        -0.410438104448765,
        -0.0969176064165477
      ],
      [
        -0.417642610302621,
        -0.426438321637408,
        0.802324752141353,
        0.0981427019068493
      ],
      [
        -0.0836669153883972,
        0.897320618704134,
        0.433376919687495,
        0.762078834885759
      ],
      [
        0.0,
        0.0,
        0.0,
        1.0
      ]
    ],
    "2": [
      [
        -0.992979317446611,
        -0.0466824742885009,
        -0.10868680562776,
        -0.0523511388581865
      ],
      [
        -0.0339279995455178,
        0.992625690830986,
        -0.116374948975916,
        0.0169463978330758
      ],
      [
        0.113317986083862,
        -0.111870391510047,
        -0.987240623927767,
        0.588035319282703
      ],
      [
        0.0,
        0.0,
        0.0,
        1.0
      ]
    ],
    "3": [
      [
        -0.984013324696457,
        0.115090594721053,
        -0.135911485263684,
        -0.0643747717480081
      ],
      [
        -0.025401190023727,
        -0.846035841367552,
        -0.532520548586509,
        -0.0553171090757528
      ],
      [
        -0.176274094424577,
        -0.520555002020202,
        0.835433979142902,
        0.807997565907145
      ],
      [
        0.0,
        0.0,
        0.0,
        1.0
      ]
    ]
  }
}