{
  "T_WB": [
    [
      0.71367058125296,
      -0.00138683976062501,
      0.700480105448785,
      -0.0234475819849027
    ],
    [
      0.00106061209957876,
      0.999999033220063,
      0.000899255755254157,
      3.15371121832024e-05
    ],
    [
      -0.700480675362309,
      0.000101165297805885,
      0.71367136218959,
      0.326508155384213
    ],
    [
      0.0,
      0.0,
      0.0,
      1.0
    ]
  ],
  "T_WH": {
    "0": [
      [
        0.410273692620714,
        0.88785176608516,
        -0.208314038419944,
        0.00514362013755574
      ],
      [
        -0.733304898913973,
        0.185379222829531,
        -0.654139487396906,
        -0.0319260074668757
      ],
      [
        -0.542161804604614,
        0.421133927869248,
        0.727122267865101,
        0.298485691080191
      ],
      [
        0.0,
        0.0,
        0.0,
        1.0
      ]
    ],
    "1": [
      [
        -0.485382820095242,
        -0.422256209059044,
        0.765573779506244,
        -0.052038784107361
      ],
      [
        0.68508970896993,
        -0.727711681735223,
        0.0329817969429957,
        0.0319890816912421
      ],
      [
        0.543190214031775,
        0.540495515408942,
        0.6425021316719,
        0.354530619688235
      ],
      [
        0.0,
        0.0,
        0.0,
        1.0
      ]
    ],
    "2": [
      [
        0.408737421514698,
        -0.887954515542353,
        -0.210880294436111,
        0.00505486239287574
      ],
      [
        0.734365174230571,
        0.182796517883395,
        0.653676696790553,
        0.0320739306592084
      ],
      [
        -0.541886991106835,
        -0.422045271715785,
        0.726798649896607,
        0.29849216565925
      ],
      [
        0.0,
        0.0,
        0.0,
        1.0
      ]
    ],
    "3": [
      [
        -0.483799309830716,
        0.424053318474263,
        0.765582791668078,
        -0.051950026362681
      ],
      [
        -0.686258528542425,
        -0.726689920087367,
        -0.0311607452767385,
        -0.032010856434842
      ],
      [
        0.543127480256807,
        -0.540463267146234,
        0.642582288158887,
        0.354524145109175
      ],
      [
        0.0,
        0.0,
        0.0,
        1.0
      ]
    ]
  },
  "T_WP": {
    "0": [
      [
        0.208314038419944,
        0.88785176608516,
        0.410273692620714,
        0.0338627786210057
      ],
      [
        0.654139487396906,
        0.185379222829531,
        -0.733304898913973,
        -0.0832573503908538
      ],
      [
        -0.727122267865101,
        0.421133927869248,
        -0.542161804604614,
        0.260534364757868
      ],
      [
        0.0,
        0.0,
        0.0,
        1.0
      ]
    ],
    "1": [
      [
        -0.765573779506244,
        -0.422256209059044,
        -0.485382820095242,
        -0.086015581514028
      ],
      [
        -0.0329817969429956,
        -0.727711681735223,
        0.68508970896993,
        0.0799453613191372
      ],
      [
        -0.6425021316719,
        0.540495515408942,
        0.543190214031775,
        0.392553934670459
      ],
      [
        0.0,
        0.0,
        0.0,
        1.0
      ]
    ],
    "2": [
      [
        0.210880294436111,
        -0.887954515542353,
        0.408737421514698,
        0.0336664818989046
      ],
      [
        -0.653676696790553,
        0.182796517883395,
        0.734365174230571,
        0.0834794928553484
      ],
      [
        -0.726798649896607,
        -0.422045271715785,
        -0.541886991106835,
        0.260560076281772
      ],
      [
        0.0,
        0.0,
        0.0,
        1.0
      ]
    ],
    "3": [
      [
        -0.765582791668078,
        0.424053318474263,
        -0.483799309830716,
        -0.0858159780508312
      ],
      [
        0.0311607452767384,
        -0.726689920087367,
        -0.686258528542425,
        -0.0800489534328117
      ],
      [
        -0.642582288158887,
        -0.540463267146234,
        0.543127480256807,
        0.392543068727152
      ],
      [
        0.0,
        0.0,
        0.0,
        1.0
      ]
    ]
  },
  "simTime": 0.42349999999997,
  "state": [
    -0.0234475819849027,
    3.15371121832024e-05,
    0.326508155384213,
    0.925653954869558,
    -0.00021554773607615,
    0.378370549123975,
    0.000661006158761744,
    -0.21771966860331,
    0.000218305863641156,
    0.768155724153331,
    -0.0104788410663824,
    -4.96669779805436,
    0.00328553948456484,
    0.827080658380223,
    0.559407018961234,
    0.0292345103070498,
    -0.0463326567050648,
    0.9985897958803,
    0.0450737413439213,
    -0.0234785358832651,
    0.015347174260427,
    0.826836546020422,
    -0.559793823004883,
    0.0291204163251684,
    0.0460890794401995,
    0.998588219079678,
    -0.0450900053352212,
    -0.0233849606647142,
    -0.0155436079742069,
    0.106862307506074,
    -0.345369145651985,
    -5.71815736410044,
    0.168141841340373,
    0.365189765064566,
    -0.538266092566677,
    -0.109536415676969,
    -0.342734187714534,
    5.72284286170562,
    -0.171527274511314,
    0.364318373721673,
    0.537923979531275
  ]
}