{
  "T_WB": [
    [
      0.316598988634447,
      -9.26502175869843e-05,
      0.948559471942367,
      -0.00225746876718475
    ],
    [
      0.000482819648065824,
      0.999999881428036,
      -6.34752036642691e-05,
      -9.05896560718173e-06
    ],
    [
      -0.948559353588816,
      0.000478079335696191,
      0.316598995828028,
      0.377224777069213
    ],
    [
      0.0,
      0.0,
      0.0,
      1.0
    ]
  ],
  "T_WH": {
    "0": [
      [
        0.299890858044047,
        0.0415789762310212,
        0.953066976658611,
        0.0126669243523407
      ],
      [
        -0.590562793068769,
        0.792692269534565,
        0.151243357748217,
        -0.0319806834197745
      ],
      [
        -0.749200280769048,
        -0.608202396045692,
        0.262276161211535,
        -0.0379576726822949
      ],
      [
        0.0,
        0.0,
        0.0,
        1.0
      ]
    ],
    "1": [
      [
        -0.194850628671949,
        -0.144694967107063,
        0.970101334397614,
        -0.0126669243523407
      ],
      [
        0.699986520013117,
        -0.713336732796346,
        0.0341990854170091,
        0.0319806834197745
      ],
      [
        0.687060480821064,
        0.685721570418578,
        0.240278637328848,
        0.0379576726822949
      ],
      [
        0.0,
        0.0,
        0.0,
        1.0
      ]
    ],
    "2": [
      [
        0.300286784433486,
        -0.0422033846104429,
        0.952914855284574,
        0.0126609947384151
      ],
      [
        0.590954523102845,
        0.792422121480923,
        -0.151128862273101,
        0.0320193089916198
      ],
      [
        -0.748732661715039,
        0.608511343949392,
        0.262894171799258,
        -0.0379270756048104
      ],
      [
        0.0,
        0.0,
        0.0,
        1.0
      ]
    ],
    "3": [
      [
        -0.194740607632005,
        0.1449895143628,
        0.970079448531901,
        -0.0126609947384151
      ],
      [
        -0.700624681339052,
        -0.712713498581897,
        -0.0341251349844015,
        -0.0320193089916198
      ],
      [
        0.686440930916615,
        -0.686307154023613,
        0.240377492079312,
        0.0379270756048104
      ],
      [
        0.0,
        0.0,
        0.0,
        1.0
      ]
    ]
  },
  "T_WP": {
    "0": [
      [
        -0.953066976658611,
        0.0415789762310212,
        0.299890858044047,
        0.0336592844154239
      ],
      [
        -0.151243357748217,
        0.792692269534565,
        -0.590562793068769,
        -0.0733200789345883
      ],
      [
        -0.262276161211535,
        -0.608202396045692,
        -0.749200280769048,
        -0.0904016923361283
      ],
      [
        0.0,
        0.0,
        0.0,
        1.0
      ]
    ],
    "1": [
      [
        -0.970101334397614,
        -0.144694967107063,
        -0.194850628671949,
        -0.0263064683593771
      ],
      [
        -0.0341990854170091,
        -0.713336732796346,
        0.699986520013117,
        0.0809797398206927
      ],
      [
        -0.240278637328848,
        0.685721570418578,
        0.687060480821064,
        0.0860519063397694
      ],
      [
        0.0,
        0.0,
        0.0,
        1.0
      ]
    ],
    "2": [
      [
        -0.952914855284574,
        -0.0422033846104429,
        0.300286784433486,
        0.0336810696487591
      ],
      [
        0.151128862273101,
        0.792422121480923,
        0.590954523102845,
        0.0733861256088189
      ],
      [
        -0.262894171799258,
        0.608511343949392,
        -0.748732661715039,
        -0.0903383619248631
      ],
      [
        0.0,
        0.0,
        0.0,
        1.0
      ]
    ],
    "3": [
      [
        -0.970079448531901,
        0.1449895143628,
        -0.194740607632005,
        -0.0262928372726554
      ],
      [
        0.0341251349844015,
        -0.712713498581897,
        -0.700624681339052,
        -0.0810630366853534
      ],
      [
        -0.240377492079311,
        -0.686307154023613,
        0.686440930916615,
        0.0859779407689735
      ],
      [
        0.0,
        0.0,
        0.0,
        1.0
      ]
    ]
  }
}