{
  "T_WB": [
    [
      -2.22044604925031e-16,
      2.00485795917474e-20,
      1.0,
      4.71257761122734e-37
    ],
    [
      -1.93566582067004e-19,
      1.0,
      -2.00485795917474e-20,
      4.32976691573253e-21
    ],
    [
      -1.0,
      -1.93566582067004e-19,
      -2.22044604925031e-16,
      0.455280678175
    ],
    [
      0.0,
      0.0,
      0.0,
      1.0
    ]
  ],
  "T_WH": {
    "0": [
      [
        -1.57060095149056e-16,
        -1.55083672141303e-16,
        1.0,
        -8.88242575154819e-18
      ],
      [
        -0.707106779455507,
        0.707106782917588,
        -1.39754157094199e-18,
        -0.032
      ],
      [
        -0.707106782917588,
        -0.707106779455507,
        -2.2071897455955e-16,
        0.415280678175
      ],
      [
        0.0,
        0.0,
        0.0,
        1.0
      ]
    ],
    "1": [
      [
        1.57060095149056e-16,
        1.55091330653163e-16,
        1.0,
        8.88242575154819e-18
      ],
      [
        0.707106779455507,
        -0.707106782917588,
        -1.39212618525917e-18,
        0.032
      ],
      [
        0.707106782917588,
        0.707106779455507,
        -2.20724389945207e-16,
        0.495280678175
      ],
      [
        0.0,
        0.0,
        0.0,
        1.0
      ]
    ],
    "2": [
      [
        -1.57043311932267e-16,
        1.56005803239972e-16,
        1.0,
        -8.88114264245432e-18
      ],
      [
        0.707106779455507,
        0.707106782917588,
        7.33628889960911e-19,
        0.032
      ],
      [
        -0.707106782917588,
        0.707106779455507,
        -2.21359152184535e-16,
        0.415280678175
      ],
      [
        0.0,
        0.0,
        0.0,
        1.0
      ]
    ],
    "3": [
      [
        1.57043311932267e-16,
        -1.55109143182268e-16,
        1.0,
        8.88114264245432e-18
      ],
      [
        -0.707106779455507,
        -0.707106782917588,
        1.36766329873516e-18,
        -0.032
      ],
      [
        0.707106782917588,
        -0.707106779455507,
        -2.20725117778865e-16,
        0.495280678175
      ],
      [
        0.0,
        0.0,
        0.0,
        1.0
      ]
    ]
  },
  "T_WP": {
    "0": [
      [
        -1.0,
        -1.55083672141303e-16,
        -9.58277551916888e-17,
        -1.98766324119821e-17
      ],
      [
        -4.1900261134837e-17,
        0.707106782917588,
        -0.707106779455507,
        -0.0814974745618855
      ],
      [
        1.7742117164178e-16,
        -0.707106779455507,
        -0.707106782917588,
        0.365783203370769
      ],
      [
        0.0,
        0.0,
        0.0,
        1.0
      ]
    ],
    "1": [
      [
        -1.0,
        1.55091330653163e-16,
        2.18292435106424e-16,
        1.98766324119821e-17
      ],
      [
        4.46899288910382e-17,
        -0.707106782917588,
        0.707106779455507,
        0.0814974745618855
      ],
      [
        2.64022192862977e-16,
        0.707106779455507,
        0.707106782917588,
        0.544778152979231
      ],
      [
        0.0,
        0.0,
        0.0,
        1.0
      ]
    ],
    "2": [
      [
        -1.0,
        1.56005803239972e-16,
        -9.58109719748992e-17,
        -1.9874174477713e-17
      ],
      [
        4.25641738158181e-17,
        0.707106782917588,
        0.707106779455507,
        0.0814974745618855
      ],
      [
        1.78061349266764e-16,
        0.707106779455507,
        -0.707106782917588,
        0.365783203370769
      ],
      [
        0.0,
        0.0,
        0.0,
        1.0
      ]
    ],
    "3": [
      [
        -1.0,
        -1.55109143182268e-16,
        2.18275651889635e-16,
        1.9874174477713e-17
      ],
      [
        -4.46654660045142e-17,
        -0.707106782917588,
        -0.707106779455507,
        -0.0814974745618855
      ],
      [
        2.64022920696635e-16,
        -0.707106779455507,
        0.707106782917588,
        0.544778152979231
      ],
      [
        0.0,
        0.0,
        0.0,
        1.0
      ]
    ]
  },
  "simTime": 0.0955000000000017,
  "state": [
    4.71257761122734e-37,
    4.32976691573253e-21,
    0.455280678175,
    0.707106781186548,
    -6.1347878104099e-20,
    0.707106781186548,
    -7.55243646865819e-20,
    -2.89572875341931e-35,
    4.15299909986077e-20,
    -0.93653029999999,
    5.49227097657635e-19,
    -4.08951341024591e-18,
    -6.83945545456848e-18,
    1.0,
    9.55698428044425e-19,
    1.83362048815515e-20,
    -1.41886145156183e-19,
    1.0,
    -9.51869172114743e-19,
    -1.83362048815512e-20,
    1.40283936483154e-19,
    1.0,
    -5.08809365327136e-19,
    2.41210830345205e-20,
    8.28721051749445e-20,
    1.0,
    9.57139394179475e-19,
    -2.41210830345202e-20,
    -1.36337956609794e-19,
    2.45024201344349e-17,
    6.16077747486023e-19,
    -7.99687940111645e-18,
    -2.47063935165659e-17,
    -6.16077747486016e-19,
    7.95412360605316e-18,
    -1.61204849688094e-17,
    7.97508902526254e-19,
    4.39404498649562e-18,
    2.46165440183336e-17,
    -7.97508902526247e-19,
    -7.80820782000262e-18
  ]
}