{
  "T_WB": [
    [
      0.760109490936462,
      -0.00151869781075245,
      0.64979324045828,
      -0.0265560787387055
    ],
    [
      0.00116835259499179,
      0.999998846546555,
      0.000970493571689003,
      3.44031256611144e-05
    ],
    [
      -0.649793964838491,
      2.15062439639157e-05,
      0.76011038856008,
      0.336297238240211
    ],
    [
      0.0,
      0.0,
      0.0,
      1.0
    ]
  ],
  "T_WH": {
    "0": [
      [
        0.374743532504621,
        0.890133617917052,
        -0.25928638047506,
        0.00389689922869709
      ],
      [
        -0.750036234441883,
        0.126671575801511,
        -0.649153263034395,
        -0.031918825860029
      ],
      [
        -0.54498892820882,
        0.43774016737999,
        0.715101820716421,
        0.310304791446865
      ],
      [
        0.0,
        0.0,
        0.0,
        1.0
      ]
    ],
    "1": [
      [
        -0.521717616299304,
        -0.460785666762068,
        0.71797444115345,
        -0.0570090567061081
      ],
      [
        0.690403265009394,
        -0.722423806551599,
        0.0380417585275154,
        0.0319876321113512
      ],
      [
        0.50115273171693,
        0.515538953944446,
        0.695029155114032,
        0.362289685033558
      ],
      [
        0.0,
        0.0,
        0.0,
        1.0
      ]
    ],
    "2": [
      [
        0.372933635073005,
        -0.890099740219247,
        -0.261998008184916,
        0.00379970256880894
      ],
      [
        0.750981991677593,
        0.123724561732966,
        0.648627998933087,
        0.0320811003189506
      ],
      [
        -0.544928024611683,
        -0.438650983454516,
        0.714589926256448,
        0.310306167846478
      ],
      [
        0.0,
        0.0,
        0.0,
        1.0
      ]
    ],
    "3": [
      [
        -0.519935841968461,
        0.4627133524982,
        0.718027209551577,
        -0.0569118600462199
      ],
      [
        -0.691720799648727,
        -0.721262750233961,
        -0.0360885086733868,
        -0.0320122940676283
      ],
      [
        0.501187645069064,
        -0.515438064703045,
        0.69507880552158,
        0.362288308633944
      ],
      [
        0.0,
        0.0,
        0.0,
        1.0
      ]
    ]
  },
  "T_WP": {
    "0": [
      [
        0.25928638047506,
        0.890133617917052,
        0.374743532504621,
        0.0301289465040206
      ],
      [
        0.649153263034395,
        0.126671575801511,
        -0.750036234441883,
        -0.0844213622709608
      ],
      [
        -0.715101820716421,
        0.43774016737999,
        -0.54498892820882,
        0.272155566472247
      ],
      [
        0.0,
        0.0,
        0.0,
        1.0
      ]
    ],
    "1": [
      [
        -0.71797444115345,
        -0.460785666762068,
        -0.521717616299304,
        -0.0935292898470593
      ],
      [
        -0.0380417585275154,
        -0.722423806551599,
        0.690403265009394,
        0.0803158606620088
      ],
      [
        -0.695029155114032,
        0.515538953944446,
        0.50115273171693,
        0.397370376253743
      ],
      [
        0.0,
        0.0,
        0.0,
        1.0
      ]
    ],
    "2": [
      [
        0.261998008184916,
        -0.890099740219247,
        0.372933635073005,
        0.0299050570239193
      ],
      [
        -0.648627998933087,
        0.123724561732966,
        0.750981991677593,
        0.0846498397363821
      ],
      [
        -0.714589926256448,
        -0.438650983454516,
        -0.544928024611683,
        0.272161206123661
      ],
      [
        0.0,
        0.0,
        0.0,
        1.0
      ]
    ],
    "3": [
      [
        -0.718027209551577,
        0.4627133524982,
        -0.519935841968461,
        -0.0933073689840122
      ],
      [
        0.0360885086733868,
        -0.721262750233961,
        -0.691720799648727,
        -0.0804327500430392
      ],
      [
        -0.69507880552158,
        -0.515438064703045,
        0.501187645069064,
        0.397371443788778
      ],
      [
        0.0,
        0.0,
        0.0,
        1.0
      ]
    ]
  },
  "simTime": 0.437499999999968,
  "state": [
    -0.0265560787387055,
    3.44031256611144e-05,
    0.336297238240211,
    0.938112296855112,
    -0.000252898115424569,
    0.346330393934034,
    0.000716079091690885,
    -0.226364690836653,
    0.000190752351444709,
    0.63021207378429,
    -0.0106437959953601,
    -4.85476841547928,
    0.00292553334735923,
    0.824990598172185,
    0.557113949973726,
    0.0490117696526541,
    -0.0813167025136228,
    0.998648891419622,
    0.0461795879023802,
    -0.0207864403228674,
    0.011651661951417,
    0.824743280591936,
    -0.557519723311342,
    0.0489455572983475,
    0.0810839790467315,
    0.998646580040812,
    -0.0462187255734919,
    -0.0206982402849126,
    -0.0118499125844707,
    -0.281971071226483,
    -0.588780691735333,
    -5.75114394455838,
    0.133507615064762,
    0.350452548812176,
    -0.557944800791768,
    0.279563335426513,
    -0.586727104142668,
    5.75608642516724,
    -0.136889369433898,
    0.349626748606452,
    0.557833556842033
  ]
}