{
  "T_WB": [
    [
      -2.22044604925031e-16,
      2.76348921370473e-20,
      1.0,
      1.75465314038483e-38
    ],
    [
      -2.92355931430632e-19,
      1.0,
      -2.76348921370473e-20,
      4.80182177550898e-21
    ],
    [
      -1.0,
      -2.92355931430632e-19,
      -2.22044604925031e-16,
      0.442277126575001
    ],
    [
      0.0,
      0.0,
      0.0,
      1.0
    ]
  ],
  "T_WH": {
    "0": [
      [
        -1.57073464383254e-16,
        -1.54762261698371e-16,
        1.0,
        -8.88266851354964e-18
      ],
      [
        -0.707106779455507,
        0.707106782917588,
        -1.63426655137694e-18,
        -0.032
      ],
      [
        -0.707106782917588,
        -0.707106779455507,
        -2.20501156532548e-16,
        0.402277126575001
      ],
      [
        0.0,
        0.0,
        0.0,
        1.0
      ]
    ],
    "1": [
      [
        1.57073464383254e-16,
        1.54769323504371e-16,
        1.0,
        8.88266851354964e-18
      ],
      [
        0.707106779455507,
        -0.707106782917588,
        -1.62927310045486e-18,
        0.032
      ],
      [
        0.707106782917588,
        0.707106779455507,
        -2.20506149983446e-16,
        0.482277126575001
      ],
      [
        0.0,
        0.0,
        0.0,
        1.0
      ]
    ],
    "2": [
      [
        -1.57048052571921e-16,
        1.5579170329403e-16,
        1.0,
        -8.88089988045287e-18
      ],
      [
        0.707106779455507,
        0.707106782917588,
        8.88372552398011e-19,
        0.032
      ],
      [
        -0.707106782917588,
        0.707106779455507,
        -2.21211112799733e-16,
        0.402277126575001
      ],
      [
        0.0,
        0.0,
        0.0,
        1.0
      ]
    ],
    "3": [
      [
        1.57048052571921e-16,
        -1.54797578269353e-16,
        1.0,
        8.88089988045287e-18
      ],
      [
        -0.707106779455507,
        -0.707106782917588,
        1.59132510041473e-18,
        -0.032
      ],
      [
        0.707106782917588,
        -0.707106779455507,
        -2.20508160255158e-16,
        0.482277126575001
      ],
      [
        0.0,
        0.0,
        0.0,
        1.0
      ]
    ]
  },
  "T_WP": {
    "0": [
      [
        -1.0,
        -1.54762261698371e-16,
        -9.5841124425886e-17,
        -1.98778110203774e-17
      ],
      [
        -4.16635361544021e-17,
        0.707106782917588,
        -0.707106779455507,
        -0.0814974745618855
      ],
      [
        1.77203353614778e-16,
        -0.707106779455507,
        -0.707106782917588,
        0.35277965177077
      ],
      [
        0.0,
        0.0,
        0.0,
        1.0
      ]
    ],
    "1": [
      [
        -1.0,
        1.54769323504371e-16,
        2.18305804340621e-16,
        1.98778110203774e-17
      ],
      [
        4.49270758062339e-17,
        -0.707106782917588,
        0.707106779455507,
        0.0814974745618855
      ],
      [
        2.63803952901216e-16,
        0.707106779455507,
        0.707106782917588,
        0.531774601379232
      ],
      [
        0.0,
        0.0,
        0.0,
        1.0
      ]
    ],
    "2": [
      [
        -1.0,
        1.5579170329403e-16,
        -9.58157126145538e-17,
        -1.98742635604874e-17
      ],
      [
        4.2409430153381e-17,
        0.707106782917588,
        0.707106779455507,
        0.0814974745618855
      ],
      [
        1.77913309881962e-16,
        0.707106779455507,
        -0.707106782917588,
        0.35277965177077
      ],
      [
        0.0,
        0.0,
        0.0,
        1.0
      ]
    ],
    "3": [
      [
        -1.0,
        -1.54797578269353e-16,
        2.18280392529289e-16,
        1.98742635604874e-17
      ],
      [
        -4.48891278061938e-17,
        -0.707106782917588,
        -0.707106779455507,
        -0.0814974745618855
      ],
      [
        2.63805963172928e-16,
        -0.707106779455507,
        0.707106782917588,
        0.531774601379232
      ],
      [
        0.0,
        0.0,
        0.0,
        1.0
      ]
    ]
  },
  "simTime": 0.108500000000002,
  "state": [
    1.75465314038483e-38,
    4.80182177550898e-21,
    0.442277126575001,
    0.707106781186548,
    -9.35930210036219e-20,
    0.707106781186548,
    -1.13133840631087e-19,
    -4.04657034634631e-35,
    3.05504229286883e-20,
    -1.06401609999999,
    6.14863679774321e-19,
    -4.82748493334618e-18,
    -8.43352758655297e-18,
    1.0,
    1.11372148298153e-18,
    2.23386554642154e-20,
    -1.99017139392234e-19,
    1.0,
    -1.11019057998166e-18,
    -2.23386554642151e-20,
    1.97147009292707e-19,
    1.0,
    -6.18541504827561e-19,
    2.91735693777311e-20,
    1.14527154831461e-19,
    1.0,
    1.1156040171657e-18,
    -2.91735693777307e-20,
    -1.92338626764229e-19,
    2.39631181063067e-17,
    6.13885774008208e-19,
    -9.57953294798025e-18,
    -2.40790562527599e-17,
    -6.13885774008203e-19,
    9.53983396896922e-18,
    -1.7719740140722e-17,
    7.5421324729674e-19,
    5.36217031115664e-18,
    2.40903932710461e-17,
    -7.54213247296734e-19,
    -9.42182822758726e-18
  ]
}