{
  "T_WB": [
    [
      0.819899420313191,
      -0.00169692429889621,
      0.572505075102412,
      -0.0313272837902886
    ],
    [
      0.00132299128338274,
      0.999998553102938,
      0.00106933909221155,
      3.78700117297745e-05
    ],
    [
      -0.57250606133399,
      -0.000119331277769612,
      0.819900479019184,
      0.347139719587414
    ],
    [
      0.0,
      0.0,
      0.0,
      1.0
    ]
  ],
  "T_WH": {
    "0": [
      [
        0.319085216452533,
        0.890894619808735,
        -0.323251297038837,
        0.00152299459980374
      ],
      [
        -0.769975619441541,
        0.0448308139372788,
        -0.636496459995919,
        -0.0319091640362289
      ],
      [
        -0.552559652985137,
        0.451992228381829,
        0.700271986713287,
        0.324243295734943
      ],
      [
        0.0,
        0.0,
        0.0,
        1.0
      ]
    ],
    "1": [
      [
        -0.566768773156392,
        -0.513981270298506,
        0.64389161475914,
        -0.0641775621803808
      ],
      [
        0.698405426844991,
        -0.714313981534683,
        0.0445577775201393,
        0.0319849040596885
      ],
      [
        0.437038919923918,
        0.474951354947432,
        0.763818167436029,
        0.370036143439885
      ],
      [
        0.0,
        0.0,
        0.0,
        1.0
      ]
    ],
    "2": [
      [
        0.316899279081869,
        -0.890624526257161,
        -0.326133101887251,
        0.00141439144467439
      ],
      [
        0.770666361918128,
        0.041361045669837,
        0.635895134836692,
        0.0320907433623591
      ],
      [
        -0.552854597091558,
        -0.452854520933937,
        0.699481649040506,
        0.324235658533166
      ],
      [
        0.0,
        0.0,
        0.0,
        1.0
      ]
    ],
    "3": [
      [
        -0.56471004448928,
        0.516086875166807,
        0.644016228781136,
        -0.0640689590252515
      ],
      [
        -0.699938262083887,
        -0.712942208875181,
        -0.042424474954516,
        -0.0320150033388996
      ],
      [
        0.437251637988818,
        -0.474729127065886,
        0.763834576980748,
        0.370043780641663
      ],
      [
        0.0,
        0.0,
        0.0,
        1.0
      ]
    ]
  },
  "T_WP": {
    "0": [
      [
        0.323251297038837,
        0.890894619808735,
        0.319085216452533,
        0.023858959751481
      ],
      [
        0.636496459995919,
        0.0448308139372788,
        -0.769975619441541,
        -0.0858074573971368
      ],
      [
        -0.700271986713287,
        0.451992228381829,
        -0.552559652985137,
        0.285564120025984
      ],
      [
        0.0,
        0.0,
        0.0,
        1.0
      ]
    ],
    "1": [
      [
        -0.64389161475914,
        -0.513981270298506,
        -0.566768773156392,
        -0.103851376301328
      ],
      [
        -0.0445577775201392,
        -0.714313981534683,
        0.698405426844991,
        0.0808732839388378
      ],
      [
        -0.763818167436029,
        0.474951354947432,
        0.437038919923919,
        0.40062886783456
      ],
      [
        0.0,
        0.0,
        0.0,
        1.0
      ]
    ],
    "2": [
      [
        0.326133101887251,
        -0.890624526257161,
        0.316899279081869,
        0.0235973409804052
      ],
      [
        -0.635895134836692,
        0.041361045669837,
        0.770666361918128,
        0.0860373886966281
      ],
      [
        -0.699481649040506,
        -0.452854520933937,
        -0.552854597091558,
        0.285535836736757
      ],
      [
        0.0,
        0.0,
        0.0,
        1.0
      ]
    ],
    "3": [
      [
        -0.644016228781136,
        0.516086875166807,
        -0.56471004448928,
        -0.103598662139501
      ],
      [
        0.0424244749545159,
        -0.712942208875181,
        -0.699938262083887,
        -0.0810106816847716
      ],
      [
        -0.763834576980748,
        -0.474729127065886,
        0.437251637988818,
        0.40065139530088
      ],
      [
        0.0,
        0.0,
        0.0,
        1.0
      ]
    ]
  },
  "simTime": 0.457999999999966,
  "state": [
    -0.0313272837902886,
    3.78700117297745e-05,
    0.347139719587414,
    0.953912791144363,
    -0.000311524905897103,
    0.300082760988766,
    0.000791454840084516,
    -0.239131559568792,
    0.000146860851114848,
    0.427435479740825,
    -0.0108757034039915,
    -4.68018581158087,
    0.00244112643718741,
    0.822392905935581,
    0.547763849199736,
    0.075828201563588,
    -0.133696513134601,
    0.998714618645792,
    0.0473591266353593,
    -0.0170364351531905,
    0.00599862524232954,
    0.822141911590431,
    -0.548191545469199,
    0.0758273970997865,
    0.133487499533083,
    0.99871135267041,
    -0.0474315195603841,
    -0.0169554278989694,
    -0.0061966494330198,
    -0.861256035654221,
    -0.918618338565609,
    -5.71702021697028,
    0.0810700142624637,
    0.326565073633798,
    -0.581363219294222,
    0.85934194371298,
    -0.917405295922801,
    5.72220540960654,
    -0.0843913986730985,
    0.325814570209869,
    0.581594991902695
  ]
}