{
  "T_WB": [
    [
      0.996042510346978,
      -0.00234569213252629,
      -0.0888471457623154,
      -0.0853034198440048
    ],
    [
      0.00252246067864379,
      0.999995056355121,
      0.0018773538409071,
      2.51532939743279e-05
    ],
    [
      0.0888423028394437,
      -0.00209403766410182,
      0.99604350318269,
      0.253922954706353
    ],
    [
      0.0,
      0.0,
      0.0,
      1.0
    ]
  ],
  "T_WH": {
    "0": [
      [
        -0.140668561280497,
        0.944540484642829,
        -0.296741686889398,
        -0.0453866572818848
      ],
      [
        -0.827843054953404,
        -0.27660802493618,
        -0.488020365257764,
        -0.0318737900822438
      ],
      [
        -0.543036124242845,
        0.177006421950154,
        0.8208413332403,
        0.257543656025182
      ],
      [
        0.0,
        0.0,
        0.0,
        1.0
      ]
    ],
    "1": [
      [
        -0.63544666700351,
        -0.770504686987313,
        -0.0502997089923241,
        -0.125220182406125
      ],
      [
        0.768641790476841,
        -0.63741833804922,
        0.0537369542412477,
        0.0319240966701924
      ],
      [
        -0.0734665320175507,
        -0.00451548991280308,
        0.99728746057702,
        0.250302253387524
      ],
      [
        0.0,
        0.0,
        0.0,
        1.0
      ]
    ],
    "2": [
      [
        -0.144468530515276,
        -0.943123981854941,
        -0.29940941625279,
        -0.0455367815783665
      ],
      [
        0.824450727209388,
        -0.282051491976442,
        0.49064035125311,
        0.0321258935244839
      ],
      [
        -0.547183554298435,
        -0.175966220405916,
        0.818306817264398,
        0.25740963761468
      ],
      [
        0.0,
        0.0,
        0.0,
        1.0
      ]
    ],
    "3": [
      [
        -0.631895080459761,
        0.773459636593625,
        -0.0496869988146817,
        -0.125070058109643
      ],
      [
        -0.771853666103293,
        -0.633811224053246,
        -0.0502518694879317,
        -0.0320755869365353
      ],
      [
        -0.0703599702505515,
        0.00659718307945204,
        0.997499850507136,
        0.250436271798027
      ],
      [
        0.0,
        0.0,
        0.0,
        1.0
      ]
    ]
  },
  "T_WP": {
    "0": [
      [
        0.296741686889398,
        0.944540484642829,
        -0.140668561280497,
        -0.0552334565715196
      ],
      [
        0.488020365257764,
        -0.27660802493618,
        -0.827843054953404,
        -0.089822803928982
      ],
      [
        -0.8208413332403,
        0.177006421950154,
        -0.543036124242845,
        0.219531127328183
      ],
      [
        0.0,
        0.0,
        0.0,
        1.0
      ]
    ],
    "1": [
      [
        0.0502997089923241,
        -0.770504686987313,
        -0.63544666700351,
        -0.16970144909637
      ],
      [
        -0.0537369542412476,
        -0.63741833804922,
        0.768641790476841,
        0.0857290220035713
      ],
      [
        -0.99728746057702,
        -0.00451548991280308,
        -0.0734665320175507,
        0.245159596146296
      ],
      [
        0.0,
        0.0,
        0.0,
        1.0
      ]
    ],
    "2": [
      [
        0.29940941625279,
        -0.943123981854941,
        -0.144468530515276,
        -0.0556495787144359
      ],
      [
        -0.49064035125311,
        -0.282051491976442,
        0.824450727209388,
        0.0898374444291411
      ],
      [
        -0.818306817264398,
        -0.175966220405916,
        -0.547183554298435,
        0.219106788813789
      ],
      [
        0.0,
        0.0,
        0.0,
        1.0
      ]
    ],
    "3": [
      [
        0.0496869988146816,
        0.773459636593625,
        -0.631895080459761,
        -0.169302713741826
      ],
      [
        0.0502518694879317,
        -0.633811224053246,
        -0.771853666103293,
        -0.0861053435637658
      ],
      [
        -0.997499850507136,
        0.00659718307945204,
        -0.0703599702505514,
        0.245511073880488
      ],
      [
        0.0,
        0.0,
        0.0,
        1.0
      ]
    ]
  },
  "simTime": 0.643499999999945,
  "state": [
    -0.0853034198440048,
    2.51532939743279e-05,
    0.253922954706353,
    0.999009643332434,
    -0.000993832124523193,
    -0.0444663997459108,
    0.00121824469955345,
    -0.33177731686649,
    -0.000265889604979183,
    -1.4403254744127,
    -0.011830145391605,
    -2.82454737079083,
    0.000287558199031465,
    0.832340905922462,
    0.179005131296735,
    0.215490352242738,
    -0.478256926126443,
    0.998362108858502,
    0.0317237358010116,
    0.00614997586436041,
    -0.0472110366259842,
    0.832188692777241,
    -0.179291845958805,
    0.215774073283504,
    0.478286486203651,
    0.998354646730751,
    -0.0320140925615731,
    0.00619446307588019,
    0.047166999647819,
    -4.90714374232226,
    -2.47641796763428,
    -2.17359760037221,
    -0.428661351890572,
    0.113476518487748,
    -0.491676102598552,
    4.90905613880988,
    -2.4789056440402,
    2.17518705667248,
    0.427551969076919,
    0.113132946016762,
    0.494575339548028
  ]
}