{
  "arms": {
    "0": [
      [
        -0.945336401462555,
        0.122992463409901,
        0.302013218402863,
        0.0127824628725648
      ],
      [
        -0.107785522937775,
        0.756240844726562,
        -0.645354211330414,
        -0.0317998938262463
      ],
      [
        -0.307768434286118,
        -0.642629444599152,
        -0.701645195484161,
        0.0773616284132004
      ],
      [
        0.0,
        0.0,
        0.0,
        1.0
      ]
    ],
    "1": [
      [
        -0.921805560588837,
        0.315146863460541,
        -0.225736573338509,
        -0.0154232103377581
      ],
      [
        -0.0598413832485676,
        -0.691019356250763,
        -0.720354914665222,
        -0.0322898738086224
      ],
      [
        -0.383005946874619,
        -0.650518774986267,
        0.655844330787659,
        0.152222827076912
      ],
      [
        0.0,
        0.0,
        0.0,
        1.0
      ]
    ],
    "2": [
      [
        -0.964823067188263,
        -0.160498157143593,
        -0.208222851157188,
        -0.0154552366584539
      ],
      [
        -0.0508251450955868,
        -0.663209795951843,
        0.746705830097198,
        0.0317088253796101
      ],
      [
        -0.257940351963043,
        0.731022000312805,
        0.631722748279572,
        0.152629643678665
      ],
      [
        0.0,
        0.0,
        0.0,
        1.0
      ]
    ],
    "3": [
      [
        -0.912594556808472,
        -0.305089116096497,
        0.272198110818863,
        0.0127504374831915
      ],
      [
        -0.0283598247915506,
        0.711369335651398,
        0.702245950698853,
        0.0321988053619862
      ],
      [
        -0.407880991697311,
        0.633146345615387,
        -0.657844066619873,
        0.0777684450149536
      ],
      [
        0.0,
        0.0,
        0.0,
        1.0
      ]
    ]
  },
  "arms_in_parent_frame": {
    "0": [
      [
        -1.71202731991116e-08,
        -1.01683177433642e-08,
        1.0,
        -5.58793544769287e-09
      ],
      [
        -1.3076418170499e-08,
        1.0,
        -1.01683177433642e-08,
        7.45058059692383e-09
      ],
      [
        -1.0,
        1.3076418170499e-08,
        1.71202731991116e-08,
        0.0
      ],
      [
        0.0,
        0.0,
        0.0,
        1.0
      ]
    ],
    "1": [
      [
        -7.20623560823697e-09,
        -3.02027132192961e-08,
        1.0,
        0.0
      ],
      [
        -1.1589573745141e-08,
        1.0,
        -3.02027132192961e-08,
        7.45058059692383e-09
      ],
      [
        -1.0,
        1.1589573745141e-08,
        7.20623560823697e-09,
        0.0
      ],
      [
        0.0,
        0.0,
        0.0,
        1.0
      ]
    ],
    "2": [
      [
        2.42247821802266e-09,
        -5.72605074466992e-10,
        1.0,
        0.0
      ],
      [
        -3.44608253044498e-09,
        1.00000011920929,
        -5.72605074466992e-10,
        0.0
      ],
      [
        -0.999999940395355,
        3.44608253044498e-09,
        -2.42247821802266e-09,
        1.86264514923096e-09
      ],
      [
        0.0,
        0.0,
        0.0,
        1.0
      ]
    ],
    "3": [
      [
        9.90134196854342e-09,
        -1.31828414851043e-09,
        1.0,
        -1.86264514923096e-09
      ],
      [
        -3.01765368249107e-08,
        1.0,
        -1.31828414851043e-09,
        7.45058059692383e-09
      ],
      [
        -1.0,
        3.01765368249107e-08,
        -9.90134196854342e-09,
        0.0
      ],
      [
        0.0,
        0.0,
        0.0,
        1.0
      ]
    ]
  },
  "arms_link_world": {
    "0": [
      [
        -0.945336401462555,
        0.122992463409901,
        0.302013218402863,
        0.0127824628725648
      ],
      [
        -0.107785522937775,
        0.756240844726562,
        -0.645354211330414,
        -0.0317998938262463
      ],
      [
        -0.307768434286118,
        -0.642629444599152,
        -0.701645195484161,
        0.0773616284132004
      ],
      [
        0.0,
        0.0,
        0.0,
        1.0
      ]
    ],
    "1": [
      [
        -0.921805560588837,
        0.315146863460541,
        -0.225736573338509,
        -0.0154232103377581
      ],
      [
        -0.0598413832485676,
        -0.691019356250763,
        -0.720354914665222,
        -0.0322898738086224
      ],
      [
        -0.383005946874619,
        -0.650518774986267,
        0.655844330787659,
        0.152222827076912
      ],
      [
        0.0,
        0.0,
        0.0,
        1.0
      ]
    ],
    "2": [
      [
        -0.964823067188263,
        -0.160498157143593,
        -0.208222851157188,
        -0.0154552366584539
      ],
      [
        -0.0508251450955868,
        -0.663209795951843,
        0.746705830097198,
        0.0317088253796101
      ],
      [
        -0.257940351963043,
        0.731022000312805,
        0.631722748279572,
        0.152629643678665
      ],
      [
        0.0,
        0.0,
        0.0,
        1.0
      ]
    ],
    "3": [
      [
        -0.912594556808472,
        -0.305089116096497,
        0.272198110818863,
        0.0127504374831915
      ],
      [
        -0.0283598247915506,
        0.711369335651398,
        0.702245950698853,
        0.0321988053619862
      ],
      [
        -0.407880991697311,
        0.633146345615387,
        -0.657844066619873,
        0.0777684450149536
      ],
      [
        0.0,
        0.0,
        0.0,
        1.0
      ]
    ]
  },
  "arms_relative_to_base": {
    "0": [
      [
        -0.0459593310952187,
        0.649345517158508,
        0.75910347700119,
        0.0399999991059303
      ],
      [
        -0.109266608953476,
        0.75207906961441,
        -0.649952173233032,
        -0.0319999977946281
      ],
      [
        -0.992949426174164,
        -0.112816020846367,
        0.0363867208361626,
        0.0
      ],
      [
        0.0,
        0.0,
        0.0,
        1.0
      ]
    ],
    "1": [
      [
        0.0330352261662483,
        0.715612053871155,
        -0.697716355323792,
        -0.0399999842047691
      ],
      [
        -0.0618134662508965,
        -0.69529801607132,
        -0.716058433055878,
        -0.0319999977946281
      ],
      [
        -0.997540831565857,
        0.0667834430932999,
        0.0212651435285807,
        0.0
      ],
      [
        0.0,
        0.0,
        0.0,
        1.0
      ]
    ],
    "2": [
      [
        -0.0991082936525345,
        -0.74471378326416,
        -0.659983992576599,
        -0.0399999842047691
      ],
      [
        -0.051980908960104,
        -0.658469259738922,
        0.750810384750366,
        0.0319999977946281
      ],
      [
        -0.993717968463898,
        0.108718112111092,
        0.0265488680452108,
        0.0
      ],
      [
        0.0,
        0.0,
        0.0,
        1.0
      ]
    ],
    "3": [
      [
        0.0597527734935284,
        -0.695684790611267,
        0.715857684612274,
        0.0399999991059303
      ],
      [
        -0.0304952785372734,
        0.715532124042511,
        0.697913885116577,
        0.0320000052452087
      ],
      [
        -0.997747242450714,
        -0.0635325461626053,
        0.0215399246662855,
        0.0
      ],
      [
        0.0,
        0.0,
        0.0,
        1.0
      ]
    ]
  },
  "arms_view_frame": {
    "0": [
      [
        -0.94533634185791,
        0.12299245595932,
        0.30201318860054,
        0.0127824619412422
      ],
      [
        -0.307768434286118,
        -0.642629504203796,
        -0.701645195484161,
        0.0773616284132004
      ],
      [
        0.107785537838936,
        -0.756240844726562,
        0.645354270935059,
        0.031799890100956
      ],
      [
        0.0,
        0.0,
        0.0,
        1.0
      ]
    ],