{
  "T_WB": [
    [
      0.0263954076607197,
      0.0493753856815611,
      0.998431446691871,
      -0.167548866253218
    ],
    [
      0.0219035600021207,
      0.998511088440634,
      -0.0499583858859989,
      -0.000415337511940084
    ],
    [
      -0.999411585140806,
      0.023187875062152,
      0.0252746105102355,
      0.178514577106146
    ],
    [
      0.0,
      0.0,
      0.0,
      1.0
    ]
  ],
  "T_WH": {
    "0": [
      [
        -0.42493695820538,
        -0.49334855242812,
        0.758970215073186,
        -0.168073062288599
      ],
      [
        -0.794515693662823,
        0.605052426151356,
        -0.0515400245619018,
        -0.0314915499419555
      ],
      [
        -0.433789573496923,
        -0.624915008161459,
        -0.64908230487352,
        0.137796101698525
      ],
      [
        0.0,
        0.0,
        0.0,
        1.0
      ]
    ],
    "1": [
      [
        -0.0378139261248637,
        -0.244337688622401,
        0.968952630890533,
        -0.167024670217837
      ],
      [
        0.842668088897896,
        -0.528970327524312,
        -0.100503156925492,
        0.0306608749180754
      ],
      [
        0.537103899580138,
        0.812705042753818,
        0.225898018004417,
        0.219233052513767
      ],
      [
        0.0,
        0.0,
        0.0,
        1.0
      ]
    ],
    "2": [
      [
        -0.341201795155531,
        0.550355568567469,
        0.762030237673953,
        -0.164913037604979
      ],
      [
        0.851642684064195,
        0.524115359001087,
        0.00279805988053765,
        0.032413159718245
      ],
      [
        -0.397851823751728,
        0.649932180004914,
        -0.647535394964233,
        0.139280125702503
      ],
      [
        0.0,
        0.0,
        0.0,
        1.0
      ]
    ],
    "3": [
      [
        -0.126156048952541,
        0.200591878079402,
        0.97151816748904,
        -0.170184694901457
      ],
      [
        -0.866108418330781,
        -0.499770049513037,
        -0.00927929449306189,
        -0.0332438347421252
      ],
      [
        0.483674331559198,
        -0.842610702553863,
        0.236783329084732,
        0.217749028509789
      ],
      [
        0.0,
        0.0,
        0.0,
        1.0
      ]
    ]
  },
  "T_WP": {
    "0": [
      [
        -0.758970215073186,
        -0.49334855242812,
        -0.42493695820538,
        -0.197818649362976
      ],
      [
        0.0515400245619018,
        0.605052426151356,
        -0.794515693662823,
        -0.0871076484983531
      ],
      [
        0.64908230487352,
        -0.624915008161459,
        -0.433789573496924,
        0.10743083155374
      ],
      [
        0.0,
        0.0,
        0.0,
        1.0
      ]
    ],
    "1": [
      [
        -0.968952630890533,
        -0.244337688622401,
        -0.0378139261248637,
        -0.169671645046577
      ],
      [
        0.100503156925492,
        -0.528970327524312,
        0.842668088897896,
        0.0896476411409281
      ],
      [
        -0.225898018004417,
        0.812705042753818,
        0.537103899580138,
        0.256830325484377
      ],
      [
        0.0,
        0.0,
        0.0,
        1.0
      ]
    ],
    "2": [
      [
        -0.762030237673953,
        0.550355568567469,
        -0.341201795155531,
        -0.188797163265867
      ],
      [
        -0.0027980598805376,
        0.524115359001087,
        0.851642684064195,
        0.0920281476027387
      ],
      [
        0.647535394964233,
        0.649932180004914,
        -0.397851823751728,
        0.111430498039882
      ],
      [
        0.0,
        0.0,
        0.0,
        1.0
      ]
    ],
    "3": [
      [
        -0.97151816748904,
        0.200591878079402,
        -0.126156048952541,
        -0.179015618328135
      ],
      [
        0.00927929449306184,
        -0.499770049513037,
        -0.866108418330781,
        -0.0938714240252799
      ],
      [
        -0.236783329084732,
        -0.842610702553863,
        0.483674331559198,
        0.251606231718933
      ],
      [
        0.0,
        0.0,
        0.0,
        1.0
      ]
    ]
  },
  "simTime": 0.87899999999992,
  "state": [
    -0.167548866253218,
    -0.000415337511940084,
    0.178514577106146,
    0.715922675051501,
    0.025542654080236,
    0.697646233823003,
    -0.00959315392457158,
    -0.442088502022695,
    -0.0015182566521925,
    0.550156546526527,
    0.482469967730452,
    13.0766253581388,
    -0.214726178737543,
    0.92934125606956,
    -0.266352739205807,
    0.238917509626956,
    -0.0911014362031144,
    0.987877859053219,
    -0.0945273586222947,
    0.044530438978941,
    -0.114799625733987,
    0.929518093645246,
    0.26724731630994,
    0.237517139045872,
    0.0903360070553641,
    0.986554425787842,
    0.0974456531408082,
    0.0477818737673482,
    0.1221949351719,
    -1.58773174415172,
    -2.28394771054428,
    2.83782573326913,
    -1.29253083822155,
    -0.860942897869996,
    0.601828798945119,
    1.62398324569769,
    -2.24872566822466,
    -2.8034667005223,
    1.33295462787572,
    -0.89109869901848,
    -0.660952359890907
  ]
}