{
  "T_WB": [
    [
      0.448575730311671,
      -0.000185541751706662,
      0.893744806837841,
      -0.00234444984050933
    ],
    [
      0.000691865999294514,
      0.999999750909451,
      -0.000139651262269131,
      -1.18467634008725e-05
    ],
    [
      -0.893744558303316,
      0.000680995810858467,
      0.448575746945726,
      0.452079068482339
    ],
    [
      0.0,
      0.0,
      0.0,
      1.0
    ]
  ],
  "T_WH": {
    "0": [
      [
        0.395964897855849,
        0.143599156584124,
        0.906968071044585,
        0.0156045167080121
      ],
      [
        -0.561759013955139,
        0.819191447917169,
        0.115551641699815,
        -0.0319841641525315
      ],
      [
        -0.726387369043651,
        -0.555251883281544,
        0.405039178606394,
        0.416307494284259
      ],
      [
        0.0,
        0.0,
        0.0,
        1.0
      ]
    ],
    "1": [
      [
        -0.293022457466004,
        -0.24560250947367,
        0.924022319406203,
        -0.0202934163890308
      ],
      [
        0.713683677974415,
        -0.699299288139351,
        0.0404488986340529,
        0.0319604706257298
      ],
      [
        0.636233799175661,
        0.671312083123812,
        0.380192898195735,
        0.487850642680419
      ],
      [
        0.0,
        0.0,
        0.0,
        1.0
      ]
    ],
    "2": [
      [
        0.396182791568185,
        -0.144442658392355,
        0.906738944846746,
        0.0155926420359029
      ],
      [
        0.562638239599659,
        0.818604792146079,
        -0.115431389213122,
        0.0320158199056733
      ],
      [
        -0.725587628757159,
        0.555897933718074,
        0.405586094784497,
        0.416351078016154
      ],
      [
        0.0,
        0.0,
        0.0,
        1.0
      ]
    ],
    "3": [
      [
        -0.29279767228022,
        0.24597988154018,
        0.923993193148502,
        -0.0202815417169216
      ],
      [
        -0.714572348817153,
        -0.698387332735534,
        -0.0405153277227729,
        -0.0320395134324751
      ],
      [
        0.635339186114962,
        -0.672122779968084,
        0.380256607088887,
        0.487807058948524
      ],
      [
        0.0,
        0.0,
        0.0,
        1.0
      ]
    ]
  },
  "T_WP": {
    "0": [
      [
        -0.906968071044585,
        0.143599156584124,
        0.395964897855849,
        0.0433220595579216
      ],
      [
        -0.115551641699815,
        0.819191447917169,
        -0.561759013955139,
        -0.0713072951293913
      ],
      [
        -0.405039178606394,
        -0.555251883281544,
        -0.726387369043651,
        0.365460378451204
      ],
      [
        0.0,
        0.0,
        0.0,
        1.0
      ]
    ],
    "1": [
      [
        -0.924022319406203,
        -0.24560250947367,
        -0.293022457466004,
        -0.0408049884116511
      ],
      [
        -0.0404488986340529,
        -0.699299288139351,
        0.713683677974415,
        0.0819183280839388
      ],
      [
        -0.380192898195735,
        0.671312083123812,
        0.636233799175661,
        0.532387008622716
      ],
      [
        0.0,
        0.0,
        0.0,
        1.0
      ]
    ],
    "2": [
      [
        -0.906738944846746,
        -0.144442658392355,
        0.396182791568185,
        0.0433254374456758
      ],
      [
        0.115431389213122,
        0.818604792146079,
        0.562638239599659,
        0.0714004966776495
      ],
      [
        -0.405586094784497,
        0.555897933718074,
        -0.725587628757159,
        0.365559944003153
      ],
      [
        0.0,
        0.0,
        0.0,
        1.0
      ]
    ],
    "3": [
      [
        -0.923993193148502,
        0.24597988154018,
        -0.29279767228022,
        -0.0407773787765369
      ],
      [
        0.0405153277227729,
        -0.698387332735534,
        -0.714572348817153,
        -0.0820595778496758
      ],
      [
        -0.380256607088887,
        -0.672122779968084,
        0.635339186114962,
        0.532280801976572
      ],
      [
        0.0,
        0.0,
        0.0,
        1.0
      ]
    ]
  }
}