{
  "T_WB": [
    [
      -0.922411044398196,
      0.0726006459768264,
      0.379324414421187,
      -0.210344787949409
    ],
    [
      0.0610172470400243,
      0.997232005230827,
      -0.042487919541443,
      -0.000593585732640593
    ],
    [
      -0.381359096831169,
      -0.0160459947354789,
      -0.924287707003108,
      0.191383966603297
    ],
    [
      0.0,
      0.0,
      0.0,
      1.0
    ]
  ],
  "T_WH": {
    "0": [
      [
        -0.81358501797949,
        -0.532824622312968,
        -0.232760263740087,
        -0.249564450396595
      ],
      [
        -0.571264040333612,
        0.807083570760219,
        0.149243110496438,
        -0.0300643200184261
      ],
      [
        0.108336580807363,
        0.254389527429839,
        -0.961014647959641,
        0.176643074561585
      ],
      [
        0.0,
        0.0,
        0.0,
        1.0
      ]
    ],
    "1": [
      [
        0.606017989901449,
        0.542541205896878,
        0.581714049873103,
        -0.171125125502223
      ],
      [
        0.759258131996471,
        -0.612612101079688,
        -0.219621270845883,
        0.0288771485531449
      ],
      [
        0.237211477195006,
        0.574765563960378,
        -0.783182776605992,
        0.206124858645008
      ],
      [
        0.0,
        0.0,
        0.0,
        1.0
      ]
    ],
    "2": [
      [
        -0.72251648110128,
        0.641303233126311,
        -0.258263620587112,
        -0.244918009054079
      ],
      [
        0.685679515029471,
        0.712471782190324,
        -0.149089108426783,
        0.0337585283163468
      ],
      [
        0.0883942147766101,
        -0.284805412104972,
        -0.954501094828991,
        0.175616130898514
      ],
      [
        0.0,
        0.0,
        0.0,
        1.0
      ]
    ],
    "3": [
      [
        0.481273821490827,
        -0.625170965946586,
        0.614440210341924,
        -0.17577156684474
      ],
      [
        -0.835733108211243,
        -0.538712296499033,
        0.106485836806185,
        -0.034945699781628
      ],
      [
        0.264434643318894,
        -0.564756872413387,
        -0.781744200154154,
        0.207151802308079
      ],
      [
        0.0,
        0.0,
        0.0,
        1.0
      ]
    ]
  },
  "T_WP": {
    "0": [
      [
        0.232760263740087,
        -0.532824622312968,
        -0.81358501797949,
        -0.30651540165516
      ],
      [
        -0.149243110496438,
        0.807083570760219,
        -0.571264040333612,
        -0.0700528028417789
      ],
      [
        0.961014647959641,
        0.254389527429839,
        0.108336580807363,
        0.1842266352181
      ],
      [
        0.0,
        0.0,
        0.0,
        1.0
      ]
    ],
    "1": [
      [
        -0.581714049873103,
        0.542541205896878,
        0.606017989901449,
        -0.128703866209121
      ],
      [
        0.219621270845883,
        -0.612612101079688,
        0.759258131996471,
        0.0820252177928978
      ],
      [
        0.783182776605992,
        0.574765563960378,
        0.237211477195006,
        0.222729662048658
      ],
      [
        0.0,
        0.0,
        0.0,
        1.0
      ]
    ],
    "2": [
      [
        0.258263620587112,
        0.641303233126311,
        -0.72251648110128,
        -0.295494162731168
      ],
      [
        0.149089108426783,
        0.712471782190324,
        0.685679515029471,
        0.0817560943684098
      ],
      [
        0.954501094828991,
        -0.284805412104972,
        0.08839421477661,
        0.181803725932877
      ],
      [
        0.0,
        0.0,
        0.0,
        1.0
      ]
    ],
    "3": [
      [
        -0.614440210341924,
        -0.625170965946586,
        0.481273821490827,
        -0.142082399340382
      ],
      [
        -0.106485836806185,
        -0.538712296499033,
        -0.835733108211243,
        -0.093447017356415
      ],
      [
        0.781744200154154,
        -0.564756872413387,
        0.264434643318894,
        0.225662227340401
      ],
      [
        0.0,
        0.0,
        0.0,
        1.0
      ]
    ]
  },
  "simTime": 0.971499999999909,
  "state": [
    -0.210344787949409,
    -0.000593585732640593,
    0.191383966603297,
    0.193993075797516,
    0.0340758615961678,
    0.980297245307786,
    -0.0149275932777267,
    -0.462321903618967,
    -0.00342776930280618,
    -0.269245272677911,
    0.46757005239036,
    12.9147014833823,
    -0.253405610630812,
    0.944572161582537,
    -0.262852219109719,
    0.184656541278387,
    0.0677798217428487,
    0.986168059716717,
    -0.150389662001144,
    0.0210961389702192,
    -0.0664112978212096,
    0.943704916643735,
    0.265761443830862,
    0.184579647139907,
    -0.0687185501672206,
    0.985185360801596,
    0.154440230875364,
    0.024413773086206,
    0.0704413772799028,
    0.430908356610759,
    -1.96599247409155,
    2.76947314450099,
    -1.02390615221288,
    -0.644723614678971,
    1.24281074823729,
    -0.386347946193033,
    -1.95580262196169,
    -2.80125593502226,
    1.03364425577423,
    -0.656972319266847,
    -1.30927932795019
  ]
}