{
  "T_WB": [
    [
      0.804813964275623,
      -0.00165096278251077,
      0.593524858138939,
      -0.0300214974755397
    ],
    [
      0.00128189151686449,
      0.999998634047547,
      0.00104338735846196,
      3.70288078623676e-05
    ],
    [
      -0.593525770005899,
      -7.88982355423365e-05,
      0.8048149812932,
      0.344638933031097
    ],
    [
      0.0,
      0.0,
      0.0,
      1.0
    ]
  ],
  "T_WH": {
    "0": [
      [
        0.334363361985961,
        0.890908601813929,
        -0.307380879976935,
        0.00222389190452552
      ],
      [
        -0.765168318203255,
        0.0662161836848152,
        -0.640416163003575,
        -0.0319116518209845
      ],
      [
        -0.550198679550803,
        0.449329812311813,
        0.703835302317512,
        0.320900426974399
      ],
      [
        0.0,
        0.0,
        0.0,
        1.0
      ]
    ],
    "1": [
      [
        -0.555628163277076,
        -0.500111234898662,
        0.664203355081468,
        -0.062266886855605
      ],
      [
        0.696236784427643,
        -0.716528122581616,
        0.0429160757702905,
        0.0319857094367093
      ],
      [
        0.45445757137845,
        0.486288188503279,
        0.746319042728377,
        0.368377439087796
      ],
      [
        0.0,
        0.0,
        0.0,
        1.0
      ]
    ],
    "2": [
      [
        0.33227493126124,
        -0.890705105480316,
        -0.310222154474237,
        0.00211823028644482
      ],
      [
        0.765937414076171,
        0.0628846055873918,
        0.639832324987122,
        0.0320882607580584
      ],
      [
        -0.550393720688787,
        -0.450210996590951,
        0.703119343194977,
        0.320895377487324
      ],
      [
        0.0,
        0.0,
        0.0,
        1.0
      ]
    ],
    "3": [
      [
        -0.55364202356292,
        0.502170684494151,
        0.66430799587227,
        -0.0621612252375243
      ],
      [
        -0.697712226061649,
        -0.715213666059344,
        -0.0408296642902129,
        -0.0320142031423337
      ],
      [
        0.454618696656059,
        -0.486100828549622,
        0.746342967498265,
        0.368382488574871
      ],
      [
        0.0,
        0.0,
        0.0,
        1.0
      ]
    ]
  },
  "T_WP": {
    "0": [
      [
        0.307380879976935,
        0.890908601813929,
        0.334363361985961,
        0.0256293272435428
      ],
      [
        0.640416163003575,
        0.0662161836848152,
        -0.765168318203255,
        -0.0854734340952124
      ],
      [
        -0.703835302317512,
        0.449329812311813,
        -0.550198679550803,
        0.282386519405843
      ],
      [
        0.0,
        0.0,
        0.0,
        1.0
      ]
    ],
    "1": [
      [
        -0.664203355081468,
        -0.500111234898662,
        -0.555628163277076,
        -0.101160858285
      ],
      [
        -0.0429160757702905,
        -0.716528122581616,
        0.696236784427643,
        0.0807222843466443
      ],
      [
        -0.746319042728377,
        0.486288188503279,
        0.45445757137845,
        0.400189469084288
      ],
      [
        0.0,
        0.0,
        0.0,
        1.0
      ]
    ],
    "2": [
      [
        0.310222154474237,
        -0.890705105480316,
        0.33227493126124,
        0.0253774754747316
      ],
      [
        -0.639832324987122,
        0.0628846055873918,
        0.765937414076171,
        0.0857038797433904
      ],
      [
        -0.703119343194977,
        -0.450210996590951,
        -0.550393720688787,
        0.282367817039109
      ],
      [
        0.0,
        0.0,
        0.0,
        1.0
      ]
    ],
    "3": [
      [
        -0.66430799587227,
        0.502170684494151,
        -0.55364202356292,
        -0.100916166886929
      ],
      [
        0.0408296642902129,
        -0.715213666059344,
        -0.697712226061649,
        -0.0808540589666491
      ],
      [
        -0.746342967498265,
        -0.486100828549622,
        0.454618696656059,
        0.400205797340795
      ],
      [
        0.0,
        0.0,
        0.0,
        1.0
      ]
    ]
  },
  "simTime": 0.452499999999966,
  "state": [
    -0.0300214974755397,
    3.70288078623676e-05,
    0.344638933031097,
    0.949950996054056,
    -0.000295353549463629,
    0.312397858698937,
    0.000771843577078678,
    -0.235699991373211,
    0.000158992229079348,
    0.48193037578456,
    -0.0108150754856824,
    -4.72821799877937,
    0.00256594773394123,
    0.823029638839205,
    0.550980420586659,
    0.0688852375465932,
    -0.119572629688009,
    0.998699406302569,
    0.0470951012664185,
    -0.018019104724513,
    0.00754050081424091,
    0.822779462930824,
    -0.551402994902499,
    0.0688674838047965,
    0.119356450459185,
    0.998696382119139,
    -0.0471586290799977,
    -0.0179362499715246,
    -0.00773892643698874,
    -0.704823412292196,
    -0.833485014234866,
    -5.73509596372712,
    0.0953416609393473,
    0.333099207558033,
    -0.57567603567351,
    0.702766237512093,
    -0.832050932964003,
    5.74023178236459,
    -0.0986847232698363,
    0.332328502938927,
    0.57581510289314
  ]
}