{
  "T_WB": [
    [
      -0.997700129221681,
      0.0677069901796655,
      0.00319619020914661,
      -0.223964255296046
    ],
    [
      0.0675734427741585,
      0.997217843890894,
      -0.0314706475504363,
      -0.000724002661974267
    ],
    [
      -0.00531808073367547,
      -0.0311822915515672,
      -0.999499566138427,
      0.179255237963738
    ],
    [
      0.0,
      0.0,
      0.0,
      1.0
    ]
  ],
  "T_WH": {
    "0": [
      [
        -0.777457875528543,
        -0.34490562363104,
        -0.525927145683058,
        -0.266038884150662
      ],
      [
        -0.495646556210209,
        0.850759957540282,
        0.174762656088243,
        -0.0299320359555165
      ],
      [
        0.387161133245068,
        0.396544581899363,
        -0.832381313744281,
        0.180040348064041
      ],
      [
        0.0,
        0.0,
        0.0,
        1.0
      ]
    ],
    "1": [
      [
        0.688179864812872,
        0.681036286894436,
        0.250196022348833,
        -0.181889626441429
      ],
      [
        0.725529047706172,
        -0.644052219047609,
        -0.242496061977152,
        0.028484030631568
      ],
      [
        -0.0040093142447915,
        0.348405388983711,
        -0.937335377720481,
        0.178470127863435
      ],
      [
        0.0,
        0.0,
        0.0,
        1.0
      ]
    ],
    "2": [
      [
        -0.702397503902695,
        0.449215346739095,
        -0.552126180112245,
        -0.261705636779164
      ],
      [
        0.617490497122683,
        0.770391243453014,
        -0.158753954199888,
        0.0338899060535007
      ],
      [
        0.35403846185753,
        -0.452441050596642,
        -0.818507094202953,
        0.178044681404741
      ],
      [
        0.0,
        0.0,
        0.0,
        1.0
      ]
    ],
    "3": [
      [
        0.578014719925846,
        -0.763685092693147,
        0.287548365927031,
        -0.186222873812928
      ],
      [
        -0.814519327081252,
        -0.561346522238313,
        0.146452544471085,
        -0.0353379113774492
      ],
      [
        0.0495706501889007,
        -0.318865427993081,
        -0.946502820635332,
        0.180465794522735
      ],
      [
        0.0,
        0.0,
        0.0,
        1.0
      ]
    ]
  },
  "T_WP": {
    "0": [
      [
        0.525927145683058,
        -0.34490562363104,
        -0.777457875528543,
        -0.32046093543766
      ],
      [
        -0.174762656088243,
        0.850759957540282,
        -0.495646556210209,
        -0.0646272948902312
      ],
      [
        0.832381313744281,
        0.396544581899363,
        0.387161133245068,
        0.207141627391196
      ],
      [
        0.0,
        0.0,
        0.0,
        1.0
      ]
    ],
    "1": [
      [
        -0.250196022348833,
        0.681036286894436,
        0.688179864812872,
        -0.133717035904528
      ],
      [
        0.242496061977152,
        -0.644052219047609,
        0.725529047706172,
        0.079271063971
      ],
      [
        0.937335377720481,
        0.348405388983711,
        -0.00400931424479155,
        0.178189475866299
      ],
      [
        0.0,
        0.0,
        0.0,
        1.0
      ]
    ],
    "2": [
      [
        0.552126180112245,
        0.449215346739095,
        -0.702397503902695,
        -0.310873462052352
      ],
      [
        0.158753954199888,
        0.770391243453014,
        0.617490497122683,
        0.0771142408520885
      ],
      [
        0.818507094202953,
        -0.452441050596642,
        0.35403846185753,
        0.202827373734768
      ],
      [
        0.0,
        0.0,
        0.0,
        1.0
      ]
    ],
    "3": [
      [
        -0.287548365927031,
        -0.763685092693147,
        0.578014719925846,
        -0.145761843418119
      ],
      [
        -0.146452544471085,
        -0.561346522238313,
        -0.814519327081252,
        -0.0923542642731369
      ],
      [
        0.946502820635332,
        -0.318865427993081,
        0.0495706501889006,
        0.183935740035958
      ],
      [
        0.0,
        0.0,
        0.0,
        1.0
      ]
    ]
  },
  "simTime": 1.00149999999991,
  "state": [
    -0.223964255296046,
    -0.000724002661974267,
    0.179255237963738,
    0.00213005462295799,
    0.03384373289788,
    0.999301948768614,
    -0.0156741761534658,
    -0.44412182191957,
    -0.00534903202190856,
    -0.540745380694684,
    0.465023607120485,
    12.8070472032873,
    -0.267623016374416,
    0.948751381151956,
    -0.243251424323188,
    0.16863212079676,
    0.110737388277774,
    0.985204690265277,
    -0.164611400457656,
    0.0159481683128371,
    -0.0449495388867822,
    0.947645676157477,
    0.246595933737195,
    0.168896441559187,
    -0.112392659693429,
    0.984313674226676,
    0.168680848895272,
    0.0194201055122215,
    0.0479189049149324,
    0.966840994075708,
    -1.84658079097483,
    2.50547449671585,
    -0.874483238830693,
    -0.588382110201,
    1.42444284336486,
    -0.932341318092209,
    -1.84676979297533,
    -2.55477150761052,
    0.875799677291723,
    -0.596622780432534,
    -1.48855594743635
  ]
}