{
  "T_WB": [
    [
      0.99181562121868,
      -0.00234429061095368,
      -0.12765687528737,
      -0.00374381297756496
    ],
    [
      0.00248036085318215,
      0.999996512621194,
      0.000906948448020779,
      3.58836247992951e-07
    ],
    [
      0.127654303948758,
      -0.0012161607544894,
      0.991817977068563,
      0.220290282646717
    ],
    [
      0.0,
      0.0,
      0.0,
      1.0
    ]
  ],
  "T_WH": {
    "0": [
      [
        0.677078163441587,
        0.66794177819492,
        -0.30889956544543,
        0.0397476421482977
      ],
      [
        -0.735692154992619,
        0.624598398628013,
        -0.261980712102321,
        -0.0319006739697509
      ],
      [
        0.0179503112197091,
        0.40463640638619,
        0.914301462841434,
        0.00514508930209397
      ],
      [
        0.0,
        0.0,
        0.0,
        1.0
      ]
    ],
    "1": [
      [
        -0.629282108379763,
        -0.712262401920719,
        -0.310944205418348,
        -0.0397476421482977
      ],
      [
        0.747774358835387,
        -0.663911094201221,
        0.0074543453678389,
        0.0319006739697509
      ],
      [
        -0.211748757591268,
        -0.22782521767062,
        0.950398934054478,
        -0.00514508930209397
      ],
      [
        0.0,
        0.0,
        0.0,
        1.0
      ]
    ],
    "2": [
      [
        0.67243732410798,
        -0.672157735440986,
        -0.309890341626429,
        0.0395976075491967
      ],
      [
        0.739973465601678,
        0.619761568414302,
        0.261409388741275,
        0.0320991028380055
      ],
      [
        0.0163497814034915,
        -0.405092059911683,
        0.91412969957472,
        0.00506725501380665
      ],
      [
        0.0,
        0.0,
        0.0,
        1.0
      ]
    ],
    "3": [
      [
        -0.629023261703009,
        0.712841033544623,
        -0.310140931080598,
        -0.0395976075491967
      ],
      [
        -0.748325519507445,
        -0.663296757013183,
        -0.00680654021559647,
        -0.0320991028380055
      ],
      [
        -0.210567454964959,
        0.227804901244084,
        0.950666226326966,
        -0.00506725501380665
      ],
      [
        0.0,
        0.0,
        0.0,
        1.0
      ]
    ]
  },
  "T_WP": {
    "0": [
      [
        0.30889956544543,
        0.66794177819492,
        0.677078163441587,
        0.0871431135892088
      ],
      [
        0.261980712102321,
        0.624598398628013,
        -0.735692154992619,
        -0.0833991248192342
      ],
      [
        -0.914301462841434,
        0.40463640638619,
        0.0179503112197091,
        0.0064016110874736
      ],
      [
        0.0,
        0.0,
        0.0,
        1.0
      ]
    ],
    "1": [
      [
        0.310944205418348,
        -0.712262401920719,
        -0.629282108379763,
        -0.0837973897348811
      ],
      [
        -0.00745434536783886,
        -0.663911094201221,
        0.747774358835387,
        0.0842448790882281
      ],
      [
        -0.950398934054478,
        -0.22782521767062,
        -0.211748757591268,
        -0.0199675023334828
      ],
      [
        0.0,
        0.0,
        0.0,
        1.0
      ]
    ],
    "2": [
      [
        0.309890341626429,
        -0.672157735440986,
        0.67243732410798,
        0.0866682202367553
      ],
      [
        -0.261409388741275,
        0.619761568414302,
        0.739973465601678,
        0.083897245430123
      ],
      [
        -0.91412969957472,
        -0.405092059911683,
        0.0163497814034915,
        0.00621173971205105
      ],
      [
        0.0,
        0.0,
        0.0,
        1.0
      ]
    ],
    "3": [
      [
        0.310140931080598,
        0.712841033544623,
        -0.629023261703009,
        -0.0836292358684073
      ],
      [
        0.00680654021559642,
        -0.663296757013183,
        -0.748325519507445,
        -0.0844818892035267
      ],
      [
        -0.950666226326966,
        0.227804901244084,
        -0.210567454964959,
        -0.0198069768613538
      ],
      [
        0.0,
        0.0,
        0.0,
        1.0
      ]
    ]
  }
}