{
  "T_WB": [
    [
      -0.180479089282799,
      0.0613061509509559,
      -0.981666366026274,
      -0.272629054353606
    ],
    [
      -0.0643768260715011,
      0.99517924988682,
      0.0739857071309481,
      -0.00308967565519986
    ],
    [
      0.981469776710731,
      0.0765494379488533,
      -0.175662349275829,
      0.143372884816923
    ],
    [
      0.0,
      0.0,
      0.0,
      1.0
    ]
  ],
  "T_WH": {
    "0": [
      [
        0.134480364601743,
        0.211766351364186,
        -0.96802378274838,
        -0.281810014755349
      ],
      [
        -0.420602202614226,
        0.896728434360641,
        0.137738528252536,
        -0.0375104846944381
      ],
      [
        0.897222836698133,
        0.388629807707815,
        0.209661760624924,
        0.180182093870989
      ],
      [
        0.0,
        0.0,
        0.0,
        1.0
      ]
    ],
    "1": [
      [
        0.458721141423232,
        0.388194915875034,
        -0.799299456837138,
        -0.263448093951864
      ],
      [
        0.711115224928262,
        -0.699753721207633,
        0.0682632150671018,
        0.0313311333840384
      ],
      [
        -0.532813336250694,
        -0.599707792966579,
        -0.597043140626002,
        0.106563675762857
      ],
      [
        0.0,
        0.0,
        0.0,
        1.0
      ]
    ],
    "2": [
      [
        0.161205788529177,
        -0.00508827225112075,
        -0.986907697421692,
        -0.277886421094488
      ],
      [
        0.311009873249816,
        0.949297305766373,
        0.0459073415244045,
        0.0261809872983183
      ],
      [
        0.936635229150505,
        -0.314338567074109,
        0.154614723632573,
        0.185081257899716
      ],
      [
        0.0,
        0.0,
        0.0,
        1.0
      ]
    ],
    "3": [
      [
        0.164963912137722,
        -0.480766291917867,
        -0.86119143066322,
        -0.267371687612725
      ],
      [
        -0.503038666896208,
        -0.792062718713917,
        0.345816062713698,
        -0.032360338608718
      ],
      [
        -0.848374332060739,
        0.376165418637948,
        -0.372505799312485,
        0.10166451173413
      ],
      [
        0.0,
        0.0,
        0.0,
        1.0
      ]
    ]
  },
  "T_WP": {
    "0": [
      [
        0.96802378274838,
        0.211766351364186,
        0.134480364601743,
        -0.272396389233227
      ],
      [
        -0.137738528252536,
        0.896728434360641,
        -0.420602202614226,
        -0.066952638877434
      ],
      [
        -0.209661760624924,
        0.388629807707815,
        0.897222836698133,
        0.242987692439858
      ],
      [
        0.0,
        0.0,
        0.0,
        1.0
      ]
    ],
    "1": [
      [
        0.799299456837138,
        0.388194915875034,
        0.458721141423232,
        -0.231337614052238
      ],
      [
        -0.0682632150671017,
        -0.699753721207633,
        0.711115224928262,
        0.0811091991290167
      ],
      [
        0.597043140626002,
        -0.599707792966579,
        -0.532813336250694,
        0.0692667422253085
      ],
      [
        0.0,
        0.0,
        0.0,
        1.0
      ]
    ],
    "2": [
      [
        0.986907697421692,
        -0.00508827225112075,
        0.161205788529177,
        -0.266602015897445
      ],
      [
        -0.0459073415244045,
        0.949297305766373,
        0.311009873249816,
        0.0479516784258055
      ],
      [
        -0.154614723632573,
        -0.314338567074109,
        0.936635229150505,
        0.250645723940251
      ],
      [
        0.0,
        0.0,
        0.0,
        1.0
      ]
    ],
    "3": [
      [
        0.86119143066322,
        -0.480766291917867,
        0.164963912137722,
        -0.255824213763084
      ],
      [
        -0.345816062713698,
        -0.792062718713917,
        -0.503038666896208,
        -0.0675730452914526
      ],
      [
        0.372505799312484,
        0.376165418637948,
        -0.848374332060739,
        0.0422783084898787
      ],
      [
        0.0,
        0.0,
        0.0,
        1.0
      ]
    ]
  },
  "simTime": 1.12349999999989,
  "state": [
    -0.272629054353606,
    -0.00308967565519986,
    0.143372884816923,
    -0.640124560403714,
    -0.00100126247940256,
    0.766700836122775,
    0.049085359630316,
    -0.3314015407442,
    -0.021159506683646,
    0.543861169225078,
    -1.90923712782137,
    8.91795477332848,
    -2.76293034349526,
    0.955639424083379,
    -0.140976536282069,
    0.13530306428709,
    0.220390535527327,
    0.973222841407618,
    -0.170024364583051,
    0.154287936659056,
    0.0111467040914474,
    0.968038258620815,
    0.0939311959463151,
    0.136570982250305,
    -0.18822121846822,
    0.978829989902297,
    0.178142744241419,
    0.00731345995161314,
    -0.100516301392071,
    1.73991237348654,
    -1.00088704522887,
    1.31157127291459,
    -0.277081774743562,
    0.42735540933323,
    1.61820682749666,
    -2.44614212791064,
    -1.12069833217456,
    -0.394311777732784,
    -0.448420530069519,
    -0.370492195710469,
    -2.54162147817083
  ]
}