{
  "T_WB": [
    [
      -0.99577125773014,
      0.0688358875241529,
      0.0608376763798417,
      -0.22195826538995
    ],
    [
      0.066902848061229,
      0.997204933949518,
      -0.0332615187270935,
      -0.000700651328248918
    ],
    [
      -0.0629572172179829,
      -0.0290506505176537,
      -0.997593328217801,
      0.181595612814781
    ],
    [
      0.0,
      0.0,
      0.0,
      1.0
    ]
  ],
  "T_WH": {
    "0": [
      [
        -0.789969134609618,
        -0.374691845771735,
        -0.485339867594144,
        -0.263991864099929
      ],
      [
        -0.506555851180047,
        0.844818974694503,
        0.172284850266607,
        -0.0299350952921843
      ],
      [
        0.345470600774349,
        0.381951463812222,
        -0.857183261206326,
        0.180006944942627
      ],
      [
        0.0,
        0.0,
        0.0,
        1.0
      ]
    ],
    "1": [
      [
        0.681841145878339,
        0.665732103089937,
        0.303139272781941,
        -0.179924666679972
      ],
      [
        0.730693291054822,
        -0.639313418008684,
        -0.239511310717316,
        0.0285337926356865
      ],
      [
        0.0343506360172239,
        0.384810499427319,
        -0.922356174878073,
        0.183184280686935
      ],
      [
        0.0,
        0.0,
        0.0,
        1.0
      ]
    ],
    "2": [
      [
        -0.712213556519188,
        0.480395397927281,
        -0.511832112670336,
        -0.259586367298383
      ],
      [
        0.627871345413699,
        0.762013372270195,
        -0.158471429884999,
        0.0338860204805848
      ],
      [
        0.313893968592392,
        -0.434230217893336,
        -0.844342758806887,
        0.178147703309497
      ],
      [
        0.0,
        0.0,
        0.0,
        1.0
      ]
    ],
    "3": [
      [
        0.568771217559511,
        -0.748875959743461,
        0.340123652506235,
        -0.184330163481517
      ],
      [
        -0.818151069604746,
        -0.55757421597796,
        0.140498473234315,
        -0.0352873231370827
      ],
      [
        0.084428249895886,
        -0.358184017782583,
        -0.929825833166968,
        0.185043522320065
      ],
      [
        0.0,
        0.0,
        0.0,
        1.0
      ]
    ]
  },
  "T_WP": {
    "0": [
      [
        0.485339867594144,
        -0.374691845771735,
        -0.789969134609618,
        -0.319289703522602
      ],
      [
        -0.172284850266607,
        0.844818974694503,
        -0.506555851180047,
        -0.0653940048747876
      ],
      [
        0.857183261206326,
        0.381951463812222,
        0.345470600774349,
        0.204189886996831
      ],
      [
        0.0,
        0.0,
        0.0,
        1.0
      ]
    ],
    "1": [
      [
        -0.303139272781941,
        0.665732103089937,
        0.681841145878339,
        -0.132195786468488
      ],
      [
        0.239511310717316,
        -0.639313418008684,
        0.730693291054822,
        0.079682323009524
      ],
      [
        0.922356174878073,
        0.384810499427319,
        0.0343506360172239,
        0.185588825208141
      ],
      [
        0.0,
        0.0,
        0.0,
        1.0
      ]
    ],
    "2": [
      [
        0.511832112670336,
        0.480395397927281,
        -0.712213556519188,
        -0.309441316254726
      ],
      [
        0.158471429884999,
        0.762013372270195,
        0.627871345413699,
        0.0778370146595438
      ],
      [
        0.844342758806887,
        -0.434230217893336,
        0.313893968592392,
        0.200120281110964
      ],
      [
        0.0,
        0.0,
        0.0,
        1.0
      ]
    ],
    "3": [
      [
        -0.340123652506235,
        -0.748875959743461,
        0.568771217559511,
        -0.144516178252352
      ],
      [
        -0.140498473234315,
        -0.55757421597796,
        -0.818151069604746,
        -0.0925578980094149
      ],
      [
        0.929825833166968,
        -0.358184017782583,
        0.084428249895886,
        0.190953499812777
      ],
      [
        0.0,
        0.0,
        0.0,
        1.0
      ]
    ]
  },
  "simTime": 0.996999999999907,
  "state": [
    -0.22195826538995,
    -0.000700651328248918,
    0.181595612814781,
    0.0309852707006818,
    0.0339747573138609,
    0.998820494370417,
    -0.0155964383980788,
    -0.447401972809319,
    -0.00503085808136495,
    -0.499457653047676,
    0.46529320997219,
    12.8243726329404,
    -0.265490816849218,
    0.948142763373368,
    -0.246650963202842,
    0.170973254977612,
    0.104674489232979,
    0.985361287610076,
    -0.16263527050805,
    0.0166489091592706,
    -0.0483292405277816,
    0.947070028275529,
    0.249944001221223,
    0.171191363086616,
    -0.106206755906865,
    0.984457255161319,
    0.166711122543944,
    0.0200949691049661,
    0.0514539269351792,
    0.892100722106132,
    -1.86477001034968,
    2.55066752374987,
    -0.898790352719369,
    -0.59660058198901,
    1.39841061794922,
    -0.855782082033946,
    -1.86339587262074,
    -2.59764526370938,
    0.901289232562867,
    -0.605368740964744,
    -1.46300892272862
  ]
}