{
  "T_W_L": {
    "arm_motor_0": {
      "p": [
        -1.98820547998388e-17,
        -0.0814974745618855,
        0.29647015457077
      ],
      "q": [
        -5.26705698139011e-17,
        0.923879532979703,
        -0.382683431234233,
        -7.3711182327005e-17
      ]
    },
    "arm_motor_1": {
      "p": [
        1.98820547998388e-17,
        0.0814974745618855,
        0.475465104179232
      ],
      "q": [
        1.30283648998052e-16,
        0.382683431234233,
        0.923879532979703,
        -2.9240770826019e-17
      ]
    },
    "arm_motor_2": {
      "p": [
        -1.98738562880428e-17,
        0.0814974745618855,
        0.29647015457077
      ],
      "q": [
        5.32251293990275e-17,
        0.923879532979703,
        0.382683431234233,
        -7.39058465183742e-17
      ]
    },
    "arm_motor_3": {
      "p": [
        1.98738562880428e-17,
        -0.0814974745618855,
        0.475465104179232
      ],
      "q": [
        1.30266696717799e-16,
        -0.382683431234233,
        0.923879532979703,
        2.92844430535647e-17
      ]
    },
    "base_link": {
      "p": [
        -2.47114533990436e-36,
        5.29130448071722e-21,
        0.385967629375001
      ],
      "q": [
        -2.56701408424353e-19,
        0.707106781186548,
        -2.97206268361927e-19,
        0.707106781186548
      ]
    },
    "connecting_link_0": {
      "p": [
        -8.88361723771376e-18,
        -0.032,
        0.345967629375001
      ],
      "q": [
        -0.270598049273462,
        0.653281482769409,
        -0.270598049273462,
        0.653281482769408
      ]
    },
    "connecting_link_1": {
      "p": [
        8.88361723771376e-18,
        0.032,
        0.425967629375001
      ],
      "q": [
        0.653281482769408,
        0.270598049273462,
        0.653281482769408,
        0.270598049273462
      ]
    },
    "connecting_link_2": {
      "p": [
        -8.87995115628875e-18,
        0.032,
        0.345967629375001
      ],
      "q": [
        0.270598049273462,
        0.653281482769409,
        0.270598049273462,
        0.653281482769408
      ]
    },
    "connecting_link_3": {
      "p": [
        8.87995115628875e-18,
        -0.032,
        0.425967629375001
      ],
      "q": [
        0.653281482769408,
        -0.270598049273462,
        0.653281482769408,
        -0.270598049273462
      ]
    }
  },
  "contacts": [],
  "idx": 304,
  "t": 0.1525,
  "thrust": [
    0.0,
    0.0,
    0.0,
    0.0
  ]
}