{
  "T_W_L": {
    "arm_motor_0": {
      "p": [
        -1.98724657441808e-17,
        -0.0814974745618855,
        0.409471606370769
      ],
      "q": [
        -5.41562397801963e-17,
        0.923879532979703,
        -0.382683431234233,
        -7.42665888571626e-17
      ]
    },
    "arm_motor_1": {
      "p": [
        1.98724657441808e-17,
        0.0814974745618855,
        0.588466555979231
      ],
      "q": [
        1.30836307455692e-16,
        0.382683431234233,
        0.923879532979703,
        -3.07198063583484e-17
      ]
    },
    "arm_motor_2": {
      "p": [
        -1.98724616327644e-17,
        0.0814974745618855,
        0.409471606370769
      ],
      "q": [
        5.41634922727197e-17,
        0.923879532979703,
        0.382683431234233,
        -7.4269588098117e-17
      ]
    },
    "arm_motor_3": {
      "p": [
        1.98724616327644e-17,
        -0.0814974745618855,
        0.588466555979231
      ],
      "q": [
        1.30837823276506e-16,
        -0.382683431234233,
        0.923879532979703,
        3.0723477557838e-17
      ]
    },
    "base_link": {
      "p": [
        -1.82990926885027e-37,
        1.15131955072453e-22,
        0.498969081175
      ],
      "q": [
        -2.53051627775964e-21,
        0.707106781186548,
        -2.56902510872471e-21,
        0.707106781186548
      ]
    },
    "connecting_link_0": {
      "p": [
        -8.88178593971201e-18,
        -0.032,
        0.458969081175
      ],
      "q": [
        -0.270598049273462,
        0.653281482769409,
        -0.270598049273462,
        0.653281482769408
      ]
    },
    "connecting_link_1": {
      "p": [
        8.88178593971201e-18,
        0.032,
        0.538969081175
      ],
      "q": [
        0.653281482769408,
        0.270598049273462,
        0.653281482769408,
        0.270598049273462
      ]
    },
    "connecting_link_2": {
      "p": [
        -8.8817824542905e-18,
        0.032,
        0.458969081175
      ],
      "q": [
        0.270598049273462,
        0.653281482769409,
        0.270598049273462,
        0.653281482769408
      ]
    },
    "connecting_link_3": {
      "p": [
        8.8817824542905e-18,
        -0.032,
        0.538969081175
      ],
      "q": [
        0.653281482769408,
        -0.270598049273462,
        0.653281482769408,
        -0.270598049273462
      ]
    }
  },
  "contacts": [],
  "idx": 28,
  "t": 0.0145,
  "thrust": [
    0.0,
    0.0,
    0.0,
    0.0
  ]
}