{
  "T_W_L": {
    "arm_motor_0": {
      "p": [
        -1.98871793918599e-17,
        -0.0814974745618855,
        0.190128609995772
      ],
      "q": [
        -5.21296422937464e-17,
        0.923879532979703,
        -0.382683431234233,
        -7.35171494058608e-17
      ]
    },
    "arm_motor_1": {
      "p": [
        1.98871793918599e-17,
        0.0814974745618855,
        0.369123559604234
      ],
      "q": [
        1.30088665391255e-16,
        0.382683431234233,
        0.923879532979703,
        -2.86975481476601e-17
      ]
    },
    "arm_motor_2": {
      "p": [
        -1.98722921098422e-17,
        0.0814974745618855,
        0.190128609995772
      ],
      "q": [
        5.26467844387665e-17,
        0.923879532979703,
        0.382683431234233,
        -7.36637884865098e-17
      ]
    },
    "arm_motor_3": {
      "p": [
        1.98722921098422e-17,
        -0.0814974745618855,
        0.369123559604234
      ],
      "q": [
        1.300544452824e-16,
        -0.382683431234233,
        0.923879532979703,
        2.87780575829873e-17
      ]
    },
    "base_link": {
      "p": [
        -6.81654933518019e-36,
        4.5034175839742e-21,
        0.279626084800003
      ],
      "q": [
        -5.86994782501608e-19,
        0.707106781186548,
        -6.54918996939354e-19,
        0.707106781186548
      ]
    },
    "connecting_link_0": {
      "p": [
        -8.88485809604994e-18,
        -0.032,
        0.239626084800003
      ],
      "q": [
        -0.270598049273462,
        0.653281482769409,
        -0.270598049273462,
        0.653281482769408
      ]
    },
    "connecting_link_1": {
      "p": [
        8.88485809604994e-18,
        0.032,
        0.319626084800003
      ],
      "q": [
        0.653281482769408,
        0.270598049273462,
        0.653281482769408,
        0.270598049273462
      ]
    },
    "connecting_link_2": {
      "p": [
        -8.87871029795257e-18,
        0.032,
        0.239626084800003
      ],
      "q": [
        0.270598049273462,
        0.653281482769409,
        0.270598049273462,
        0.653281482769408
      ]
    },
    "connecting_link_3": {
      "p": [
        8.87871029795257e-18,
        -0.032,
        0.319626084800003
      ],
      "q": [
        0.653281482769408,
        -0.270598049273462,
        0.653281482769408,
        -0.270598049273462
      ]
    }
  },
  "contacts": [],
  "idx": 423,
  "t": 0.211999999999993,
  "thrust": [
    0.0,
    0.0,
    0.0,
    0.0
  ]
}