{
  "T_W_L": {
    "arm_motor_0": {
      "p": [
        -1.98897086614809e-17,
        -0.0814974745618855,
        0.0966471954957715
      ],
      "q": [
        -5.18557398727402e-17,
        0.923879532979703,
        -0.382683431234233,
        -7.34176474213633e-17
      ]
    },
    "arm_motor_1": {
      "p": [
        1.98897086614809e-17,
        0.0814974745618855,
        0.275642145104234
      ],
      "q": [
        1.29988423986734e-16,
        0.382683431234233,
        0.923879532979703,
        -2.84218606087984e-17
      ]
    },
    "arm_motor_2": {
      "p": [
        -1.98707957193496e-17,
        0.0814974745618855,
        0.0966471954957715
      ],
      "q": [
        5.23198619573507e-17,
        0.923879532979703,
        0.382683431234233,
        -7.35224062223306e-17
      ]
    },
    "arm_motor_3": {
      "p": [
        1.98707957193496e-17,
        -0.0814974745618855,
        0.275642145104234
      ],
      "q": [
        1.29943577228936e-16,
        -0.382683431234233,
        0.923879532979703,
        2.85248029231809e-17
      ]
    },
    "base_link": {
      "p": [
        -9.9186172811185e-36,
        3.71536561757692e-21,
        0.186144670300003
      ],
      "q": [
        -8.72392681283731e-19,
        0.707106781186548,
        -9.56329762665548e-19,
        0.707106781186548
      ]
    },
    "connecting_link_0": {
      "p": [
        -8.88558275568529e-18,
        -0.032,
        0.146144670300003
      ],
      "q": [
        -0.270598049273462,
        0.653281482769409,
        -0.270598049273462,
        0.653281482769408
      ]
    },
    "connecting_link_1": {
      "p": [
        8.88558275568529e-18,
        0.032,
        0.226144670300003
      ],
      "q": [
        0.653281482769408,
        0.270598049273462,
        0.653281482769408,
        0.270598049273462
      ]
    },
    "connecting_link_2": {
      "p": [
        -8.87798563831722e-18,
        0.032,
        0.146144670300003
      ],
      "q": [
        0.270598049273462,
        0.653281482769409,
        0.270598049273462,
        0.653281482769408
      ]
    },
    "connecting_link_3": {
      "p": [
        8.87798563831722e-18,
        -0.032,
        0.226144670300003
      ],
      "q": [
        0.653281482769408,
        -0.270598049273462,
        0.653281482769408,
        -0.270598049273462
      ]
    }
  },
  "contacts": [],
  "idx": 505,
  "t": 0.252999999999988,
  "thrust": [
    0.0,
    0.0,
    0.0,
    0.0
  ]
}