{
  "T_W_L": {
    "arm_motor_0": {
      "p": [
        -1.98785172754761e-17,
        -0.0814974745618855,
        0.34452372039577
      ],
      "q": [
        -5.30667612609969e-17,
        0.923879532979703,
        -0.382683431234233,
        -7.38541060141168e-17
      ]
    },
    "arm_motor_1": {
      "p": [
        1.98785172754761e-17,
        0.0814974745618855,
        0.523518670004232
      ],
      "q": [
        1.30426733926425e-16,
        0.382683431234233,
        0.923879532979703,
        -2.96373515439562e-17
      ]
    },
    "arm_motor_2": {
      "p": [
        -1.98742662831992e-17,
        0.0814974745618855,
        0.34452372039577
      ],
      "q": [
        5.35710423900112e-17,
        0.923879532979703,
        0.382683431234233,
        -7.40461324587385e-17
      ]
    },
    "arm_motor_3": {
      "p": [
        1.98742662831992e-17,
        -0.0814974745618855,
        0.523518670004232
      ],
      "q": [
        1.30418962176856e-16,
        -0.382683431234233,
        0.923879532979703,
        2.96592771611485e-17
      ]
    },
    "base_link": {
      "p": [
        -3.06197439919992e-37,
        5.00899920310929e-21,
        0.434021195200001
      ],
      "q": [
        -1.15448033369232e-19,
        0.707106781186548,
        -1.38330560876704e-19,
        0.707106781186548
      ]
    },
    "connecting_link_0": {
      "p": [
        -8.88281974198501e-18,
        -0.032,
        0.394021195200001
      ],
      "q": [
        -0.270598049273462,
        0.653281482769409,
        -0.270598049273462,
        0.653281482769408
      ]
    },
    "connecting_link_1": {
      "p": [
        8.88281974198501e-18,
        0.032,
        0.474021195200001
      ],
      "q": [
        0.653281482769408,
        0.270598049273462,
        0.653281482769408,
        0.270598049273462
      ]
    },
    "connecting_link_2": {
      "p": [
        -8.88074865201749e-18,
        0.032,
        0.394021195200001
      ],
      "q": [
        0.270598049273462,
        0.653281482769409,
        0.270598049273462,
        0.653281482769408
      ]
    },
    "connecting_link_3": {
      "p": [
        8.88074865201749e-18,
        -0.032,
        0.474021195200001
      ],
      "q": [
        0.653281482769408,
        -0.270598049273462,
        0.653281482769408,
        -0.270598049273462
      ]
    }
  },
  "contacts": [],
  "idx": 231,
  "t": 0.116000000000002,
  "thrust": [
    0.0,
    0.0,
    0.0,
    0.0
  ]
}