{
  "T_W_L": {
    "arm_motor_0": {
      "p": [
        -1.98730672494499e-17,
        -0.0814974745618855,
        0.401853103995768
      ],
      "q": [
        -5.39317496588609e-17,
        0.923879532979703,
        -0.382683431234233,
        -7.41779106156311e-17
      ]
    },
    "arm_motor_1": {
      "p": [
        1.98730672494499e-17,
        0.0814974745618855,
        0.580848053604231
      ],
      "q": [
        1.30754637534146e-16,
        0.382683431234233,
        0.923879532979703,
        -3.05122358182308e-17
      ]
    },
    "arm_motor_2": {
      "p": [
        -1.98729308667567e-17,
        0.0814974745618855,
        0.401853103995768
      ],
      "q": [
        5.40492576889826e-17,
        0.923879532979703,
        0.382683431234233,
        -7.42262402578428e-17
      ]
    },
    "arm_motor_3": {
      "p": [
        1.98729308667567e-17,
        -0.0814974745618855,
        0.580848053604231
      ],
      "q": [
        1.30749024607026e-16,
        -0.382683431234233,
        0.923879532979703,
        3.04995149654314e-17
      ]
    },
    "base_link": {
      "p": [
        3.95944034174787e-37,
        1.08951935586369e-21,
        0.4913505788
      ],
      "q": [
        8.53314344843905e-23,
        0.707106781186548,
        -9.30222491982161e-22,
        0.707106781186548
      ]
    },
    "connecting_link_0": {
      "p": [
        -8.88183015572561e-18,
        -0.032,
        0.4513505788
      ],
      "q": [
        -0.270598049273462,
        0.653281482769409,
        -0.270598049273462,
        0.653281482769408
      ]
    },
    "connecting_link_1": {
      "p": [
        8.88183015572561e-18,
        0.032,
        0.5313505788
      ],
      "q": [
        0.653281482769408,
        0.270598049273462,
        0.653281482769408,
        0.270598049273462
      ]
    },
    "connecting_link_2": {
      "p": [
        -8.8817382382769e-18,
        0.032,
        0.4513505788
      ],
      "q": [
        0.270598049273462,
        0.653281482769409,
        0.270598049273462,
        0.653281482769408
      ]
    },
    "connecting_link_3": {
      "p": [
        8.8817382382769e-18,
        -0.032,
        0.5313505788
      ],
      "q": [
        0.653281482769408,
        -0.270598049273462,
        0.653281482769408,
        -0.270598049273462
      ]
    }
  },
  "contacts": [],
  "idx": 83,
  "t": 0.0420000000000002,
  "thrust": [
    0.0,
    0.0,
    0.0,
    0.0
  ]
}