{
  "T_W_L": {
    "arm_motor_0": {
      "p": [
        -1.98878465096581e-17,
        -0.0814974745618855,
        0.169935594770772
      ],
      "q": [
        -5.20583682077637e-17,
        0.923879532979703,
        -0.382683431234233,
        -7.34914002243549e-17
      ]
    },
    "arm_motor_1": {
      "p": [
        1.98878465096581e-17,
        0.0814974745618855,
        0.348930544379234
      ],
      "q": [
        1.30062672944912e-16,
        0.382683431234233,
        0.923879532979703,
        -2.8625686768407e-17
      ]
    },
    "arm_motor_2": {
      "p": [
        -1.98719703174084e-17,
        0.0814974745618855,
        0.169935594770772
      ],
      "q": [
        5.2564996214612e-17,
        0.923879532979703,
        0.382683431234233,
        -7.36288070226368e-17
      ]
    },
    "arm_motor_3": {
      "p": [
        1.98719703174084e-17,
        -0.0814974745618855,
        0.348930544379234
      ],
      "q": [
        1.30025890867551e-16,
        -0.382683431234233,
        0.923879532979703,
        2.87117856278084e-17
      ]
    },
    "base_link": {
      "p": [
        -7.57617535406864e-36,
        4.33698130888396e-21,
        0.259433069575003
      ],
      "q": [
        -6.49096248766716e-19,
        0.707106781186548,
        -7.2097672561172e-19,
        0.707106781186548
      ]
    },
    "connecting_link_0": {
      "p": [
        -8.88503713604842e-18,
        -0.032,
        0.219433069575003
      ],
      "q": [
        -0.270598049273462,
        0.653281482769409,
        -0.270598049273462,
        0.653281482769408
      ]
    },
    "connecting_link_1": {
      "p": [
        8.88503713604842e-18,
        0.032,
        0.299433069575003
      ],
      "q": [
        0.653281482769408,
        0.270598049273462,
        0.653281482769408,
        0.270598049273462
      ]
    },
    "connecting_link_2": {
      "p": [
        -8.87853125795408e-18,
        0.032,
        0.219433069575003
      ],
      "q": [
        0.270598049273462,
        0.653281482769409,
        0.270598049273462,
        0.653281482769408
      ]
    },
    "connecting_link_3": {
      "p": [
        8.87853125795408e-18,
        -0.032,
        0.299433069575003
      ],
      "q": [
        0.653281482769408,
        -0.270598049273462,
        0.653281482769408,
        -0.270598049273462
      ]
    }
  },
  "contacts": [],
  "idx": 442,
  "t": 0.221499999999992,
  "thrust": [
    0.0,
    0.0,
    0.0,
    0.0
  ]
}