{
  "T_W_L": {
    "arm_motor_0": {
      "p": [
        0.0323201745280257,
        -0.0837770914054482,
        0.265760239104688
      ],
      "q": [
        0.635209404018505,
        0.606679498510487,
        -0.128500481337931,
        0.46036575179898
      ]
    },
    "arm_motor_1": {
      "p": [
        -0.0892819386864111,
        0.0801029611187584,
        0.394880161623465
      ],
      "q": [
        -0.337106172584611,
        0.351655735621298,
        0.865503274143129,
        0.116626559828893
      ]
    },
    "arm_motor_2": {
      "p": [
        0.0321118975184815,
        0.0840024809321854,
        0.265777682561905
      ],
      "q": [
        0.636228741132793,
        -0.605533507821155,
        -0.128786236359325,
        -0.460387081906941
      ]
    },
    "arm_motor_3": {
      "p": [
        -0.0890726544605895,
        -0.0802121814319443,
        0.394874126474214
      ],
      "q": [
        -0.336703697206493,
        -0.352057695686817,
        0.865347681977059,
        -0.117725904082736
      ]
    },
    "base_link": {
      "p": [
        -0.0247649777086802,
        3.28125621650153e-05,
        0.33093993338403
      ],
      "q": [
        -0.000231278812042286,
        0.364602388847476,
        0.000684967371902211,
        0.931163022986053
      ]
    },
    "connecting_link_0": {
      "p": [
        0.0046464096307786,
        -0.0319228746684383,
        0.303777379225995
      ],
      "q": [
        0.358297315315164,
        0.103459442480517,
        -0.540024438794736,
        0.754514932326721
      ]
    },
    "connecting_link_1": {
      "p": [
        -0.0541763650481391,
        0.0319884997927683,
        0.358102487542065
      ],
      "q": [
        0.373633173671345,
        0.166190723979495,
        0.850373294900187,
        0.331125586622432
      ]
    },
    "connecting_link_2": {
      "p": [
        0.00455397557048705,
        0.0320770584297774,
        0.30378178018117
      ],
      "q": [
        -0.358816036187606,
        0.102634022028931,
        0.540947278293951,
        0.753719677203101
      ]
    },
    "connecting_link_3": {
      "p": [
        -0.0540839309878475,
        -0.0320114333054474,
        0.35809808658689
      ],
      "q": [
        0.373807746464745,
        -0.165697598890839,
        0.849978681555331,
        -0.332187169087278
      ]
    }
  },
  "contacts": [],
  "idx": 858,
  "t": 0.429499999999969,
  "thrust": [
    0.0,
    0.0,
    0.0,
    0.0
  ]
}