{
  "T_W_L": {
    "arm_motor_0": {
      "p": [
        0.038901162519544,
        -0.0732196419416778,
        0.112412961680604
      ],
      "q": [
        0.401948572709511,
        0.813872302980853,
        -0.173118701648321,
        0.382203001658842
      ]
    },
    "arm_motor_1": {
      "p": [
        -0.0223450344966856,
        0.0779538767716348,
        0.287521019765422
      ],
      "q": [
        -0.0697927318574498,
        0.349042982187049,
        0.933914309288288,
        0.0331968985362541
      ]
    },
    "arm_motor_2": {
      "p": [
        0.0389123336704402,
        0.0732757283211943,
        0.11247401225454
      ],
      "q": [
        -0.402131229624412,
        0.81356782854703,
        0.173130313907528,
        0.382653572987774
      ]
    },
    "arm_motor_3": {
      "p": [
        -0.0223153317742476,
        -0.0779809272608629,
        0.287499149667477
      ],
      "q": [
        -0.0698322772794332,
        -0.349133591219641,
        0.933866372046885,
        -0.0335080242931993
      ]
    },
    "base_link": {
      "p": [
        -0.00487397948252188,
        3.17048295039783e-06,
        0.196512687387783
      ],
      "q": [
        -1.43192223366632e-05,
        0.612794731803505,
        0.000174519755701602,
        0.790242105947086
      ]
    },
    "connecting_link_0": {
      "p": [
        0.0050940154214265,
        -0.0319864965054487,
        0.157766070973363
      ],
      "q": [
        0.161807153565411,
        0.305236290194853,
        -0.406633969336888,
        0.845752958720494
      ]
    },
    "connecting_link_1": {
      "p": [
        -0.0148419743864703,
        0.0319928374713495,
        0.235259303802203
      ],
      "q": [
        0.611026227170962,
        0.22333690756069,
        0.709728055118836,
        0.270284411699384
      ]
    },
    "connecting_link_2": {
      "p": [
        0.00507523940820584,
        0.0320134995697916,
        0.157778311502576
      ],
      "q": [
        -0.161928100401338,
        0.304702392215902,
        0.406771338387276,
        0.845856264825736
      ]
    },
    "connecting_link_3": {
      "p": [
        -0.0148231983732496,
        -0.0320071586038908,
        0.23524706327299
      ],
      "q": [
        0.610964367586445,
        -0.223180978689535,
        0.709722121206418,
        -0.270568481093305
      ]
    }
  },
  "contacts": [],
  "idx": 641,
  "t": 0.320999999999981,
  "thrust": [
    0.0,
    0.0,
    0.0,
    0.0
  ]
}