{
  "T_W_L": {
    "arm_motor_0": {
      "p": [
        -1.98811342009548e-17,
        -0.0814974745618855,
        0.31023494349577
      ],
      "q": [
        -5.27698195962809e-17,
        0.923879532979703,
        -0.382683431234233,
        -7.37468133467806e-17
      ]
    },
    "arm_motor_1": {
      "p": [
        1.98811342009548e-17,
        0.0814974745618855,
        0.489229893104232
      ],
      "q": [
        1.3031937151133e-16,
        0.382683431234233,
        0.923879532979703,
        -2.93402414932546e-17
      ]
    },
    "arm_motor_2": {
      "p": [
        -1.98740194041197e-17,
        0.0814974745618855,
        0.31023494349577
      ],
      "q": [
        5.33224949723241e-17,
        0.923879532979703,
        0.382683431234233,
        -7.39457998631953e-17
      ]
    },
    "arm_motor_3": {
      "p": [
        1.98740194041197e-17,
        -0.0814974745618855,
        0.489229893104232
      ],
      "q": [
        1.30305049373807e-16,
        -0.382683431234233,
        0.923879532979703,
        2.93779442222066e-17
      ]
    },
    "base_link": {
      "p": [
        -1.82443614812922e-36,
        5.33804495734959e-21,
        0.399732418300001
      ],
      "q": [
        -2.1426859049841e-19,
        0.707106781186548,
        -2.50092137196715e-19,
        0.707106781186548
      ]
    },
    "connecting_link_0": {
      "p": [
        -8.88340538566023e-18,
        -0.032,
        0.359732418300001
      ],
      "q": [
        -0.270598049273462,
        0.653281482769409,
        -0.270598049273462,
        0.653281482769408
      ]
    },
    "connecting_link_1": {
      "p": [
        8.88340538566023e-18,
        0.032,
        0.439732418300001
      ],
      "q": [
        0.653281482769408,
        0.270598049273462,
        0.653281482769408,
        0.270598049273462
      ]
    },
    "connecting_link_2": {
      "p": [
        -8.88016300834227e-18,
        0.032,
        0.359732418300001
      ],
      "q": [
        0.270598049273462,
        0.653281482769409,
        0.270598049273462,
        0.653281482769408
      ]
    },
    "connecting_link_3": {
      "p": [
        8.88016300834227e-18,
        -0.032,
        0.439732418300001
      ],
      "q": [
        0.653281482769408,
        -0.270598049273462,
        0.653281482769408,
        -0.270598049273462
      ]
    }
  },
  "contacts": [],
  "idx": 285,
  "t": 0.143000000000001,
  "thrust": [
    0.0,
    0.0,
    0.0,
    0.0
  ]
}