{
  "T_W_L": {
    "arm_motor_0": {
      "p": [
        0.00949331379938265,
        -0.0874334908679358,
        0.299426316173056
      ],
      "q": [
        0.72009915222503,
        0.517675134705083,
        -0.167205589036351,
        0.430710989954835
      ]
    },
    "arm_motor_1": {
      "p": [
        -0.121552056420297,
        0.0819766012897465,
        0.394732431795483
      ],
      "q": [
        -0.473135469866258,
        0.347660667534481,
        0.790590000081484,
        0.173903246591528
      ]
    },
    "arm_motor_2": {
      "p": [
        0.00917059631786282,
        0.0876415500842174,
        0.299321325750119
      ],
      "q": [
        0.721578405240799,
        -0.516134914241557,
        -0.167383291013152,
        -0.430014173348523
      ]
    },
    "arm_motor_3": {
      "p": [
        -0.121247495266789,
        -0.0821569898911497,
        0.394807922759158
      ],
      "q": [
        -0.472412700355709,
        -0.348169144353928,
        0.790452984346824,
        -0.175466711941842
      ]
    },
    "base_link": {
      "p": [
        -0.0412570553232012,
        4.18719269639638e-05,
        0.356267255254894
      ],
      "q": [
        -0.000436371074088191,
        0.214241303745434,
        0.000919363107554279,
        0.976780235324824
      ]
    },
    "connecting_link_0": {
      "p": [
        -0.00486561355702255,
        -0.0318936996311715,
        0.339540562950854
      ],
      "q": [
        0.390954787805108,
        0.061492936472989,
        -0.627419199524898,
        0.670610259930259
      ]
    },
    "connecting_link_1": {
      "p": [
        -0.0776484970893799,
        0.0319774434850994,
        0.372993947558935
      ],
      "q": [
        0.224474251033576,
        0.122865050630247,
        0.893588849358204,
        0.3688013805007
      ]
    },
    "connecting_link_2": {
      "p": [
        -0.00499252612283058,
        0.0321061678058541,
        0.339511215995378
      ],
      "q": [
        -0.391875123370822,
        0.0608965598862739,
        0.628590843636264,
        0.66902843584841
      ]
    },
    "connecting_link_3": {
      "p": [
        -0.0775215845235719,
        -0.0320224239519261,
        0.373023294514411
      ],
      "q": [
        0.224888441500613,
        -0.122119061085998,
        0.892980889380953,
        -0.370266464859163
      ]
    }
  },
  "contacts": [],
  "idx": 994,
  "t": 0.497499999999962,
  "thrust": [
    0.0,
    0.0,
    0.0,
    0.0
  ]
}