{
  "T_W_L": {
    "arm_motor_0": {
      "p": [
        -1.98761993267003e-17,
        -0.0814974745618855,
        0.370343272370769
      ],
      "q": [
        -5.33622766776468e-17,
        0.923879532979703,
        -0.382683431234233,
        -7.39622987599844e-17
      ]
    },
    "arm_motor_1": {
      "p": [
        1.98761993267003e-17,
        0.0814974745618855,
        0.549338221979231
      ],
      "q": [
        1.30535126946642e-16,
        0.382683431234233,
        0.923879532979703,
        -2.99333504656569e-17
      ]
    },
    "arm_motor_2": {
      "p": [
        -1.98741110704701e-17,
        0.0814974745618855,
        0.370343272370769
      ],
      "q": [
        5.37685908995512e-17,
        0.923879532979703,
        0.382683431234233,
        -7.41230525437827e-17
      ]
    },
    "arm_motor_3": {
      "p": [
        1.98741110704701e-17,
        -0.0814974745618855,
        0.549338221979231
      ],
      "q": [
        1.30531370959278e-16,
        -0.382683431234233,
        0.923879532979703,
        2.99425029655055e-17
      ]
    },
    "base_link": {
      "p": [
        5.94465424447045e-37,
        4.11141308178695e-21,
        0.459840747175
      ],
      "q": [
        -5.08336000387829e-20,
        0.707106781186548,
        -6.31206149987456e-20,
        0.707106781186548
      ]
    },
    "connecting_link_0": {
      "p": [
        -8.88234024382357e-18,
        -0.032,
        0.419840747175
      ],
      "q": [
        -0.270598049273462,
        0.653281482769409,
        -0.270598049273462,
        0.653281482769408
      ]
    },
    "connecting_link_1": {
      "p": [
        8.88234024382357e-18,
        0.032,
        0.499840747175
      ],
      "q": [
        0.653281482769408,
        0.270598049273462,
        0.653281482769408,
        0.270598049273462
      ]
    },
    "connecting_link_2": {
      "p": [
        -8.88122815017893e-18,
        0.032,
        0.419840747175
      ],
      "q": [
        0.270598049273462,
        0.653281482769409,
        0.270598049273462,
        0.653281482769408
      ]
    },
    "connecting_link_3": {
      "p": [
        8.88122815017893e-18,
        -0.032,
        0.499840747175
      ],
      "q": [
        0.653281482769408,
        -0.270598049273462,
        0.653281482769408,
        -0.270598049273462
      ]
    }
  },
  "contacts": [],
  "idx": 180,
  "t": 0.0905000000000016,
  "thrust": [
    0.0,
    0.0,
    0.0,
    0.0
  ]
}