{
  "T_W_L": {
    "arm_motor_0": {
      "p": [
        -1.98730860121631e-17,
        -0.0814974745618855,
        0.401645939570768
      ],
      "q": [
        -5.3926641059656e-17,
        0.923879532979703,
        -0.382683431234233,
        -7.41759247521365e-17
      ]
    },
    "arm_motor_1": {
      "p": [
        1.98730860121631e-17,
        0.0814974745618855,
        0.580640889179231
      ],
      "q": [
        1.30752551516085e-16,
        0.382683431234233,
        0.923879532979703,
        -3.0506885424513e-17
      ]
    },
    "arm_motor_2": {
      "p": [
        -1.98729435461597e-17,
        0.0814974745618855,
        0.401645939570768
      ],
      "q": [
        5.40468911914359e-17,
        0.923879532979703,
        0.382683431234233,
        -7.4225372925618e-17
      ]
    },
    "arm_motor_3": {
      "p": [
        1.98729435461597e-17,
        -0.0814974745618855,
        0.580640889179231
      ],
      "q": [
        1.30747039613907e-16,
        -0.382683431234233,
        0.923879532979703,
        3.0494450195787e-17
      ]
    },
    "base_link": {
      "p": [
        4.10225224117959e-37,
        1.12068661289676e-21,
        0.491143414375
      ],
      "q": [
        -5.53978527281627e-23,
        0.707106781186548,
        -1.11346313667655e-21,
        0.707106781186548
      ]
    },
    "connecting_link_0": {
      "p": [
        -8.88183207957003e-18,
        -0.032,
        0.451143414374999
      ],
      "q": [
        -0.270598049273462,
        0.653281482769409,
        -0.270598049273462,
        0.653281482769408
      ]
    },
    "connecting_link_1": {
      "p": [
        8.88183207957003e-18,
        0.032,
        0.531143414375
      ],
      "q": [
        0.653281482769408,
        0.270598049273462,
        0.653281482769408,
        0.270598049273462
      ]
    },
    "connecting_link_2": {
      "p": [
        -8.88173631443247e-18,
        0.032,
        0.451143414374999
      ],
      "q": [
        0.270598049273462,
        0.653281482769409,
        0.270598049273462,
        0.653281482769408
      ]
    },
    "connecting_link_3": {
      "p": [
        8.88173631443247e-18,
        -0.032,
        0.531143414375
      ],
      "q": [
        0.653281482769408,
        -0.270598049273462,
        0.653281482769408,
        -0.270598049273462
      ]
    }
  },
  "contacts": [],
  "idx": 84,
  "t": 0.0425000000000002,
  "thrust": [
    0.0,
    0.0,
    0.0,
    0.0
  ]
}