{
  "T_W_L": {
    "arm_motor_0": {
      "p": [
        -1.98855006312077e-17,
        -0.0814974745618855,
        0.232560542370771
      ],
      "q": [
        -5.23073956023015e-17,
        0.923879532979703,
        -0.382683431234233,
        -7.35810966002906e-17
      ]
    },
    "arm_motor_1": {
      "p": [
        1.98855006312077e-17,
        0.0814974745618855,
        0.411555491979233
      ],
      "q": [
        1.30152989175929e-16,
        0.382683431234233,
        0.923879532979703,
        -2.88762106254931e-17
      ]
    },
    "arm_motor_2": {
      "p": [
        -1.98729533630825e-17,
        0.0814974745618855,
        0.232560542370771
      ],
      "q": [
        5.28435424377276e-17,
        0.923879532979703,
        0.382683431234233,
        -7.37471022251937e-17
      ]
    },
    "arm_motor_3": {
      "p": [
        1.98729533630825e-17,
        -0.0814974745618855,
        0.411555491979233
      ],
      "q": [
        1.30124931903987e-16,
        -0.382683431234233,
        0.923879532979703,
        2.89438481817804e-17
      ]
    },
    "base_link": {
      "p": [
        -5.18961514506592e-36,
        4.83961229246172e-21,
        0.322058017175002
      ],
      "q": [
        -4.55870799395466e-19,
        0.707106781186548,
        -5.143675837064e-19,
        0.707106781186548
      ]
    },
    "connecting_link_0": {
      "p": [
        -8.88443145926454e-18,
        -0.032,
        0.282058017175002
      ],
      "q": [
        -0.270598049273462,
        0.653281482769409,
        -0.270598049273462,
        0.653281482769408
      ]
    },
    "connecting_link_1": {
      "p": [
        8.88443145926454e-18,
        0.032,
        0.362058017175002
      ],
      "q": [
        0.653281482769408,
        0.270598049273462,
        0.653281482769408,
        0.270598049273462
      ]
    },
    "connecting_link_2": {
      "p": [
        -8.87913693473797e-18,
        0.032,
        0.282058017175002
      ],
      "q": [
        0.270598049273462,
        0.653281482769409,
        0.270598049273462,
        0.653281482769408
      ]
    },
    "connecting_link_3": {
      "p": [
        8.87913693473797e-18,
        -0.032,
        0.362058017175002
      ],
      "q": [
        0.653281482769408,
        -0.270598049273462,
        0.653281482769408,
        -0.270598049273462
      ]
    }
  },
  "contacts": [],
  "idx": 380,
  "t": 0.190499999999995,
  "thrust": [
    0.0,
    0.0,
    0.0,
    0.0
  ]
}