{
  "T_W_L": {
    "arm_motor_0": {
      "p": [
        0.0381384533571547,
        -0.0814221197697652,
        0.241554444958978
      ],
      "q": [
        0.592739716494413,
        0.647921567188119,
        -0.12248390356213,
        0.46244455303398
      ]
    },
    "arm_motor_1": {
      "p": [
        -0.0752226522601435,
        0.0794603611370807,
        0.382540104584205
      ],
      "q": [
        -0.279514593235664,
        0.351399745032967,
        0.888323602276936,
        0.0962859750783835
      ]
    },
    "arm_motor_2": {
      "p": [
        0.0379812815578822,
        0.0816287828894404,
        0.241602764865079
      ],
      "q": [
        -0.593562717271529,
        0.646966540923744,
        0.122765156171217,
        0.462651393622306
      ]
    },
    "arm_motor_3": {
      "p": [
        -0.0750546863983083,
        -0.0795468396687095,
        0.382516885012912
      ],
      "q": [
        -0.279229884188,
        -0.351741235341137,
        0.888177049736503,
        -0.0972126712852218
      ]
    },
    "base_link": {
      "p": [
        -0.0194214521920234,
        2.70642290655047e-05,
        0.310139978988074
      ],
      "q": [
        -0.000168554540128576,
        0.422227792588774,
        0.000581587636613954,
        0.906489561170342
      ]
    },
    "connecting_link_0": {
      "p": [
        0.0063547118197971,
        -0.0319364295282196,
        0.279514426982212
      ],
      "q": [
        0.33252107421681,
        0.131152054462625,
        -0.505739471806772,
        0.785147413208844
      ]
    },
    "connecting_link_1": {
      "p": [
        -0.0451976162038439,
        0.0319905579863506,
        0.340765530993935
      ],
      "q": [
        0.430492978740546,
        0.180392676708951,
        0.825786307375621,
        0.316561608531118
      ]
    },
    "connecting_link_2": {
      "p": [
        0.00627812026358519,
        0.0320635235399645,
        0.279526301482422
      ],
      "q": [
        -0.332904148020119,
        0.130330490532244,
        0.506520296864304,
        0.784618366043722
      ]
    },
    "connecting_link_3": {
      "p": [
        -0.045121024647632,
        -0.0320093950818335,
        0.340753656493725
      ],
      "q": [
        0.430590670143673,
        -0.179978873649612,
        0.825481359382212,
        -0.31745835181569
      ]
    }
  },
  "contacts": [],
  "idx": 808,
  "t": 0.404499999999972,
  "thrust": [
    0.0,
    0.0,
    0.0,
    0.0
  ]
}