{
  "T_W_L": {
    "arm_motor_0": {
      "p": [
        0.0433277333472709,
        -0.0772882290549235,
        0.193906009352937
      ],
      "q": [
        0.520474062324664,
        0.713585016412545,
        -0.123854541295234,
        0.452286665069087
      ]
    },
    "arm_motor_1": {
      "p": [
        -0.0524378494721987,
        0.0786052447630649,
        0.351026502013133
      ],
      "q": [
        -0.188207993301783,
        0.349973571900385,
        0.915189698270836,
        0.0672611805392844
      ]
    },
    "arm_motor_2": {
      "p": [
        0.0432488375762204,
        0.0774432716098752,
        0.193980674079275
      ],
      "q": [
        -0.520995444843273,
        0.712914992732799,
        0.124070951654901,
        0.452683508143162
      ]
    },
    "arm_motor_3": {
      "p": [
        -0.0523338887259496,
        -0.0786617502261635,
        0.350992922696405
      ],
      "q": [
        -0.18809115642858,
        -0.350206773526503,
        0.915075493303027,
        -0.0679247687205271
      ]
    },
    "base_link": {
      "p": [
        -0.0122253451675573,
        1.68124850723043e-05,
        0.268126295931119
      ],
      "q": [
        -8.97744346243453e-05,
        0.50783857822305,
        0.000411885189883908,
        0.861452146529064
      ]
    },
    "connecting_link_0": {
      "p": [
        0.00716826579730128,
        -0.031958437864784,
        0.233119564881109
      ],
      "q": [
        0.280452352870871,
        0.184765836147824,
        -0.455609124932089,
        0.824395771969025
      ]
    },
    "connecting_link_1": {
      "p": [
        -0.031618956132416,
        0.0319920628349287,
        0.303133026981129
      ],
      "q": [
        0.514053693382176,
        0.199907849056899,
        0.780219990056582,
        0.29502952279678
      ]
    },
    "connecting_link_2": {
      "p": [
        0.00711701327862103,
        0.032041539388482,
        0.233136439736765
      ],
      "q": [
        -0.280668000752531,
        0.184011447431575,
        0.456130823279429,
        0.824202604110266
      ]
    },
    "connecting_link_3": {
      "p": [
        -0.0315677036137357,
        -0.0320079144183374,
        0.303116152125473
      ],
      "q": [
        0.514055554420327,
        -0.199603519805239,
        0.780056618804065,
        -0.295663648950865
      ]
    }
  },
  "contacts": [],
  "idx": 734,
  "t": 0.367499999999976,
  "thrust": [
    0.0,
    0.0,
    0.0,
    0.0
  ]
}