{
  "T_W_L": {
    "arm_motor_0": {
      "p": [
        -1.98895810341201e-17,
        -0.0814974745618855,
        0.102819224370772
      ],
      "q": [
        -5.18698087806101e-17,
        0.923879532979703,
        -0.382683431234233,
        -7.34228004807853e-17
      ]
    },
    "arm_motor_1": {
      "p": [
        1.98895810341201e-17,
        0.0814974745618855,
        0.281814173979234
      ],
      "q": [
        1.29993631879966e-16,
        0.382683431234233,
        0.923879532979703,
        -2.84360618971974e-17
      ]
    },
    "arm_motor_2": {
      "p": [
        -1.98708941803001e-17,
        0.0814974745618855,
        0.102819224370772
      ],
      "q": [
        5.23377873621122e-17,
        0.923879532979703,
        0.382683431234233,
        -7.35302801446807e-17
      ]
    },
    "arm_motor_3": {
      "p": [
        1.98708941803001e-17,
        -0.0814974745618855,
        0.281814173979234
      ],
      "q": [
        1.2994937186407e-16,
        -0.382683431234233,
        0.923879532979703,
        2.85377084845269e-17
      ]
    },
    "base_link": {
      "p": [
        -9.75027669376461e-36,
        3.76847126526704e-21,
        0.192316699175003
      ],
      "q": [
        -8.5368951922958e-19,
        0.707106781186548,
        -9.36734123399695e-19,
        0.707106781186548
      ]
    },
    "connecting_link_0": {
      "p": [
        -8.88554236677723e-18,
        -0.032,
        0.152316699175003
      ],
      "q": [
        -0.270598049273462,
        0.653281482769409,
        -0.270598049273462,
        0.653281482769408
      ]
    },
    "connecting_link_1": {
      "p": [
        8.88554236677723e-18,
        0.032,
        0.232316699175003
      ],
      "q": [
        0.653281482769408,
        0.270598049273462,
        0.653281482769408,
        0.270598049273462
      ]
    },
    "connecting_link_2": {
      "p": [
        -8.87802602722528e-18,
        0.032,
        0.152316699175003
      ],
      "q": [
        0.270598049273462,
        0.653281482769409,
        0.270598049273462,
        0.653281482769408
      ]
    },
    "connecting_link_3": {
      "p": [
        8.87802602722528e-18,
        -0.032,
        0.232316699175003
      ],
      "q": [
        0.653281482769408,
        -0.270598049273462,
        0.653281482769408,
        -0.270598049273462
      ]
    }
  },
  "contacts": [],
  "idx": 500,
  "t": 0.250499999999989,
  "thrust": [
    0.0,
    0.0,
    0.0,
    0.0
  ]
}