{
  "T_W_L": {
    "arm_motor_0": {
      "p": [
        -1.9872431442535e-17,
        -0.0814974745618855,
        0.410491492770769
      ],
      "q": [
        -5.42020690219583e-17,
        0.923879532979703,
        -0.382683431234233,
        -7.4285320222033e-17
      ]
    },
    "arm_motor_1": {
      "p": [
        1.9872431442535e-17,
        0.0814974745618855,
        0.589486442379231
      ],
      "q": [
        1.30856620995221e-16,
        0.382683431234233,
        0.923879532979703,
        -3.07694553076445e-17
      ]
    },
    "arm_motor_2": {
      "p": [
        -1.98724314417152e-17,
        0.0814974745618855,
        0.410491492770769
      ],
      "q": [
        5.42022637081227e-17,
        0.923879532979703,
        0.382683431234233,
        -7.42854008639215e-17
      ]
    },
    "arm_motor_3": {
      "p": [
        1.98724314417152e-17,
        -0.0814974745618855,
        0.589486442379231
      ],
      "q": [
        1.30856626374428e-16,
        -0.382683431234233,
        0.923879532979703,
        3.07694682936208e-17
      ]
    },
    "base_link": {
      "p": [
        -4.00759641757183e-39,
        2.20365626918822e-24,
        0.499988967575
      ],
      "q": [
        -4.31079888601457e-24,
        0.707106781186548,
        -4.32019729228313e-24,
        0.707106781186548
      ]
    },
    "connecting_link_0": {
      "p": [
        -8.88178419742658e-18,
        -0.032,
        0.459988967575
      ],
      "q": [
        -0.270598049273462,
        0.653281482769409,
        -0.270598049273462,
        0.653281482769408
      ]
    },
    "connecting_link_1": {
      "p": [
        8.88178419742658e-18,
        0.032,
        0.539988967575
      ],
      "q": [
        0.653281482769408,
        0.270598049273462,
        0.653281482769408,
        0.270598049273462
      ]
    },
    "connecting_link_2": {
      "p": [
        -8.88178419657593e-18,
        0.032,
        0.459988967575
      ],
      "q": [
        0.270598049273462,
        0.653281482769409,
        0.270598049273462,
        0.653281482769408
      ]
    },
    "connecting_link_3": {
      "p": [
        8.88178419657593e-18,
        -0.032,
        0.539988967575
      ],
      "q": [
        0.653281482769408,
        -0.270598049273462,
        0.653281482769408,
        -0.270598049273462
      ]
    }
  },
  "contacts": [],
  "idx": 2,
  "t": 0.0015,
  "thrust": [
    0.0,
    0.0,
    0.0,
    0.0
  ]
}