{
  "T_W_L": {
    "arm_motor_0": {
      "p": [
        0.0295578777057883,
        -0.0845735004440439,
        0.273652251912688
      ],
      "q": [
        0.650617769527418,
        0.591167518544994,
        -0.132183106440614,
        0.457979376570857
      ]
    },
    "arm_motor_1": {
      "p": [
        -0.0945718374654681,
        0.0803695373064664,
        0.397884826540191
      ],
      "q": [
        -0.359055037899818,
        0.351530737150269,
        0.855514358697582,
        0.124903173136693
      ]
    },
    "arm_motor_2": {
      "p": [
        0.029330156180343,
        0.0848025278425041,
        0.273654807319268
      ],
      "q": [
        0.651712154452836,
        -0.589948846201929,
        -0.132463248224852,
        -0.457913872331005
      ]
    },
    "arm_motor_3": {
      "p": [
        -0.094346808809525,
        -0.0804883732963419,
        0.397887784902869
      ],
      "q": [
        -0.358605254572403,
        -0.351953704825676,
        0.855357807239869,
        -0.126070942910513
      ]
    },
    "base_link": {
      "p": [
        -0.027010049122321,
        3.47805259618718e-05,
        0.337537921975149
      ],
      "q": [
        -0.000258415988769803,
        0.34177974298104,
        0.000723707777041439,
        0.939779770348375
      ]
    },
    "connecting_link_0": {
      "p": [
        0.00369401818630724,
        -0.0319178373137422,
        0.311841804293735
      ],
      "q": [
        0.366588665870843,
        0.094178238363549,
        -0.553523807715765,
        0.74185888399723
      ]
    },
    "connecting_link_1": {
      "p": [
        -0.0577141164309492,
        0.0319873983656659,
        0.363234039656562
      ],
      "q": [
        0.351049752319366,
        0.160249887317788,
        0.858830256555674,
        0.336889648751134
      ]
    },
    "connecting_link_2": {
      "p": [
        0.00359565693462964,
        0.0320820870981913,
        0.311842379594785
      ],
      "q": [
        -0.367164422717506,
        0.0933628253779187,
        0.554495744873085,
        0.740950834027209
      ]
    },
    "connecting_link_3": {
      "p": [
        -0.0576157551792716,
        -0.0320125260462675,
        0.363233464355513
      ],
      "q": [
        0.351257098562893,
        -0.159723232703358,
        0.858401513117442,
        -0.338014469988569
      ]
    }
  },
  "contacts": [],
  "idx": 878,
  "t": 0.439499999999968,
  "thrust": [
    0.0,
    0.0,
    0.0,
    0.0
  ]
}