{
  "T_W_L": {
    "arm_motor_0": {
      "p": [
        0.0321812819802049,
        -0.0734207230881277,
        0.0848934862487901
      ],
      "q": [
        0.343991568723514,
        0.853870436543443,
        -0.215235523921505,
        0.325958198986438
      ]
    },
    "arm_motor_1": {
      "p": [
        -0.0144287868414855,
        0.0781329793352094,
        0.26478930880054
      ],
      "q": [
        -0.0389662162169784,
        0.351446111859648,
        0.935091763545534,
        0.0238884533147306
      ]
    },
    "arm_motor_2": {
      "p": [
        0.0322095799708577,
        0.0734453315890823,
        0.0849343458525054
      ],
      "q": [
        -0.344104355092655,
        0.853690057009962,
        0.215172768577532,
        0.326352813732738
      ]
    },
    "arm_motor_3": {
      "p": [
        -0.0144146270871419,
        -0.0781528695614678,
        0.264774323051412
      ],
      "q": [
        -0.0390150209048275,
        -0.351505549840435,
        0.935062209951018,
        -0.024090248995995
      ]
    },
    "base_link": {
      "p": [
        -0.00346092905440178,
        2.72230320480177e-07,
        0.172913433535895
      ],
      "q": [
        9.5740502789051e-08,
        0.641902233236028,
        0.000104596943692718,
        0.766786483987603
      ]
    },
    "connecting_link_0": {
      "p": [
        0.00358112099995001,
        -0.031993305871187,
        0.133532975294596
      ],
      "q": [
        0.0910442723982595,
        0.373290323047922,
        -0.39543326943253,
        0.83426482882125
      ]
    },
    "connecting_link_1": {
      "p": [
        -0.0105029791087536,
        0.031993850331828,
        0.212293891777195
      ],
      "q": [
        0.633656451310528,
        0.231618241586699,
        0.688763002758942,
        0.265401616248507
      ]
    },
    "connecting_link_2": {
      "p": [
        0.00357086281541914,
        0.0320066927284252,
        0.133541578740902
      ],
      "q": [
        -0.0911683991339831,
        0.372883740693545,
        0.395468646709697,
        0.834416315993004
      ]
    },
    "connecting_link_3": {
      "p": [
        -0.0104927209242227,
        -0.0320061482677842,
        0.212285288330888
      ],
      "q": [
        0.633601043637705,
        -0.231517579491337,
        0.688776615337582,
        -0.265586336342418
      ]
    }
  },
  "contacts": [],
  "idx": 615,
  "t": 0.307999999999982,
  "thrust": [
    0.0,
    0.0,
    0.0,
    0.0
  ]
}