{
  "T_W_L": {
    "arm_motor_0": {
      "p": [
        -1.98831011253738e-17,
        -0.0814974745618855,
        0.27942628377077
      ],
      "q": [
        -5.25596214416384e-17,
        0.923879532979703,
        -0.382683431234233,
        -7.36714410280651e-17
      ]
    },
    "arm_motor_1": {
      "p": [
        1.98831011253738e-17,
        0.0814974745618855,
        0.458421233379233
      ],
      "q": [
        1.30243745589048e-16,
        0.382683431234233,
        0.923879532979703,
        -2.91294310854396e-17
      ]
    },
    "arm_motor_2": {
      "p": [
        -1.98736330123902e-17,
        0.0814974745618855,
        0.27942628377077
      ],
      "q": [
        5.31107840687401e-17,
        0.923879532979703,
        0.382683431234233,
        -7.38586314160431e-17
      ]
    },
    "arm_motor_3": {
      "p": [
        1.98736330123902e-17,
        -0.0814974745618855,
        0.458421233379233
      ],
      "q": [
        1.30223646345396e-16,
        -0.382683431234233,
        0.923879532979703,
        2.91801522707882e-17
      ]
    },
    "base_link": {
      "p": [
        -3.23199130873131e-36,
        5.17948154774761e-21,
        0.368923758575001
      ],
      "q": [
        -3.0999040304712e-19,
        0.707106781186548,
        -3.55852816244383e-19,
        0.707106781186548
      ]
    },
    "connecting_link_0": {
      "p": [
        -8.88385969289715e-18,
        -0.032,
        0.328923758575001
      ],
      "q": [
        -0.270598049273462,
        0.653281482769409,
        -0.270598049273462,
        0.653281482769408
      ]
    },
    "connecting_link_1": {
      "p": [
        8.88385969289715e-18,
        0.032,
        0.408923758575002
      ],
      "q": [
        0.653281482769408,
        0.270598049273462,
        0.653281482769408,
        0.270598049273462
      ]
    },
    "connecting_link_2": {
      "p": [
        -8.87970870110536e-18,
        0.032,
        0.328923758575001
      ],
      "q": [
        0.270598049273462,
        0.653281482769409,
        0.270598049273462,
        0.653281482769408
      ]
    },
    "connecting_link_3": {
      "p": [
        8.87970870110536e-18,
        -0.032,
        0.408923758575002
      ],
      "q": [
        0.653281482769408,
        -0.270598049273462,
        0.653281482769408,
        -0.270598049273462
      ]
    }
  },
  "contacts": [],
  "idx": 326,
  "t": 0.163499999999998,
  "thrust": [
    0.0,
    0.0,
    0.0,
    0.0
  ]
}