{
  "T_W_L": {
    "arm_motor_0": {
      "p": [
        0.0409244325716413,
        -0.0734760396685073,
        0.125417063678825
      ],
      "q": [
        0.423416584779168,
        0.796770678001323,
        -0.159020776049885,
        0.400733421610614
      ]
    },
    "arm_motor_1": {
      "p": [
        -0.0264614547879766,
        0.077976585571239,
        0.298054803158047
      ],
      "q": [
        -0.0859584754673187,
        0.348751408237706,
        0.932500744989968,
        0.0377618370938952
      ]
    },
    "arm_motor_2": {
      "p": [
        0.0409246731908075,
        0.0735477109043421,
        0.125484732797803
      ],
      "q": [
        -0.423639689350584,
        0.79640978168902,
        0.15906910501407,
        0.401195579570626
      ]
    },
    "arm_motor_3": {
      "p": [
        -0.0264227024981513,
        -0.0780071557724845,
        0.298029970936591
      ],
      "q": [
        -0.0859848172116529,
        -0.348859611373711,
        0.932443080648476,
        -0.0381245867130549
      ]
    },
    "base_link": {
      "p": [
        -0.00571667413898925,
        4.90887862402164e-06,
        0.207755839947319
      ],
      "q": [
        -2.31763757925584e-05,
        0.598383016493538,
        0.000208991015281941,
        0.801210160543228
      ]
    },
    "connecting_link_0": {
      "p": [
        0.00564994771337085,
        -0.0319828021016353,
        0.169394580141249
      ],
      "q": [
        0.186956069269777,
        0.280040629596386,
        -0.41184540745862,
        0.846763269334291
      ]
    },
    "connecting_link_1": {
      "p": [
        -0.0170832959913494,
        0.0319926198588833,
        0.24611709975339
      ],
      "q": [
        0.598595779340516,
        0.219902834634085,
        0.720159421147312,
        0.273306136792395
      ]
    },
    "connecting_link_2": {
      "p": [
        0.00562673951182663,
        0.032017192238923,
        0.169408210544625
      ],
      "q": [
        -0.187079654286836,
        0.279458642339147,
        0.412037339952284,
        0.846834872132061
      ]
    },
    "connecting_link_3": {
      "p": [
        -0.0170600877898051,
        -0.0320073744816749,
        0.246103469350014
      ],
      "q": [
        0.598536378067567,
        -0.219722843089719,
        0.720137272726458,
        -0.273639150679191
      ]
    }
  },
  "contacts": [],
  "idx": 654,
  "t": 0.32749999999998,
  "thrust": [
    0.0,
    0.0,
    0.0,
    0.0
  ]
}