{
  "T_W_L": {
    "arm_motor_0": {
      "p": [
        -1.98868094567572e-17,
        -0.0814974745618855,
        0.200401023495772
      ],
      "q": [
        -5.21690982026416e-17,
        0.923879532979703,
        -0.382683431234233,
        -7.35313797979655e-17
      ]
    },
    "arm_motor_1": {
      "p": [
        1.98868094567572e-17,
        0.0814974745618855,
        0.379395973104234
      ],
      "q": [
        1.30102910597246e-16,
        0.382683431234233,
        0.923879532979703,
        -2.87370398204401e-17
      ]
    },
    "arm_motor_2": {
      "p": [
        -1.98724545033133e-17,
        0.0814974745618855,
        0.200401023495772
      ],
      "q": [
        5.26910548018033e-17,
        0.923879532979703,
        0.382683431234233,
        -7.3682634069909e-17
      ]
    },
    "arm_motor_3": {
      "p": [
        1.98724545033133e-17,
        -0.0814974745618855,
        0.379395973104234
      ],
      "q": [
        1.3007015726458e-16,
        -0.382683431234233,
        0.923879532979703,
        2.88147627634358e-17
      ]
    },
    "base_link": {
      "p": [
        -6.43147562147927e-36,
        4.58648883440736e-21,
        0.289898498300003
      ],
      "q": [
        -5.55385427139949e-19,
        0.707106781186548,
        -6.21173704881654e-19,
        0.707106781186548
      ]
    },
    "connecting_link_0": {
      "p": [
        -8.88476143458933e-18,
        -0.032,
        0.249898498300003
      ],
      "q": [
        -0.270598049273462,
        0.653281482769409,
        -0.270598049273462,
        0.653281482769408
      ]
    },
    "connecting_link_1": {
      "p": [
        8.88476143458933e-18,
        0.032,
        0.329898498300003
      ],
      "q": [
        0.653281482769408,
        0.270598049273462,
        0.653281482769408,
        0.270598049273462
      ]
    },
    "connecting_link_2": {
      "p": [
        -8.87880695941317e-18,
        0.032,
        0.249898498300003
      ],
      "q": [
        0.270598049273462,
        0.653281482769409,
        0.270598049273462,
        0.653281482769408
      ]
    },
    "connecting_link_3": {
      "p": [
        8.87880695941317e-18,
        -0.032,
        0.329898498300003
      ],
      "q": [
        0.653281482769408,
        -0.270598049273462,
        0.653281482769408,
        -0.270598049273462
      ]
    }
  },
  "contacts": [],
  "idx": 413,
  "t": 0.206999999999994,
  "thrust": [
    0.0,
    0.0,
    0.0,
    0.0
  ]
}