{
  "T_W_L": {
    "arm_motor_0": {
      "p": [
        0.0185881166027747,
        -0.0754392343158356,
        0.0531437492694385
      ],
      "q": [
        0.2258913379315,
        0.905874089441126,
        -0.29009393330683,
        0.210263518912101
      ]
    },
    "arm_motor_1": {
      "p": [
        -0.00625093691123146,
        0.0793054144110488,
        0.236493198006653
      ],
      "q": [
        -0.0100688680574567,
        0.362511027107616,
        0.931865026195023,
        0.0105804572666855
      ]
    },
    "arm_motor_2": {
      "p": [
        0.0186178190331609,
        0.0754345265003352,
        0.053152293793206
      ],
      "q": [
        -0.225945974648906,
        0.905838002108328,
        0.289981917191267,
        0.210514650745324
      ]
    },
    "arm_motor_3": {
      "p": [
        -0.00624815734286918,
        -0.0793139977031909,
        0.236488149994094
      ],
      "q": [
        -0.0100915120554264,
        -0.362532076005106,
        0.931855856130517,
        -0.0106451231615632
      ]
    },
    "base_link": {
      "p": [
        -0.00218907929583995,
        -1.19165194430117e-06,
        0.145039000892675
      ],
      "q": [
        3.62133771544207e-06,
        0.677458182952932,
        2.89057877525418e-05,
        0.735561288745848
      ]
    },
    "connecting_link_0": {
      "p": [
        0.0010961572204373,
        -0.0319992943749613,
        0.105172616015697
      ],
      "q": [
        -0.0453980905596717,
        0.491870951486117,
        -0.364856684285003,
        0.789228471603902
      ]
    },
    "connecting_link_1": {
      "p": [
        -0.00547431581211721,
        0.0319969110710727,
        0.184905385769653
      ],
      "q": [
        0.65180831429078,
        0.248852492441368,
        0.666047844055381,
        0.263815518604023
      ]
    },
    "connecting_link_2": {
      "p": [
        0.00109374971021357,
        0.0320007055164103,
        0.105175463526517
      ],
      "q": [
        0.0452802492113756,
        0.491667856866137,
        0.364816110923465,
        0.789380531028409
      ]
    },
    "connecting_link_3": {
      "p": [
        -0.00547190830189348,
        -0.032003088820299,
        0.184902538258833
      ],
      "q": [
        0.651785818351467,
        -0.24882165056674,
        0.666057371565102,
        -0.263876128114955
      ]
    }
  },
  "contacts": [],
  "idx": 586,
  "t": 0.293499999999984,
  "thrust": [
    0.0,
    0.0,
    0.0,
    0.0
  ]
}