{
  "T_W_L": {
    "arm_motor_0": {
      "p": [
        0.0167410124191302,
        -0.0868129026399555,
        0.294711448552252
      ],
      "q": [
        0.701245689968935,
        0.538185913449466,
        -0.153225988459018,
        0.441737706478984
      ]
    },
    "arm_motor_1": {
      "p": [
        -0.113383636192931,
        0.0814429213286241,
        0.399523912098887
      ],
      "q": [
        -0.438297491297167,
        0.349561927982004,
        0.812909475107306,
        0.15773380395108
      ]
    },
    "arm_motor_2": {
      "p": [
        0.0164456028341235,
        0.0870352899404182,
        0.294644847976162
      ],
      "q": [
        0.702608879437528,
        -0.53672672370901,
        -0.15344940005837,
        -0.441269156200452
      ]
    },
    "arm_motor_3": {
      "p": [
        -0.113102700267312,
        -0.081602060002601,
        0.399572179809228
      ],
      "q": [
        -0.437663698553726,
        -0.35004921098154,
        0.812761821253169,
        -0.159167392303531
      ]
    },
    "base_link": {
      "p": [
        -0.0363603766134939,
        4.04031602550805e-05,
        0.353815828251082
      ],
      "q": [
        -0.000374490794138673,
        0.254907714179268,
        0.000860644606598345,
        0.966964930232429
      ]
    },
    "connecting_link_0": {
      "p": [
        -0.0014993001704385,
        -0.0319006002540126,
        0.334105991871214
      ],
      "q": [
        0.38750844716149,
        0.0681991811821118,
        -0.604202718148257,
        0.692910636696276
      ]
    },
    "connecting_link_1": {
      "p": [
        -0.0712214530565494,
        0.0319814065745227,
        0.373525664630951
      ],
      "q": [
        0.264890674065895,
        0.13564296732456,
        0.884736930612452,
        0.358712252116877
      ]
    },
    "connecting_link_2": {
      "p": [
        -0.00161804240970754,
        0.0320992869840682,
        0.334087721853263
      ],
      "q": [
        -0.388314391821877,
        0.0674986933008737,
        0.605324614522438,
        0.691547518656485
      ]
    },
    "connecting_link_3": {
      "p": [
        -0.0711027108172804,
        -0.0320184806635581,
        0.373543934648901
      ],
      "q": [
        0.26523442617112,
        -0.134973828392441,
        0.884184364424169,
        -0.360070513275653
      ]
    }
  },
  "contacts": [],
  "idx": 956,
  "t": 0.478499999999964,
  "thrust": [
    0.0,
    0.0,
    0.0,
    0.0
  ]
}