{
  "T_W_L": {
    "arm_motor_0": {
      "p": [
        -1.98779509952725e-17,
        -0.0814974745618855,
        0.35117259519577
      ],
      "q": [
        -5.31351875775631e-17,
        0.923879532979703,
        -0.382683431234233,
        -7.38790108290276e-17
      ]
    },
    "arm_motor_1": {
      "p": [
        1.98779509952725e-17,
        0.0814974745618855,
        0.530167544804232
      ],
      "q": [
        1.30451677325487e-16,
        0.382683431234233,
        0.923879532979703,
        -2.9705871010903e-17
      ]
    },
    "arm_motor_2": {
      "p": [
        -1.98742668819612e-17,
        0.0814974745618855,
        0.35117259519577
      ],
      "q": [
        5.36207422550897e-17,
        0.923879532979703,
        0.382683431234233,
        -7.40657836160246e-17
      ]
    },
    "arm_motor_3": {
      "p": [
        1.98742668819612e-17,
        -0.0814974745618855,
        0.530167544804232
      ],
      "q": [
        1.30445057195472e-16,
        -0.382683431234233,
        0.923879532979703,
        2.97245338836967e-17
      ]
    },
    "base_link": {
      "p": [
        -4.41366013140874e-38,
        4.84710183753213e-21,
        0.440670070000001
      ],
      "q": [
        -9.7762205670829e-20,
        0.707106781186548,
        -1.17958598791771e-19,
        0.707106781186548
      ]
    },
    "connecting_link_0": {
      "p": [
        -8.88269818141926e-18,
        -0.032,
        0.400670070000001
      ],
      "q": [
        -0.270598049273462,
        0.653281482769409,
        -0.270598049273462,
        0.653281482769408
      ]
    },
    "connecting_link_1": {
      "p": [
        8.88269818141926e-18,
        0.032,
        0.480670070000001
      ],
      "q": [
        0.653281482769408,
        0.270598049273462,
        0.653281482769408,
        0.270598049273462
      ]
    },
    "connecting_link_2": {
      "p": [
        -8.88087021258325e-18,
        0.032,
        0.400670070000001
      ],
      "q": [
        0.270598049273462,
        0.653281482769409,
        0.270598049273462,
        0.653281482769408
      ]
    },
    "connecting_link_3": {
      "p": [
        8.88087021258325e-18,
        -0.032,
        0.480670070000001
      ],
      "q": [
        0.653281482769408,
        -0.270598049273462,
        0.653281482769408,
        -0.270598049273462
      ]
    }
  },
  "contacts": [],
  "idx": 219,
  "t": 0.110000000000002,
  "thrust": [
    0.0,
    0.0,
    0.0,
    0.0
  ]
}