{
  "T_W_L": {
    "arm_motor_0": {
      "p": [
        -1.98806955288139e-17,
        -0.0814974745618855,
        0.31644619877077
      ],
      "q": [
        -5.28178958352862e-17,
        0.923879532979703,
        -0.382683431234233,
        -7.37641103909837e-17
      ]
    },
    "arm_motor_1": {
      "p": [
        1.98806955288139e-17,
        0.0814974745618855,
        0.495441148379232
      ],
      "q": [
        1.30336668385942e-16,
        0.382683431234233,
        0.923879532979703,
        -2.93883173228314e-17
      ]
    },
    "arm_motor_2": {
      "p": [
        -1.98740848248182e-17,
        0.0814974745618855,
        0.31644619877077
      ],
      "q": [
        5.336677926765e-17,
        0.923879532979703,
        0.382683431234233,
        -7.39638740587384e-17
      ]
    },
    "arm_motor_3": {
      "p": [
        1.98740848248182e-17,
        -0.0814974745618855,
        0.495441148379232
      ],
      "q": [
        1.30323574552338e-16,
        -0.382683431234233,
        0.923879532979703,
        2.94233172867831e-17
      ]
    },
    "base_link": {
      "p": [
        -1.53337245114726e-36,
        5.33016006977629e-21,
        0.405943673575001
      ],
      "q": [
        -1.9558961986058e-19,
        0.707106781186548,
        -2.29198843040198e-19,
        0.707106781186548
      ]
    },
    "connecting_link_0": {
      "p": [
        -8.88330517681698e-18,
        -0.032,
        0.365943673575001
      ],
      "q": [
        -0.270598049273462,
        0.653281482769409,
        -0.270598049273462,
        0.653281482769408
      ]
    },
    "connecting_link_1": {
      "p": [
        8.88330517681698e-18,
        0.032,
        0.445943673575001
      ],
      "q": [
        0.653281482769408,
        0.270598049273462,
        0.653281482769408,
        0.270598049273462
      ]
    },
    "connecting_link_2": {
      "p": [
        -8.88026321718553e-18,
        0.032,
        0.365943673575001
      ],
      "q": [
        0.270598049273462,
        0.653281482769409,
        0.270598049273462,
        0.653281482769408
      ]
    },
    "connecting_link_3": {
      "p": [
        8.88026321718553e-18,
        -0.032,
        0.445943673575001
      ],
      "q": [
        0.653281482769408,
        -0.270598049273462,
        0.653281482769408,
        -0.270598049273462
      ]
    }
  },
  "contacts": [],
  "idx": 276,
  "t": 0.138500000000001,
  "thrust": [
    0.0,
    0.0,
    0.0,
    0.0
  ]
}