{
  "T_W_L": {
    "arm_motor_0": {
      "p": [
        0.0355486631814767,
        -0.0826132433305938,
        0.253971946384016
      ],
      "q": [
        0.613805316809806,
        0.627740472168072,
        -0.124788359288723,
        0.462182645762741
      ]
    },
    "arm_motor_1": {
      "p": [
        -0.0821179298172641,
        0.0797640133744003,
        0.389336655291476
      ],
      "q": [
        -0.307627597535122,
        0.351616298762001,
        0.877780679482964,
        0.105982632568295
      ]
    },
    "arm_motor_2": {
      "p": [
        0.035366595802176,
        0.0828305952144745,
        0.254006637016015
      ],
      "q": [
        -0.614723930336947,
        0.626692690480787,
        0.125075256294953,
        0.46230611225875
      ]
    },
    "arm_motor_3": {
      "p": [
        -0.0819298213845773,
        -0.0798611740889841,
        0.389320708236555
      ],
      "q": [
        -0.307286516209124,
        -0.351988214424558,
        0.877628558878389,
        -0.106992553494683
      ]
    },
    "base_link": {
      "p": [
        -0.0219385790472296,
        2.99635042776983e-05,
        0.320890168774093
      ],
      "q": [
        -0.00019772984057447,
        0.394490282088725,
        0.000632371862335448,
        0.918899873950528
      ]
    },
    "connecting_link_0": {
      "p": [
        0.00565376403945246,
        -0.0319297616863612,
        0.291886055811865
      ],
      "q": [
        0.345787206778372,
        0.117067061729715,
        -0.522264596910771,
        0.770692027660864
      ]
    },
    "connecting_link_1": {
      "p": [
        -0.0495309221339117,
        0.0319896886949166,
        0.34989428173632
      ],
      "q": [
        0.403159110559728,
        0.173689231053283,
        0.83821023115415,
        0.32357130740737
      ]
    },
    "connecting_link_2": {
      "p": [
        0.00556940065703,
        0.0320701821227573,
        0.291894730452348
      ],
      "q": [
        -0.346233897814095,
        0.116238864196855,
        0.523117021583709,
        0.770038438121158
      ]
    },
    "connecting_link_3": {
      "p": [
        -0.0494465587514893,
        -0.0320102551142019,
        0.349885607095837
      ],
      "q": [
        0.403292725967224,
        -0.173238093204794,
        0.837861484724548,
        -0.324548413429905
      ]
    }
  },
  "contacts": [],
  "idx": 832,
  "t": 0.41649999999997,
  "thrust": [
    0.0,
    0.0,
    0.0,
    0.0
  ]
}