{
  "T_W_L": {
    "arm_motor_0": {
      "p": [
        -1.988978354131e-17,
        -0.0814974745618855,
        0.0929145583707714
      ],
      "q": [
        -5.18474585291425e-17,
        0.923879532979703,
        -0.382683431234233,
        -7.34146107224096e-17
      ]
    },
    "arm_motor_1": {
      "p": [
        1.988978354131e-17,
        0.0814974745618855,
        0.271909507979234
      ],
      "q": [
        1.29985365383096e-16,
        0.382683431234233,
        0.923879532979703,
        -2.84135263826141e-17
      ]
    },
    "arm_motor_2": {
      "p": [
        -1.98707362672718e-17,
        0.0814974745618855,
        0.0929145583707714
      ],
      "q": [
        5.23092473224237e-17,
        0.923879532979703,
        0.382683431234233,
        -7.35177352284304e-17
      ]
    },
    "arm_motor_3": {
      "p": [
        1.98707362672718e-17,
        -0.0814974745618855,
        0.271909507979234
      ],
      "q": [
        1.29940163680455e-16,
        -0.382683431234233,
        0.923879532979703,
        2.85172240300487e-17
      ]
    },
    "base_link": {
      "p": [
        -1.0017856507022e-35,
        3.68321971824707e-21,
        0.182412033175003
      ],
      "q": [
        -8.83687770158908e-19,
        0.707106781186548,
        -9.68154681637288e-19,
        0.707106781186548
      ]
    },
    "connecting_link_0": {
      "p": [
        -8.88560673305836e-18,
        -0.032,
        0.142412033175003
      ],
      "q": [
        -0.270598049273462,
        0.653281482769409,
        -0.270598049273462,
        0.653281482769408
      ]
    },
    "connecting_link_1": {
      "p": [
        8.88560673305836e-18,
        0.032,
        0.222412033175003
      ],
      "q": [
        0.653281482769408,
        0.270598049273462,
        0.653281482769408,
        0.270598049273462
      ]
    },
    "connecting_link_2": {
      "p": [
        -8.87796166094415e-18,
        0.032,
        0.142412033175003
      ],
      "q": [
        0.270598049273462,
        0.653281482769409,
        0.270598049273462,
        0.653281482769408
      ]
    },
    "connecting_link_3": {
      "p": [
        8.87796166094415e-18,
        -0.032,
        0.222412033175003
      ],
      "q": [
        0.653281482769408,
        -0.270598049273462,
        0.653281482769408,
        -0.270598049273462
      ]
    }
  },
  "contacts": [],
  "idx": 508,
  "t": 0.254499999999988,
  "thrust": [
    0.0,
    0.0,
    0.0,
    0.0
  ]
}