{
  "T_W_L": {
    "arm_motor_0": {
      "p": [
        0.0349890214878518,
        -0.0732184798630528,
        0.094619797480098
      ],
      "q": [
        0.367191070368618,
        0.839072215626705,
        -0.198207139883523,
        0.349059399678672
      ]
    },
    "arm_motor_1": {
      "p": [
        -0.017112730042331,
        0.0780208482520206,
        0.272914848316097
      ],
      "q": [
        -0.0493270618941339,
        0.350195244903729,
        0.934981510382729,
        0.0271975486788784
      ]
    },
    "arm_motor_2": {
      "p": [
        0.0350123902825827,
        0.0732538921096293,
        0.094668776459918
      ],
      "q": [
        -0.367326173497545,
        0.83884717175852,
        0.198169473871124,
        0.349479275954992
      ]
    },
    "arm_motor_3": {
      "p": [
        -0.0170936451646726,
        -0.0780433225715919,
        0.272897327143437
      ],
      "q": [
        -0.0493757379014523,
        -0.350265008763293,
        0.934945769791173,
        -0.0274384345823158
      ]
    },
    "base_link": {
      "p": [
        -0.00390760421615227,
        1.1603045382954e-06,
        0.181243216262939
      ],
      "q": [
        -4.20039995287967e-06,
        0.631711959169253,
        0.000128915359642368,
        0.775203188851627
      ]
    },
    "connecting_link_0": {
      "p": [
        0.00417416020432698,
        -0.0319910560583054,
        0.14206180260742
      ],
      "q": [
        0.119489683157567,
        0.34649138502517,
        -0.399796908540026,
        0.840135922124558
      ]
    },
    "connecting_link_1": {
      "p": [
        -0.0119893686366315,
        0.031993376667382,
        0.220424629918458
      ],
      "q": [
        0.626252266314318,
        0.228393861308224,
        0.696011266237019,
        0.266857003513197
      ]
    },
    "connecting_link_2": {
      "p": [
        0.00416102880710838,
        0.0320089418121825,
        0.142071809802424
      ],
      "q": [
        -0.119611849388978,
        0.346035357617666,
        0.399865806985862,
        0.840273689441546
      ]
    },
    "connecting_link_3": {
      "p": [
        -0.0119762372394129,
        -0.0320066212031059,
        0.220414622723454
      ],
      "q": [
        0.626192574764809,
        -0.228272859750591,
        0.696020412957222,
        -0.267076666067189
      ]
    }
  },
  "contacts": [],
  "idx": 624,
  "t": 0.312499999999982,
  "thrust": [
    0.0,
    0.0,
    0.0,
    0.0
  ]
}