{
  "T_W_L": {
    "arm_motor_0": {
      "p": [
        -1.9877764519578e-17,
        -0.0814974745618855,
        0.35331043399577
      ],
      "q": [
        -5.31581969180033e-17,
        0.923879532979703,
        -0.382683431234233,
        -7.38874051949921e-17
      ]
    },
    "arm_motor_1": {
      "p": [
        1.9877764519578e-17,
        0.0814974745618855,
        0.532305383604232
      ],
      "q": [
        1.30460058309576e-16,
        0.382683431234233,
        0.923879532979703,
        -2.97288480446385e-17
      ]
    },
    "arm_motor_2": {
      "p": [
        -1.98742621391544e-17,
        0.0814974745618855,
        0.35331043399577
      ],
      "q": [
        5.3636844465985e-17,
        0.923879532979703,
        0.382683431234233,
        -7.4072111403482e-17
      ]
    },
    "arm_motor_3": {
      "p": [
        1.98742621391544e-17,
        -0.0814974745618855,
        0.532305383604232
      ],
      "q": [
        1.30453822713593e-16,
        -0.382683431234233,
        0.923879532979703,
        2.97465212970419e-17
      ]
    },
    "base_link": {
      "p": [
        3.78159595286048e-38,
        4.78637212950389e-21,
        0.442807908800001
      ],
      "q": [
        -9.22250851480996e-20,
        0.707106781186548,
        -1.11548903363896e-19,
        0.707106781186548
      ]
    },
    "connecting_link_0": {
      "p": [
        -8.88265869318678e-18,
        -0.032,
        0.402807908800001
      ],
      "q": [
        -0.270598049273462,
        0.653281482769409,
        -0.270598049273462,
        0.653281482769408
      ]
    },
    "connecting_link_1": {
      "p": [
        8.88265869318678e-18,
        0.032,
        0.482807908800001
      ],
      "q": [
        0.653281482769408,
        0.270598049273462,
        0.653281482769408,
        0.270598049273462
      ]
    },
    "connecting_link_2": {
      "p": [
        -8.88090970081573e-18,
        0.032,
        0.402807908800001
      ],
      "q": [
        0.270598049273462,
        0.653281482769409,
        0.270598049273462,
        0.653281482769408
      ]
    },
    "connecting_link_3": {
      "p": [
        8.88090970081573e-18,
        -0.032,
        0.482807908800001
      ],
      "q": [
        0.653281482769408,
        -0.270598049273462,
        0.653281482769408,
        -0.270598049273462
      ]
    }
  },
  "contacts": [],
  "idx": 215,
  "t": 0.108000000000002,
  "thrust": [
    0.0,
    0.0,
    0.0,
    0.0
  ]
}