{
  "T_W_L": {
    "arm_motor_0": {
      "p": [
        0.043520917435212,
        -0.0769446894212465,
        0.189410066834171
      ],
      "q": [
        0.51412198079887,
        0.719158925108334,
        -0.124756439577581,
        0.450471819407606
      ]
    },
    "arm_motor_1": {
      "p": [
        -0.050508595571227,
        0.0785434641574874,
        0.347749572953013
      ],
      "q": [
        -0.180569973655732,
        0.349832691262549,
        0.916946195156824,
        0.0649711314769467
      ]
    },
    "arm_motor_2": {
      "p": [
        0.0434483068752927,
        0.077094392178046,
        0.1894857003282
      ],
      "q": [
        -0.514619190936683,
        0.718511554962448,
        0.124964012840851,
        0.450879395403949
      ]
    },
    "arm_motor_3": {
      "p": [
        -0.0504098211789947,
        -0.0785977619420406,
        0.347715968539932
      ],
      "q": [
        -0.180465945861353,
        -0.350056375936765,
        0.916835608062059,
        -0.0656128328900646
      ]
    },
    "base_link": {
      "p": [
        -0.0116822204635718,
        1.59179947920409e-05,
        0.264134777751181
      ],
      "q": [
        -8.41255781701726e-05,
        0.514736986321513,
        0.000397303390944178,
        0.857348044836839
      ]
    },
    "connecting_link_0": {
      "p": [
        0.00714600521069,
        -0.0319602854707655,
        0.228821602732665
      ],
      "q": [
        0.275323014557943,
        0.189990474458372,
        -0.451755263401938,
        0.827053830931491
      ]
    },
    "connecting_link_1": {
      "p": [
        -0.0305104461378336,
        0.0319921214603496,
        0.299447952769697
      ],
      "q": [
        0.520696619727949,
        0.201427540623777,
        0.776061125429238,
        0.2933105959212
      ]
    },
    "connecting_link_2": {
      "p": [
        0.00709686219219235,
        0.0320396934185661,
        0.228838547609484
      ],
      "q": [
        -0.275527818756015,
        0.189244514887415,
        0.452253620524112,
        0.826884270862261
      ]
    },
    "connecting_link_3": {
      "p": [
        -0.030461303119336,
        -0.032007857428982,
        0.299431007892878
      ],
      "q": [
        0.520691981602167,
        -0.201131958153049,
        0.775909369785781,
        -0.293922516291898
      ]
    }
  },
  "contacts": [],
  "idx": 728,
  "t": 0.364499999999976,
  "thrust": [
    0.0,
    0.0,
    0.0,
    0.0
  ]
}