{
  "T_W_L": {
    "arm_motor_0": {
      "p": [
        0.0268772031076948,
        -0.0852130486492731,
        0.279882405952668
      ],
      "q": [
        0.663665946604626,
        0.577804308570775,
        -0.136101720377819,
        0.455154934087978
      ]
    },
    "arm_motor_1": {
      "p": [
        -0.0991679821168358,
        0.0806130837903575,
        0.399670940557843
      ],
      "q": [
        -0.378250720365134,
        0.351292936916472,
        0.846160237336424,
        0.132410414116953
      ]
    },
    "arm_motor_2": {
      "p": [
        0.0266326253172511,
        0.0854434543963167,
        0.279870459618182
      ],
      "q": [
        0.664825859344272,
        -0.57652324081184,
        -0.136373522425839,
        -0.455005265829015
      ]
    },
    "arm_motor_3": {
      "p": [
        -0.0989292384507694,
        -0.0807408245577401,
        0.399682959587534
      ],
      "q": [
        -0.377758366442244,
        -0.35173323634837,
        0.846004022063977,
        -0.133639596236906
      ]
    },
    "base_link": {
      "p": [
        -0.0290836865227302,
        3.63754560842023e-05,
        0.342632018242135
      ],
      "q": [
        -0.000283793178888833,
        0.32139956365483,
        0.000757299850949377,
        0.946943327998488
      ]
    },
    "connecting_link_0": {
      "p": [
        0.0027041864225043,
        -0.0319135099622683,
        0.318285849028647
      ],
      "q": [
        0.373044241876409,
        0.0867262044050742,
        -0.565521140697031,
        0.730412485173325
      ]
    },
    "connecting_link_1": {
      "p": [
        -0.0608715594679648,
        0.0319862608744367,
        0.366978187455623
      ],
      "q": [
        0.330861992432121,
        0.154773316154759,
        0.865789291149887,
        0.342029919598392
      ]
    },
    "connecting_link_2": {
      "p": [
        0.00260072004874253,
        0.0320864063204027,
        0.318282605481047
      ],
      "q": [
        -0.373672230968902,
        0.0859261841464134,
        0.566533515932115,
        0.729400802032981
      ]
    },
    "connecting_link_3": {
      "p": [
        -0.060768093094203,
        -0.0320136554082343,
        0.366981431003223
      ],
      "q": [
        0.331099678351268,
        -0.154215491856475,
        0.865330683473795,
        -0.343210421324772
      ]
    }
  },
  "contacts": [],
  "idx": 896,
  "t": 0.448499999999967,
  "thrust": [
    0.0,
    0.0,
    0.0,
    0.0
  ]
}