{
  "T_W_L": {
    "arm_motor_0": {
      "p": [
        -1.98727530853356e-17,
        -0.0814974745618855,
        0.405481545995768
      ],
      "q": [
        -5.40280334704133e-17,
        0.923879532979703,
        -0.382683431234233,
        -7.42155774628979e-17
      ]
    },
    "arm_motor_1": {
      "p": [
        1.98727530853356e-17,
        0.0814974745618855,
        0.584476495604231
      ],
      "q": [
        1.30791077337589e-16,
        0.382683431234233,
        0.923879532979703,
        -3.06055572839308e-17
      ]
    },
    "arm_motor_2": {
      "p": [
        -1.98727017223386e-17,
        0.0814974745618855,
        0.405481545995768
      ],
      "q": [
        5.40928640242535e-17,
        0.923879532979703,
        0.382683431234233,
        -7.42423172855926e-17
      ]
    },
    "arm_motor_3": {
      "p": [
        1.98727017223386e-17,
        -0.0814974745618855,
        0.584476495604231
      ],
      "q": [
        1.30786690601399e-16,
        -0.382683431234233,
        0.923879532979703,
        3.05952416769016e-17
      ]
    },
    "base_link": {
      "p": [
        9.81905919013807e-38,
        5.69727179543552e-22,
        0.4949790208
      ],
      "q": [
        1.58828759511541e-22,
        0.707106781186548,
        -2.45928580165407e-22,
        0.707106781186548
      ]
    },
    "connecting_link_0": {
      "p": [
        -8.88180251422747e-18,
        -0.032,
        0.4549790208
      ],
      "q": [
        -0.270598049273462,
        0.653281482769409,
        -0.270598049273462,
        0.653281482769408
      ]
    },
    "connecting_link_1": {
      "p": [
        8.88180251422747e-18,
        0.032,
        0.5349790208
      ],
      "q": [
        0.653281482769408,
        0.270598049273462,
        0.653281482769408,
        0.270598049273462
      ]
    },
    "connecting_link_2": {
      "p": [
        -8.88176587977504e-18,
        0.032,
        0.4549790208
      ],
      "q": [
        0.270598049273462,
        0.653281482769409,
        0.270598049273462,
        0.653281482769408
      ]
    },
    "connecting_link_3": {
      "p": [
        8.88176587977504e-18,
        -0.032,
        0.5349790208
      ],
      "q": [
        0.653281482769408,
        -0.270598049273462,
        0.653281482769408,
        -0.270598049273462
      ]
    }
  },
  "contacts": [],
  "idx": 63,
  "t": 0.0319999999999999,
  "thrust": [
    0.0,
    0.0,
    0.0,
    0.0
  ]
}