{
  "T_W_L": {
    "arm_motor_0": {
      "p": [
        0.043496210176324,
        -0.0747493446557662,
        0.155989135989759
      ],
      "q": [
        0.467831583910124,
        0.759300503091989,
        -0.136754789415251,
        0.43115482448001
      ]
    },
    "arm_motor_1": {
      "p": [
        -0.0371622710277785,
        0.0781708138450581,
        0.322358043203281
      ],
      "q": [
        -0.127984395839354,
        0.34895709376142,
        0.927030547841659,
        0.0496316885025337
      ]
    },
    "arm_motor_2": {
      "p": [
        0.0434654272499892,
        0.0748583994347471,
        0.156065576788464
      ],
      "q": [
        -0.468169663968216,
        0.758807959828533,
        0.136885666236153,
        0.431613206725457
      ]
    },
    "arm_motor_3": {
      "p": [
        -0.0370980343300944,
        -0.0782111216028572,
        0.322327379904436
      ],
      "q": [
        -0.127960977052514,
        -0.349115103962918,
        0.926947950374382,
        -0.0501211515575993
      ]
    },
    "base_link": {
      "p": [
        -0.00817805296681396,
        9.72461123526036e-06,
        0.234522418860027
      ],
      "q": [
        -4.83662382069951e-05,
        0.561457694088922,
        0.000294755628284962,
        0.827505388821231
      ]
    },
    "connecting_link_0": {
      "p": [
        0.00662050902049513,
        -0.0319729291767364,
        0.197345646275703
      ],
      "q": [
        0.23410664648083,
        0.232034034563592,
        -0.427507124391354,
        0.841779034825813
      ]
    },
    "connecting_link_1": {
      "p": [
        -0.022976614954123,
        0.0319923783992069,
        0.271699191444351
      ],
      "q": [
        0.565010952561847,
        0.21165502383997,
        0.746008220929988,
        0.281844830843729
      ]
    },
    "connecting_link_2": {
      "p": [
        0.0065858123846722,
        0.0320270594030814,
        0.197361706370759
      ],
      "q": [
        -0.23425316129493,
        0.231361628687843,
        0.427838726980575,
        0.841754879338327
      ]
    },
    "connecting_link_3": {
      "p": [
        -0.0229419183183001,
        -0.0320076101806109,
        0.271683131349295
      ],
      "q": [
        0.564969106915608,
        -0.211420651279569,
        0.745933256117786,
        -0.282302663574083
      ]
    }
  },
  "contacts": [],
  "idx": 687,
  "t": 0.343999999999978,
  "thrust": [
    0.0,
    0.0,
    0.0,
    0.0
  ]
}