{
  "T_W_L": {
    "arm_motor_0": {
      "p": [
        -1.98727661026417e-17,
        -0.0814974745618855,
        0.405323414570768
      ],
      "q": [
        -5.40235280579219e-17,
        0.923879532979703,
        -0.382683431234233,
        -7.42138044984234e-17
      ]
    },
    "arm_motor_1": {
      "p": [
        1.98727661026417e-17,
        0.0814974745618855,
        0.584318364179231
      ],
      "q": [
        1.30789476147122e-16,
        0.382683431234233,
        0.923879532979703,
        -3.06014665705813e-17
      ]
    },
    "arm_motor_2": {
      "p": [
        -1.98727118861709e-17,
        0.0814974745618855,
        0.405323414570768
      ],
      "q": [
        5.40908118456286e-17,
        0.923879532979703,
        0.382683431234233,
        -7.42415532289241e-17
      ]
    },
    "arm_motor_3": {
      "p": [
        1.98727118861709e-17,
        -0.0814974745618855,
        0.584318364179231
      ],
      "q": [
        1.30784916638778e-16,
        -0.382683431234233,
        0.923879532979703,
        3.05907513696214e-17
      ]
    },
    "base_link": {
      "p": [
        1.12500414924352e-37,
        5.9105128430305e-22,
        0.494820889375
      ],
      "q": [
        2.48260181407885e-22,
        0.707106781186548,
        -1.77656207861232e-22,
        0.707106781186548
      ]
    },
    "connecting_link_0": {
      "p": [
        -8.88180347177675e-18,
        -0.032,
        0.454820889375
      ],
      "q": [
        -0.270598049273462,
        0.653281482769409,
        -0.270598049273462,
        0.653281482769408
      ]
    },
    "connecting_link_1": {
      "p": [
        8.88180347177675e-18,
        0.032,
        0.534820889375
      ],
      "q": [
        0.653281482769408,
        0.270598049273462,
        0.653281482769408,
        0.270598049273462
      ]
    },
    "connecting_link_2": {
      "p": [
        -8.88176492222576e-18,
        0.032,
        0.454820889375
      ],
      "q": [
        0.270598049273462,
        0.653281482769409,
        0.270598049273462,
        0.653281482769408
      ]
    },
    "connecting_link_3": {
      "p": [
        8.88176492222576e-18,
        -0.032,
        0.534820889375
      ],
      "q": [
        0.653281482769408,
        -0.270598049273462,
        0.653281482769408,
        -0.270598049273462
      ]
    }
  },
  "contacts": [],
  "idx": 64,
  "t": 0.0324999999999999,
  "thrust": [
    0.0,
    0.0,
    0.0,
    0.0
  ]
}