{
  "T_W_L": {
    "arm_motor_0": {
      "p": [
        -1.98878125849437e-17,
        -0.0814974745618855,
        0.171020449895772
      ],
      "q": [
        -5.20620285249245e-17,
        0.923879532979703,
        -0.382683431234233,
        -7.34927257405628e-17
      ]
    },
    "arm_motor_1": {
      "p": [
        1.98878125849437e-17,
        0.0814974745618855,
        0.350015399504234
      ],
      "q": [
        1.30063990268371e-16,
        0.382683431234233,
        0.923879532979703,
        -2.8629327306521e-17
      ]
    },
    "arm_motor_2": {
      "p": [
        -1.98719876691467e-17,
        0.0814974745618855,
        0.171020449895772
      ],
      "q": [
        5.256918929078e-17,
        0.923879532979703,
        0.382683431234233,
        -7.36306063565878e-17
      ]
    },
    "arm_motor_3": {
      "p": [
        1.98719876691467e-17,
        -0.0814974745618855,
        0.350015399504234
      ],
      "q": [
        1.30027364146606e-16,
        -0.382683431234233,
        0.923879532979703,
        2.87151915378196e-17
      ]
    },
    "base_link": {
      "p": [
        -7.53602426229513e-36,
        4.34606004914681e-21,
        0.260517924700003
      ],
      "q": [
        -6.45780299459731e-19,
        0.707106781186548,
        -7.17455999209722e-19,
        0.707106781186548
      ]
    },
    "connecting_link_0": {
      "p": [
        -8.88502786889498e-18,
        -0.032,
        0.220517924700003
      ],
      "q": [
        -0.270598049273462,
        0.653281482769409,
        -0.270598049273462,
        0.653281482769408
      ]
    },
    "connecting_link_1": {
      "p": [
        8.88502786889498e-18,
        0.032,
        0.300517924700003
      ],
      "q": [
        0.653281482769408,
        0.270598049273462,
        0.653281482769408,
        0.270598049273462
      ]
    },
    "connecting_link_2": {
      "p": [
        -8.87854052510752e-18,
        0.032,
        0.220517924700003
      ],
      "q": [
        0.270598049273462,
        0.653281482769409,
        0.270598049273462,
        0.653281482769408
      ]
    },
    "connecting_link_3": {
      "p": [
        8.87854052510752e-18,
        -0.032,
        0.300517924700003
      ],
      "q": [
        0.653281482769408,
        -0.270598049273462,
        0.653281482769408,
        -0.270598049273462
      ]
    }
  },
  "contacts": [],
  "idx": 441,
  "t": 0.220999999999992,
  "thrust": [
    0.0,
    0.0,
    0.0,
    0.0
  ]
}