{
  "T_W_L": {
    "arm_motor_0": {
      "p": [
        -1.98777181000125e-17,
        -0.0814974745618855,
        0.353838764570769
      ],
      "q": [
        -5.31639301281645e-17,
        0.923879532979703,
        -0.382683431234233,
        -7.38894967341446e-17
      ]
    },
    "arm_motor_1": {
      "p": [
        1.98777181000125e-17,
        0.0814974745618855,
        0.532833714179232
      ],
      "q": [
        1.30462172930647e-16,
        0.382683431234233,
        0.923879532979703,
        -2.973463697948e-17
      ]
    },
    "arm_motor_2": {
      "p": [
        -1.98742605599543e-17,
        0.0814974745618855,
        0.353838764570769
      ],
      "q": [
        5.36408560811192e-17,
        0.923879532979703,
        0.382683431234233,
        -7.40736852067627e-17
      ]
    },
    "arm_motor_3": {
      "p": [
        1.98742605599543e-17,
        -0.0814974745618855,
        0.532833714179232
      ],
      "q": [
        1.30456005629135e-16,
        -0.382683431234233,
        0.923879532979703,
        2.97520034392645e-17
      ]
    },
    "base_link": {
      "p": [
        5.77087855558139e-38,
        4.77055256047873e-21,
        0.443336239375001
      ],
      "q": [
        -9.0851655925781e-20,
        0.707106781186548,
        -1.09959250599246e-19,
        0.707106781186548
      ]
    },
    "connecting_link_0": {
      "p": [
        -8.88264890802626e-18,
        -0.032,
        0.403336239375001
      ],
      "q": [
        -0.270598049273462,
        0.653281482769409,
        -0.270598049273462,
        0.653281482769408
      ]
    },
    "connecting_link_1": {
      "p": [
        8.88264890802626e-18,
        0.032,
        0.483336239375001
      ],
      "q": [
        0.653281482769408,
        0.270598049273462,
        0.653281482769408,
        0.270598049273462
      ]
    },
    "connecting_link_2": {
      "p": [
        -8.88091948597624e-18,
        0.032,
        0.403336239375001
      ],
      "q": [
        0.270598049273462,
        0.653281482769409,
        0.270598049273462,
        0.653281482769408
      ]
    },
    "connecting_link_3": {
      "p": [
        8.88091948597624e-18,
        -0.032,
        0.483336239375001
      ],
      "q": [
        0.653281482769408,
        -0.270598049273462,
        0.653281482769408,
        -0.270598049273462
      ]
    }
  },
  "contacts": [],
  "idx": 214,
  "t": 0.107500000000002,
  "thrust": [
    0.0,
    0.0,
    0.0,
    0.0
  ]
}