{
  "T_W_L": {
    "arm_motor_0": {
      "p": [
        -1.98806467500097e-17,
        -0.0814974745618855,
        0.31712407999577
      ],
      "q": [
        -5.28232821944256e-17,
        0.923879532979703,
        -0.382683431234233,
        -7.37660502236541e-17
      ]
    },
    "arm_motor_1": {
      "p": [
        1.98806467500097e-17,
        0.0814974745618855,
        0.496119029604232
      ],
      "q": [
        1.30338601698865e-16,
        0.382683431234233,
        0.923879532979703,
        -2.93936879419063e-17
      ]
    },
    "arm_motor_2": {
      "p": [
        -1.98740915691181e-17,
        0.0814974745618855,
        0.31712407999577
      ],
      "q": [
        5.3371623338076e-17,
        0.923879532979703,
        0.382683431234233,
        -7.39658468243026e-17
      ]
    },
    "arm_motor_3": {
      "p": [
        1.98740915691181e-17,
        -0.0814974745618855,
        0.496119029604232
      ],
      "q": [
        1.30325647812987e-16,
        -0.382683431234233,
        0.923879532979703,
        2.94284039738056e-17
      ]
    },
    "base_link": {
      "p": [
        -1.50156658139603e-36,
        5.32813651767421e-21,
        0.406621554800001
      ],
      "q": [
        -1.93573173138615e-19,
        0.707106781186548,
        -2.26937008460416e-19,
        0.707106781186548
      ]
    },
    "connecting_link_0": {
      "p": [
        -8.88329407183021e-18,
        -0.032,
        0.366621554800001
      ],
      "q": [
        -0.270598049273462,
        0.653281482769409,
        -0.270598049273462,
        0.653281482769408
      ]
    },
    "connecting_link_1": {
      "p": [
        8.88329407183021e-18,
        0.032,
        0.446621554800001
      ],
      "q": [
        0.653281482769408,
        0.270598049273462,
        0.653281482769408,
        0.270598049273462
      ]
    },
    "connecting_link_2": {
      "p": [
        -8.8802743221723e-18,
        0.032,
        0.366621554800001
      ],
      "q": [
        0.270598049273462,
        0.653281482769409,
        0.270598049273462,
        0.653281482769408
      ]
    },
    "connecting_link_3": {
      "p": [
        8.8802743221723e-18,
        -0.032,
        0.446621554800001
      ],
      "q": [
        0.653281482769408,
        -0.270598049273462,
        0.653281482769408,
        -0.270598049273462
      ]
    }
  },
  "contacts": [],
  "idx": 275,
  "t": 0.138000000000001,
  "thrust": [
    0.0,
    0.0,
    0.0,
    0.0
  ]
}