{
  "T_W_L": {
    "arm_motor_0": {
      "p": [
        -1.98885896478727e-17,
        -0.0814974745618855,
        0.144307271495772
      ],
      "q": [
        -5.19781987030528e-17,
        0.923879532979703,
        -0.382683431234233,
        -7.34623292709731e-17
      ]
    },
    "arm_motor_1": {
      "p": [
        1.98885896478727e-17,
        0.0814974745618855,
        0.323302221104234
      ],
      "q": [
        1.30033398778672e-16,
        0.382683431234233,
        0.923879532979703,
        -2.8545026664456e-17
      ]
    },
    "arm_motor_2": {
      "p": [
        -1.98715592833881e-17,
        0.0814974745618855,
        0.144307271495772
      ],
      "q": [
        5.24707399622924e-17,
        0.923879532979703,
        0.382683431234233,
        -7.35881960834326e-17
      ]
    },
    "arm_motor_3": {
      "p": [
        1.98715592833881e-17,
        -0.0814974745618855,
        0.323302221104234
      ],
      "q": [
        1.29993567136904e-16,
        -0.382683431234233,
        0.923879532979703,
        2.86375364668507e-17
      ]
    },
    "base_link": {
      "p": [
        -8.48710612101437e-36,
        4.1225330447174e-21,
        0.233804746300003
      ],
      "q": [
        -7.27525749849327e-19,
        0.707106781186548,
        -8.04005308668559e-19,
        0.707106781186548
      ]
    },
    "connecting_link_0": {
      "p": [
        -8.8852452667397e-18,
        -0.032,
        0.193804746300003
      ],
      "q": [
        -0.270598049273462,
        0.653281482769409,
        -0.270598049273462,
        0.653281482769408
      ]
    },
    "connecting_link_1": {
      "p": [
        8.8852452667397e-18,
        0.032,
        0.273804746300003
      ],
      "q": [
        0.653281482769408,
        0.270598049273462,
        0.653281482769408,
        0.270598049273462
      ]
    },
    "connecting_link_2": {
      "p": [
        -8.8783231272628e-18,
        0.032,
        0.193804746300003
      ],
      "q": [
        0.270598049273462,
        0.653281482769409,
        0.270598049273462,
        0.653281482769408
      ]
    },
    "connecting_link_3": {
      "p": [
        8.8783231272628e-18,
        -0.032,
        0.273804746300003
      ],
      "q": [
        0.653281482769408,
        -0.270598049273462,
        0.653281482769408,
        -0.270598049273462
      ]
    }
  },
  "contacts": [],
  "idx": 465,
  "t": 0.232999999999991,
  "thrust": [
    0.0,
    0.0,
    0.0,
    0.0
  ]
}