{
  "T_W_L": {
    "arm_motor_0": {
      "p": [
        -1.98831479592821e-17,
        -0.0814974745618855,
        0.27862336839577
      ],
      "q": [
        -5.25546844270527e-17,
        0.923879532979703,
        -0.382683431234233,
        -7.36696738339645e-17
      ]
    },
    "arm_motor_1": {
      "p": [
        1.98831479592821e-17,
        0.0814974745618855,
        0.457618318004233
      ],
      "q": [
        1.30241969474097e-16,
        0.382683431234233,
        0.923879532979703,
        -2.91244725340152e-17
      ]
    },
    "arm_motor_2": {
      "p": [
        -1.98736220904067e-17,
        0.0814974745618855,
        0.27862336839577
      ],
      "q": [
        5.31056536435719e-17,
        0.923879532979703,
        0.382683431234233,
        -7.38565061885548e-17
      ]
    },
    "arm_motor_3": {
      "p": [
        1.98736220904067e-17,
        -0.0814974745618855,
        0.457618318004233
      ],
      "q": [
        1.30221728017938e-16,
        -0.382683431234233,
        0.923879532979703,
        2.91755213464808e-17
      ]
    },
    "base_link": {
      "p": [
        -3.26705415915203e-36,
        5.17409557470077e-21,
        0.368120843200001
      ],
      "q": [
        -3.12499016043237e-19,
        0.707106781186548,
        -3.5860238509942e-19,
        0.707106781186548
      ]
    },
    "connecting_link_0": {
      "p": [
        -8.88387059731454e-18,
        -0.032,
        0.328120843200001
      ],
      "q": [
        -0.270598049273462,
        0.653281482769409,
        -0.270598049273462,
        0.653281482769408
      ]
    },
    "connecting_link_1": {
      "p": [
        8.88387059731454e-18,
        0.032,
        0.408120843200002
      ],
      "q": [
        0.653281482769408,
        0.270598049273462,
        0.653281482769408,
        0.270598049273462
      ]
    },
    "connecting_link_2": {
      "p": [
        -8.87969779668796e-18,
        0.032,
        0.328120843200001
      ],
      "q": [
        0.270598049273462,
        0.653281482769409,
        0.270598049273462,
        0.653281482769408
      ]
    },
    "connecting_link_3": {
      "p": [
        8.87969779668796e-18,
        -0.032,
        0.408120843200002
      ],
      "q": [
        0.653281482769408,
        -0.270598049273462,
        0.653281482769408,
        -0.270598049273462
      ]
    }
  },
  "contacts": [],
  "idx": 327,
  "t": 0.163999999999998,
  "thrust": [
    0.0,
    0.0,
    0.0,
    0.0
  ]
}