{
  "T_W_L": {
    "arm_motor_0": {
      "p": [
        0.0350797663967711,
        -0.0828012925871681,
        0.255898104543356
      ],
      "q": [
        0.617196259879612,
        0.624441591365761,
        -0.125278904610025,
        0.462002891574205
      ]
    },
    "arm_motor_1": {
      "p": [
        -0.0832410329834089,
        0.0798155336522954,
        0.390311574629581
      ],
      "q": [
        -0.312230459565331,
        0.351636292432707,
        0.875947439638184,
        0.107611063349043
      ]
    },
    "arm_motor_2": {
      "p": [
        0.0348936082150616,
        0.0830201228022514,
        0.255930304844273
      ],
      "q": [
        -0.618130580583967,
        0.623378500175141,
        0.125566100708068,
        0.462111442424109
      ]
    },
    "arm_motor_3": {
      "p": [
        -0.0830496193951684,
        -0.0799145170148904,
        0.390297017394468
      ],
      "q": [
        -0.311879948203608,
        -0.352013029800342,
        0.87579461530611,
        -0.108634785221499
      ]
    },
    "base_link": {
      "p": [
        -0.0223666576152575,
        3.04222767466904e-05,
        0.322544452225577
      ],
      "q": [
        -0.000202761268640499,
        0.389879133356027,
        0.000640627702511518,
        0.920865793619009
      ]
    },
    "connecting_link_0": {
      "p": [
        0.00551566547194303,
        -0.0319286784462309,
        0.293818297936506
      ],
      "q": [
        0.347838097694476,
        0.114861506149735,
        -0.52500922367322,
        0.768232261269563
      ]
    },
    "connecting_link_1": {
      "p": [
        -0.050248980702458,
        0.0319895229997243,
        0.351270606514649
      ],
      "q": [
        0.398608099279516,
        0.17255189426566,
        0.840168649782791,
        0.324736919515267
      ]
    },
    "connecting_link_2": {
      "p": [
        0.00543003545269396,
        0.032071263759723,
        0.293826368522989
      ],
      "q": [
        -0.348295683891873,
        0.114033030117757,
        0.525872966487529,
        0.767557299321726
      ]
    },
    "connecting_link_3": {
      "p": [
        -0.050163350683209,
        -0.0320104192062296,
        0.351262535928166
      ],
      "q": [
        0.398747885118734,
        -0.172094407134978,
        0.839812737700494,
        -0.32572719374071
      ]
    }
  },
  "contacts": [],
  "idx": 836,
  "t": 0.41849999999997,
  "thrust": [
    0.0,
    0.0,
    0.0,
    0.0
  ]
}