{
  "T_W_L": {
    "arm_motor_0": {
      "p": [
        -0.317068957438899,
        -0.0658393976929078,
        0.11615807565603
      ],
      "q": [
        0.295808374611397,
        0.413719346010544,
        -0.0070545615255369,
        0.860978479062081
      ]
    },
    "arm_motor_1": {
      "p": [
        -0.479690457571062,
        0.0838220740176812,
        0.0203121444086568
      ],
      "q": [
        0.796573425131263,
        -0.123033074559857,
        -0.446833060167802,
        -0.388167305784599
      ]
    },
    "arm_motor_2": {
      "p": [
        -0.319779817850708,
        0.0721115385427101,
        0.116221290567662
      ],
      "q": [
        -0.302959602869507,
        0.408341835615203,
        0.0243493659235773,
        0.860743592886219
      ]
    },
    "arm_motor_3": {
      "p": [
        -0.476234057062319,
        -0.0838776252196854,
        0.0202695804099583
      ],
      "q": [
        0.793596056591024,
        0.140935685943676,
        -0.439423053010192,
        0.396547363973036
      ]
    },
    "base_link": {
      "p": [
        -0.401595418659776,
        0.00153103549069331,
        0.0618183955893677
      ],
      "q": [
        -0.00305819761790052,
        0.266846467840096,
        -0.00976214020196495,
        -0.963684756882286
      ]
    },
    "connecting_link_0": {
      "p": [
        -0.366645289126055,
        -0.0297749422662601,
        0.0823713565015382
      ],
      "q": [
        0.204179779326485,
        -0.316259965928358,
        -0.214156435912494,
        0.901347476072596
      ]
    },
    "connecting_link_1": {
      "p": [
        -0.436545548193498,
        0.0328370132476468,
        0.0412654346771972
      ],
      "q": [
        -0.247303783720321,
        -0.187478212823697,
        0.8792211575263,
        0.361473255486707
      ]
    },
    "connecting_link_2": {
      "p": [
        -0.367953922078307,
        0.0342116622836288,
        0.0824151511634839
      ],
      "q": [
        -0.197007187852458,
        -0.319896350387046,
        0.231442391376766,
        0.897378912398391
      ]
    },
    "connecting_link_3": {
      "p": [
        -0.435236915241245,
        -0.0311495913022422,
        0.0412216400152516
      ],
      "q": [
        -0.250438132545213,
        0.180744750885034,
        0.871876173731619,
        -0.380057909368935
      ]
    }
  },
  "contacts": [
    {
      "f": [
        0.0,
        0.0,
        0.0338762418675405
      ],
      "link": "arm_motor_1",
      "p": [
        -0.495860549273772,
        0.066206162957292,
        0.000661237581324595
      ]
    },
    {
      "f": [
        0.0,
        0.0,
        0.0279791006875667
      ],
      "link": "arm_motor_1",
      "p": [
        -0.495790268683051,
        0.0659912548056127,
        0.000720208993124333
      ]
    },
    {
      "f": [
        0.0,
        0.0,
        0.0371376642322638
      ],
      "link": "arm_motor_1",
      "p": [
        -0.495927818000902,
        0.0664274497695204,
        0.000628623357677362
      ]
    },
    {
      "f": [
        0.0,
        0.0,
        0.0282293858532934
      ],
      "link": "arm_motor_1",
      "p": [
        -0.493865232412212,
        0.0663012097657108,
        0.000717706141467066
      ]
    },
    {
      "f": [
        0.0,
        0.0,
        0.0133144655392692
      ],
      "link": "arm_motor_1",
      "p": [
        -0.492718650012808,
        0.0666224089565245,
        0.000866855344607308
      ]
    },
    {
      "f": [
        0.0,
        0.0,
        0.0202827370700021
      ],
      "link": "arm_motor_1",
      "p": [
        -0.496620184616445,
        0.0662360714927578,
        0.000797172629299979
      ]
    },
    {
      "f": [
        0.0,
        0.0,
        0.021782581435515
      ],
      "link": "arm_motor_1",
      "p": [
        -0.492762970579517,
        0.066836088102871,
        0.00078217418564485
      ]
    },
    {
      "f": [
        0.0,
        0.0,
        0.0368108708335444
      ],
      "link": "arm_motor_1",
      "p": [
        -0.493918122419836,
        0.066512388526591,
        0.000631891291664556
      ]
    },
    {
      "f": [
        0.0,
        0.0,
        0.0467663814528423
      ],
      "link": "arm_motor_1",
      "p": [
        -0.49408725592321,
        0.0671427838384925,
        0.000532336185471577
      ]
    },
    {
      "f": [
        0.0,
        0.0,
        0.0316145336186158
      ],
      "link": "arm_motor_1",
      "p": [
        -0.492922561229765,
        0.0674691629269482,
        0.000683854663813842
      ]
    },
    {
      "f": [
        0.0,
        0.0,
        0.0460928410556226
      ],
      "link": "arm_motor_1",
      "p": [
        -0.494035103946725,
        0.0669543604320857,
        0.000539071589443774
      ]
    },
    {
      "f": [
        0.0,
        0.0,
        0.0309433328063539
      ],
      "link": "arm_motor_1",
      "p": [
        -0.492870836355155,
        0.0672805057757623,
        0.000690566671936461
      ]
    },
    {
      "f": [
        0.0,
        0.0,
        0.0417073780803335
      ],
      "link": "arm_motor_1",
      "p": [
        -0.495291225890806,
        0.0672720737209909,
        0.000582926219196665
      ]
    },
    {
      "f": [
        0.0,
        0.0,
        0.0362465718260415
      ],
      "link": "arm_motor_1",
      "p": [
        -0.496038402690582,
        0.0668326183905176,
        0.000637534281739585
      ]
    },
    {
      "f": [
        0.0,
        0.0,
        0.0194275669422601
      ],
      "link": "arm_motor_1",
      "p": [
        -0.49672937248109,
        0.0666417253341295,
        0.0008057243305774
      ]
    },
    {
      "f": [
        0.0,
        0.0,
        0.0374820290680775
      ],
      "link": "arm_motor_1",
      "p": [
        -0.49499378666311,
        0.0662123973958802,
        0.000625179709319225
      ]
    },
    {
      "f": [
        0.0,
        0.0,
        0.0171054981752363
      ],
      "link": "arm_motor_1",
      "p": [
        -0.496549606293744,
        0.066015729133541,
        0.000828945018247637
      ]
    },
    {
      "f": [
        0.0,
        0.0,
        0.0434536321262092
      ],
      "link": "arm_motor_1",
      "p": [
        -0.495057675286543,
        0.0664291135013903,
        0.000565463678737908
      ]
    },
    {
      "f": [
        0.0,
        0.0,
        0.0410381163953913
      ],
      "link": "arm_motor_1",
      "p": [
        -0.494211697786688,
        0.0675731300369855,
        0.000589618836046087
      ]
    },
    {
      "f": [
        0.0,
        0.0,
        0.0154578530860579
      ],
      "link": "arm_motor_1",
      "p": [
        -0.496777383955678,
        0.0668602861199486,
        0.000845421469139421
      ]
    },
    {
      "f": [
        0.0,
        0.0,
        0.0321608838475303
      ],
      "link": "arm_motor_1",
      "p": [
        -0.496091166750528,
        0.0670499680476424,
        0.000678391161524697
      ]
    },
    {
      "f": [
        0.0,
        0.0,
        0.0474334607673182
      ],
      "link": "arm_motor_1",
      "p": [
        -0.49517432737452,
        0.0668396092597964,
        0.000525665392326818
      ]
    },
    {
      "f": [
        0.0,
        0.0,
        0.0349794061768625
      ],
      "link": "arm_motor_1",
      "p": [
        -0.495346184575466,
        0.0674844210997998,
        0.000650205938231375
      ]
    },
    {
      "f": [
        0.0,
        0.0,
        0.0458491359673192
      ],
      "link": "arm_motor_1",
      "p": [
        -0.495233598617456,
        0.0670561377017008,
        0.000541508640326809
      ]
    },
    {
      "f": [
        0.0,
        0.0,
        0.0209386969253738
      ],
      "link": "arm_motor_1",