{
  "T_W_L": {
    "arm_motor_0": {
      "p": [
        -0.162494667231695,
        -0.092978304966325,
        0.0265353346079687
      ],
      "q": [
        0.117696353378098,
        0.79746133916896,
        -0.513065951057939,
        0.294900509998472
      ]
    },
    "arm_motor_1": {
      "p": [
        -0.279910264087817,
        0.0958345347834066,
        0.105928772466706
      ],
      "q": [
        -0.338936924584271,
        0.510010313419552,
        0.76877536151622,
        0.184379187775228
      ]
    },
    "arm_motor_2": {
      "p": [
        -0.165349644245136,
        0.0960372250777008,
        0.026544888476125
      ],
      "q": [
        -0.129244163146345,
        0.795558968603197,
        0.518057470582361,
        0.286353506948012
      ]
    },
    "arm_motor_3": {
      "p": [
        -0.277265264250307,
        -0.0960430147146252,
        0.10597446398971
      ],
      "q": [
        -0.332050891639326,
        -0.514310457701281,
        0.766266920178116,
        -0.195094760312451
      ]
    },
    "base_link": {
      "p": [
        -0.221780294292944,
        0.000677903706298424,
        0.0679670579769401
      ],
      "q": [
        0.00199229569049013,
        -0.265354677231936,
        -0.00678261096149079,
        -0.964124951558439
      ]
    },
    "connecting_link_0": {
      "p": [
        -0.186964674211716,
        -0.03083804845949,
        0.0475069172774402
      ],
      "q": [
        -0.279568523594413,
        0.355364170265186,
        -0.446016302783576,
        0.772416471055768
      ]
    },
    "connecting_link_1": {
      "p": [
        -0.256595914374172,
        0.0321938558720868,
        0.0884271986764399
      ],
      "q": [
        0.303941673569207,
        0.23025597710851,
        0.78327086910531,
        0.491007525079574
      ]
    },
    "connecting_link_2": {
      "p": [
        -0.187869371740623,
        0.0331555549896526,
        0.0474914261486584
      ],
      "q": [
        0.274932526303577,
        0.360062634953607,
        0.457711374682698,
        0.765027648112585
      ]
    },
    "connecting_link_3": {
      "p": [
        -0.255691216845265,
        -0.0317997475770558,
        0.0884426898052217
      ],
      "q": [
        -0.30703709827967,
        0.225719584284834,
        -0.776627972634084,
        0.501625240266631
      ]
    }
  },
  "contacts": [
    {
      "f": [
        0.0,
        0.0,
        0.0611061117964085
      ],
      "link": "arm_motor_0",
      "p": [
        -0.14821632789664,
        -0.0828399438123489,
        0.000388938882035915
      ]
    },
    {
      "f": [
        0.0,
        0.0,
        0.0598346275365202
      ],
      "link": "arm_motor_0",
      "p": [
        -0.14964398072224,
        -0.082497803689102,
        0.000401653724634798
      ]
    },
    {
      "f": [
        0.0,
        0.0,
        0.0568860345905953
      ],
      "link": "arm_motor_0",
      "p": [
        -0.148204287434435,
        -0.0830606604227514,
        0.000431139654094047
      ]
    },
    {
      "f": [
        0.0,
        0.0,
        0.0622187135423883
      ],
      "link": "arm_motor_0",
      "p": [
        -0.148246830485655,
        -0.0824125890970374,
        0.000377812864576117
      ]
    },
    {
      "f": [
        0.0,
        0.0,
        0.0566110181489186
      ],
      "link": "arm_motor_0",
      "p": [
        -0.149651098530126,
        -0.0822664756243054,
        0.000433889818510814
      ]
    },
    {
      "f": [
        0.0,
        0.0,
        0.0603606247787394
      ],
      "link": "arm_motor_0",
      "p": [
        -0.149633259428071,
        -0.0827310717945975,
        0.000396393752212607
      ]
    },
    {
      "f": [
        0.0,
        0.0,
        0.00195620507308153
      ],
      "link": "arm_motor_0",
      "p": [
        -0.151515675843151,
        -0.0821037501803363,
        0.000980437949269185
      ]
    },
    {
      "f": [
        0.0,
        0.0,
        0.0656728441944496
      ],
      "link": "arm_motor_0",
      "p": [
        -0.148898446528992,
        -0.0826906481884357,
        0.000343271558055504
      ]
    },
    {
      "f": [
        0.0,
        0.0,
        0.0627471449663838
      ],
      "link": "arm_motor_0",
      "p": [
        -0.148229077119996,
        -0.0826453328190383,
        0.000372528550336163
      ]
    },
    {
      "f": [
        0.0,
        0.0,
        0.00735401672997743
      ],
      "link": "arm_motor_0",
      "p": [
        -0.151531933743556,
        -0.0823308626062537,
        0.000926459832700226
      ]
    },
    {
      "f": [
        0.0,
        0.0,
        0.00891058028402924
      ],
      "link": "arm_motor_0",
      "p": [
        -0.151524405716421,
        -0.0829908752199193,
        0.000910894197159708
      ]
    },
    {
      "f": [
        0.0,
        0.0,
        0.0105864776092041
      ],
      "link": "arm_motor_0",
      "p": [
        -0.15153484455811,
        -0.0827962506022582,
        0.000894135223907959
      ]
    },
    {
      "f": [
        0.0,
        0.0,
        0.0322059691331192
      ],
      "link": "arm_motor_0",
      "p": [
        -0.150406549897658,
        -0.0833970152972262,
        0.000677940308668808
      ]
    },
    {
      "f": [
        0.0,
        0.0,
        0.0545002532710503
      ],
      "link": "arm_motor_0",
      "p": [
        -0.149605473530554,
        -0.08314611822342,
        0.000454997467289497
      ]
    },
    {
      "f": [
        0.0,
        0.0,
        0.0598016588443251
      ],
      "link": "arm_motor_0",
      "p": [
        -0.148872167851667,
        -0.0831058740423713,
        0.000401983411556749
      ]
    },
    {
      "f": [
        0.0,
        0.0,
        0.041111311808746
      ],
      "link": "arm_motor_0",
      "p": [
        -0.150467866194771,
        -0.0823008952470075,
        0.00058888688191254
      ]
    },
    {
      "f": [
        0.0,
        0.0,
        0.0651243072886588
      ],
      "link": "arm_motor_0",
      "p": [
        -0.148912696561067,
        -0.0824576065893335,
        0.000348756927113412
      ]
    },
    {
      "f": [
        0.0,
        0.0,
        0.0442081831012123
      ],
      "link": "arm_motor_0",
      "p": [
        -0.150467304347761,
        -0.0825325291263252,
        0.000557918168987877
      ]
    },
    {
      "f": [
        0.0,
        0.0,
        0.0530380448376755
      ],
      "link": "arm_motor_0",
      "p": [
        -0.148857947317461,
        -0.0833223755679174,
        0.000469619551623245
      ]
    },
    {
      "f": [
        0.0,
        0.0,
        0.0477708602822347
      ],
      "link": "arm_motor_0",
      "p": [
        -0.149586228090783,
        -0.0833624405388391,
        0.000522291397177653
      ]
    },
    {
      "f": [
        0.0,
        0.0,
        0.0430152944497718
      ],
      "link": "arm_motor_0",
      "p": [
        -0.15044902099234,
        -0.0829605732846559,
        0.000569847055502282
      ]
    },
    {
      "f": [
        0.0,
        0.0,
        0.0231248207104274
      ],
      "link": "arm_motor_0",
      "p": [
        -0.150376600184671,
        -0.0836055691653861,
        0.000768751792895726
      ]
    },
    {
      "f": [
        0.0,
        0.0,
        0.0388376475048669
      ],
      "link": "arm_motor_0",
      "p": [
        -0.150430789000466,
        -0.0831809615238446,
        0.000611623524951331
      ]
    },
    {
      "f": [
        0.0,
        0.0,
        0.0640311350791934
      ],
      "link": "arm_motor_0",
      "p": [
        -0.148886289547345,
        -0.0828852693831072,
        0.000359688649208066
      ]
    },
    {
      "f": [
        0.0,
        0.0,
        0.0587158752562245
      ],
      "link": "arm_motor_0",