{
  "T_W_L": {
    "arm_motor_0": {
      "p": [
        -0.255631707903506,
        -0.0650564350999221,
        0.154701595379915
      ],
      "q": [
        0.230354900168448,
        0.335256918518146,
        -0.116264138395839,
        0.906102681089277
      ]
    },
    "arm_motor_1": {
      "p": [
        -0.373978992152077,
        0.0931814743834906,
        0.0248658384009822
      ],
      "q": [
        0.7915863088777,
        -0.132898616866396,
        -0.341834884919861,
        -0.488751454917735
      ]
    },
    "arm_motor_2": {
      "p": [
        -0.258114052017985,
        0.0697934667904655,
        0.154582485127344
      ],
      "q": [
        -0.23671110038204,
        0.332047845457569,
        0.13454294955702,
        0.903111442739714
      ]
    },
    "arm_motor_3": {
      "p": [
        -0.370649270272066,
        -0.0927939705169542,
        0.0248142992643051
      ],
      "q": [
        0.789218490337016,
        0.14763702183229,
        -0.333902836862468,
        0.493808039454452
      ]
    },
    "base_link": {
      "p": [
        -0.319800392967415,
        0.00113948405184218,
        0.076464922465395
      ],
      "q": [
        -0.00415819353659242,
        0.436150329669571,
        -0.00863759076910603,
        -0.899822755536524
      ]
    },
    "connecting_link_0": {
      "p": [
        -0.294411032925661,
        -0.0303779381814806,
        0.107866076782341
      ],
      "q": [
        0.0806743513201503,
        -0.403648909725652,
        -0.245096672657169,
        0.877773790773426
      ]
    },
    "connecting_link_1": {
      "p": [
        -0.345189753009169,
        0.032656906285165,
        0.0450637681484494
      ],
      "q": [
        -0.318022281728894,
        -0.25162595489058,
        0.801449812074807,
        0.439572981283663
      ]
    },
    "connecting_link_2": {
      "p": [
        -0.295638027896396,
        0.0336102988044032,
        0.107862793467736
      ],
      "q": [
        -0.0722437922696617,
        -0.403802942126988,
        0.262516256254879,
        0.873389508529848
      ]
    },
    "connecting_link_3": {
      "p": [
        -0.343962758038434,
        -0.0313313307007189,
        0.0450670514630536
      ],
      "q": [
        -0.321956786152237,
        0.244779874010878,
        0.79416670655799,
        -0.453570152594476
      ]
    }
  },
  "contacts": [
    {
      "f": [
        0.0,
        0.0,
        0.0417958986226811
      ],
      "link": "arm_motor_1",
      "p": [
        -0.390374578753727,
        0.0817022202719528,
        0.000582041013773189
      ]
    },
    {
      "f": [
        0.0,
        0.0,
        0.0538312323792783
      ],
      "link": "arm_motor_1",
      "p": [
        -0.388940607259418,
        0.0814112650361446,
        0.000461687676207218
      ]
    },
    {
      "f": [
        0.0,
        0.0,
        0.0381136266602674
      ],
      "link": "arm_motor_1",
      "p": [
        -0.390390839581247,
        0.0819236279791535,
        0.000618863733397326
      ]
    },
    {
      "f": [
        0.0,
        0.0,
        0.0419774934627192
      ],
      "link": "arm_motor_1",
      "p": [
        -0.39032896258186,
        0.0812760722740747,
        0.000580225065372808
      ]
    },
    {
      "f": [
        0.0,
        0.0,
        0.0500304724787556
      ],
      "link": "arm_motor_1",
      "p": [
        -0.388921470607954,
        0.0811815005621966,
        0.000499695275212445
      ]
    },
    {
      "f": [
        0.0,
        0.0,
        0.0549185700776312
      ],
      "link": "arm_motor_1",
      "p": [
        -0.388960732782017,
        0.0816437157954746,
        0.000450814299223688
      ]
    },
    {
      "f": [
        0.0,
        0.0,
        0.0195885733006715
      ],
      "link": "arm_motor_1",
      "p": [
        -0.387007109731602,
        0.0811024997816135,
        0.000861391691231471
      ]
    },
    {
      "f": [
        0.0,
        0.0,
        0.0527331832119143
      ],
      "link": "arm_motor_1",
      "p": [
        -0.389695103380811,
        0.0815756844486394,
        0.000472668167880858
      ]
    },
    {
      "f": [
        0.0,
        0.0,
        0.0429953813120837
      ],
      "link": "arm_motor_1",
      "p": [
        -0.390356062785877,
        0.0815077503167866,
        0.000570046186879163
      ]
    },
    {
      "f": [
        0.0,
        0.0,
        0.0255910641589344
      ],
      "link": "arm_motor_1",
      "p": [
        -0.387004991842315,
        0.0813281726035574,
        0.000799542662291132
      ]
    },
    {
      "f": [
        0.0,
        0.0,
        0.0275918127073703
      ],
      "link": "arm_motor_1",
      "p": [
        -0.38703932464333,
        0.0819866552424702,
        0.000765816064109748
      ]
    },
    {
      "f": [
        0.0,
        0.0,
        0.0293333784232833
      ],
      "link": "arm_motor_1",
      "p": [
        -0.387023139984235,
        0.0817920788336427,
        0.000753706054292064
      ]
    },
    {
      "f": [
        0.0,
        0.0,
        0.0365712545812295
      ],
      "link": "arm_motor_1",
      "p": [
        -0.388189489296569,
        0.0823453199930543,
        0.000634287454187706
      ]
    },
    {
      "f": [
        0.0,
        0.0,
        0.0500067614743984
      ],
      "link": "arm_motor_1",
      "p": [
        -0.388998478827382,
        0.0820592066368704,
        0.000499932385256016
      ]
    },
    {
      "f": [
        0.0,
        0.0,
        0.0478262169307831
      ],
      "link": "arm_motor_1",
      "p": [
        -0.389731346895261,
        0.0819914112053582,
        0.000521737830692169
      ]
    },
    {
      "f": [
        0.0,
        0.0,
        0.0428864781935024
      ],
      "link": "arm_motor_1",
      "p": [
        -0.38809529944035,
        0.0812497336515649,
        0.000571135218064976
      ]
    },
    {
      "f": [
        0.0,
        0.0,
        0.0516593881232457
      ],
      "link": "arm_motor_1",
      "p": [
        -0.38967145542496,
        0.0813435917727644,
        0.000483406118767543
      ]
    },
    {
      "f": [
        0.0,
        0.0,
        0.0466276665844318
      ],
      "link": "arm_motor_1",
      "p": [
        -0.388107803482892,
        0.08148007607224,
        0.000533723334155682
      ]
    },
    {
      "f": [
        0.0,
        0.0,
        0.0162283641476329
      ],
      "link": "arm_motor_1",
      "p": [
        -0.387095259212357,
        0.0824240334108775,
        0.000863471539063319
      ]
    },
    {
      "f": [
        0.0,
        0.0,
        0.0415802852593946
      ],
      "link": "arm_motor_1",
      "p": [
        -0.389747097624807,
        0.0822093573681471,
        0.000584197147406054
      ]
    },
    {
      "f": [
        0.0,
        0.0,
        0.0437440708864172
      ],
      "link": "arm_motor_1",
      "p": [
        -0.389019253082511,
        0.0822767853699391,
        0.000562559291135828
      ]
    },
    {
      "f": [
        0.0,
        0.0,
        0.0464904687053776
      ],
      "link": "arm_motor_1",
      "p": [
        -0.388141216400958,
        0.0819073699704886,
        0.000535095312946224
      ]
    },
    {
      "f": [
        0.0,
        0.0,
        0.0278401235610451
      ],
      "link": "arm_motor_1",
      "p": [
        -0.38821828301552,
        0.0825555248544629,
        0.000721598764389549
      ]
    },
    {
      "f": [
        0.0,
        0.0,
        0.0427875001054365
      ],
      "link": "arm_motor_1",
      "p": [
        -0.38816366319511,
        0.0821282174261839,
        0.000572124998945635
      ]
    },
    {
      "f": [
        0.0,
        0.0,
        0.0515389834543071
      ],
      "link": "arm_motor_1",