{
  "T_W_L": {
    "arm_motor_0": {
      "p": [
        -0.319614655198892,
        -0.0662684274729564,
        0.114945997130099
      ],
      "q": [
        0.300748909309301,
        0.412166504142448,
        -0.0051593451501762,
        0.860024562189872
      ]
    },
    "arm_motor_1": {
      "p": [
        -0.48307657555587,
        0.0833066437476689,
        0.0200998016311914
      ],
      "q": [
        0.794382610078296,
        -0.121865838553971,
        -0.454632626365478,
        -0.383945518586634
      ]
    },
    "arm_motor_2": {
      "p": [
        -0.322345165060472,
        0.0725660716304609,
        0.11501328235098
      ],
      "q": [
        -0.307885677005571,
        0.406658573817221,
        0.0224167113817986,
        0.859844582053402
      ]
    },
    "arm_motor_3": {
      "p": [
        -0.479623138649909,
        -0.0833888768603298,
        0.0200610073493118
      ],
      "q": [
        0.791405490537465,
        0.139768395800983,
        -0.447198314977978,
        0.392626810296027
      ]
    },
    "base_link": {
      "p": [
        -0.40404476218231,
        0.00154529715918639,
        0.0609587296978761
      ],
      "q": [
        -0.00304160476553505,
        0.265172951895582,
        -0.00976279872420486,
        -0.964146639253856
      ]
    },
    "connecting_link_0": {
      "p": [
        -0.369023686177581,
        -0.0297595133092728,
        0.0813923558323831
      ],
      "q": [
        0.209013385264893,
        -0.316683469854372,
        -0.216309801149236,
        0.899574929968528
      ]
    },
    "connecting_link_1": {
      "p": [
        -0.43906583818704,
        0.0328501076276455,
        0.040525103563369
      ],
      "q": [
        -0.240239517391353,
        -0.185318318962297,
        0.883187143494712,
        0.357662640635292
      ]
    },
    "connecting_link_2": {
      "p": [
        -0.370331759251991,
        0.0342271025501219,
        0.0814363523579728
      ],
      "q": [
        -0.201857041410879,
        -0.320450899562667,
        0.233559058670822,
        0.895552969910281
      ]
    },
    "connecting_link_3": {
      "p": [
        -0.437757765112629,
        -0.0311365082317491,
        0.0404811070377793
      ],
      "q": [
        -0.243391227971182,
        0.178797899569525,
        0.875825150083433,
        -0.376460260502405
      ]
    }
  },
  "contacts": [
    {
      "f": [
        0.0,
        0.0,
        0.0279174665922851
      ],
      "link": "arm_motor_1",
      "p": [
        -0.499332335487003,
        0.0654697192920528,
        0.000720825334077149
      ]
    },
    {
      "f": [
        0.0,
        0.0,
        0.0220804675530996
      ],
      "link": "arm_motor_1",
      "p": [
        -0.499258812325979,
        0.0652557337983513,
        0.000779195324469004
      ]
    },
    {
      "f": [
        0.0,
        0.0,
        0.0311246696604392
      ],
      "link": "arm_motor_1",
      "p": [
        -0.499402536201717,
        0.0656901730672566,
        0.000688753303395608
      ]
    },
    {
      "f": [
        0.0,
        0.0,
        0.0251887040100213
      ],
      "link": "arm_motor_1",
      "p": [
        -0.49733759481994,
        0.0655870948804085,
        0.000748112959899787
      ]
    },
    {
      "f": [
        0.0,
        0.0,
        0.0120047127014459
      ],
      "link": "arm_motor_1",
      "p": [
        -0.496192626705404,
        0.0659213580366403,
        0.000879952872985541
      ]
    },
    {
      "f": [
        0.0,
        0.0,
        0.0132278076161361
      ],
      "link": "arm_motor_1",
      "p": [
        -0.500090205814087,
        0.0654914602865423,
        0.000867721923838639
      ]
    },
    {
      "f": [
        0.0,
        0.0,
        0.0204498793607607
      ],
      "link": "arm_motor_1",
      "p": [
        -0.496240553372715,
        0.0661343485046669,
        0.000795501206392393
      ]
    },
    {
      "f": [
        0.0,
        0.0,
        0.0337342829877982
      ],
      "link": "arm_motor_1",
      "p": [
        -0.49739407802445,
        0.0657974872899715,
        0.000662657170122018
      ]
    },
    {
      "f": [
        0.0,
        0.0,
        0.0435679497056924
      ],
      "link": "arm_motor_1",
      "p": [
        -0.497571664232119,
        0.0664257457154096,
        0.000564320502943076
      ]
    },
    {
      "f": [
        0.0,
        0.0,
        0.0301743951043334
      ],
      "link": "arm_motor_1",
      "p": [
        -0.496408610315714,
        0.0667653951591742,
        0.000698256048956666
      ]
    },
    {
      "f": [
        0.0,
        0.0,
        0.0429329027550419
      ],
      "link": "arm_motor_1",
      "p": [
        -0.497517319941318,
        0.0662379294647963,
        0.000570670972449581
      ]
    },
    {
      "f": [
        0.0,
        0.0,
        0.0295410207015768
      ],
      "link": "arm_motor_1",
      "p": [
        -0.496354690785309,
        0.0665773403737325,
        0.000704589792984232
      ]
    },
    {
      "f": [
        0.0,
        0.0,
        0.036786073257089
      ],
      "link": "arm_motor_1",
      "p": [
        -0.498776142009753,
        0.0665417319493696,
        0.00063213926742911
      ]
    },
    {
      "f": [
        0.0,
        0.0,
        0.0301533195305416
      ],
      "link": "arm_motor_1",
      "p": [
        -0.49951749599173,
        0.0660941036110047,
        0.000698466804694584
      ]
    },
    {
      "f": [
        0.0,
        0.0,
        0.0122945012689119
      ],
      "link": "arm_motor_1",
      "p": [
        -0.50020377963979,
        0.0658958908002792,
        0.000877054987310881
      ]
    },
    {
      "f": [
        0.0,
        0.0,
        0.0327832709733133
      ],
      "link": "arm_motor_1",
      "p": [
        -0.498466310652476,
        0.0654855256944007,
        0.000672167290266867
      ]
    },
    {
      "f": [
        0.0,
        0.0,
        0.0101097740776281
      ],
      "link": "arm_motor_1",
      "p": [
        -0.500016718811245,
        0.0652719859447651,
        0.000898902259223719
      ]
    },
    {
      "f": [
        0.0,
        0.0,
        0.038704367966736
      ],
      "link": "arm_motor_1",
      "p": [
        -0.498533473899129,
        0.0657013885912554,
        0.00061295632033264
      ]
    },
    {
      "f": [
        0.0,
        0.0,
        0.0377448058484642
      ],
      "link": "arm_motor_1",
      "p": [
        -0.497700058333779,
        0.06685480163743,
        0.000622551941515358
      ]
    },
    {
      "f": [
        0.0,
        0.0,
        0.00829878067827089
      ],
      "link": "arm_motor_1",
      "p": [
        -0.500253647073658,
        0.0661139881233612,
        0.000917012193217291
      ]
    },
    {
      "f": [
        0.0,
        0.0,
        0.0260344930557529
      ],
      "link": "arm_motor_1",
      "p": [
        -0.499572084873917,
        0.0663109394587988,
        0.000739655069442471
      ]
    },
    {
      "f": [
        0.0,
        0.0,
        0.0425956567613995
      ],
      "link": "arm_motor_1",
      "p": [
        -0.498655266029163,
        0.0661104739675688,
        0.000574043432386005
      ]
    },
    {
      "f": [
        0.0,
        0.0,
        0.0300210673416157
      ],
      "link": "arm_motor_1",
      "p": [
        -0.498832486064929,
        0.0667535980482215,
        0.000699789326583843
      ]
    },
    {
      "f": [
        0.0,
        0.0,
        0.0409683086866507
      ],
      "link": "arm_motor_1",
      "p": [
        -0.498716714641659,
        0.0663263625887294,
        0.000590316913133493
      ]
    },
    {
      "f": [
        0.0,
        0.0,
        0.0138427324190295
      ],
      "link": "arm_motor_1",