{
  "T_W_L": {
    "arm_motor_0": {
      "p": [
        0.0586767817252848,
        -0.0814489432209634,
        0.0558960156023182
      ],
      "q": [
        0.422382207918836,
        0.659694052130243,
        -0.151210061268324,
        0.602936601467201
      ]
    },
    "arm_motor_1": {
      "p": [
        -0.107592968734169,
        0.0799335423579628,
        0.125635586226468
      ],
      "q": [
        -0.487009924574404,
        0.318707439600985,
        0.791718679753968,
        0.185549005488176
      ]
    },
    "arm_motor_2": {
      "p": [
        0.0583029195139673,
        0.0820061060387741,
        0.0560181074603283
      ],
      "q": [
        -0.423776056087318,
        0.658219305012771,
        0.152415726335575,
        0.603266646816466
      ]
    },
    "arm_motor_3": {
      "p": [
        -0.107163124040465,
        -0.0802706257286361,
        0.125592589762914
      ],
      "q": [
        -0.486282698975429,
        -0.320127226338052,
        0.79110854305463,
        -0.187603221561516
      ]
    },
    "base_link": {
      "p": [
        -0.024979330599142,
        6.3485705420962e-05,
        0.0874307258615307
      ],
      "q": [
        -0.000162638113793013,
        0.199281349914714,
        0.00139202425048448,
        0.97994131425994
      ]
    },
    "connecting_link_0": {
      "p": [
        0.0119328466886778,
        -0.0318298532804372,
        0.0718004316798558
      ],
      "q": [
        0.19174766376549,
        0.0401335782466981,
        -0.405590983178421,
        0.892814697292756
      ]
    },
    "connecting_link_1": {
      "p": [
        -0.0618915078869619,
        0.0319568246912791,
        0.103061020043206
      ],
      "q": [
        0.215461627074382,
        0.0941572317333497,
        0.904197667417801,
        0.356563151779568
      ]
    },
    "connecting_link_2": {
      "p": [
        0.011754093048183,
        0.0321698953041811,
        0.0718155393489466
      ],
      "q": [
        -0.191880729312475,
        0.0388573972548337,
        0.407429116615191,
        0.89200527091002
      ]
    },
    "connecting_link_3": {
      "p": [
        -0.061712754246467,
        -0.0320429238933391,
        0.103045912374115
      ],
      "q": [
        0.215544421429316,
        -0.0937086224474876,
        0.903252009467761,
        -0.359019642724667
      ]
    }
  },
  "contacts": [],
  "idx": 61,
  "state": [
    -0.024979330599142,
    6.3485705420962e-05,
    0.0874307258615307,
    0.97994131425994,
    -0.000162638113793013,
    0.199281349914714,
    0.00139202425048448,
    -0.0783944584774008,
    0.000198950147180049,
    -1.74831890636895,
    -0.00718639415291663,
    -3.39127563547939,
    0.00533505664979306,
    0.953096091432995,
    0.301572285693745,
    -0.0253139090577891,
    0.00460467206344181,
    0.999200582338924,
    0.0311009436697235,
    -0.0208222626853608,
    0.0140485206719508,
    0.952964857136607,
    -0.301924497618945,
    -0.0259121485874823,
    -0.00530465415777143,
    0.999202711410915,
    -0.0310269633779308,
    -0.0207356732283736,
    -0.0141880551305339,
    0.034797186153218,
    0.0475840872091149,
    -0.609164044343293,
    0.0155741401539902,
    0.0447602477074423,
    -0.064408187498145,
    -0.0362201419112344,
    0.0489822819111848,
    0.60987266118915,
    -0.0159655422972683,
    0.0446538583076576,
    0.0642290527985667
  ],
  "t": 0.62,
  "thrust": [
    0.0,
    0.0,
    0.0,
    0.0
  ]
}