{
  "T_W_L": {
    "arm_motor_0": {
      "p": [
        -0.153730560609353,
        -0.0939137475946479,
        0.0235755733262019
      ],
      "q": [
        0.184502894276975,
        0.762772163652039,
        -0.503558526860396,
        0.361339339661758
      ]
    },
    "arm_motor_1": {
      "p": [
        -0.282281099346909,
        0.095625609990564,
        0.0788061874395398
      ],
      "q": [
        -0.409770072664885,
        0.487899041974808,
        0.7352202138352,
        0.231288239122534
      ]
    },
    "arm_motor_2": {
      "p": [
        -0.156545142566663,
        0.0970469622226802,
        0.0235927562437176
      ],
      "q": [
        -0.19535173036977,
        0.759977187263155,
        0.509395278418505,
        0.353254620077437
      ]
    },
    "arm_motor_3": {
      "p": [
        -0.27967972400462,
        -0.0960315525097894,
        0.0787994386248206
      ],
      "q": [
        -0.403341071493323,
        -0.493288461524049,
        0.731951355978624,
        -0.241308280535309
      ]
    },
    "base_link": {
      "p": [
        -0.217605825766726,
        0.000665555314356717,
        0.0527182579304209
      ],
      "q": [
        0.00115001501395915,
        -0.163740705646856,
        -0.00684604751298445,
        -0.986478986300868
      ]
    },
    "connecting_link_0": {
      "p": [
        -0.179310182408946,
        -0.0308061462487031,
        0.039796350155661
      ],
      "q": [
        -0.2256064013755,
        0.283855872034393,
        -0.486532896759088,
        0.79486686680299
      ]
    },
    "connecting_link_1": {
      "p": [
        -0.255901469124506,
        0.0321372568774165,
        0.0656401657051807
      ],
      "q": [
        0.230128001759648,
        0.181451238822567,
        0.809630395976938,
        0.508542203407046
      ]
    },
    "connecting_link_2": {
      "p": [
        -0.180198731052871,
        0.0331876853159584,
        0.0397946235643607
      ],
      "q": [
        0.222062322413143,
        0.287596285318622,
        0.498331388935125,
        0.787173760003089
      ]
    },
    "connecting_link_3": {
      "p": [
        -0.255012920480581,
        -0.0318565746872449,
        0.065641892296481
      ],
      "q": [
        -0.232362560527197,
        0.178176894701752,
        -0.802772974095151,
        0.519438337747718
      ]
    }
  },
  "contacts": [
    {
      "f": [
        0.0,
        0.0,
        0.020234638049055
      ],
      "link": "arm_motor_0",
      "p": [
        -0.134200269910414,
        -0.0843890092001964,
        0.000812918510810293
      ]
    },
    {
      "f": [
        0.0,
        0.0,
        0.0452124084540476
      ],
      "link": "arm_motor_0",
      "p": [
        -0.135587637294512,
        -0.083988536622121,
        0.000547875915459524
      ]
    },
    {
      "f": [
        0.0,
        0.0,
        0.0154213956231434
      ],
      "link": "arm_motor_0",
      "p": [
        -0.134205673296979,
        -0.0846100035118688,
        0.000855037599381374
      ]
    },
    {
      "f": [
        0.0,
        0.0,
        0.0221212309471658
      ],
      "link": "arm_motor_0",
      "p": [
        -0.134210705804472,
        -0.0839607706586127,
        0.000799167419309917
      ]
    },
    {
      "f": [
        0.0,
        0.0,
        0.0420210732025804
      ],
      "link": "arm_motor_0",
      "p": [
        -0.135591592902048,
        -0.0837570881535577,
        0.000579789267974196
      ]
    },
    {
      "f": [
        0.0,
        0.0,
        0.0456893525304542
      ],
      "link": "arm_motor_0",
      "p": [
        -0.135585524544018,
        -0.084222051956136,
        0.000543106474695458
      ]
    },
    {
      "f": [
        0.0,
        0.0,
        0.0248823192252229
      ],
      "link": "arm_motor_0",
      "p": [
        -0.137519050681152,
        -0.0835175556785561,
        0.000751176807747771
      ]
    },
    {
      "f": [
        0.0,
        0.0,
        0.0364556304381049
      ],
      "link": "arm_motor_0",
      "p": [
        -0.13485355722032,
        -0.084211868304048,
        0.000635443695618951
      ]
    },
    {
      "f": [
        0.0,
        0.0,
        0.0222881667454428
      ],
      "link": "arm_motor_0",
      "p": [
        -0.134201677663908,
        -0.0841940507683532,
        0.000795757261340395
      ]
    },
    {
      "f": [
        0.0,
        0.0,
        0.00340390116059857
      ],
      "link": "arm_motor_0",
      "p": [
        -0.138711055996826,
        -0.083713063211019,
        0.000965960988394014
      ]
    },
    {
      "f": [
        0.0,
        0.0,
        0.0306609642737487
      ],
      "link": "arm_motor_0",
      "p": [
        -0.137533558786247,
        -0.0837438480810509,
        0.000693390357262513
      ]
    },
    {
      "f": [
        0.0,
        0.0,
        0.0325247519380622
      ],
      "link": "arm_motor_0",
      "p": [
        -0.137549791226586,
        -0.0844036243672532,
        0.000674752480619378
      ]
    },
    {
      "f": [
        0.0,
        0.0,
        0.0050430216227324
      ],
      "link": "arm_motor_0",
      "p": [
        -0.138737017940154,
        -0.0843725910290901,
        0.000949569783772676
      ]
    },
    {
      "f": [
        0.0,
        0.0,
        0.0342297361546617
      ],
      "link": "arm_motor_0",
      "p": [
        -0.137548866481923,
        -0.0842087474262637,
        0.000657702638453384
      ]
    },
    {
      "f": [
        0.0,
        0.0,
        0.0067565542400407
      ],
      "link": "arm_motor_0",
      "p": [
        -0.1387356240977,
        -0.0841776128964697,
        0.000932434457599593
      ]
    },
    {
      "f": [
        0.0,
        0.0,
        0.0337394973036107
      ],
      "link": "arm_motor_0",
      "p": [
        -0.136425293642962,
        -0.0848554833407109,
        0.000662605026963893
      ]
    },
    {
      "f": [
        0.0,
        0.0,
        0.0397030677281459
      ],
      "link": "arm_motor_0",
      "p": [
        -0.135586571933178,
        -0.0846378467757316,
        0.000602969322718541
      ]
    },
    {
      "f": [
        0.0,
        0.0,
        0.0304884372134848
      ],
      "link": "arm_motor_0",
      "p": [
        -0.134856109730014,
        -0.0846277804409186,
        0.000695115627865152
      ]
    },
    {
      "f": [
        0.0,
        0.0,
        0.0428685569839936
      ],
      "link": "arm_motor_0",
      "p": [
        -0.13642360602568,
        -0.0837578346972539,
        0.000571314430160064
      ]
    },
    {
      "f": [
        0.0,
        0.0,
        0.0360259656171077
      ],
      "link": "arm_motor_0",
      "p": [
        -0.134859180520703,
        -0.0839784342514615,
        0.000639740343828923
      ]
    },
    {
      "f": [
        0.0,
        0.0,
        0.0460644353350254
      ],
      "link": "arm_motor_0",
      "p": [
        -0.13642633450945,
        -0.0839893186544363,
        0.000539355646649746
      ]
    },
    {
      "f": [
        0.0,
        0.0,
        0.0214924855946103
      ],
      "link": "arm_motor_0",
      "p": [
        -0.137539234608595,
        -0.0848414398509324,
        0.000785075144053897
      ]
    },
    {
      "f": [
        0.0,
        0.0,
        0.0237366102708934
      ],
      "link": "arm_motor_0",
      "p": [
        -0.134864199442384,
        -0.0848446343582167,
        0.000762633897291067
      ]
    },
    {
      "f": [
        0.0,
        0.0,
        0.0328861040354267
      ],
      "link": "arm_motor_0",
      "p": [
        -0.13558966425973,
        -0.0848547281770036,
        0.000671138959645733
      ]
    },
    {
      "f": [
        0.0,
        0.0,
        0.0448507804075723
      ],
      "link": "arm_motor_0",