{
  "T_W_L": {
    "arm_motor_0": {
      "p": [
        -0.158437616943376,
        -0.100496224228011,
        0.161975686209075
      ],
      "q": [
        0.6560829705493,
        0.0574028284136289,
        0.01588007093358,
        0.752334948272687
      ]
    },
    "arm_motor_1": {
      "p": [
        -0.166810124964502,
        0.0909976177164246,
        0.0346683524911222
      ],
      "q": [
        0.876269431313565,
        -0.0667224019431879,
        -0.0742640009485103,
        -0.471364893673099
      ]
    },
    "arm_motor_2": {
      "p": [
        -0.160286002046706,
        0.101606137582026,
        0.16171245306074
      ],
      "q": [
        -0.657834725526653,
        0.051380462999193,
        -0.00934625313375499,
        0.751349565425855
      ]
    },
    "arm_motor_3": {
      "p": [
        -0.165038422024076,
        -0.0901537241313426,
        0.0347518058995907
      ],
      "q": [
        0.875421832406598,
        0.0746607151621684,
        -0.0692225258893163,
        0.472515221836135
      ]
    },
    "base_link": {
      "p": [
        -0.164022479499207,
        0.000478637425981622,
        0.112744815439223
      ],
      "q": [
        -0.00328168453346144,
        0.726493452470153,
        -0.00345584638983122,
        -0.687156860687828
      ]
    },
    "connecting_link_0": {
      "p": [
        -0.165942288671204,
        -0.0315206620866791,
        0.15269927906273
      ],
      "q": [
        0.475149623339282,
        -0.491391214416683,
        -0.452691811653566,
        0.572571072877812
      ]
    },
    "connecting_link_1": {
      "p": [
        -0.16210267032721,
        0.0324779369386423,
        0.0727903518157157
      ],
      "q": [
        -0.567103478359566,
        -0.286125449858442,
        0.672128635697037,
        0.380485175600607
      ]
    },
    "connecting_link_2": {
      "p": [
        -0.166551419024213,
        0.0324764307353821,
        0.152666559992884
      ],
      "q": [
        -0.471768194289452,
        -0.494952898946954,
        0.458550596350323,
        0.567615846561422
      ]
    },
    "connecting_link_3": {
      "p": [
        -0.1614935399742,
        -0.0315191558834188,
        0.0728230708855619
      ],
      "q": [
        -0.570068996626262,
        0.28132561959479,
        0.667964431560655,
        -0.386911815553603
      ]
    }
  },
  "contacts": [
    {
      "f": [
        0.0,
        0.0,
        0.0570414763984552
      ],
      "link": "arm_motor_1",
      "p": [
        -0.189133346338912,
        0.0791351587735706,
        0.000476946434509212
      ]
    },
    {
      "f": [
        0.0,
        0.0,
        0.088431841033544
      ],
      "link": "arm_motor_1",
      "p": [
        -0.187354525594131,
        0.0807954306428192,
        0.00011568158966456
      ]
    },
    {
      "f": [
        0.0,
        0.0,
        0.059230662032135
      ],
      "link": "arm_motor_1",
      "p": [
        -0.188812649275001,
        0.0811059248549704,
        0.00040769337967865
      ]
    },
    {
      "f": [
        0.0,
        0.0,
        0.0594740795008083
      ],
      "link": "arm_motor_1",
      "p": [
        -0.188824624531858,
        0.0808658147177066,
        0.000405259204991917
      ]
    },
    {
      "f": [
        0.0,
        0.0,
        0.0337486957819196
      ],
      "link": "arm_motor_1",
      "p": [
        -0.189361209065906,
        0.0831130942911179,
        0.000662513042180804
      ]
    },
    {
      "f": [
        0.0,
        0.0,
        0.00840987796713035
      ],
      "link": "arm_motor_1",
      "p": [
        -0.188668926259345,
        0.0870294443261524,
        0.000915901220328696
      ]
    },
    {
      "f": [
        0.0,
        0.0,
        0.0271500842177494
      ],
      "link": "arm_motor_1",
      "p": [
        -0.189692741609059,
        0.0752094530086423,
        0.000900462513242592
      ]
    },
    {
      "f": [
        0.0,
        0.0,
        0.0517646069261773
      ],
      "link": "arm_motor_1",
      "p": [
        -0.187020361699523,
        0.0862664677342519,
        0.000482353930738227
      ]
    },
    {
      "f": [
        0.0,
        0.0,
        0.047258889078798
      ],
      "link": "arm_motor_1",
      "p": [
        -0.188933797646637,
        0.0830954705461485,
        0.00052741110921202
      ]
    },
    {
      "f": [
        0.0,
        0.0,
        0.0320336167317552
      ],
      "link": "arm_motor_1",
      "p": [
        -0.188809347530455,
        0.0850684310948615,
        0.000679663832682448
      ]
    },
    {
      "f": [
        0.0,
        0.0,
        0.0405333348088584
      ],
      "link": "arm_motor_1",
      "p": [
        -0.1896351221764,
        0.0771795573265566,
        0.000714130075069305
      ]
    },
    {
      "f": [
        0.0,
        0.0,
        0.0540342406951887
      ],
      "link": "arm_motor_1",
      "p": [
        -0.189041877046214,
        0.0811167912910809,
        0.000459657593048113
      ]
    },
    {
      "f": [
        0.0,
        0.0,
        0.0185369442059643
      ],
      "link": "arm_motor_1",
      "p": [
        -0.18923688765366,
        0.0850839229031124,
        0.000814630557940357
      ]
    },
    {
      "f": [
        0.0,
        0.0,
        0.0372409445652268
      ],
      "link": "arm_motor_1",
      "p": [
        -0.18858011599502,
        0.085058092001774,
        0.000627590554347732
      ]
    },
    {
      "f": [
        0.0,
        0.0,
        0.0269264746436901
      ],
      "link": "arm_motor_1",
      "p": [
        -0.189839032601944,
        0.081153098055438,
        0.000758703657779441
      ]
    },
    {
      "f": [
        0.0,
        0.0,
        0.0521787824457241
      ],
      "link": "arm_motor_1",
      "p": [
        -0.189208013885853,
        0.0771553673912107,
        0.000579085211508901
      ]
    },
    {
      "f": [
        0.0,
        0.0,
        0.0612410356831969
      ],
      "link": "arm_motor_1",
      "p": [
        -0.188904142506726,
        0.0791240157930689,
        0.000424927906107916
      ]
    },
    {
      "f": [
        0.0,
        0.0,
        0.0173812516642487
      ],
      "link": "arm_motor_1",
      "p": [
        -0.1897312966807,
        0.0831257127173928,
        0.000826187483357513
      ]
    },
    {
      "f": [
        0.0,
        0.0,
        0.0136036125459218
      ],
      "link": "arm_motor_1",
      "p": [
        -0.188439652090435,
        0.0870194364501077,
        0.000863963874540782
      ]
    },
    {
      "f": [
        0.0,
        0.0,
        0.0228068453934415
      ],
      "link": "arm_motor_1",
      "p": [
        -0.18849046063725,
        0.0863368518091393,
        0.000771931546065585
      ]
    },
    {
      "f": [
        0.0,
        0.0,
        0.0524716484154543
      ],
      "link": "arm_motor_1",
      "p": [
        -0.18870459005023,
        0.0830848549086698,
        0.000475283515845457
      ]
    },
    {
      "f": [
        0.0,
        0.0,
        0.0416915771004896
      ],
      "link": "arm_motor_1",
      "p": [
        -0.189469166486482,
        0.0811366305723128,
        0.000594840273728733
      ]
    },
    {
      "f": [
        0.0,
        0.0,
        0.0429808601865561
      ],
      "link": "arm_motor_1",
      "p": [
        -0.18903652308523,
        0.0751712646870728,
        0.000713617976047326
      ]
    },
    {
      "f": [
        0.0,
        0.0,
        0.0453966158957656
      ],
      "link": "arm_motor_1",
      "p": [
        -0.189560551189076,
        0.0791571042457617,
        0.000612046627871773
      ]
    },
    {
      "f": [
        0.0,
        0.0,
        0.0448380580828801
      ],
      "link": "arm_motor_1",