{
  "T_W_L": {
    "arm_motor_0": {
      "p": [
        -0.209179550854424,
        -0.0853448301096712,
        0.0336002748413211
      ],
      "q": [
        -0.0323420045799202,
        0.883550036034344,
        -0.445359647675695,
        0.141237788093849
      ]
    },
    "arm_motor_1": {
      "p": [
        -0.28187377967853,
        0.0962431001112827,
        0.168363540410438
      ],
      "q": [
        -0.164893782986356,
        0.539527062025575,
        0.821930877113304,
        0.0784233569942907
      ]
    },
    "arm_motor_2": {
      "p": [
        -0.211758418782484,
        0.0882237070420094,
        0.0339187306553312
      ],
      "q": [
        0.0189606045417998,
        0.883212401734345,
        0.448721802428056,
        0.135000344161695
      ]
    },
    "arm_motor_3": {
      "p": [
        -0.278938097312661,
        -0.0960030695998264,
        0.167979379502608
      ],
      "q": [
        -0.157269583522452,
        -0.543413314943132,
        0.819520949599345,
        -0.0913983610847483
      ]
    },
    "base_link": {
      "p": [
        -0.248744894843093,
        0.000727225097353124,
        0.107980933349222
      ],
      "q": [
        0.00291315278844307,
        -0.505044332032068,
        -0.00712582097271364,
        -0.86305907034141
      ]
    },
    "connecting_link_0": {
      "p": [
        -0.228666777567864,
        -0.0308946833708912,
        0.0730392088424363
      ],
      "q": [
        -0.337786077693964,
        0.524894024276554,
        -0.292047576182708,
        0.724634419718452
      ]
    },
    "connecting_link_1": {
      "p": [
        -0.268823012118323,
        0.0323491335655974,
        0.142922657856008
      ],
      "q": [
        0.464595384748269,
        0.326049556657863,
        0.697790408998579,
        0.436956931726016
      ]
    },
    "connecting_link_2": {
      "p": [
        -0.229642300861083,
        0.0330977308647947,
        0.0731780418096028
      ],
      "q": [
        0.330701401410032,
        0.52906581967516,
        0.303887057316226,
        0.719985137313665
      ]
    },
    "connecting_link_3": {
      "p": [
        -0.267847488825103,
        -0.0316432806700885,
        0.142783824888841
      ],
      "q": [
        0.468282431803026,
        -0.319622839070988,
        0.690695209769246,
        -0.448879640895712
      ]
    }
  },
  "contacts": [
    {
      "f": [
        0.0,
        0.0,
        0.060202327184064
      ],
      "link": "arm_motor_0",
      "p": [
        -0.189588279477252,
        -0.0674036518133405,
        0.00039797672815936
      ]
    },
    {
      "f": [
        0.0,
        0.0,
        0.105790446664168
      ],
      "link": "arm_motor_0",
      "p": [
        -0.190907657118457,
        -0.069429147601071,
        -5.79044666416811e-05
      ]
    },
    {
      "f": [
        0.0,
        0.0,
        0.0730762133701448
      ],
      "link": "arm_motor_0",
      "p": [
        -0.189424653727054,
        -0.069390663252492,
        0.000269237866298552
      ]
    },
    {
      "f": [
        0.0,
        0.0,
        0.0726743979657009
      ],
      "link": "arm_motor_0",
      "p": [
        -0.189470639472595,
        -0.0691547154285031,
        0.000273256020342991
      ]
    },
    {
      "f": [
        0.0,
        0.0,
        0.0510824805555809
      ],
      "link": "arm_motor_0",
      "p": [
        -0.188416053108949,
        -0.0712151994716026,
        0.000489175194444191
      ]
    },
    {
      "f": [
        0.0,
        0.0,
        0.0377576553543118
      ],
      "link": "arm_motor_0",
      "p": [
        -0.188153129716397,
        -0.0751894132105684,
        0.000622423446456882
      ]
    },
    {
      "f": [
        0.0,
        0.0,
        0.00625859251746066
      ],
      "link": "arm_motor_0",
      "p": [
        -0.189997776454715,
        -0.0634736678102598,
        0.000937414074825393
      ]
    },
    {
      "f": [
        0.0,
        0.0,
        0.0840306702093687
      ],
      "link": "arm_motor_0",
      "p": [
        -0.18992640191615,
        -0.0748299022160122,
        0.000159693297906313
      ]
    },
    {
      "f": [
        0.0,
        0.0,
        0.0658049679583452
      ],
      "link": "arm_motor_0",
      "p": [
        -0.188832009179234,
        -0.0712961255740705,
        0.000341950320416548
      ]
    },
    {
      "f": [
        0.0,
        0.0,
        0.0559688309487063
      ],
      "link": "arm_motor_0",
      "p": [
        -0.188482432022454,
        -0.0732453210240781,
        0.000440311690512937
      ]
    },
    {
      "f": [
        0.0,
        0.0,
        0.0300497554526879
      ],
      "link": "arm_motor_0",
      "p": [
        -0.189576343314831,
        -0.0653933404295432,
        0.000699502445473121
      ]
    },
    {
      "f": [
        0.0,
        0.0,
        0.0672316478733974
      ],
      "link": "arm_motor_0",
      "p": [
        -0.189200764822359,
        -0.0693479831192933,
        0.000327683521266026
      ]
    },
    {
      "f": [
        0.0,
        0.0,
        0.0170375634231694
      ],
      "link": "arm_motor_0",
      "p": [
        -0.18806794959653,
        -0.0771710398091525,
        0.000829624365768306
      ]
    },
    {
      "f": [
        0.0,
        0.0,
        0.0412540602935995
      ],
      "link": "arm_motor_0",
      "p": [
        -0.188066859966225,
        -0.0731622909780784,
        0.000587459397064005
      ]
    },
    {
      "f": [
        0.0,
        0.0,
        0.0618256444947617
      ],
      "link": "arm_motor_0",
      "p": [
        -0.188706195463005,
        -0.073288510330408,
        0.000381743555052383
      ]
    },
    {
      "f": [
        0.0,
        0.0,
        0.0350783312231927
      ],
      "link": "arm_motor_0",
      "p": [
        -0.188425217297084,
        -0.0692018798377465,
        0.000649216687768073
      ]
    },
    {
      "f": [
        0.0,
        0.0,
        0.0447489726379507
      ],
      "link": "arm_motor_0",
      "p": [
        -0.189993583378366,
        -0.0654678239229874,
        0.000552510273620493
      ]
    },
    {
      "f": [
        0.0,
        0.0,
        0.0660515470317909
      ],
      "link": "arm_motor_0",
      "p": [
        -0.189812210329405,
        -0.0674460561311798,
        0.000339484529682091
      ]
    },
    {
      "f": [
        0.0,
        0.0,
        0.0336621858912103
      ],
      "link": "arm_motor_0",
      "p": [
        -0.188057578613837,
        -0.0711440463990435,
        0.000663378141087897
      ]
    },
    {
      "f": [
        0.0,
        0.0,
        0.0436018532404658
      ],
      "link": "arm_motor_0",
      "p": [
        -0.188376858074657,
        -0.0752329384540135,
        0.000563981467595343
      ]
    },
    {
      "f": [
        0.0,
        0.0,
        0.0509146215109015
      ],
      "link": "arm_motor_0",
      "p": [
        -0.188489384270287,
        -0.0745554700434442,
        0.000490853784890985
      ]
    },
    {
      "f": [
        0.0,
        0.0,
        0.0716664358553789
      ],
      "link": "arm_motor_0",
      "p": [
        -0.189055814567243,
        -0.071339039065041,
        0.000283335641446211
      ]
    },
    {
      "f": [
        0.0,
        0.0,
        0.0525070778564062
      ],
      "link": "arm_motor_0",
      "p": [
        -0.188784396899122,
        -0.0692692387462811,
        0.000474929221435938
      ]
    },
    {
      "f": [
        0.0,
        0.0,
        0.0267776345395958
      ],
      "link": "arm_motor_0",
      "p": [
        -0.190639547230455,
        -0.0635877692688645,
        0.000732223654604042
      ]
    },
    {
      "f": [
        0.0,
        0.0,
        0.0154272794959525
      ],
      "link": "arm_motor_0",