{
  "T_W_L": {
    "arm_motor_0": {
      "p": [
        0.0287301947899665,
        -0.0754242576732618,
        0.114923208147035
      ],
      "q": [
        0.268657973492709,
        0.884133454768986,
        -0.268256031384969,
        0.272341016122497
      ]
    },
    "arm_motor_1": {
      "p": [
        -0.0236300646103289,
        0.0792643756926696,
        0.292850635081837
      ],
      "q": [
        -0.0808586546296012,
        0.36099500362909,
        0.928553044017389,
        0.0305569922008929
      ]
    },
    "arm_motor_2": {
      "p": [
        0.0287977443223423,
        0.0754682280685664,
        0.114987066560849
      ],
      "q": [
        -0.268703900003727,
        0.883942665578211,
        0.268036441138646,
        0.273130086799318
      ]
    },
    "arm_motor_3": {
      "p": [
        -0.0235730191621726,
        -0.0793137261022492,
        0.292808029146827
      ],
      "q": [
        -0.0808407185298768,
        -0.361221732648313,
        0.928451196440834,
        -0.0310163492001949
      ]
    },
    "base_link": {
      "p": [
        -0.00477655864185216,
        6.74274524112994e-06,
        0.203237642721
      ],
      "q": [
        -1.68611695594338e-05,
        0.613680050559668,
        0.000277416577566243,
        0.789554759532755
      ]
    },
    "connecting_link_0": {
      "p": [
        0.00510985935328294,
        -0.0319765572538622,
        0.164464878305848
      ],
      "q": [
        0.000284215990027318,
        0.432602582045587,
        -0.379655533763034,
        0.817750940636492
      ]
    },
    "connecting_link_1": {
      "p": [
        -0.0146629766369873,
        0.0319900427443445,
        0.242010407136151
      ],
      "q": [
        0.599410451109895,
        0.233654958642676,
        0.713761857122319,
        0.276869071438507
      ]
    },
    "connecting_link_2": {
      "p": [
        0.0050804983366329,
        0.0320234328588729,
        0.16448496562779
      ],
      "q": [
        -0.000471964689661875,
        0.431909716488597,
        0.379532734958152,
        0.818173989532334
      ]
    },
    "connecting_link_3": {
      "p": [
        -0.0146336156203372,
        -0.0320099473683907,
        0.241990319814209
      ],
      "q": [
        0.599351116735608,
        -0.233490465820469,
        0.713677157272546,
        -0.277354207514684
      ]
    }
  },
  "contacts": [],
  "idx": 34,
  "state": [
    -0.00477655864185216,
    6.74274524112994e-06,
    0.203237642721,
    0.789554759532755,
    -1.68611695594338e-05,
    0.613680050559668,
    0.000277416577566243,
    -0.0695522271933046,
    0.000201840352207824,
    0.886471363608383,
    -0.0069186721137057,
    -3.42887610801745,
    0.00595420381206635,
    0.956415122305611,
    0.276914671576198,
    -0.0587706835670068,
    0.0716546247220385,
    0.999034867487179,
    0.0268148421857846,
    -0.0271180964686587,
    0.0217923524967654,
    0.956276185155593,
    -0.277048463091667,
    -0.0596020291780633,
    -0.0723021778418157,
    0.99903835985468,
    -0.0266980685866664,
    -0.0270216330853691,
    -0.0218952053658564,
    1.0014934624548,
    -0.0156501045437413,
    -0.125457738672339,
    0.12333207039671,
    -0.0260933824374708,
    -0.0232095123899962,
    -1.00295465382561,
    -0.0173171644889287,
    0.123931173528689,
    -0.123113725972776,
    -0.02550287405588,
    0.022306898829823
  ],
  "t": 0.35,
  "thrust": [
    0.0,
    0.0,
    0.0,
    0.0
  ]
}