{
  "T_W_L": {
    "arm_motor_0": {
      "p": [
        -0.186772046779962,
        -0.0769793470355097,
        0.0190250446181164
      ],
      "q": [
        0.124392817433424,
        0.759496612018371,
        -0.34930342892647,
        0.53448895016062
      ]
    },
    "arm_motor_1": {
      "p": [
        -0.345670550976088,
        0.0947535170515253,
        0.0621915607658021
      ],
      "q": [
        -0.500252578646362,
        0.430919266012315,
        0.687552234915615,
        0.302205009885038
      ]
    },
    "arm_motor_2": {
      "p": [
        -0.189691224448916,
        0.0818287139065029,
        0.0191256238205972
      ],
      "q": [
        -0.137521815335294,
        0.757052553104499,
        0.360591445549208,
        0.527193504836296
      ]
    },
    "arm_motor_3": {
      "p": [
        -0.342493546170138,
        -0.0954998288101977,
        0.0619438687594075
      ],
      "q": [
        -0.493600233976306,
        -0.440024465075475,
        0.681832476100026,
        -0.31279666508594
      ]
    },
    "base_link": {
      "p": [
        -0.276635051298371,
        0.000789696222071257,
        0.0425859939991127
      ],
      "q": [
        0.000665224256109098,
        -0.133779267445862,
        -0.00861137942892718,
        -0.990973515903765
      ]
    },
    "connecting_link_0": {
      "p": [
        -0.237520886060252,
        -0.0305299570228104,
        0.0319482593556136
      ],
      "q": [
        -0.159035818547546,
        0.159104443518546,
        -0.334953828023695,
        0.914985965774251
      ]
    },
    "connecting_link_1": {
      "p": [
        -0.31574921653649,
        0.0321093494669529,
        0.0532237286426118
      ],
      "q": [
        0.132440857061898,
        0.0910147233429793,
        0.839904838395697,
        0.518397146939496
      ]
    },
    "connecting_link_2": {
      "p": [
        -0.238624584257133,
        0.0334604943846802,
        0.0320113383203188
      ],
      "q": [
        0.157734048201034,
        0.162534891747532,
        0.352219264570376,
        0.908099096282028
      ]
    },
    "connecting_link_3": {
      "p": [
        -0.314645518339608,
        -0.0318811019405377,
        0.0531606496779066
      ],
      "q": [
        -0.13310029484363,
        0.089963640128046,
        -0.831156440123455,
        0.532324926157657
      ]
    }
  },
  "contacts": [
    {
      "f": [
        0.0,
        0.0,
        0.0445303992179746
      ],
      "link": "base_link",
      "p": [
        -0.253969795709222,
        0.0236467240949855,
        0.000937724911965844
      ]
    },
    {
      "f": [
        0.0,
        0.0,
        0.000203013268955995
      ],
      "link": "base_link",
      "p": [
        -0.253042407825777,
        0.0211432842796525,
        0.00099796986731044
      ]
    },
    {
      "f": [
        0.0,
        0.0,
        0.00607364301719584
      ],
      "link": "base_link",
      "p": [
        -0.253459354577907,
        -0.0209132229187172,
        0.000939263569828042
      ]
    },
    {
      "f": [
        0.0,
        0.0,
        0.00884705201636476
      ],
      "link": "base_link",
      "p": [
        -0.252534539851304,
        -0.0210392656960178,
        0.000911529479836352
      ]
    },
    {
      "f": [
        0.0,
        0.0,
        0.0103811001231164
      ],
      "link": "base_link",
      "p": [
        -0.253248122896507,
        0.0212765081019824,
        0.000945656361994264
      ]
    },
    {
      "f": [
        0.0,
        0.0,
        0.0108041092318724
      ],
      "link": "base_link",
      "p": [
        -0.25326523840655,
        -0.0192720838536296,
        0.000891958907681276
      ]
    },
    {
      "f": [
        0.0,
        0.0,
        0.0116442594022254
      ],
      "link": "base_link",
      "p": [
        -0.253269127068407,
        0.0212519454262885,
        0.000942397569960125
      ]
    },
    {
      "f": [
        0.0,
        0.0,
        0.0120072329498618
      ],
      "link": "base_link",
      "p": [
        -0.253275822993771,
        0.023252922025139,
        0.000948959234086937
      ]
    },
    {
      "f": [
        0.0,
        0.0,
        0.0353212982492302
      ],
      "link": "base_link",
      "p": [
        -0.253714918699267,
        0.021573839966177,
        0.000907578795630679
      ]
    },
    {
      "f": [
        0.0,
        0.0,
        0.0348578292352428
      ],
      "link": "base_link",
      "p": [
        -0.253703353082736,
        0.0215862417915255,
        0.000907048472807905
      ]
    },
    {
      "f": [
        0.0,
        0.0,
        0.00988617978826814
      ],
      "link": "base_link",
      "p": [
        -0.252589160353861,
        -0.0187477555144895,
        0.000901138202117319
      ]
    },
    {
      "f": [
        0.0,
        0.0,
        0.00053364232351907
      ],
      "link": "base_link",
      "p": [
        -0.252253773891142,
        -0.0185543350013017,
        0.000994663576764809
      ]
    },
    {
      "f": [
        0.0,
        0.0,
        0.00408470848196471
      ],
      "link": "base_link",
      "p": [
        -0.252355271974313,
        -0.0186233606633882,
        0.000959152915180353
      ]
    },
    {
      "f": [
        0.0,
        0.0,
        0.00294395140011275
      ],
      "link": "base_link",
      "p": [
        -0.253496785736063,
        -0.0216859218656535,
        0.000977972429313329
      ]
    },
    {
      "f": [
        0.0,
        0.0,
        0.00638436859640148
      ],
      "link": "base_link",
      "p": [
        -0.253450193828163,
        -0.0207566385145591,
        0.000936156314035985
      ]
    },
    {
      "f": [
        0.0,
        0.0,
        0.0521260924388998
      ],
      "link": "base_link",
      "p": [
        -0.254261555693175,
        0.0235450231351107,
        0.000992820343030561
      ]
    },
    {
      "f": [
        0.0,
        0.0,
        0.00401090736728482
      ],
      "link": "base_link",
      "p": [
        -0.252702616662058,
        -0.0216100970600651,
        0.000959890926327152
      ]
    },
    {
      "f": [
        0.0,
        0.0,
        0.00857349561600431
      ],
      "link": "base_link",
      "p": [
        -0.253269696360352,
        -0.0213495926750158,
        0.000914265043839957
      ]
    },
    {
      "f": [
        0.0,
        0.0,
        0.00872908238895151
      ],
      "link": "base_link",
      "p": [
        -0.252985746371476,
        -0.0214832142791564,
        0.000912709176110485
      ]
    },
    {
      "f": [
        0.0,
        0.0,
        0.0109049376385616
      ],
      "link": "base_link",
      "p": [
        -0.253259610542716,
        -0.0192775866267398,
        0.000890950623614384
      ]
    },
    {
      "f": [
        0.0,
        0.0,
        0.00573508485980636
      ],
      "link": "base_link",
      "p": [
        -0.25337049712463,
        -0.0215269854549106,
        0.000942649151401936
      ]
    },
    {
      "f": [
        0.0,
        0.0,
        0.00797911514823493
      ],
      "link": "base_link",
      "p": [
        -0.253624192109603,
        -0.0213475766751958,
        0.00098622155506399
      ]
    },
    {
      "f": [
        0.0,
        0.0,
        4.62577554933251e-05
      ],
      "link": "base_link",
      "p": [
        -0.252235535127732,
        -0.0210761015117339,
        0.000999537422445067
      ]
    },
    {
      "f": [
        0.0,
        0.0,
        0.00957902237231764
      ],
      "link": "base_link",
      "p": [
        -0.252567572521758,
        -0.0187712897647913,
        0.000904209776276824
      ]
    },
    {
      "f": [
        0.0,
        0.0,
        0.00523181557527041
      ],
      "link": "base_link",