{
  "T_W_L": {
    "arm_motor_0": {
      "p": [
        -0.237977662748655,
        -0.0622648201433822,
        0.0305865385776399
      ],
      "q": [
        0.16493562694976,
        0.709046793213621,
        -0.170382646169689,
        0.664092341380613
      ]
    },
    "arm_motor_1": {
      "p": [
        -0.414649967362405,
        0.0930483462427432,
        0.0488280774104742
      ],
      "q": [
        -0.563568863600055,
        0.334815008844777,
        0.651870220274836,
        0.381253539985729
      ]
    },
    "arm_motor_2": {
      "p": [
        -0.240533708595763,
        0.0685993712194508,
        0.0304545612888637
      ],
      "q": [
        -0.17794713677461,
        0.706555370623308,
        0.183910879058653,
        0.659765953441788
      ]
    },
    "arm_motor_3": {
      "p": [
        -0.411150839227836,
        -0.0933915600968092,
        0.0489106505749984
      ],
      "q": [
        -0.556683177040355,
        -0.345301494248361,
        0.645417899432072,
        -0.392818601345197
      ]
    },
    "base_link": {
      "p": [
        -0.340527036777089,
        0.00119738689034595,
        0.0368836529060282
      ],
      "q": [
        0.000265703211715853,
        -0.0263143685307422,
        -0.00975513227870517,
        -0.999606082817055
      ]
    },
    "connecting_link_0": {
      "p": [
        -0.299965515456736,
        -0.0300169743644202,
        0.0347796948181761
      ],
      "q": [
        -0.00385162422766542,
        0.0317875977356439,
        -0.237105824778525,
        0.97095599358421
      ]
    },
    "connecting_link_1": {
      "p": [
        -0.381088558097443,
        0.0324117481451121,
        0.0389876109938803
      ],
      "q": [
        0.0624384880927096,
        -0.0328370002781098,
        0.859445218327101,
        0.506336926672462
      ]
    },
    "connecting_link_2": {
      "p": [
        -0.301214575472955,
        0.0339708357854714,
        0.0347785558228728
      ],
      "q": [
        0.00421700261029574,
        0.0330851141768191,
        0.255872256822409,
        0.966135073526212
      ]
    },
    "connecting_link_3": {
      "p": [
        -0.379839498081224,
        -0.0315760620047795,
        0.0389887499891836
      ],
      "q": [
        -0.0627449239298889,
        -0.0335996686505401,
        -0.850013822845302,
        0.521929724924268
      ]
    }
  },
  "contacts": [],
  "idx": 528,
  "state": [
    -0.340527036777089,
    0.00119738689034595,
    0.0368836529060282,
    -0.999606082817055,
    0.000265703211715853,
    -0.0263143685307422,
    -0.00975513227870517,
    -0.0642512094285813,
    0.000349050049463909,
    0.079540424367146,
    0.000860102649492821,
    4.00645337613798,
    0.00185621305395463,
    0.989690803709968,
    0.000311468147202884,
    0.0069757458246515,
    0.143050183536059,
    0.987219395493546,
    -0.0282499136858625,
    -0.0545775855617879,
    -0.147041132654589,
    0.989668811883418,
    0.00109455258261064,
    0.00770755939028641,
    -0.143160882464984,
    0.987388610352738,
    0.0274298143115789,
    -0.0552438441166686,
    0.145806224557574,
    0.283447902348931,
    0.230665308566515,
    -0.0166782556975563,
    -0.355140464420327,
    0.329259218526148,
    0.0437447185358439,
    -0.283132969215828,
    0.229207636141497,
    0.0138611899468234,
    0.352280656573183,
    0.330751049301494,
    -0.042252769104229
  ],
  "t": 5.2900000000001,
  "thrust": [
    0.0,
    0.0,
    0.0,
    0.0
  ]
}