{
  "T_W_L": {
    "arm_motor_0": {
      "p": [
        -0.209770030070575,
        -0.0843599904817366,
        0.0327196491856424
      ],
      "q": [
        -0.0260261050792216,
        0.88559526434563,
        -0.435953922711715,
        0.158075446845068
      ]
    },
    "arm_motor_1": {
      "p": [
        -0.286077222080522,
        0.0963278406713936,
        0.166763544298141
      ],
      "q": [
        -0.17626091587164,
        0.538049656655459,
        0.819590446800565,
        0.0877847140582189
      ]
    },
    "arm_motor_2": {
      "p": [
        -0.212803358083799,
        0.0875316315700826,
        0.033023844795388
      ],
      "q": [
        0.0137954762196927,
        0.884867806028782,
        0.441625517198058,
        0.1475992996231
      ]
    },
    "arm_motor_3": {
      "p": [
        -0.283202318301876,
        -0.095872912973582,
        0.166636940496519
      ],
      "q": [
        -0.168064877149272,
        -0.541134002545842,
        0.817962428960562,
        -0.0993259944146237
      ]
    },
    "base_link": {
      "p": [
        -0.251711173629787,
        0.000769713899473868,
        0.107128113912649
      ],
      "q": [
        0.00344028853411674,
        -0.496666382678473,
        -0.00688791228284281,
        -0.867907382959879
      ]
    },
    "connecting_link_0": {
      "p": [
        -0.230957217033825,
        -0.0308849407086461,
        0.0726135354384225
      ],
      "q": [
        -0.326669210423721,
        0.514434196402247,
        -0.289862739644938,
        0.737986637208729
      ]
    },
    "connecting_link_1": {
      "p": [
        -0.272465130225749,
        0.0324243685075938,
        0.141642692386876
      ],
      "q": [
        0.454902673857404,
        0.31838539424108,
        0.70417325159938,
        0.442531727431257
      ]
    },
    "connecting_link_2": {
      "p": [
        -0.231941120468714,
        0.0331074715894897,
        0.0726692336988326
      ],
      "q": [
        0.322031272740405,
        0.521327560434735,
        0.302521523171121,
        0.730064491758493
      ]
    },
    "connecting_link_3": {
      "p": [
        -0.27148122679086,
        -0.031568043790542,
        0.141586994126466
      ],
      "q": [
        0.459546965962299,
        -0.312405438532106,
        0.697226594585367,
        -0.452873606929461
      ]
    }
  },
  "contacts": [
    {
      "f": [
        0.0,
        0.0,
        0.0404215437190657
      ],
      "link": "arm_motor_0",
      "p": [
        -0.18917844149644,
        -0.0655945916179377,
        0.000595784562809343
      ]
    },
    {
      "f": [
        0.0,
        0.0,
        0.0947866410115946
      ],
      "link": "arm_motor_0",
      "p": [
        -0.190467846717466,
        -0.0676177317528837,
        5.21335898840541e-05
      ]
    },
    {
      "f": [
        0.0,
        0.0,
        0.0569374757368276
      ],
      "link": "arm_motor_0",
      "p": [
        -0.188997160675695,
        -0.067577372796734,
        0.000430625242631724
      ]
    },
    {
      "f": [
        0.0,
        0.0,
        0.0561932356516594
      ],
      "link": "arm_motor_0",
      "p": [
        -0.189044842332588,
        -0.0673418451332516,
        0.000438067643483406
      ]
    },
    {
      "f": [
        0.0,
        0.0,
        0.0353752199590467
      ],
      "link": "arm_motor_0",
      "p": [
        -0.187984404918616,
        -0.0694001214736174,
        0.000646247800409533
      ]
    },
    {
      "f": [
        0.0,
        0.0,
        0.0295869592993796
      ],
      "link": "arm_motor_0",
      "p": [
        -0.187699462171408,
        -0.0733746297305803,
        0.000704130407006204
      ]
    },
    {
      "f": [
        0.0,
        0.0,
        0.00360675101769561
      ],
      "link": "arm_motor_0",
      "p": [
        -0.188626576835969,
        -0.0783903794608319,
        0.000963932489823044
      ]
    },
    {
      "f": [
        0.0,
        0.0,
        0.0811343348280784
      ],
      "link": "arm_motor_0",
      "p": [
        -0.189458291728666,
        -0.0730159278541916,
        0.000188656651719216
      ]
    },
    {
      "f": [
        0.0,
        0.0,
        0.0516821596818206
      ],
      "link": "arm_motor_0",
      "p": [
        -0.188394542130149,
        -0.0694803679028443,
        0.000483178403181794
      ]
    },
    {
      "f": [
        0.0,
        0.0,
        0.0447893647616478
      ],
      "link": "arm_motor_0",
      "p": [
        -0.188035424980331,
        -0.0714290920650913,
        0.000552106352383522
      ]
    },
    {
      "f": [
        0.0,
        0.0,
        0.00599017943530141
      ],
      "link": "arm_motor_0",
      "p": [
        -0.189190318495081,
        -0.0635911647681977,
        0.000940098205646986
      ]
    },
    {
      "f": [
        0.0,
        0.0,
        0.0502402508659252
      ],
      "link": "arm_motor_0",
      "p": [
        -0.188775688264897,
        -0.0675346127785126,
        0.000497597491340748
      ]
    },
    {
      "f": [
        0.0,
        0.0,
        0.0127934750052293
      ],
      "link": "arm_motor_0",
      "p": [
        -0.187608077500761,
        -0.0753596936037333,
        0.000872065249947707
      ]
    },
    {
      "f": [
        0.0,
        0.0,
        0.0284869900191261
      ],
      "link": "arm_motor_0",
      "p": [
        -0.187625683065726,
        -0.0713467428623544,
        0.000715130099808739
      ]
    },
    {
      "f": [
        0.0,
        0.0,
        0.0514994775528839
      ],
      "link": "arm_motor_0",
      "p": [
        -0.188256764400085,
        -0.0714723577546815,
        0.000485005224471161
      ]
    },
    {
      "f": [
        0.0,
        0.0,
        0.0151466917663517
      ],
      "link": "arm_motor_0",
      "p": [
        -0.188012562507716,
        -0.0673907830190777,
        0.000848533082336483
      ]
    },
    {
      "f": [
        0.0,
        0.0,
        0.0222646060233449
      ],
      "link": "arm_motor_0",
      "p": [
        -0.189601790186048,
        -0.0636649828652734,
        0.000777353939766551
      ]
    },
    {
      "f": [
        0.0,
        0.0,
        0.0471229780494588
      ],
      "link": "arm_motor_0",
      "p": [
        -0.189399956096051,
        -0.0656370751435749,
        0.000528770219505412
      ]
    },
    {
      "f": [
        0.0,
        0.0,
        0.0165902822071614
      ],
      "link": "arm_motor_0",
      "p": [
        -0.187632569247942,
        -0.0693305681688276,
        0.000834097177928386
      ]
    },
    {
      "f": [
        0.0,
        0.0,
        0.0362850587747736
      ],
      "link": "arm_motor_0",
      "p": [
        -0.187920768575351,
        -0.0734182337661185,
        0.000637149412252264
      ]
    },
    {
      "f": [
        0.0,
        0.0,
        0.0425409294681433
      ],
      "link": "arm_motor_0",
      "p": [
        -0.188035287343788,
        -0.0727400412345595,
        0.000574590705318567
      ]
    },
    {
      "f": [
        0.0,
        0.0,
        0.058396481932546
      ],
      "link": "arm_motor_0",
      "p": [
        -0.188615923738717,
        -0.0695233570998504,
        0.00041603518067454
      ]
    },
    {
      "f": [
        0.0,
        0.0,
        0.0339344452895073
      ],
      "link": "arm_motor_0",
      "p": [
        -0.188365125489026,
        -0.0674565455157239,
        0.000660655547104927
      ]
    },
    {
      "f": [
        0.0,
        0.0,
        0.00253434112743025
      ],
      "link": "arm_motor_0",
      "p": [
        -0.190266137319369,
        -0.0617931158157314,
        0.000974656588725697
      ]
    },
    {
      "f": [
        0.0,
        0.0,
        0.0113443543785271
      ],
      "link": "arm_motor_0",