{
  "T_W_L": {
    "arm_motor_0": {
      "p": [
        -0.143826878512677,
        -0.0959663831016075,
        0.0562681658223896
      ],
      "q": [
        0.209093911566048,
        -0.609546257297646,
        0.578360065264956,
        0.500232677128511
      ]
    },
    "arm_motor_1": {
      "p": [
        0.0112797404512383,
        0.0816577616129656,
        0.0481625719425987
      ],
      "q": [
        0.675758509976973,
        0.20851647844917,
        0.626631716382812,
        -0.327420229112358
      ]
    },
    "arm_motor_2": {
      "p": [
        -0.144747384094254,
        0.0957741617698012,
        0.0562397071559035
      ],
      "q": [
        -0.205436814527818,
        -0.610888029492525,
        -0.576355399697136,
        0.502420126885217
      ]
    },
    "arm_motor_3": {
      "p": [
        0.0119736388915712,
        -0.0804637784974717,
        0.048195444678174
      ],
      "q": [
        0.676494251973252,
        -0.205745274240576,
        0.62811982477134,
        0.324792079497086
      ]
    },
    "base_link": {
      "p": [
        -0.0782572760133661,
        0.000210583530924075,
        0.0462930601286432
      ],
      "q": [
        0.00223340605315258,
        -0.999717274801256,
        3.65111580344912e-05,
        -0.0236723684553886
      ]
    },
    "connecting_link_0": {
      "p": [
        -0.118069204223222,
        -0.0319677882586789,
        0.0444055323319278
      ],
      "q": [
        -0.556814046889517,
        0.784732210150717,
        -0.261110601343172,
        0.0772963738133746
      ]
    },
    "connecting_link_1": {
      "p": [
        -0.0384453478035103,
        0.0323889553205271,
        0.0481805879253585
      ],
      "q": [
        0.920928960810087,
        0.378964480203548,
        -0.0347378888883827,
        -0.084077648402455
      ]
    },
    "connecting_link_2": {
      "p": [
        -0.118354888742569,
        0.0320315730935562,
        0.0443940928635872
      ],
      "q": [
        0.552810576157311,
        0.787227746924995,
        0.262279046841344,
        0.0766983894747096
      ]
    },
    "connecting_link_3": {
      "p": [
        -0.0381596632841636,
        -0.0316104060317081,
        0.0481920273936991
      ],
      "q": [
        0.922501460497528,
        -0.375146560500667,
        -0.0342058855104868,
        0.0841788032754731
      ]
    }
  },
  "contacts": [
    {
      "f": [
        0.0,
        0.0,
        0.131764705975053
      ],
      "link": "base_link",
      "p": [
        -0.085963248953314,
        0.00522160022609191,
        0.00077917845854672
      ]
    },
    {
      "f": [
        0.0,
        0.0,
        0.129432538691141
      ],
      "link": "base_link",
      "p": [
        -0.0858797880810568,
        0.00515172844138742,
        0.000758803665191252
      ]
    },
    {
      "f": [
        0.0,
        0.0,
        0.131233085999875
      ],
      "link": "base_link",
      "p": [
        -0.0859125942135743,
        -0.00484838411727185,
        0.000779346537786073
      ]
    },
    {
      "f": [
        0.0,
        0.0,
        0.129042100450311
      ],
      "link": "base_link",
      "p": [
        -0.0858356064056486,
        -0.00478276314065558,
        0.000760671705558734
      ]
    },
    {
      "f": [
        0.0,
        0.0,
        0.123508428073269
      ],
      "link": "base_link",
      "p": [
        -0.085723068635818,
        0.00502133263020728,
        0.000735991597973967
      ]
    },
    {
      "f": [
        0.0,
        0.0,
        0.113906764590413
      ],
      "link": "base_link",
      "p": [
        -0.0855329802053572,
        0.00486524896560495,
        0.000732479725362167
      ]
    },
    {
      "f": [
        0.0,
        0.0,
        0.122346140035711
      ],
      "link": "base_link",
      "p": [
        -0.0856970998729567,
        0.00499984798291793,
        0.00073401782333965
      ]
    },
    {
      "f": [
        0.0,
        0.0,
        0.122880889798003
      ],
      "link": "base_link",
      "p": [
        -0.0856741833192975,
        -0.0046460254095794,
        0.000737190264099415
      ]
    },
    {
      "f": [
        0.0,
        0.0,
        0.0875798018100799
      ],
      "link": "base_link",
      "p": [
        -0.0850799501329278,
        -0.00470879616259852,
        0.000778160083263271
      ]
    },
    {
      "f": [
        0.0,
        0.0,
        0.0897895328596165
      ],
      "link": "base_link",
      "p": [
        -0.0850811531488603,
        -0.00456276396778965,
        0.000756383517143459
      ]
    },
    {
      "f": [
        0.0,
        0.0,
        0.113812235525278
      ],
      "link": "base_link",
      "p": [
        -0.0854961270107084,
        -0.00449713967923777,
        0.000734019259165011
      ]
    },
    {
      "f": [
        0.0,
        0.0,
        0.124843470987096
      ],
      "link": "base_link",
      "p": [
        -0.0857543429245269,
        0.00504725382656792,
        0.000739015576311529
      ]
    },
    {
      "f": [
        0.0,
        0.0,
        0.113539523450135
      ],
      "link": "base_link",
      "p": [
        -0.0854912059418775,
        -0.00449306764802585,
        0.000734152463407682
      ]
    },
    {
      "f": [
        0.0,
        0.0,
        0.114179794524385
      ],
      "link": "base_link",
      "p": [
        -0.0855379374311351,
        0.00486927685356417,
        0.000732345073311776
      ]
    },
    {
      "f": [
        0.0,
        0.0,
        0.0901623879361856
      ],
      "link": "base_link",
      "p": [
        -0.0851235660065172,
        0.00493861121826381,
        0.000754685208311366
      ]
    },
    {
      "f": [
        0.0,
        0.0,
        0.12822551973907
      ],
      "link": "base_link",
      "p": [
        -0.0858432153434967,
        0.00512120012577528,
        0.00075172577615245
      ]
    },
    {
      "f": [
        0.0,
        0.0,
        0.126493685758186
      ],
      "link": "base_link",
      "p": [
        -0.0857956969001412,
        0.0050816104931191,
        0.000744165126231711
      ]
    },
    {
      "f": [
        0.0,
        0.0,
        0.127821501675918
      ],
      "link": "base_link",
      "p": [
        -0.0857988551739687,
        -0.00475152005911375,
        0.000753504186756765
      ]
    },
    {
      "f": [
        0.0,
        0.0,
        0.122039707116577
      ],
      "link": "base_link",
      "p": [
        -0.0856557091633371,
        -0.00463046302607908,
        0.000735863696595909
      ]
    }
  ],
  "idx": 133,
  "state": [
    -0.0782572760133661,
    0.000210583530924075,
    0.0462930601286432,
    -0.0236723684553886,
    0.00223340605315258,
    -0.999717274801256,
    3.65111580344912e-05,
    -0.0471167880419537,
    0.000333284912355751,
    0.0294075498014412,
    0.00204868153407657,
    -5.25344971070312,
    -0.00190953776944305,
    0.942358185482607,
    0.251369187928362,
    0.0411954241793104,
    -0.216973543642654,
    0.99404039762651,
    0.107601928805871,
    -0.0163977504304718,
    0.00605199013603737,
    0.942167420874655,
    -0.252451665432068,
    0.0411334126490126,
    0.216556574656191,
    0.994067102313987,
    -0.10737247419693,
    -0.0163939607014983,
    -0.00574333826459853,
    -0.511477496366796,
    -0.381604707028232,
    -0.496304895279178,
    -0.0750950998232915,
    -0.0937904509910022,
    -0.274355348410897,
    0.512387278581977,
    -0.383815270560492,
    0.499601764706558,
    0.0749962029227457,
    -0.0907351535228146,
    0.272419468403192
  ],
  "t": 1.33999999999996,
  "thrust": [
    0.0,
    0.0,
    0.0,
    0.0
  ]
}