{
  "T_W_L": {
    "arm_motor_0": {
      "p": [
        -0.107786197467316,
        -0.100268937959674,
        0.132566598412708
      ],
      "q": [
        0.674633969743054,
        0.197966042622077,
        -0.0774102805876018,
        0.706884786437388
      ]
    },
    "arm_motor_1": {
      "p": [
        -0.174928064693972,
        0.089585993740702,
        0.0245776526054677
      ],
      "q": [
        0.849296957674868,
        -0.165582909301224,
        -0.253582715644544,
        -0.432403496930697
      ]
    },
    "arm_motor_2": {
      "p": [
        -0.109392835738907,
        0.101737489906735,
        0.13221795175988
      ],
      "q": [
        -0.677750776436973,
        0.192397809283878,
        0.0822193213895172,
        0.704894993039454
      ]
    },
    "arm_motor_3": {
      "p": [
        -0.173370424420833,
        -0.0894275613678383,
        0.024765095733057
      ],
      "q": [
        0.847467521103719,
        0.172138873526657,
        -0.249365601246163,
        0.435871317948808
      ]
    },
    "base_link": {
      "p": [
        -0.137433433608333,
        0.000467488971183056,
        0.0955852453622689
      ],
      "q": [
        -0.0017243552915379,
        0.534881244015429,
        -0.0036416796901789,
        -0.844917640701371
      ]
    },
    "connecting_link_0": {
      "p": [
        -0.120066378508979,
        -0.0313591044452759,
        0.131771615015488
      ],
      "q": [
        0.422300920487067,
        -0.359859894824746,
        -0.53177558916116,
        0.639826157190217
      ]
    },
    "connecting_link_1": {
      "p": [
        -0.154800488707687,
        0.032294082387642,
        0.0593988757090498
      ],
      "q": [
        -0.421233580189046,
        -0.18867064687298,
        0.779853695836961,
        0.422840242903964
      ]
    },
    "connecting_link_2": {
      "p": [
        -0.120578281832561,
        0.0326388174450106,
        0.131708776236822
      ],
      "q": [
        -0.421104330273948,
        -0.362390233972576,
        0.537380009672115,
        0.634481825232709
      ]
    },
    "connecting_link_3": {
      "p": [
        -0.154288585384106,
        -0.0317038395026445,
        0.0594617144877162
      ],
      "q": [
        -0.42292192337197,
        0.186486999869807,
        0.775578138643616,
        -0.429928129422832
      ]
    }
  },
  "contacts": [
    {
      "f": [
        0.0,
        0.0,
        0.106786400675305
      ],
      "link": "arm_motor_1",
      "p": [
        -0.189234858212081,
        0.0747713428567866,
        0.000784100350068616
      ]
    },
    {
      "f": [
        0.0,
        0.0,
        0.0524513377699229
      ],
      "link": "arm_motor_1",
      "p": [
        -0.187831656817728,
        0.074361627714236,
        0.000920384870286853
      ]
    },
    {
      "f": [
        0.0,
        0.0,
        0.106972636799963
      ],
      "link": "arm_motor_1",
      "p": [
        -0.189234164403079,
        0.0749962616292429,
        0.000776836437498797
      ]
    },
    {
      "f": [
        0.0,
        0.0,
        0.0993135139284682
      ],
      "link": "arm_motor_1",
      "p": [
        -0.189230557216159,
        0.0743509245665285,
        0.00086726411351451
      ]
    },
    {
      "f": [
        0.0,
        0.0,
        0.0574388890791887
      ],
      "link": "arm_motor_1",
      "p": [
        -0.187827843238823,
        0.0745882965029841,
        0.000864141298890841
      ]
    },
    {
      "f": [
        0.0,
        0.0,
        0.0861161831836789
      ],
      "link": "arm_motor_1",
      "p": [
        -0.18856242575999,
        0.0745780516965476,
        0.000795660676538197
      ]
    },
    {
      "f": [
        0.0,
        0.0,
        0.104525925276208
      ],
      "link": "arm_motor_1",
      "p": [
        -0.189233792484463,
        0.0745774674389831,
        0.00081086725119895
      ]
    },
    {
      "f": [
        0.0,
        0.0,
        0.0599800976185773
      ],
      "link": "arm_motor_1",
      "p": [
        -0.18783122214608,
        0.0750069814458933,
        0.000830060642105605
      ]
    },
    {
      "f": [
        0.0,
        0.0,
        0.0886003555243086
      ],
      "link": "arm_motor_1",
      "p": [
        -0.188564291944914,
        0.0749968514829362,
        0.000761698687863417
      ]
    },
    {
      "f": [
        0.0,
        0.0,
        0.0809943830069069
      ],
      "link": "arm_motor_1",
      "p": [
        -0.188562709064621,
        0.0743514571381754,
        0.000852197084759504
      ]
    },
    {
      "f": [
        0.0,
        0.0,
        0.086306378090014
      ],
      "link": "arm_motor_1",
      "p": [
        -0.188566585018595,
        0.0752233606448766,
        0.000780086808217458
      ]
    },
    {
      "f": [
        0.0,
        0.0,
        0.0578818921833208
      ],
      "link": "arm_motor_1",
      "p": [
        -0.187838533005655,
        0.0752335198687362,
        0.000847979861064503
      ]
    },
    {
      "f": [
        0.0,
        0.0,
        0.0883566620089599
      ],
      "link": "arm_motor_1",
      "p": [
        -0.188562900031359,
        0.0747719056686179,
        0.00076891866690465
      ]
    },
    {
      "f": [
        0.0,
        0.0,
        0.0596580394364147
      ],
      "link": "arm_motor_1",
      "p": [
        -0.187827758716193,
        0.0747821315076417,
        0.000837447138006715
      ]
    },
    {
      "f": [
        0.0,
        0.0,
        0.0462060230531352
      ],
      "link": "arm_motor_3",
      "p": [
        -0.186518858346122,
        -0.0749084457961456,
        0.000983179256518488
      ]
    },
    {
      "f": [
        0.0,
        0.0,
        0.0993535035314821
      ],
      "link": "arm_motor_3",
      "p": [
        -0.18790970566481,
        -0.0751532187973126,
        0.000861701520303189
      ]
    },
    {
      "f": [
        0.0,
        0.0,
        0.0850740118903721
      ],
      "link": "arm_motor_3",
      "p": [
        -0.187229852567943,
        -0.0755529675686545,
        0.000794753772841689
      ]
    },
    {
      "f": [
        0.0,
        0.0,
        0.0552084136078124
      ],
      "link": "arm_motor_3",
      "p": [
        -0.186499217912564,
        -0.0753475789450643,
        0.000879411916327399
      ]
    },
    {
      "f": [
        0.0,
        0.0,
        0.0748659047996682
      ],
      "link": "arm_motor_3",
      "p": [
        -0.18724669918543,
        -0.0749186713822385,
        0.000913253152491321
      ]
    },
    {
      "f": [
        0.0,
        0.0,
        0.0841526215025191
      ],
      "link": "arm_motor_3",
      "p": [
        -0.187234189790363,
        -0.0753578044199935,
        0.000808767209479165
      ]
    },
    {
      "f": [
        0.0,
        0.0,
        0.102795203846181
      ],
      "link": "arm_motor_3",
      "p": [
        -0.187905974290471,
        -0.0753746940670112,
        0.000822192638295895
      ]
    },
    {
      "f": [
        0.0,
        0.0,
        0.0511029360625876
      ],
      "link": "arm_motor_3",
      "p": [
        -0.186498087660995,
        -0.0760071702974714,
        0.000908276414612004
      ]
    },
    {
      "f": [
        0.0,
        0.0,
        0.102215379599591
      ],
      "link": "arm_motor_3",
      "p": [
        -0.187893203001761,
        -0.0758030750332147,
        0.000816487300511023
      ]
    },
    {
      "f": [
        0.0,
        0.0,
        0.0836897125230922
      ],
      "link": "arm_motor_3",
      "p": [
        -0.1872255640617,
        -0.0757863085269325,
        0.000803125654597954
      ]
    },
    {
      "f": [
        0.0,
        0.0,
        0.0561459710344069
      ],
      "link": "arm_motor_3",