{
  "T_W_L": {
    "arm_motor_0": {
      "p": [
        -0.168726755906116,
        -0.0989501252395899,
        0.149075591876396
      ],
      "q": [
        0.590255113518789,
        0.216078680384124,
        -0.15350376498713,
        0.762460162226954
      ]
    },
    "arm_motor_1": {
      "p": [
        -0.217972454514247,
        0.0926087234318235,
        0.0258428593518676
      ],
      "q": [
        0.833651413661907,
        -0.16878733740089,
        -0.241837284878921,
        -0.466959187590323
      ]
    },
    "arm_motor_2": {
      "p": [
        -0.171030801025331,
        0.100627582479977,
        0.148745281490705
      ],
      "q": [
        -0.594217843615067,
        0.209779086362603,
        0.162099425666297,
        0.759356086070947
      ]
    },
    "arm_motor_3": {
      "p": [
        -0.215860041206217,
        -0.092205283749489,
        0.0259212318745788
      ],
      "q": [
        0.83164352846383,
        0.177824146003018,
        -0.236355921251148,
        0.46998243919539
      ]
    },
    "base_link": {
      "p": [
        -0.189944371700476,
        0.000547324058879206,
        0.0957580714084617
      ],
      "q": [
        -0.00321092111619739,
        0.607566052936899,
        -0.00482461006672579,
        -0.794248011921948
      ]
    },
    "connecting_link_0": {
      "p": [
        -0.179107056392116,
        -0.0313000391582165,
        0.134388345197623
      ],
      "q": [
        0.308829840239105,
        -0.38635005092582,
        -0.525916946559237,
        0.691931451264729
      ]
    },
    "connecting_link_1": {
      "p": [
        -0.200781687008837,
        0.0323946872759749,
        0.0571277976193005
      ],
      "q": [
        -0.418475783664458,
        -0.210839337227887,
        0.760485351827714,
        0.44954067893707
      ]
    },
    "connecting_link_2": {
      "p": [
        -0.179847252695816,
        0.0326956617215646,
        0.134339576995099
      ],
      "q": [
        -0.305553863607178,
        -0.388609623277927,
        0.534797069837345,
        0.685282052314157
      ]
    },
    "connecting_link_3": {
      "p": [
        -0.200041490705137,
        -0.0316010136038062,
        0.0571765658218249
      ],
      "q": [
        -0.420931903816402,
        0.206587110296214,
        0.755189653196962,
        -0.458068429291096
      ]
    }
  },
  "contacts": [
    {
      "f": [
        0.0,
        0.0,
        0.0728837097720188
      ],
      "link": "arm_motor_1",
      "p": [
        -0.232300264471871,
        0.0799720183781713,
        0.000836482210871764
      ]
    },
    {
      "f": [
        0.0,
        0.0,
        0.0906401865070403
      ],
      "link": "arm_motor_1",
      "p": [
        -0.230916784206239,
        0.0794998065409163,
        0.000972174719747129
      ]
    },
    {
      "f": [
        0.0,
        0.0,
        0.0718282396193828
      ],
      "link": "arm_motor_1",
      "p": [
        -0.232290957903067,
        0.0801967259176191,
        0.000844331382320186
      ]
    },
    {
      "f": [
        0.0,
        0.0,
        0.0680034215215446
      ],
      "link": "arm_motor_1",
      "p": [
        -0.23231359514545,
        0.07954716585368,
        0.000891335419303849
      ]
    },
    {
      "f": [
        0.0,
        0.0,
        0.0945360033134063
      ],
      "link": "arm_motor_1",
      "p": [
        -0.230903219960706,
        0.0797293828605986,
        0.000931341556946866
      ]
    },
    {
      "f": [
        0.0,
        0.0,
        0.0867486171427791
      ],
      "link": "arm_motor_1",
      "p": [
        -0.231635988243027,
        0.0797523304988504,
        0.000848094440343054
      ]
    },
    {
      "f": [
        0.0,
        0.0,
        0.0717743012729324
      ],
      "link": "arm_motor_1",
      "p": [
        -0.232307074434858,
        0.0797769014591468,
        0.000850204190119698
      ]
    },
    {
      "f": [
        0.0,
        0.0,
        0.094535531452364
      ],
      "link": "arm_motor_1",
      "p": [
        -0.230890110579973,
        0.0801492188708743,
        0.000925353384221318
      ]
    },
    {
      "f": [
        0.0,
        0.0,
        0.0867656705832868
      ],
      "link": "arm_motor_1",
      "p": [
        -0.231621365861732,
        0.0801722142033808,
        0.000842261684982859
      ]
    },
    {
      "f": [
        0.0,
        0.0,
        0.0828936559261651
      ],
      "link": "arm_motor_1",
      "p": [
        -0.231646029197602,
        0.0795226712218083,
        0.000889293169689026
      ]
    },
    {
      "f": [
        0.0,
        0.0,
        0.0830699291589448
      ],
      "link": "arm_motor_1",
      "p": [
        -0.231615546620163,
        0.0803969240507189,
        0.000875749033890497
      ]
    },
    {
      "f": [
        0.0,
        0.0,
        0.0907859158034112
      ],
      "link": "arm_motor_1",
      "p": [
        -0.230889292976769,
        0.0803741844908784,
        0.000958277622119683
      ]
    },
    {
      "f": [
        0.0,
        0.0,
        0.0878675604847987
      ],
      "link": "arm_motor_1",
      "p": [
        -0.231628588736766,
        0.079947401338982,
        0.00083440732459749
      ]
    },
    {
      "f": [
        0.0,
        0.0,
        0.0956615090635208
      ],
      "link": "arm_motor_1",
      "p": [
        -0.230895263953216,
        0.0799244098443701,
        0.000917711738687044
      ]
    },
    {
      "f": [
        0.0,
        0.0,
        0.0829655907687863
      ],
      "link": "arm_motor_3",
      "p": [
        -0.229082623224732,
        -0.0798264359539016,
        0.000997487473180243
      ]
    },
    {
      "f": [
        0.0,
        0.0,
        0.0652950885917127
      ],
      "link": "arm_motor_3",
      "p": [
        -0.23045868233085,
        -0.0801395236228582,
        0.000864956818551511
      ]
    },
    {
      "f": [
        0.0,
        0.0,
        0.0823089444917852
      ],
      "link": "arm_motor_3",
      "p": [
        -0.229761044258496,
        -0.0805123745517252,
        0.000837305069146289
      ]
    },
    {
      "f": [
        0.0,
        0.0,
        0.0901363541964762
      ],
      "link": "arm_motor_3",
      "p": [
        -0.22904192525893,
        -0.0802700007203524,
        0.000922752584787162
      ]
    },
    {
      "f": [
        0.0,
        0.0,
        0.0753230194384218
      ],
      "link": "arm_motor_3",
      "p": [
        -0.22980761966651,
        -0.0798731713809374,
        0.000914165991746971
      ]
    },
    {
      "f": [
        0.0,
        0.0,
        0.0824230815788098
      ],
      "link": "arm_motor_3",
      "p": [
        -0.229774028408796,
        -0.0803170961811705,
        0.000838574846477522
      ]
    },
    {
      "f": [
        0.0,
        0.0,
        0.0675044403621889
      ],
      "link": "arm_motor_3",
      "p": [
        -0.230444609830484,
        -0.0803626879455116,
        0.000839940427363038
      ]
    },
    {
      "f": [
        0.0,
        0.0,
        0.081850768862373
      ],
      "link": "arm_motor_3",
      "p": [
        -0.229013257117581,
        -0.0809257153711571,
        0.00099424820207681
      ]
    },
    {
      "f": [
        0.0,
        0.0,
        0.0648113321710362
      ],
      "link": "arm_motor_3",
      "p": [
        -0.23041342176007,
        -0.0807895803479615,
        0.000862213502912795
      ]
    },
    {
      "f": [
        0.0,
        0.0,
        0.0796396637098074
      ],
      "link": "arm_motor_3",
      "p": [
        -0.229746977240402,
        -0.0807442900033773,
        0.000860838551399387
      ]
    },
    {
      "f": [
        0.0,
        0.0,
        0.0900126977234079
      ],
      "link": "arm_motor_3",