{
  "T_W_L": {
    "arm_motor_0": {
      "p": [
        -0.113405769608888,
        -0.0977947706673504,
        0.0395602034673359
      ],
      "q": [
        0.184783514187305,
        0.753266093382924,
        -0.631061641458382,
        -0.0143683723528725
      ]
    },
    "arm_motor_1": {
      "p": [
        -0.0808718583245108,
        0.0860814136630744,
        0.177772143552463
      ],
      "q": [
        0.10354271601824,
        0.414962995193038,
        0.896149785144719,
        -0.118322361221632
      ]
    },
    "arm_motor_2": {
      "p": [
        -0.11466967783316,
        0.0983678973745069,
        0.0399045695120691
      ],
      "q": [
        -0.190820519119015,
        0.750625190571803,
        0.632334221028512,
        -0.0174007378711007
      ]
    },
    "arm_motor_3": {
      "p": [
        -0.0799060780673938,
        -0.0855261958656073,
        0.177515183690798
      ],
      "q": [
        0.105317288673875,
        -0.415816579233335,
        0.896365873873195,
        0.111951155852072
      ]
    },
    "base_link": {
      "p": [
        -0.0912768309736934,
        0.00034405319423984,
        0.093579083028205
      ],
      "q": [
        0.00168157766957706,
        -0.745648822094824,
        -0.00261112351487726,
        -0.666331890606426
      ]
    },
    "connecting_link_0": {
      "p": [
        -0.0955651502405672,
        -0.0316164488061386,
        0.0537778691051453
      ],
      "q": [
        -0.315566290088612,
        0.542799536194294,
        -0.57688964195526,
        0.522479589143635
      ]
    },
    "connecting_link_1": {
      "p": [
        -0.0869885117068196,
        0.0323045551946183,
        0.133380296951265
      ],
      "q": [
        0.706889346673669,
        0.377089691828298,
        0.560457833395728,
        0.209756603856658
      ]
    },
    "connecting_link_2": {
      "p": [
        -0.0959483491240048,
        0.0323823165481694,
        0.0538836601253619
      ],
      "q": [
        0.312197332606982,
        0.543076342129071,
        0.582058298724167,
        0.518467982636461
      ]
    },
    "connecting_link_3": {
      "p": [
        -0.086605312823382,
        -0.0316942101596897,
        0.133274505931048
      ],
      "q": [
        0.70829695683742,
        -0.373188144370357,
        0.559355818842463,
        -0.214865301441012
      ]
    }
  },
  "contacts": [
    {
      "f": [
        0.0,
        0.0,
        0.241177108071442
      ],
      "link": "arm_motor_0",
      "p": [
        -0.0889506028501625,
        -0.0925071975736965,
        0.000701430876810481
      ]
    },
    {
      "f": [
        0.0,
        0.0,
        0.182232028337084
      ],
      "link": "arm_motor_0",
      "p": [
        -0.0874918997538997,
        -0.0878240367475358,
        0.000843937309182669
      ]
    },
    {
      "f": [
        0.0,
        0.0,
        0.171989600926713
      ],
      "link": "arm_motor_0",
      "p": [
        -0.0873251215701165,
        -0.0872634131140842,
        0.000895524022874405
      ]
    },
    {
      "f": [
        0.0,
        0.0,
        0.170131131392142
      ],
      "link": "arm_motor_0",
      "p": [
        -0.0872962093889747,
        -0.0871656292753336,
        0.000905301888736422
      ]
    },
    {
      "f": [
        0.0,
        0.0,
        0.159393293411733
      ],
      "link": "arm_motor_0",
      "p": [
        -0.0871359613088285,
        -0.0866205121118013,
        0.000963900530631709
      ]
    },
    {
      "f": [
        0.0,
        0.0,
        0.190974048374258
      ],
      "link": "arm_motor_0",
      "p": [
        -0.0876451196051293,
        -0.0883342838391646,
        0.000803271934801709
      ]
    },
    {
      "f": [
        0.0,
        0.0,
        0.207719838846715
      ],
      "link": "arm_motor_0",
      "p": [
        -0.0879766992391065,
        -0.0894228794589163,
        0.000737158222239236
      ]
    },
    {
      "f": [
        0.0,
        0.0,
        0.212430115008268
      ],
      "link": "arm_motor_0",
      "p": [
        -0.0880817417311083,
        -0.0897634650381429,
        0.000722205359739374
      ]
    },
    {
      "f": [
        0.0,
        0.0,
        0.194897781923133
      ],
      "link": "arm_motor_0",
      "p": [
        -0.0877179718718762,
        -0.0885752196155334,
        0.000786282853148759
      ]
    },
    {
      "f": [
        0.0,
        0.0,
        0.201802647620299
      ],
      "link": "arm_motor_0",
      "p": [
        -0.0878528842724585,
        -0.0890188019151488,
        0.000758462040131302
      ]
    }
  ],
  "idx": 168,
  "state": [
    -0.0912768309736934,
    0.00034405319423984,
    0.093579083028205,
    -0.666331890606426,
    0.00168157766957706,
    -0.745648822094824,
    -0.00261112351487726,
    -0.0391022400896286,
    0.00151594907894949,
    -0.0357718923132036,
    -0.00247932089583846,
    -3.51817351881834,
    -0.0492989831656191,
    0.931993772141408,
    0.215259515372027,
    0.0609047675580372,
    -0.285204416200259,
    0.993265706952313,
    0.105904419506273,
    -0.0150752064086299,
    -0.0444997468902739,
    0.93155067813193,
    -0.216815191009348,
    0.0611028412663773,
    0.28543116474677,
    0.993396838047009,
    -0.104787353133339,
    -0.0145491977574251,
    0.0443920446265984,
    0.0436994998096182,
    -0.289189387911257,
    -0.153652951395839,
    -0.102885658723678,
    0.000800481622380288,
    -0.189049953651099,
    0.346683276599273,
    -0.171658878544259,
    0.359048977883348,
    -0.0827529906921488,
    -0.0599501652855896,
    0.207798013820881
  ],
  "t": 1.68999999999992,
  "thrust": [
    0.0,
    0.0,
    0.0,
    0.0
  ]
}