{
  "T_W_L": {
    "arm_motor_0": {
      "p": [
        -0.374307239292857,
        -0.0818662900262301,
        0.00876534294152467
      ],
      "q": [
        0.345268503616893,
        0.742517986520905,
        -0.266440253882085,
        0.508395801727692
      ]
    },
    "arm_motor_1": {
      "p": [
        -0.527401280630635,
        0.0773830506505052,
        0.106743058718837
      ],
      "q": [
        -0.4617178064628,
        0.27043142799099,
        0.819056974505651,
        0.206952126018517
      ]
    },
    "arm_motor_2": {
      "p": [
        -0.377625681963735,
        0.088181331480525,
        0.00890246694591428
      ],
      "q": [
        -0.359368479439658,
        0.73536078715086,
        0.276298738509827,
        0.503743799767276
      ]
    },
    "arm_motor_3": {
      "p": [
        -0.524086077766132,
        -0.0774167427552358,
        0.106560407240416
      ],
      "q": [
        -0.455768424573125,
        -0.282061940109398,
        0.814014844123003,
        -0.223821443680573
      ]
    },
    "base_link": {
      "p": [
        -0.448284753765252,
        0.00170060598824306,
        0.0547343861264687
      ],
      "q": [
        0.00259099850959967,
        -0.288068457824063,
        -0.00989347854558363,
        -0.957555204369888
      ]
    },
    "connecting_link_0": {
      "p": [
        -0.414277183193927,
        -0.0295945266294715,
        0.0326414049270917
      ],
      "q": [
        0.0557399899365493,
        0.165549384493491,
        -0.432543410538725,
        0.884529622350336
      ]
    },
    "connecting_link_1": {
      "p": [
        -0.482292324336576,
        0.0329957386059577,
        0.0768273673258457
      ],
      "q": [
        0.252676948906659,
        0.0448866448897242,
        0.905644532795507,
        0.337561148267057
      ]
    },
    "connecting_link_2": {
      "p": [
        -0.415585335106315,
        0.0343920853140794,
        0.0326886337270609
      ],
      "q": [
        -0.0587391771228928,
        0.163777942416931,
        0.449484600390068,
        0.87617925600917
      ]
    },
    "connecting_link_3": {
      "p": [
        -0.480984172424189,
        -0.0309908733375932,
        0.0767801385258765
      ],
      "q": [
        0.25331847259952,
        -0.0411822499644928,
        0.897872359932253,
        -0.357713571167485
      ]
    }
  },
  "contacts": [
    {
      "f": [
        0.0,
        0.0,
        0.0659870464164631
      ],
      "link": "arm_motor_0",
      "p": [
        -0.356819024149776,
        -0.0656746733411078,
        0.000778917948484094
      ]
    },
    {
      "f": [
        0.0,
        0.0,
        0.0430154614022642
      ],
      "link": "arm_motor_0",
      "p": [
        -0.354045142419432,
        -0.065409155893551,
        0.000970986136128962
      ]
    },
    {
      "f": [
        0.0,
        0.0,
        0.0602254615934197
      ],
      "link": "arm_motor_0",
      "p": [
        -0.35544225036753,
        -0.065300982279178,
        0.000829306495342304
      ]
    },
    {
      "f": [
        0.0,
        0.0,
        0.0438851416656425
      ],
      "link": "arm_motor_0",
      "p": [
        -0.354082453744249,
        -0.0649549246553794,
        0.000984480850259338
      ]
    },
    {
      "f": [
        0.0,
        0.0,
        0.0592557915756778
      ],
      "link": "arm_motor_0",
      "p": [
        -0.359880903489367,
        -0.065370830656971,
        0.000916062075168776
      ]
    },
    {
      "f": [
        0.0,
        0.0,
        0.0616212803888632
      ],
      "link": "arm_motor_0",
      "p": [
        -0.35979475313622,
        -0.0660418366632102,
        0.00085906322742875
      ]
    },
    {
      "f": [
        0.0,
        0.0,
        0.0625994429659104
      ],
      "link": "arm_motor_0",
      "p": [
        -0.359854426944748,
        -0.0655898823382399,
        0.00087177016712281
      ]
    },
    {
      "f": [
        0.0,
        0.0,
        0.0634168265533199
      ],
      "link": "arm_motor_0",
      "p": [
        -0.359825575012415,
        -0.0658144993213139,
        0.000852434311429402
      ]
    },
    {
      "f": [
        0.0,
        0.0,
        0.0594026219772797
      ],
      "link": "arm_motor_0",
      "p": [
        -0.355465362699849,
        -0.0650757175749554,
        0.000848623669728432
      ]
    },
    {
      "f": [
        0.0,
        0.0,
        0.0504474343948334
      ],
      "link": "arm_motor_0",
      "p": [
        -0.356941539682179,
        -0.0646042999833608,
        0.000987233630671658
      ]
    },
    {
      "f": [
        0.0,
        0.0,
        0.0543319517226513
      ],
      "link": "arm_motor_0",
      "p": [
        -0.359902005950844,
        -0.0651853196212625,
        0.000974469815665756
      ]
    },
    {
      "f": [
        0.0,
        0.0,
        0.0584404832704753
      ],
      "link": "arm_motor_0",
      "p": [
        -0.355420532868233,
        -0.0655293928647057,
        0.000835943741998746
      ]
    },
    {
      "f": [
        0.0,
        0.0,
        0.0539976122206505
      ],
      "link": "arm_motor_0",
      "p": [
        -0.355400519137136,
        -0.0657576056360463,
        0.000869200134837385
      ]
    },
    {
      "f": [
        0.0,
        0.0,
        0.0447429958464769
      ],
      "link": "arm_motor_0",
      "p": [
        -0.354062253986077,
        -0.065180401229903,
        0.000964856230239806
      ]
    },
    {
      "f": [
        0.0,
        0.0,
        0.0677972160535296
      ],
      "link": "arm_motor_0",
      "p": [
        -0.356844462229137,
        -0.0654467366099628,
        0.000772073709054813
      ]
    },
    {
      "f": [
        0.0,
        0.0,
        0.0669906852340724
      ],
      "link": "arm_motor_0",
      "p": [
        -0.356869845723706,
        -0.065221675381652,
        0.000791259279535557
      ]
    },
    {
      "f": [
        0.0,
        0.0,
        0.0560547177489037
      ],
      "link": "arm_motor_0",
      "p": [
        -0.35548951907479,
        -0.0648563714392922,
        0.000892930044206
      ]
    },
    {
      "f": [
        0.0,
        0.0,
        0.0511317985625714
      ],
      "link": "arm_motor_0",
      "p": [
        -0.355511297276786,
        -0.0646709742857714,
        0.000951335418823335
      ]
    },
    {
      "f": [
        0.0,
        0.0,
        0.063648057081839
      ],
      "link": "arm_motor_0",
      "p": [
        -0.356894978126687,
        -0.0650023886813495,
        0.000835527750153532
      ]
    },
    {
      "f": [
        0.0,
        0.0,
        0.0587216481495099
      ],
      "link": "arm_motor_0",
      "p": [
        -0.356916522926952,
        -0.0648169616278307,
        0.000893965212494408
      ]
    },
    {
      "f": [
        0.0,
        0.0,
        0.0464811464409937
      ],
      "link": "arm_motor_2",
      "p": [
        -0.356676018376452,
        0.0728536640754694,
        0.000973584847499986
      ]
    },
    {
      "f": [
        0.0,
        0.0,
        0.0521392715934449
      ],
      "link": "arm_motor_2",
      "p": [
        -0.358042930887203,
        0.0733628683109561,
        0.000912759039537948
      ]
    },
    {
      "f": [
        0.0,
        0.0,
        0.05617281705752
      ],
      "link": "arm_motor_2",
      "p": [
        -0.359516912038749,
        0.0721073686474066,
        0.000954960302704026
      ]
    },
    {
      "f": [
        0.0,
        0.0,
        0.0689877638262086
      ],
      "link": "arm_motor_2",
      "p": [
        -0.359478798786016,
        0.0727380775521419,
        0.000795797304951058
      ]
    },
    {
      "f": [
        0.0,
        0.0,
        0.0684111071751752
      ],
      "link": "arm_motor_2",