{
  "T_W_L": {
    "arm_motor_0": {
      "p": [
        -0.212468793123375,
        -0.0737782654721259,
        0.119439029729599
      ],
      "q": [
        0.245976635294164,
        0.46279477496185,
        -0.231987134553687,
        0.819450096442085
      ]
    },
    "arm_motor_1": {
      "p": [
        -0.348104620534898,
        0.094898436352005,
        0.0215108127917787
      ],
      "q": [
        0.760265536113677,
        -0.22386020550432,
        -0.381773680877594,
        -0.475533152975184
      ]
    },
    "arm_motor_2": {
      "p": [
        -0.215184113970256,
        0.0784188010076106,
        0.119252373713859
      ],
      "q": [
        -0.254701321435688,
        0.459543862546988,
        0.247621375335603,
        0.814021086785357
      ]
    },
    "arm_motor_3": {
      "p": [
        -0.344699049907576,
        -0.0951272742808021,
        0.0214971807734031
      ],
      "q": [
        0.756087168937025,
        0.237718495055593,
        -0.373374392592659,
        0.482093012844369
      ]
    },
    "base_link": {
      "p": [
        -0.289973123804965,
        0.00089536807695467,
        0.0636709622704187
      ],
      "q": [
        -0.00291489401268056,
        0.319576202949511,
        -0.00851730497835382,
        -0.947517814828393
      ]
    },
    "connecting_link_0": {
      "p": [
        -0.257573126269462,
        -0.030528343897949,
        0.0878947209675672
      ],
      "q": [
        0.00989207083900515,
        -0.252193396364942,
        -0.337971422820902,
        0.906684043711395
      ]
    },
    "connecting_link_1": {
      "p": [
        -0.322373121340468,
        0.0323190800518584,
        0.0394472035732702
      ],
      "q": [
        -0.267634157461312,
        -0.177959647797853,
        0.807543674715503,
        0.494545786497692
      ]
    },
    "connecting_link_2": {
      "p": [
        -0.258725360376584,
        0.0334612828423774,
        0.087899839178256
      ],
      "q": [
        -0.00500627789780563,
        -0.250653249035135,
        0.355195785230893,
        0.900546411954403
      ]
    },
    "connecting_link_3": {
      "p": [
        -0.321220887233346,
        -0.0316705466884681,
        0.0394420853625814
      ],
      "q": [
        0.270618799399832,
        -0.172798878677636,
        -0.798649929247187,
        0.508983598412177
      ]
    }
  },
  "contacts": [
    {
      "f": [
        0.0,
        0.0,
        0.0516519317713134
      ],
      "link": "arm_motor_1",
      "p": [
        -0.368277813481373,
        0.0840180106246469,
        0.000711559208204864
      ]
    },
    {
      "f": [
        0.0,
        0.0,
        0.0475844271661683
      ],
      "link": "arm_motor_1",
      "p": [
        -0.368275275086542,
        0.0837888735534048,
        0.000757300454736397
      ]
    },
    {
      "f": [
        0.0,
        0.0,
        0.0529270810916432
      ],
      "link": "arm_motor_1",
      "p": [
        -0.368276213857273,
        0.0842508029534183,
        0.000692538288986418
      ]
    },
    {
      "f": [
        0.0,
        0.0,
        0.0215901971078707
      ],
      "link": "arm_motor_1",
      "p": [
        -0.366344744939576,
        0.083516516751999,
        0.000784098028921293
      ]
    },
    {
      "f": [
        0.0,
        0.0,
        0.0041036211364919
      ],
      "link": "arm_motor_1",
      "p": [
        -0.365158226369059,
        0.083475758298911,
        0.000958963788635081
      ]
    },
    {
      "f": [
        0.0,
        0.0,
        0.0570179011476447
      ],
      "link": "arm_motor_1",
      "p": [
        -0.368997985766991,
        0.0842627729005231,
        0.000845208072533847
      ]
    },
    {
      "f": [
        0.0,
        0.0,
        0.0112380332936784
      ],
      "link": "arm_motor_1",
      "p": [
        -0.365135721588512,
        0.0836975634838586,
        0.000887619667063216
      ]
    },
    {
      "f": [
        0.0,
        0.0,
        0.0288578204191702
      ],
      "link": "arm_motor_1",
      "p": [
        -0.366331136991918,
        0.0837385325156309,
        0.000711421795808298
      ]
    },
    {
      "f": [
        0.0,
        0.0,
        0.0349280669437394
      ],
      "link": "arm_motor_1",
      "p": [
        -0.366304927350242,
        0.0843954525075601,
        0.000650719330562606
      ]
    },
    {
      "f": [
        0.0,
        0.0,
        0.0171632777339884
      ],
      "link": "arm_motor_1",
      "p": [
        -0.36509963474712,
        0.0843541505113048,
        0.000828367222660116
      ]
    },
    {
      "f": [
        0.0,
        0.0,
        0.0354104431493862
      ],
      "link": "arm_motor_1",
      "p": [
        -0.3663106956858,
        0.0841999735265302,
        0.000645895568506138
      ]
    },
    {
      "f": [
        0.0,
        0.0,
        0.0176496731630823
      ],
      "link": "arm_motor_1",
      "p": [
        -0.365105879383799,
        0.0841585760220139,
        0.000823503268369177
      ]
    },
    {
      "f": [
        0.0,
        0.0,
        0.0296853777674195
      ],
      "link": "arm_motor_1",
      "p": [
        -0.367418401996963,
        0.0848711042081022,
        0.000703146222325805
      ]
    },
    {
      "f": [
        0.0,
        0.0,
        0.0481458999008177
      ],
      "link": "arm_motor_1",
      "p": [
        -0.368262868516386,
        0.0846693173367607,
        0.000726266651119856
      ]
    },
    {
      "f": [
        0.0,
        0.0,
        0.0522287243149385
      ],
      "link": "arm_motor_1",
      "p": [
        -0.368983154664053,
        0.0846813587848314,
        0.00087861550050207
      ]
    },
    {
      "f": [
        0.0,
        0.0,
        0.0330717138646238
      ],
      "link": "arm_motor_1",
      "p": [
        -0.367446988202348,
        0.0837702704281623,
        0.000680404555608742
      ]
    },
    {
      "f": [
        0.0,
        0.0,
        0.0557262859243154
      ],
      "link": "arm_motor_1",
      "p": [
        -0.368996125667775,
        0.0840299537335915,
        0.000863464992870426
      ]
    },
    {
      "f": [
        0.0,
        0.0,
        0.0370204158973405
      ],
      "link": "arm_motor_1",
      "p": [
        -0.36744287003227,
        0.0839992888427031,
        0.000634066262842688
      ]
    },
    {
      "f": [
        0.0,
        0.0,
        0.0265768887694777
      ],
      "link": "arm_motor_1",
      "p": [
        -0.366298545213415,
        0.0848392429768581,
        0.000734231112305223
      ]
    },
    {
      "f": [
        0.0,
        0.0,
        0.0458983930445219
      ],
      "link": "arm_motor_1",
      "p": [
        -0.36896564900398,
        0.0849016458196555,
        0.000931690501715592
      ]
    },
    {
      "f": [
        0.0,
        0.0,
        0.0418416756696931
      ],
      "link": "arm_motor_1",
      "p": [
        -0.368250287181564,
        0.084889784166133,
        0.000780398815870498
      ]
    },
    {
      "f": [
        0.0,
        0.0,
        0.0380515230611735
      ],
      "link": "arm_motor_1",
      "p": [
        -0.367432615180381,
        0.0844275184527972,
        0.000619484769388265
      ]
    },
    {
      "f": [
        0.0,
        0.0,
        0.0216675958099827
      ],
      "link": "arm_motor_1",
      "p": [
        -0.367410007300125,
        0.0850859052165107,
        0.000783324041900173
      ]
    },
    {
      "f": [
        0.0,
        0.0,
        0.0351431987202971
      ],
      "link": "arm_motor_1",
      "p": [
        -0.367425907733671,
        0.0846505830847124,
        0.000648568012797029
      ]
    },
    {
      "f": [
        0.0,
        0.0,
        0.0559225968651344
      ],
      "link": "arm_motor_1",