{
  "T_W_L": {
    "arm_motor_0": {
      "p": [
        -0.164262376175654,
        -0.10042694932699,
        0.162571937821308
      ],
      "q": [
        0.650570094272711,
        0.0590986830417854,
        0.00613409348886728,
        0.757118399590046
      ]
    },
    "arm_motor_1": {
      "p": [
        -0.170794757333279,
        0.0912661714499098,
        0.034709683693054
      ],
      "q": [
        0.874575913783862,
        -0.0692169632076446,
        -0.074027202391179,
        -0.474179244948121
      ]
    },
    "arm_motor_2": {
      "p": [
        -0.166172720860746,
        0.101533831239069,
        0.162307355728951
      ],
      "q": [
        -0.652369879919475,
        0.0529759877737098,
        0.000719862659163866,
        0.756046669386885
      ]
    },
    "arm_motor_3": {
      "p": [
        -0.168963145849877,
        -0.0903913367385798,
        0.034787608460328
      ],
      "q": [
        0.873703507402174,
        0.0773992966374055,
        -0.0688097421275168,
        0.475307005441239
      ]
    },
    "base_link": {
      "p": [
        -0.168705560563862,
        0.000485258162515117,
        0.11238937907779
      ],
      "q": [
        -0.00341719478921853,
        0.730524208499649,
        -0.0035402205979359,
        -0.682869072673416
      ]
    },
    "connecting_link_0": {
      "p": [
        -0.171085326309907,
        -0.0315194992819828,
        0.152314712087206
      ],
      "q": [
        0.464359984399815,
        -0.493574474973187,
        -0.455685066194995,
        0.577152634049269
      ]
    },
    "connecting_link_1": {
      "p": [
        -0.166325794817817,
        0.032490015607013,
        0.0724640460683731
      ],
      "q": [
        -0.566073422495918,
        -0.286351575543468,
        0.670763696102062,
        0.384239143657999
      ]
    },
    "connecting_link_2": {
      "p": [
        -0.171714299196365,
        0.0324774017891072,
        0.152282363899896
      ],
      "q": [
        -0.460786146165097,
        -0.497146046622124,
        0.461804185700732,
        0.572065407011816
      ]
    },
    "connecting_link_3": {
      "p": [
        -0.165696821931359,
        -0.031506885464077,
        0.0724963942556836
      ],
      "q": [
        -0.569145839560484,
        0.281363239181593,
        0.666457510100613,
        -0.39082237420435
      ]
    }
  },
  "contacts": [
    {
      "f": [
        0.0,
        0.0,
        0.0603134505998601
      ],
      "link": "arm_motor_1",
      "p": [
        -0.193241277635619,
        0.0797305658305,
        0.00048717761678764
      ]
    },
    {
      "f": [
        0.0,
        0.0,
        0.0904643485287343
      ],
      "link": "arm_motor_1",
      "p": [
        -0.191454425878456,
        0.0813836894237005,
        0.000132831185269841
      ]
    },
    {
      "f": [
        0.0,
        0.0,
        0.0610147191538723
      ],
      "link": "arm_motor_1",
      "p": [
        -0.192910374115834,
        0.0817000141402392,
        0.000429404302363587
      ]
    },
    {
      "f": [
        0.0,
        0.0,
        0.0620032112672895
      ],
      "link": "arm_motor_1",
      "p": [
        -0.192923612834388,
        0.0814599894014341,
        0.000425522151852445
      ]
    },
    {
      "f": [
        0.0,
        0.0,
        0.030249043703484
      ],
      "link": "arm_motor_1",
      "p": [
        -0.193447940941852,
        0.0837084268286086,
        0.00069750956296516
      ]
    },
    {
      "f": [
        0.0,
        0.0,
        0.00263979993570798
      ],
      "link": "arm_motor_1",
      "p": [
        -0.192734673994235,
        0.0876194729645286,
        0.00097360200064292
      ]
    },
    {
      "f": [
        0.0,
        0.0,
        0.0303261922657807
      ],
      "link": "arm_motor_1",
      "p": [
        -0.193820492023773,
        0.0758053184545992,
        0.000887675332810298
      ]
    },
    {
      "f": [
        0.0,
        0.0,
        0.0467622029071481
      ],
      "link": "arm_motor_1",
      "p": [
        -0.191090915160025,
        0.0868505517133192,
        0.000532377970928519
      ]
    },
    {
      "f": [
        0.0,
        0.0,
        0.0438479112788866
      ],
      "link": "arm_motor_1",
      "p": [
        -0.193020871244573,
        0.0836893951777855,
        0.000561520887211134
      ]
    },
    {
      "f": [
        0.0,
        0.0,
        0.0274378857776396
      ],
      "link": "arm_motor_1",
      "p": [
        -0.192885802188705,
        0.0856607067986237,
        0.000725621142223604
      ]
    },
    {
      "f": [
        0.0,
        0.0,
        0.0428624020545567
      ],
      "link": "arm_motor_1",
      "p": [
        -0.193752875909047,
        0.0777761996850601,
        0.000713302065231528
      ]
    },
    {
      "f": [
        0.0,
        0.0,
        0.0558961768739273
      ],
      "link": "arm_motor_1",
      "p": [
        -0.193139448015532,
        0.0817117612647573,
        0.000481853168344037
      ]
    },
    {
      "f": [
        0.0,
        0.0,
        0.0138538203066279
      ],
      "link": "arm_motor_1",
      "p": [
        -0.193313012011931,
        0.0856776080845745,
        0.000861461796933721
      ]
    },
    {
      "f": [
        0.0,
        0.0,
        0.0326933565050493
      ],
      "link": "arm_motor_1",
      "p": [
        -0.192656721955107,
        0.0856494876490125,
        0.000673066434949507
      ]
    },
    {
      "f": [
        0.0,
        0.0,
        0.026268848518061
      ],
      "link": "arm_motor_1",
      "p": [
        -0.193935863639876,
        0.0817504051649074,
        0.000782573158173511
      ]
    },
    {
      "f": [
        0.0,
        0.0,
        0.0562333129423145
      ],
      "link": "arm_motor_1",
      "p": [
        -0.193326143670092,
        0.0777506032937057,
        0.000577330814644353
      ]
    },
    {
      "f": [
        0.0,
        0.0,
        0.0654382865863193
      ],
      "link": "arm_motor_1",
      "p": [
        -0.193012229222517,
        0.0797185426288858,
        0.000434672787690674
      ]
    },
    {
      "f": [
        0.0,
        0.0,
        0.0138065306612908
      ],
      "link": "arm_motor_1",
      "p": [
        -0.193817662632633,
        0.0837219781330259,
        0.000861934693387092
      ]
    },
    {
      "f": [
        0.0,
        0.0,
        0.00788148271529667
      ],
      "link": "arm_motor_1",
      "p": [
        -0.19250554914651,
        0.0876085839646246,
        0.000921185172847033
      ]
    },
    {
      "f": [
        0.0,
        0.0,
        0.0174931062488877
      ],
      "link": "arm_motor_1",
      "p": [
        -0.192560102115957,
        0.0869268516910528,
        0.000825068937511123
      ]
    },
    {
      "f": [
        0.0,
        0.0,
        0.0491089783179479
      ],
      "link": "arm_motor_1",
      "p": [
        -0.192791816497571,
        0.0836778999510782,
        0.000508910216820521
      ]
    },
    {
      "f": [
        0.0,
        0.0,
        0.042524970209018
      ],
      "link": "arm_motor_1",
      "p": [
        -0.193566383971095,
        0.0817330072463897,
        0.000617935930338556
      ]
    },
    {
      "f": [
        0.0,
        0.0,
        0.048808894555399
      ],
      "link": "arm_motor_1",
      "p": [
        -0.193164819551337,
        0.0757648426966517,
        0.000699400794147736
      ]
    },
    {
      "f": [
        0.0,
        0.0,
        0.0469439652501547
      ],
      "link": "arm_motor_1",
      "p": [
        -0.193668118104527,
        0.0797539179977194,
        0.000623190632299361
      ]
    },
    {
      "f": [
        0.0,
        0.0,
        0.0505714497636099
      ],
      "link": "arm_motor_1",