{
  "T_W_L": {
    "arm_motor_0": {
      "p": [
        -0.139736756479804,
        -0.100509126455641,
        0.157004661655932
      ],
      "q": [
        0.667904435802988,
        0.087764883689776,
        0.00765661366300348,
        0.739014455943068
      ]
    },
    "arm_motor_1": {
      "p": [
        -0.164200149175108,
        0.0904355286889536,
        0.0324804723156797
      ],
      "q": [
        0.875115750639758,
        -0.0852621346736931,
        -0.115240571989044,
        -0.462193035365892
      ]
    },
    "arm_motor_2": {
      "p": [
        -0.141459675498359,
        0.101677191509797,
        0.156808550438127
      ],
      "q": [
        -0.669623664131029,
        0.0819746105899622,
        -0.00178029392115395,
        0.738160647967577
      ]
    },
    "arm_motor_3": {
      "p": [
        -0.162575057882418,
        -0.0897188935577998,
        0.03250155948304
      ],
      "q": [
        0.874326780268848,
        0.0926465517396455,
        -0.11071245119021,
        0.463370317248437
      ]
    },
    "base_link": {
      "p": [
        -0.152565701869071,
        0.000466670359663931,
        0.110625302301896
      ],
      "q": [
        -0.00294477657984618,
        0.682357730705564,
        -0.0032895484183294,
        -0.731005085145412
      ]
    },
    "connecting_link_0": {
      "p": [
        -0.149533033039756,
        -0.0315004592541366,
        0.150536523080346
      ],
      "q": [
        0.477693799182903,
        -0.460502988785141,
        -0.466865712298832,
        0.58462127759932
      ]
    },
    "connecting_link_1": {
      "p": [
        -0.155598370698385,
        0.0324337999734645,
        0.0707140815234458
      ],
      "q": [
        -0.537312891679259,
        -0.266530395918207,
        0.700287671521798,
        0.387109263130625
      ]
    },
    "connecting_link_2": {
      "p": [
        -0.150098033703576,
        0.032497045662612,
        0.150524746806517
      ],
      "q": [
        -0.474754291654187,
        -0.463993596749641,
        0.472236575845881,
        0.579923202816218
      ]
    },
    "connecting_link_3": {
      "p": [
        -0.155033370034565,
        -0.0315637049432841,
        0.0707258577972753
      ],
      "q": [
        -0.539956870302721,
        0.262141288538278,
        0.696527920299485,
        -0.393163298515586
      ]
    }
  },
  "contacts": [
    {
      "f": [
        0.0,
        0.0,
        0.0600481412452483
      ],
      "link": "arm_motor_1",
      "p": [
        -0.189433199472493,
        0.0779923350229454,
        0.000596989179267579
      ]
    },
    {
      "f": [
        0.0,
        0.0,
        0.0943788016623147
      ],
      "link": "arm_motor_1",
      "p": [
        -0.187707560472372,
        0.0796599525677281,
        5.62119833768526e-05
      ]
    },
    {
      "f": [
        0.0,
        0.0,
        0.0630880065456265
      ],
      "link": "arm_motor_1",
      "p": [
        -0.189135660046762,
        0.0799642025586268,
        0.000475456254256337
      ]
    },
    {
      "f": [
        0.0,
        0.0,
        0.063682871936098
      ],
      "link": "arm_motor_1",
      "p": [
        -0.189145910409248,
        0.0797240051093917,
        0.000476981196837728
      ]
    },
    {
      "f": [
        0.0,
        0.0,
        0.0376097759888554
      ],
      "link": "arm_motor_1",
      "p": [
        -0.189674723685722,
        0.08197065488847,
        0.000754990672920328
      ]
    },
    {
      "f": [
        0.0,
        0.0,
        0.0102133882852253
      ],
      "link": "arm_motor_1",
      "p": [
        -0.188993283656654,
        0.0858944903519191,
        0.000897866117147747
      ]
    },
    {
      "f": [
        0.0,
        0.0,
        0.0674185480570424
      ],
      "link": "arm_motor_1",
      "p": [
        -0.187384774386038,
        0.0851373136645541,
        0.000325814519429576
      ]
    },
    {
      "f": [
        0.0,
        0.0,
        0.0491860845941098
      ],
      "link": "arm_motor_1",
      "p": [
        -0.189261175059368,
        0.0819542305791192,
        0.000581925870887123
      ]
    },
    {
      "f": [
        0.0,
        0.0,
        0.0308306769989794
      ],
      "link": "arm_motor_1",
      "p": [
        -0.189139031268161,
        0.0839297505776359,
        0.000698732033952904
      ]
    },
    {
      "f": [
        0.0,
        0.0,
        0.0409281639426546
      ],
      "link": "arm_motor_1",
      "p": [
        -0.189895982540787,
        0.0760365170387398,
        0.0009019808748231
      ]
    },
    {
      "f": [
        0.0,
        0.0,
        0.0589450082227647
      ],
      "link": "arm_motor_1",
      "p": [
        -0.189359319709281,
        0.0799741675195175,
        0.000547849519939636
      ]
    },
    {
      "f": [
        0.0,
        0.0,
        0.0192712178081092
      ],
      "link": "arm_motor_1",
      "p": [
        -0.18955270347601,
        0.0839440405928622,
        0.000871699284950844
      ]
    },
    {
      "f": [
        0.0,
        0.0,
        0.0373776470239866
      ],
      "link": "arm_motor_1",
      "p": [
        -0.188915381895866,
        0.0839203115579941,
        0.000626223529760134
      ]
    },
    {
      "f": [
        0.0,
        0.0,
        0.0326018162924985
      ],
      "link": "arm_motor_1",
      "p": [
        -0.190126385192106,
        0.0800088296105018,
        0.000917461200636405
      ]
    },
    {
      "f": [
        0.0,
        0.0,
        0.0525081499676181
      ],
      "link": "arm_motor_1",
      "p": [
        -0.189482678779323,
        0.0760135258733459,
        0.000729078685499804
      ]
    },
    {
      "f": [
        0.0,
        0.0,
        0.0641970702320797
      ],
      "link": "arm_motor_1",
      "p": [
        -0.189209566384514,
        0.0779820926996433,
        0.000524547293768565
      ]
    },
    {
      "f": [
        0.0,
        0.0,
        0.0228791199356837
      ],
      "link": "arm_motor_1",
      "p": [
        -0.190028559136612,
        0.0819828229717351,
        0.000951372447643442
      ]
    },
    {
      "f": [
        0.0,
        0.0,
        0.017451483787971
      ],
      "link": "arm_motor_1",
      "p": [
        -0.188769582134293,
        0.085885384516282,
        0.00082548516212029
      ]
    },
    {
      "f": [
        0.0,
        0.0,
        0.0253416267109548
      ],
      "link": "arm_motor_1",
      "p": [
        -0.188823124322914,
        0.0852013662062177,
        0.000746583732890452
      ]
    },
    {
      "f": [
        0.0,
        0.0,
        0.0533453578430364
      ],
      "link": "arm_motor_1",
      "p": [
        -0.189037552261614,
        0.0819445141970659,
        0.000509368746878652
      ]
    },
    {
      "f": [
        0.0,
        0.0,
        0.0473572751784826
      ],
      "link": "arm_motor_1",
      "p": [
        -0.189772757042395,
        0.0799928089826051,
        0.000720957253566357
      ]
    },
    {
      "f": [
        0.0,
        0.0,
        0.0405112949161714
      ],
      "link": "arm_motor_1",
      "p": [
        -0.189284051412402,
        0.0740324832886034,
        0.000871167202091364
      ]
    },
    {
      "f": [
        0.0,
        0.0,
        0.0484657643766178
      ],
      "link": "arm_motor_1",
      "p": [
        -0.189846576663418,
        0.0780130819965834,
        0.000769981985788662
      ]
    },
    {
      "f": [
        0.0,
        0.0,
        0.0426682886430957
      ],
      "link": "arm_motor_1",
      "p": [
        -0.189282537688168,
        0.074244618222574,
        0.000844048971540265
      ]
    },
    {
      "f": [
        0.0,
        0.0,
        0.0648327169318407
      ],
      "link": "arm_motor_1",