{
  "T_W_L": {
    "arm_motor_0": {
      "p": [
        -1.98772939390224e-17,
        -0.0814974745618855,
        0.0790394451957674
      ],
      "q": [
        -5.13298327157391e-17,
        0.923879532979703,
        -0.382683431234233,
        -7.31263586898986e-17
      ]
    },
    "arm_motor_1": {
      "p": [
        1.98772939390224e-17,
        0.0814974745618855,
        0.25803439480423
      ],
      "q": [
        1.29701671191208e-16,
        0.382683431234233,
        0.923879532979703,
        -2.79069041698979e-17
      ]
    },
    "arm_motor_2": {
      "p": [
        -1.9873076349389e-17,
        0.0814974745618855,
        0.0790394451957674
      ],
      "q": [
        5.18979655932387e-17,
        0.923879532979703,
        0.382683431234233,
        -7.33427514352028e-17
      ]
    },
    "arm_motor_3": {
      "p": [
        1.9873076349389e-17,
        -0.0814974745618855,
        0.25803439480423
      ],
      "q": [
        1.29689667497271e-16,
        -0.382683431234233,
        0.923879532979703,
        2.79236392642741e-17
      ]
    },
    "base_link": {
      "p": [
        8.29954126630251e-37,
        5.68147226192915e-21,
        0.168536919999999
      ],
      "q": [
        -1.02372061005532e-18,
        0.707106781186548,
        -1.04325885612919e-18,
        0.707106781186548
      ]
    },
    "connecting_link_0": {
      "p": [
        -8.8826683970839e-18,
        -0.032,
        0.128536919999999
      ],
      "q": [
        -0.270598049273462,
        0.653281482769409,
        -0.270598049273462,
        0.653281482769408
      ]
    },
    "connecting_link_1": {
      "p": [
        8.8826683970839e-18,
        0.032,
        0.208536919999999
      ],
      "q": [
        0.653281482769408,
        0.270598049273462,
        0.653281482769408,
        0.270598049273462
      ]
    },
    "connecting_link_2": {
      "p": [
        -8.88089999691861e-18,
        0.032,
        0.128536919999999
      ],
      "q": [
        0.270598049273462,
        0.653281482769409,
        0.270598049273462,
        0.653281482769408
      ]
    },
    "connecting_link_3": {
      "p": [
        8.88089999691861e-18,
        -0.032,
        0.208536919999999
      ],
      "q": [
        0.653281482769408,
        -0.270598049273462,
        0.653281482769408,
        -0.270598049273462
      ]
    }
  },
  "contacts": [],
  "idx": 25,
  "state": [
    8.29954126630251e-37,
    5.68147226192915e-21,
    0.168536919999999,
    0.707106781186548,
    -1.02372061005532e-18,
    0.707106781186548,
    -1.04325885612919e-18,
    -1.1272549828361e-35,
    -1.42396175686623e-21,
    -2.54971600000002,
    1.52131314598306e-19,
    -3.00276494009867e-18,
    -2.42068097804281e-17,
    1.0,
    3.08802588448481e-18,
    1.86473358895251e-20,
    -3.38636724259472e-19,
    1.0,
    -3.07755545928331e-18,
    -1.86473358895242e-20,
    3.33092964395674e-19,
    1.0,
    -2.49986787480458e-18,
    2.06913714288581e-20,
    2.35766145010294e-19,
    1.0,
    3.08622610901169e-18,
    -2.06913714288571e-20,
    -3.3610187808721e-19,
    2.53577773282771e-17,
    1.72669787096103e-19,
    -5.85242492895881e-18,
    -2.47758419827036e-17,
    -1.72669787096097e-19,
    5.83503978324297e-18,
    -2.49963122141107e-17,
    1.70281234973128e-19,
    4.68587554259104e-18,
    2.54277838342935e-17,
    -1.7028123497312e-19,
    -5.84699325940538e-18
  ],
  "t": 0.26,
  "thrust": [
    0.0,
    0.0,
    0.0,
    0.0
  ]
}