{
  "T_W_L": {
    "arm_motor_0": {
      "p": [
        -0.207904793464674,
        -0.0861228622382359,
        0.0342773947649082
      ],
      "q": [
        -0.0347838308878999,
        0.880883545897621,
        -0.452585520613494,
        0.134166352736474
      ]
    },
    "arm_motor_1": {
      "p": [
        -0.279265563834357,
        0.0963550848093645,
        0.16848441485377
      ],
      "q": [
        -0.160408143174881,
        0.541018131640641,
        0.822213748156859,
        0.0743852215235405
      ]
    },
    "arm_motor_2": {
      "p": [
        -0.210448442914899,
        0.0886876098872956,
        0.0342882189700572
      ],
      "q": [
        0.0209482438209426,
        0.881407879099437,
        0.454088447124428,
        0.12839394039586
      ]
    },
    "arm_motor_3": {
      "p": [
        -0.276357237826981,
        -0.0959037906790961,
        0.168418143453983
      ],
      "q": [
        -0.152660516593942,
        -0.543478856342125,
        0.820782718912839,
        -0.0874141162305872
      ]
    },
    "base_link": {
      "p": [
        -0.24654488810751,
        0.000723175703157446,
        0.108072703733299
      ],
      "q": [
        0.00362366526547664,
        -0.507330110056266,
        -0.00665133747028419,
        -0.861718508673335
      ]
    },
    "connecting_link_0": {
      "p": [
        -0.226654656169672,
        -0.0309616976488654,
        0.0730805978503249
      ],
      "q": [
        -0.344622173389126,
        0.528008790912832,
        -0.295430407996165,
        0.717748666566887
      ]
    },
    "connecting_link_1": {
      "p": [
        -0.266435120045347,
        0.0324080490551803,
        0.143064809616274
      ],
      "q": [
        0.467967231110022,
        0.329959295068614,
        0.694818602703024,
        0.435155884187333
      ]
    },
    "connecting_link_2": {
      "p": [
        -0.227623612982922,
        0.0330309588324019,
        0.0731128339261422
      ],
      "q": [
        0.33590166547989,
        0.532461262385291,
        0.306276374960414,
        0.714037714219639
      ]
    },
    "connecting_link_3": {
      "p": [
        -0.265466163232097,
        -0.031584607426087,
        0.143032573540457
      ],
      "q": [
        0.472433739920982,
        -0.322486470392949,
        0.688328312927018,
        -0.446108699109103
      ]
    }
  },
  "contacts": [
    {
      "f": [
        0.0,
        0.0,
        0.0473102075892878
      ],
      "link": "arm_motor_0",
      "p": [
        -0.188695890203459,
        -0.068801823258707,
        0.000526897924107123
      ]
    },
    {
      "f": [
        0.0,
        0.0,
        0.0878129811214989
      ],
      "link": "arm_motor_0",
      "p": [
        -0.190028864987484,
        -0.0708292228169521,
        0.000121870188785012
      ]
    },
    {
      "f": [
        0.0,
        0.0,
        0.0571587548098148
      ],
      "link": "arm_motor_0",
      "p": [
        -0.18854145254094,
        -0.0707912983553494,
        0.000428412451901852
      ]
    },
    {
      "f": [
        0.0,
        0.0,
        0.0570802988233018
      ],
      "link": "arm_motor_0",
      "p": [
        -0.188586496562778,
        -0.0705551360582686,
        0.000429197011766982
      ]
    },
    {
      "f": [
        0.0,
        0.0,
        0.0335463590475134
      ],
      "link": "arm_motor_0",
      "p": [
        -0.187536814165872,
        -0.0726159975804213,
        0.000664536409524866
      ]
    },
    {
      "f": [
        0.0,
        0.0,
        0.0140929473791128
      ],
      "link": "arm_motor_0",
      "p": [
        -0.187286994027756,
        -0.0765885288925745,
        0.000859070526208872
      ]
    },
    {
      "f": [
        0.0,
        0.0,
        0.0585628146010208
      ],
      "link": "arm_motor_0",
      "p": [
        -0.18906498518776,
        -0.0762295690537721,
        0.000414371853989792
      ]
    },
    {
      "f": [
        0.0,
        0.0,
        0.0475753856227667
      ],
      "link": "arm_motor_0",
      "p": [
        -0.187955017121187,
        -0.0726976589513442,
        0.000524246143772333
      ]
    },
    {
      "f": [
        0.0,
        0.0,
        0.0350301906098998
      ],
      "link": "arm_motor_0",
      "p": [
        -0.187611443206437,
        -0.0746463664263933,
        0.000649698093901002
      ]
    },
    {
      "f": [
        0.0,
        0.0,
        0.0204604185040923
      ],
      "link": "arm_motor_0",
      "p": [
        -0.188672366611718,
        -0.0667869367573775,
        0.000795395814959077
      ]
    },
    {
      "f": [
        0.0,
        0.0,
        0.0516855481121111
      ],
      "link": "arm_motor_0",
      "p": [
        -0.188316637915323,
        -0.0707485606091153,
        0.000483144518878889
      ]
    },
    {
      "f": [
        0.0,
        0.0,
        0.021011796593362
      ],
      "link": "arm_motor_0",
      "p": [
        -0.187193617393695,
        -0.0745626011404652,
        0.00078988203406638
      ]
    },
    {
      "f": [
        0.0,
        0.0,
        0.0405149802029186
      ],
      "link": "arm_motor_0",
      "p": [
        -0.187836135936961,
        -0.0746896157635186,
        0.000594850197970814
      ]
    },
    {
      "f": [
        0.0,
        0.0,
        0.0208184305939523
      ],
      "link": "arm_motor_0",
      "p": [
        -0.187536284935985,
        -0.0706003207924307,
        0.000791815694060477
      ]
    },
    {
      "f": [
        0.0,
        0.0,
        0.034474968979109
      ],
      "link": "arm_motor_0",
      "p": [
        -0.189091826185572,
        -0.0668621475504893,
        0.00065525031020891
      ]
    },
    {
      "f": [
        0.0,
        0.0,
        0.052788461335855
      ],
      "link": "arm_motor_0",
      "p": [
        -0.188920746367614,
        -0.068844285819041,
        0.00047211538664145
      ]
    },
    {
      "f": [
        0.0,
        0.0,
        0.0167270518927314
      ],
      "link": "arm_motor_0",
      "p": [
        -0.18717576004728,
        -0.0725434413668306,
        0.000832729481072686
      ]
    },
    {
      "f": [
        0.0,
        0.0,
        0.0195646230841075
      ],
      "link": "arm_motor_0",
      "p": [
        -0.18751165123599,
        -0.0766321122068861,
        0.000804353769158925
      ]
    },
    {
      "f": [
        0.0,
        0.0,
        0.0278301323028237
      ],
      "link": "arm_motor_0",
      "p": [
        -0.187622616763054,
        -0.0759554822950887,
        0.000721698676971763
      ]
    },
    {
      "f": [
        0.0,
        0.0,
        0.053065222264649
      ],
      "link": "arm_motor_0",
      "p": [
        -0.188179751390249,
        -0.0727406331025694,
        0.00046934777735351
      ]
    },
    {
      "f": [
        0.0,
        0.0,
        0.0376514322928691
      ],
      "link": "arm_motor_0",
      "p": [
        -0.187898031031917,
        -0.0706690819548612,
        0.000623485677071309
      ]
    },
    {
      "f": [
        0.0,
        0.0,
        0.0187083877362964
      ],
      "link": "arm_motor_0",
      "p": [
        -0.189728267852992,
        -0.0649768743088707,
        0.000812916122637036
      ]
    },
    {
      "f": [
        0.0,
        0.0,
        0.000106862914334063
      ],
      "link": "arm_motor_0",
      "p": [
        -0.186869506539572,
        -0.0765026209107322,
        0.000998931370856659
      ]
    },
    {
      "f": [
        0.0,
        0.0,
        0.033287136204374
      ],
      "link": "arm_motor_0",
      "p": [
        -0.188276867359463,
        -0.0687244097385491,
        0.00066712863795626
      ]
    },
    {
      "f": [
        0.0,
        0.0,
        0.0214057576347736
      ],
      "link": "arm_motor_0",