{
  "T_W_L": {
    "arm_motor_0": {
      "p": [
        0.0236655088170464,
        -0.0755098009176041,
        0.0931765512859082
      ],
      "q": [
        0.245879092202026,
        0.896896537510641,
        -0.281973484950579,
        0.235819903324881
      ]
    },
    "arm_motor_1": {
      "p": [
        -0.0161880198137018,
        0.0792850743460633,
        0.274280272069381
      ],
      "q": [
        -0.0502931976544704,
        0.361924104546673,
        0.930643242738803,
        0.0196135555773073
      ]
    },
    "arm_motor_2": {
      "p": [
        0.0237517234591132,
        0.0755183801481644,
        0.0932156788381246
      ],
      "q": [
        -0.24584383953719,
        0.896808150901729,
        0.281647306046506,
        0.236581364512463
      ]
    },
    "arm_motor_3": {
      "p": [
        -0.0161542641506383,
        -0.0793186256985556,
        0.274251418700881
      ],
      "q": [
        -0.0503141961567743,
        -0.362062745721342,
        0.930581225133838,
        -0.0199407435725399
      ]
    },
    "base_link": {
      "p": [
        -0.00343403399582234,
        2.92698989617216e-06,
        0.183616298989047
      ],
      "q": [
        -8.48309662155072e-06,
        0.640453480443054,
        0.000187112397517955,
        0.767996942901055
      ]
    },
    "connecting_link_0": {
      "p": [
        0.00376105498015783,
        -0.0319860092671497,
        0.144259741063202
      ],
      "q": [
        -0.0255225898753123,
        0.46745177091673,
        -0.373248136771402,
        0.800951476476289
      ]
    },
    "connecting_link_1": {
      "p": [
        -0.0106291229718025,
        0.0319918632469421,
        0.222972856914892
      ],
      "q": [
        0.622501486697014,
        0.242050110447928,
        0.693626808915077,
        0.269787866751714
      ]
    },
    "connecting_link_2": {
      "p": [
        0.00374196572857013,
        0.0320139862422247,
        0.144274246252828
      ],
      "q": [
        0.025316873958723,
        0.466850837776853,
        0.372992566058092,
        0.80142741207511
      ]
    },
    "connecting_link_3": {
      "p": [
        -0.0106100337202148,
        -0.0320081322624324,
        0.222958351725266
      ],
      "q": [
        0.622442785444617,
        -0.241916787712537,
        0.693597804029427,
        -0.270117257716627
      ]
    }
  },
  "contacts": [],
  "idx": 32,
  "state": [
    -0.00343403399582234,
    2.92698989617216e-06,
    0.183616298989047,
    0.767996942901055,
    -8.48309662155072e-06,
    0.640453480443054,
    0.000187112397517955,
    -0.064087502780372,
    0.000175518060437769,
    1.07435147050628,
    -0.00689135600340219,
    -3.45207349103222,
    0.00599502049720987,
    0.960840900602512,
    0.261748459656801,
    -0.0582282508513592,
    0.0698711557041736,
    0.99910670386833,
    0.0249659631717227,
    -0.0263422369800856,
    0.0216467438464641,
    0.960714388527622,
    -0.261868454778533,
    -0.0590251647127446,
    -0.0704897581109072,
    0.9991097714704,
    -0.0248559988749963,
    -0.0262561209236428,
    -0.0217361446980299,
    2.37581734770296,
    -0.313608189509784,
    0.455432208006049,
    0.265232658104845,
    -0.159931782701968,
    0.0655810930867728,
    -2.37749081394971,
    -0.320728276369257,
    -0.459848039846356,
    -0.264020411141408,
    -0.158241245166768,
    -0.0675102878329575
  ],
  "t": 0.33,
  "thrust": [
    0.0,
    0.0,
    0.0,
    0.0
  ]
}