{
  "T_W_L": {
    "arm_motor_0": {
      "p": [
        -0.119554406951077,
        -0.131593165224371,
        0.0273387510708986
      ],
      "q": [
        0.597105122909514,
        0.334424767009281,
        -0.125440307924618,
        0.718255021948179
      ]
    },
    "arm_motor_1": {
      "p": [
        -0.221138982112411,
        0.0686071314944233,
        0.0932456083922366
      ],
      "q": [
        -0.524062381349576,
        0.075795078801409,
        0.643595572515713,
        0.552628686843048
      ]
    },
    "arm_motor_2": {
      "p": [
        -0.0828575645962195,
        -0.0642857085482228,
        0.111773763760281
      ],
      "q": [
        0.304463363890014,
        0.24692218586235,
        -0.00593222266425408,
        0.919943641160695
      ]
    },
    "arm_motor_3": {
      "p": [
        -0.269292043361179,
        -0.0424386937125964,
        0.0472166244169397
      ],
      "q": [
        -0.474035311088359,
        -0.309925745300728,
        0.803996621713153,
        0.18117943734041
      ]
    },
    "base_link": {
      "p": [
        -0.161239941239442,
        -0.0222228597346222,
        0.0427054305592885
      ],
      "q": [
        0.317703437608949,
        -0.105615644521008,
        -0.283265360491461,
        0.898704955427259
      ]
    },
    "connecting_link_0": {
      "p": [
        -0.142696577455275,
        -0.0656777913766904,
        0.0229111744340583
      ],
      "q": [
        0.333517389122919,
        -0.271408976091856,
        -0.51091677385817,
        0.744357017189844
      ]
    },
    "connecting_link_1": {
      "p": [
        -0.179783305023609,
        0.0212320719074461,
        0.0624996866845186
      ],
      "q": [
        0.0845227300504436,
        -0.337172277743891,
        0.825658857284555,
        0.444362706145981
      ]
    },
    "connecting_link_2": {
      "p": [
        -0.114406333635121,
        -0.0248681579332218,
        0.0632873545753984
      ],
      "q": [
        0.211093394356094,
        -0.475898034925498,
        -0.219482824102899,
        0.825098739022844
      ]
    },
    "connecting_link_3": {
      "p": [
        -0.208073548843764,
        -0.0195775615360225,
        0.0221235065431786
      ],
      "q": [
        0.233317880271993,
        -0.347263804921407,
        0.903705046256899,
        -0.0910373874114727
      ]
    }
  },
  "contacts": [
    {
      "f": [
        0.905253992592927,
        0.82894326851774,
        1.53431159926361
      ],
      "link": "arm_motor_0",
      "p": [
        -0.155789529344671,
        -0.136111897620857,
        -0.0011925573445977
      ]
    },
    {
      "f": [
        -0.203071137367109,
        0.125885288655199,
        0.298655823888924
      ],
      "link": "arm_motor_0",
      "p": [
        -0.162575960517991,
        -0.130003575665804,
        0.000402688352222152
      ]
    }
  ],
  "idx": 1854,
  "state": [
    -0.161239941239442,
    -0.0222228597346222,
    0.0427054305592885,
    0.898704955427259,
    0.317703437608949,
    -0.105615644521008,
    -0.283265360491461,
    0.0865083566978097,
    -0.054047594554705,
    0.129275186488226,
    0.282521992963085,
    1.98887868207515,
    -1.55017660625264,
    0.951628701060093,
    0.16883115705712,
    -0.182424271850957,
    0.180610743769805,
    0.979777562932422,
    0.0728379150525461,
    -0.0970075532238587,
    0.159122908226699,
    0.914195984642079,
    -0.0979094942942277,
    -0.338805261956367,
    -0.199675804898908,
    0.892549424774946,
    -0.136379252725827,
    -0.411557925000454,
    -0.124001202127958,
    -0.521147987037721,
    -0.315142104556688,
    -0.740280980414919,
    -0.334287657260534,
    0.509438887741669,
    -0.0868772360120181,
    0.418728513044794,
    0.237292050475761,
    0.0429323440078789,
    -0.357865092363285,
    0.636461806302849,
    -0.0925165927977853
  ],
  "t": 1.85499999999981,
  "thrust": [
    0.0,
    0.0,
    0.0,
    0.0
  ]
}