{
  "T_W_L": {
    "arm_motor_0": {
      "p": [
        -0.133723437095904,
        -0.126812909235915,
        0.0259153814408839
      ],
      "q": [
        -0.491760771483141,
        -0.49037684823564,
        0.555921872567619,
        -0.45678524707536
      ]
    },
    "arm_motor_1": {
      "p": [
        -0.120478028513674,
        0.0859202658583896,
        0.117327311148387
      ],
      "q": [
        -0.252267717307559,
        0.331775103404489,
        0.735020733335085,
        0.534818474936055
      ]
    },
    "arm_motor_2": {
      "p": [
        -0.0150763967088538,
        -0.0550464191160821,
        0.0373780280253122
      ],
      "q": [
        0.335080738148265,
        0.583974232850613,
        -0.00496534014483405,
        0.739371584310485
      ]
    },
    "arm_motor_3": {
      "p": [
        -0.198892871990442,
        -0.0100028776997249,
        0.128144019632844
      ],
      "q": [
        -0.164370131294895,
        -0.128650821312761,
        0.874102272144062,
        0.43860761957157
      ]
    },
    "base_link": {
      "p": [
        -0.123085098321475,
        -0.0121540330977328,
        0.047542174400924
      ],
      "q": [
        0.170744033683988,
        0.211401816439718,
        -0.424122854743896,
        0.863872415956892
      ]
    },
    "connecting_link_0": {
      "p": [
        -0.126809724813945,
        -0.0571992698624746,
        0.0234371167926138
      ],
      "q": [
        -0.0453687496652306,
        0.0237528489713482,
        -0.740823502139744,
        0.669744740477268
      ]
    },
    "connecting_link_1": {
      "p": [
        -0.119360471829006,
        0.0328912036670089,
        0.0716472320092343
      ],
      "q": [
        0.341357931271322,
        -0.14357334488495,
        0.698118358436574,
        0.612774195777314
      ]
    },
    "connecting_link_2": {
      "p": [
        -0.0752918196546257,
        -0.0199555861446877,
        0.030840728824915
      ],
      "q": [
        0.233426836502322,
        -0.109882520995705,
        -0.240448887876942,
        0.935746801169466
      ]
    },
    "connecting_link_3": {
      "p": [
        -0.170878376988325,
        -0.00435248005077795,
        0.064243619976933
      ],
      "q": [
        0.501856409620492,
        -0.401112290234619,
        0.734310878546779,
        0.219172553923674
      ]
    }
  },
  "contacts": [
    {
      "f": [
        -0.147917174410963,
        -0.0788122015077932,
        0.209504078093617
      ],
      "link": "base_link",
      "p": [
        -0.132830322531821,
        -0.0292233244159968,
        0.000580991843812766
      ]
    },
    {
      "f": [
        0.0938510526210165,
        -0.825301012558318,
        1.03827514823855
      ],
      "link": "base_link",
      "p": [
        -0.130588008566223,
        -0.0323307751589543,
        -0.00105593963299909
      ]
    },
    {
      "f": [
        0.416099026357042,
        0.885373479696188,
        1.22284542556274
      ],
      "link": "base_link",
      "p": [
        -0.129656808112997,
        -0.0317356539803478,
        -0.00120467805670192
      ]
    }
  ],
  "idx": 2281,
  "state": [
    -0.123085098321475,
    -0.0121540330977328,
    0.047542174400924,
    0.863872415956892,
    0.170744033683988,
    0.211401816439718,
    -0.424122854743896,
    0.0920483015860195,
    0.041029420467479,
    -0.0314448848995334,
    -1.56897847188836,
    0.321609374201043,
    -1.2294722206424,
    0.963726356017285,
    0.0956227485062872,
    -0.249172852702587,
    -0.00083075977430416,
    0.986563767245792,
    0.0492495209154184,
    -0.091705067628725,
    0.12592298606134,
    0.954861327068535,
    0.0388555113937903,
    -0.270236497972763,
    -0.117056953944055,
    0.879619971337808,
    -0.20774232035185,
    -0.358817555065339,
    -0.233156163408638,
    0.0286418621780123,
    0.759657643588015,
    0.0649264006889455,
    -0.0890810464051904,
    0.226196325246332,
    -0.0553682094657975,
    0.376660008431597,
    0.452480225806064,
    0.195500354641163,
    -0.49946689212732,
    0.078911362569738,
    -0.048855368711972
  ],
  "t": 2.28200000000039,
  "thrust": [
    0.0,
    0.0,
    0.0,
    0.0
  ]
}