{
  "T_W_L": {
    "arm_motor_0": {
      "p": [
        -0.119521337788102,
        -0.131960073636536,
        0.0258629556890752
      ],
      "q": [
        0.602756037840644,
        0.34151309884034,
        -0.132389545526116,
        0.708891367137803
      ]
    },
    "arm_motor_1": {
      "p": [
        -0.219431209890116,
        0.0675811254677645,
        0.0965039291697449
      ],
      "q": [
        -0.515735496964113,
        0.0762298477166796,
        0.646746425282951,
        0.556709052263384
      ]
    },
    "arm_motor_2": {
      "p": [
        -0.0807587795065138,
        -0.0656587488143752,
        0.110844036437865
      ],
      "q": [
        0.311482753680771,
        0.255267140169246,
        -0.00427979279357509,
        0.915313533540777
      ]
    },
    "arm_motor_3": {
      "p": [
        -0.268600433101817,
        -0.0427205183376434,
        0.0496531067389995
      ],
      "q": [
        -0.467352961253841,
        -0.314292114560815,
        0.804276481056458,
        0.189581165603544
      ]
    },
    "base_link": {
      "p": [
        -0.16045921311812,
        -0.0226635020751253,
        0.043805251553533
      ],
      "q": [
        0.32199041620213,
        -0.0958321549216081,
        -0.286554634813479,
        0.897231748894327
      ]
    },
    "connecting_link_0": {
      "p": [
        -0.142242930334839,
        -0.0658098894438408,
        0.023055400985679
      ],
      "q": [
        0.332599336358533,
        -0.259775664773707,
        -0.519826427157977,
        0.742748120881779
      ]
    },
    "connecting_link_1": {
      "p": [
        -0.178675495901402,
        0.0204828852935901,
        0.064555102121387
      ],
      "q": [
        0.0926387158237948,
        -0.339750103754093,
        0.821998850227672,
        0.447555388252657
      ]
    },
    "connecting_link_2": {
      "p": [
        -0.113283073605403,
        -0.0255911869618065,
        0.0635496310545686
      ],
      "q": [
        0.217225296843922,
        -0.466723280650733,
        -0.223277837856742,
        0.827725532306275
      ]
    },
    "connecting_link_3": {
      "p": [
        -0.207635352630838,
        -0.0197358171884442,
        0.0240608720524974
      ],
      "q": [
        0.238240905593671,
        -0.356292213262928,
        0.89917780181408,
        -0.0881839576958957
      ]
    }
  },
  "contacts": [
    {
      "f": [
        1.12824648693729,
        0.238889545966092,
        1.44157484980523
      ],
      "link": "arm_motor_0",
      "p": [
        -0.156444627357117,
        -0.135736701816883,
        -0.00188314969961046
      ]
    },
    {
      "f": [
        0.206903245150562,
        0.356296148659069,
        0.515018049445719
      ],
      "link": "arm_motor_0",
      "p": [
        -0.163144034111689,
        -0.129605146294046,
        -3.00360988914374e-05
      ]
    },
    {
      "f": [
        -0.836381171164382,
        -0.176629095085521,
        1.0685352859676
      ],
      "link": "arm_motor_0",
      "p": [
        -0.134558662908725,
        -0.14268812183665,
        0.000548617202257264
      ]
    },
    {
      "f": [
        -0.0709688448663631,
        0.146435963744547,
        0.20340871885297
      ],
      "link": "arm_motor_0",
      "p": [
        -0.15976796356721,
        -0.138841788453893,
        0.00059318256229406
      ]
    }
  ],
  "idx": 1863,
  "state": [
    -0.16045921311812,
    -0.0226635020751253,
    0.043805251553533,
    0.897231748894327,
    0.32199041620213,
    -0.0958321549216081,
    -0.286554634813479,
    0.0868840538002116,
    -0.0416393547742444,
    0.12996951387956,
    0.246044598184339,
    1.92942223269688,
    -1.53230598718558,
    0.952474413391428,
    0.167036246847681,
    -0.184059779599684,
    0.176106165727984,
    0.980141832165657,
    0.0711112649201874,
    -0.0951721878758132,
    0.158768483948582,
    0.914831460153004,
    -0.0959619747293336,
    -0.338095566928943,
    -0.198912258403965,
    0.893369280428867,
    -0.137304454971248,
    -0.409008828150922,
    -0.125501370214298,
    -0.868164861559638,
    -0.590465721700464,
    -0.991006625258856,
    -0.323390092391698,
    0.427506342222077,
    -0.0852446087443707,
    0.462648074525633,
    0.284692888921409,
    0.0639623327379671,
    -0.387316664155728,
    0.579076868710812,
    -0.13394677790746
  ],
  "t": 1.86399999999981,
  "thrust": [
    0.0,
    0.0,
    0.0,
    0.0
  ]
}