{
  "T_W_L": {
    "arm_motor_0": {
      "p": [
        -0.202775063884283,
        -0.0872851099218052,
        0.0150717066061087
      ],
      "q": [
        0.749556998459768,
        0.227454641196412,
        -0.510756281788122,
        0.354339826821891
      ]
    },
    "arm_motor_1": {
      "p": [
        -0.0866877162385681,
        0.118088208102713,
        0.0630406274606772
      ],
      "q": [
        -0.35307128121557,
        0.495253176484088,
        0.337040004619435,
        0.718657774500039
      ]
    },
    "arm_motor_2": {
      "p": [
        -0.0521839387043531,
        -0.0688579048956258,
        0.051012193505476
      ],
      "q": [
        0.378152404308966,
        0.57568637351889,
        -0.161852092003514,
        0.706675214489728
      ]
    },
    "arm_motor_3": {
      "p": [
        -0.220128657947924,
        0.0987033691904565,
        0.0442007190950305
      ],
      "q": [
        -0.591199669278559,
        0.193463862664195,
        0.636919709021499,
        0.455398692518919
      ]
    },
    "base_link": {
      "p": [
        -0.140158548503108,
        0.012679545173098,
        0.0379016112658941
      ],
      "q": [
        0.0922775993385355,
        -0.0925955899358285,
        -0.609007442249991,
        0.782317606007226
      ]
    },
    "connecting_link_0": {
      "p": [
        -0.160460804855254,
        -0.033837060184163,
        0.0309716896899614
      ],
      "q": [
        -0.168857606110728,
        0.0897213751878899,
        0.891176066882745,
        -0.411390813592562
      ]
    },
    "connecting_link_1": {
      "p": [
        -0.119856292150962,
        0.0591961505303591,
        0.0448315328418268
      ],
      "q": [
        -0.0113358243922042,
        -0.157970906205334,
        0.4879823699873,
        0.858364665197486
      ]
    },
    "connecting_link_2": {
      "p": [
        -0.100570533429593,
        -0.0184009283512746,
        0.0474301593210737
      ],
      "q": [
        0.152947417603953,
        -0.0926230977102455,
        -0.381840841213781,
        0.906766574814044
      ]
    },
    "connecting_link_3": {
      "p": [
        -0.179746563576624,
        0.0437600186974706,
        0.0283730632107144
      ],
      "q": [
        0.0323289501383511,
        -0.18521589441922,
        0.868411540502578,
        0.45881511282801
      ]
    }
  },
  "contacts": [
    {
      "f": [
        0.47138483893315,
        0.117436488924581,
        0.607241451291932
      ],
      "link": "base_link",
      "p": [
        -0.145912468356912,
        -0.0208063310125366,
        -9.74944005200512e-06
      ]
    },
    {
      "f": [
        -0.211845599449503,
        -0.0644243677319753,
        0.276781324909057
      ],
      "link": "base_link",
      "p": [
        -0.145246296431253,
        -0.024869976336586,
        0.000628034493421081
      ]
    },
    {
      "f": [
        -0.205699137812902,
        -0.0483325343565091,
        0.26412641733616
      ],
      "link": "base_link",
      "p": [
        -0.144137254432335,
        -0.0247931873453603,
        0.00071495926240215
      ]
    },
    {
      "f": [
        -0.342396790616882,
        1.05444870083434,
        1.38580844236539
      ],
      "link": "base_link",
      "p": [
        -0.161362052331551,
        0.0412665151358901,
        -0.00150111888600849
      ]
    }
  ],
  "idx": 3816,
  "state": [
    -0.140158548503108,
    0.012679545173098,
    0.0379016112658941,
    0.782317606007226,
    0.0922775993385355,
    -0.0925955899358285,
    -0.609007442249991,
    0.0210841284417669,
    0.00544617691938044,
    -0.0100864109597576,
    -0.564802521926682,
    -0.00910829670156537,
    0.00648811706345984,
    0.994568507600151,
    0.0656163545731205,
    0.0147341786708826,
    -0.0794410579073352,
    0.998540254708484,
    0.0148810758080573,
    -0.0515431768457262,
    -0.00626212664845457,
    0.98605064521188,
    0.0792524743498691,
    0.042304277875265,
    -0.140119657650561,
    0.956160782641268,
    -0.0698070633875873,
    -0.161761436283383,
    -0.233916158850935,
    0.135280829421807,
    0.491778406386584,
    0.0593364640652382,
    -0.175626150592065,
    0.346661870353018,
    -0.194154936618563,
    0.154222150091442,
    0.393787180442168,
    0.228399645711183,
    -0.338750132385368,
    0.657344587554733,
    -0.217149840790725
  ],
  "t": 3.81700000000363,
  "thrust": [
    0.0,
    0.0,
    0.0,
    0.0
  ]
}