{
  "T_W_L": {
    "arm_motor_0": {
      "p": [
        -0.0905703156047418,
        -0.0712111037565104,
        0.0613943064983945
      ],
      "q": [
        0.286225726506415,
        0.518081075526311,
        -0.304127146253486,
        0.746440561316898
      ]
    },
    "arm_motor_1": {
      "p": [
        -0.252308393409941,
        0.103420719982377,
        0.0426110281158505
      ],
      "q": [
        -0.582641398132071,
        0.308328144992307,
        0.727081471912454,
        0.191873107521423
      ]
    },
    "arm_motor_2": {
      "p": [
        -0.0631817427942099,
        0.0650300088716039,
        0.0693105500204013
      ],
      "q": [
        -0.10048659112275,
        0.519924469635846,
        0.127812063757171,
        0.838597082773692
      ]
    },
    "arm_motor_3": {
      "p": [
        -0.270825266435384,
        -0.0404805651496471,
        0.0505223003411558
      ],
      "q": [
        -0.588821100487456,
        -0.21139401536964,
        0.768751919150917,
        -0.132750776601958
      ]
    },
    "base_link": {
      "p": [
        -0.166903342565467,
        0.018571616083222,
        0.0369435960872247
      ],
      "q": [
        -0.0171085197042426,
        -0.0307872766301915,
        -0.0786654582677084,
        0.996278669764016
      ]
    },
    "connecting_link_0": {
      "p": [
        -0.132523795765893,
        -0.0192412822186748,
        0.040440949924962
      ],
      "q": [
        -0.0126582152960207,
        -0.161474540950797,
        -0.417442519621486,
        0.894151824368946
      ]
    },
    "connecting_link_1": {
      "p": [
        -0.20128288936504,
        0.0563845143851189,
        0.0334462422494873
      ],
      "q": [
        0.102134555645195,
        0.082346146698996,
        0.926113922883591,
        0.353695697610463
      ]
    },
    "connecting_link_2": {
      "p": [
        -0.122424667081324,
        0.043929155442645,
        0.0385692112974234
      ],
      "q": [
        0.0193220269989264,
        -0.225335565728208,
        0.161431527001359,
        0.96061980209686
      ]
    },
    "connecting_link_3": {
      "p": [
        -0.21138201804961,
        -0.00678592327620095,
        0.035317980877026
      ],
      "q": [
        0.12723030202138,
        -0.0556091674271008,
        0.959949088142192,
        -0.243347116113151
      ]
    }
  },
  "contacts": [
    {
      "f": [
        -0.532409207593281,
        -0.350828026345303,
        0.797005987665171
      ],
      "link": "base_link",
      "p": [
        -0.195131312681665,
        0.0423110217612228,
        0.000393377374960972
      ]
    },
    {
      "f": [
        -0.218760387324334,
        0.130672962191827,
        0.31852082474669
      ],
      "link": "base_link",
      "p": [
        -0.19061066544312,
        0.0448254711020507,
        0.00036295835050662
      ]
    },
    {
      "f": [
        0.602538171818165,
        -0.0976958969843116,
        0.763008781880926
      ],
      "link": "base_link",
      "p": [
        -0.195715999906927,
        0.0420269075960656,
        0.000735493685260359
      ]
    },
    {
      "f": [
        0.138650967625462,
        -0.327051226061023,
        0.444034407611575
      ],
      "link": "base_link",
      "p": [
        -0.19467792323467,
        0.0456798847277508,
        0.000664882369591377
      ]
    }
  ],
  "idx": 838,
  "state": [
    -0.166903342565467,
    0.018571616083222,
    0.0369435960872247,
    0.996278669764016,
    -0.0171085197042426,
    -0.0307872766301915,
    -0.0786654582677084,
    -0.163578026767839,
    -0.0316202211542146,
    0.0960740362746515,
    1.35728620137785,
    -4.17201902320726,
    -0.428093831873188,
    0.991290482040642,
    0.0510209140187296,
    -0.116545739723329,
    0.0340167179584778,
    0.981867051586468,
    0.128327533870735,
    -0.0873832500341076,
    0.108780994079977,
    0.967328648804202,
    -0.0211316489217762,
    -0.203573398708241,
    -0.149621555782782,
    0.983247696752684,
    -0.123931552129371,
    -0.118084350162739,
    -0.0626180761760579,
    -0.0827915263035862,
    -0.205391008430844,
    -0.00686086598966505,
    0.579074880608144,
    1.20435157088936,
    0.0835016364577769,
    -0.111577399453259,
    0.389544494273288,
    -0.625909491643141,
    0.103117477777806,
    0.686075961817779,
    0.64462726354797
  ],
  "t": 0.838999999999924,
  "thrust": [
    0.0,
    0.0,
    0.0,
    0.0
  ]
}