{
  "T_W_L": {
    "arm_motor_0": {
      "p": [
        -1.98725603965592e-17,
        -0.0814974745618855,
        0.33016685799577
      ],
      "q": [
        -5.16072476688856e-17,
        0.923879532979703,
        -0.382683431234233,
        -7.32114407605929e-17
      ]
    },
    "arm_motor_1": {
      "p": [
        1.98725603965592e-17,
        0.0814974745618855,
        0.509161807604232
      ],
      "q": [
        1.29846789060667e-16,
        0.382683431234233,
        0.923879532979703,
        -2.83292583631501e-17
      ]
    },
    "arm_motor_2": {
      "p": [
        -1.98725356861356e-17,
        0.0814974745618855,
        0.33016685799577
      ],
      "q": [
        5.26857042159962e-17,
        0.923879532979703,
        0.382683431234233,
        -7.3658093569219e-17
      ]
    },
    "arm_motor_3": {
      "p": [
        1.98725356861356e-17,
        -0.0814974745618855,
        0.509161807604232
      ],
      "q": [
        1.29784989983392e-16,
        -0.382683431234233,
        0.923879532979703,
        2.81802034672539e-17
      ]
    },
    "base_link": {
      "p": [
        5.58148663574692e-36,
        9.85875604910551e-21,
        0.419664332800001
      ],
      "q": [
        4.71857141067429e-21,
        0.707106781186548,
        4.52918266004354e-21,
        0.707106781186548
      ]
    },
    "connecting_link_0": {
      "p": [
        -8.88179276775772e-18,
        -0.032,
        0.379664332800001
      ],
      "q": [
        -0.270598049273462,
        0.653281482769409,
        -0.270598049273462,
        0.653281482769408
      ]
    },
    "connecting_link_1": {
      "p": [
        8.88179276775772e-18,
        0.032,
        0.459664332800001
      ],
      "q": [
        0.653281482769408,
        0.270598049273462,
        0.653281482769408,
        0.270598049273462
      ]
    },
    "connecting_link_2": {
      "p": [
        -8.88177562624478e-18,
        0.032,
        0.379664332800001
      ],
      "q": [
        0.270598049273462,
        0.653281482769409,
        0.270598049273462,
        0.653281482769408
      ]
    },
    "connecting_link_3": {
      "p": [
        8.88177562624478e-18,
        -0.032,
        0.459664332800001
      ],
      "q": [
        0.653281482769408,
        -0.270598049273462,
        0.653281482769408,
        -0.270598049273462
      ]
    }
  },
  "contacts": [],
  "idx": 127,
  "state": [
    5.58148663574692e-36,
    9.85875604910551e-21,
    0.419664332800001,
    0.707106781186548,
    4.71857141067429e-21,
    0.707106781186548,
    4.52918266004354e-21,
    1.23202999244331e-34,
    1.82348724620464e-19,
    -1.25524479999998,
    7.1141853058575e-21,
    -7.40917823462582e-20,
    -7.09765702925241e-19,
    1.0,
    2.80884281706575e-18,
    7.65242119630328e-22,
    -2.48521280856542e-21,
    1.0,
    -2.64149128893701e-18,
    -7.65242119629361e-22,
    2.4856912914741e-21,
    1.0,
    -1.64174164535799e-18,
    9.00567222034615e-22,
    1.90301624714301e-21,
    1.0,
    2.8030389282358e-18,
    -9.00567222033635e-22,
    -2.35492636010886e-21,
    7.02262330392672e-17,
    2.80589992386218e-20,
    -1.1840160758428e-19,
    -6.87800926921118e-17,
    -2.80589992385933e-20,
    1.14825843091096e-19,
    -3.18002014827076e-17,
    3.46830537645788e-20,
    8.2084878995121e-20,
    7.00084487486408e-17,
    -3.46830537645522e-20,
    -1.1202051611265e-19
  ],
  "t": 0.128000000000002,
  "thrust": [
    0.0,
    0.0,
    0.0,
    0.0
  ]
}