{
  "T_W_L": {
    "arm_motor_0": {
      "p": [
        -0.199203340549662,
        -0.0774769443635056,
        0.0093653238053982
      ],
      "q": [
        0.789950409457843,
        0.240774968139715,
        -0.503891402845753,
        0.253178236530798
      ]
    },
    "arm_motor_1": {
      "p": [
        -0.0748255943985333,
        0.114375571444819,
        0.0057748162645927
      ],
      "q": [
        -0.40871159209161,
        0.732985682866699,
        0.254868418804858,
        0.480342494787096
      ]
    },
    "arm_motor_2": {
      "p": [
        -0.0525743807706349,
        -0.0696849122406393,
        0.00842927448337265
      ],
      "q": [
        0.431369725029215,
        0.709981121985328,
        -0.221495793225034,
        0.510672674358329
      ]
    },
    "arm_motor_3": {
      "p": [
        -0.203478831213258,
        0.10269686409357,
        0.0104569276004677
      ],
      "q": [
        0.743590042496505,
        -0.341277952880677,
        -0.462890029527208,
        -0.34108067688147
      ]
    },
    "base_link": {
      "p": [
        -0.13077230540543,
        0.0141223503607364,
        0.0346115888387995
      ],
      "q": [
        -0.00131038543496425,
        -0.00430348458450614,
        -0.614514579841359,
        0.788892637861985
      ]
    },
    "connecting_link_0": {
      "p": [
        -0.152010707206434,
        -0.0324917680323922,
        0.0348445166613395
      ],
      "q": [
        -0.202274263394896,
        0.00877043518821141,
        0.914884319262565,
        -0.349277660611347
      ]
    },
    "connecting_link_1": {
      "p": [
        -0.109533903604427,
        0.0607364687538651,
        0.0343786610162595
      ],
      "q": [
        -0.10878355107032,
        0.178645711511676,
        0.469221925564736,
        0.857952582223715
      ]
    },
    "connecting_link_2": {
      "p": [
        -0.0899573738151738,
        -0.0168283934336837,
        0.0350506991379982
      ],
      "q": [
        0.148403280373019,
        0.140932354864815,
        -0.461645635160449,
        0.863132576875703
      ]
    },
    "connecting_link_3": {
      "p": [
        -0.171587236995686,
        0.0450730941551565,
        0.0341724785396008
      ],
      "q": [
        -0.198484882649742,
        0.000139495196804304,
        0.853110240294401,
        0.482500414305975
      ]
    }
  },
  "contacts": [
    {
      "f": [
        -0.0240533262017089,
        0.1931130336768,
        0.243256571973216
      ],
      "link": "base_link",
      "p": [
        -0.119446450783499,
        0.051610223399856,
        0.000513486856053569
      ]
    },
    {
      "f": [
        0.245681340067864,
        0.077358792060598,
        0.321965893881383
      ],
      "link": "base_link",
      "p": [
        -0.115352372430449,
        0.0484519494056831,
        0.00036032002930448
      ]
    },
    {
      "f": [
        -0.0313168849123534,
        0.133702624306634,
        0.171651623149434
      ],
      "link": "base_link",
      "p": [
        -0.14579281673718,
        -0.0207613757451548,
        0.000711844584868629
      ]
    },
    {
      "f": [
        -0.0751882164969838,
        0.128888134282924,
        0.186520018441932
      ],
      "link": "base_link",
      "p": [
        -0.10073937429977,
        -0.00937565313210428,
        0.000863543423499646
      ]
    },
    {
      "f": [
        -0.0378592011164561,
        0.0341992352091786,
        0.0637733633422513
      ],
      "link": "base_link",
      "p": [
        -0.119944247562043,
        0.0520139127092878,
        0.000872453273315497
      ]
    },
    {
      "f": [
        -0.0299098634952924,
        0.0269891858266606,
        0.0503583422503946
      ],
      "link": "base_link",
      "p": [
        -0.116177402493151,
        0.0525007283168825,
        0.000899283315499211
      ]
    },
    {
      "f": [
        -0.0810656361472405,
        0.060064458327614,
        0.126116120339962
      ],
      "link": "base_link",
      "p": [
        -0.161326095684151,
        0.0413084882104004,
        0.000747767759320075
      ]
    },
    {
      "f": [
        0.271395659614508,
        0.0642607227378673,
        0.348624629222613
      ],
      "link": "arm_motor_0",
      "p": [
        -0.220622496998297,
        -0.0564741492046721,
        0.000302750741554773
      ]
    },
    {
      "f": [
        0.0266087644678833,
        0.0259726045040694,
        0.046479204544077
      ],
      "link": "arm_motor_1",
      "p": [
        -0.0997703010311773,
        0.132951998202968,
        0.000982183332379899
      ]
    },
    {
      "f": [
        -0.199116410403896,
        0.112159209629858,
        0.28566543257839
      ],
      "link": "arm_motor_1",
      "p": [
        -0.0676269279990791,
        0.0994476155345202,
        0.000514138125601686
      ]
    },
    {
      "f": [
        -0.0833892660837607,
        0.279912593108437,
        0.365087381404005
      ],
      "link": "arm_motor_2",
      "p": [
        -0.0765455901245304,
        -0.0881465591905518,
        0.00026982523719199
      ]
    },
    {
      "f": [
        0.0160777943196624,
        0.100210586599867,
        0.126865191350373
      ],
      "link": "arm_motor_2",
      "p": [
        -0.0682680783457844,
        -0.0694406650648031,
        0.000946788278284053
      ]
    },
    {
      "f": [
        0.0193263667935894,
        0.179831159246591,
        0.226083344316223
      ],
      "link": "arm_motor_3",
      "p": [
        -0.229848567641449,
        0.0886705245286671,
        0.000547833311367554
      ]
    }
  ],
  "idx": 5066,
  "state": [
    -0.13077230540543,
    0.0141223503607364,
    0.0346115888387995,
    0.788892637861985,
    -0.00131038543496425,
    -0.00430348458450614,
    -0.614514579841359,
    0.00161271015559566,
    -0.000966290753875124,
    -0.000279719441556209,
    -0.0390552555345177,
    0.0389412668787337,
    9.0380641061461e-05,
    0.968172059720335,
    0.103236622778115,
    0.172739468387023,
    -0.148815787319834,
    0.978157684613456,
    -0.00236245567716717,
    0.207333661518002,
    -0.0146531783703837,
    0.953876002041127,
    0.106458509077405,
    0.17962945889411,
    -0.215685919968042,
    0.95136221484286,
    -0.0533923587454641,
    0.187034933750906,
    -0.238908195241768,
    -0.00613894748326621,
    0.0570848707903788,
    -0.169975936398316,
    -0.00770180032698221,
    0.0122791755007349,
    -0.0574601785869535,
    -0.00779450840312989,
    -0.0222102977337623,
    -0.199362264265627,
    0.00727174157759234,
    0.0816756726286021,
    0.19336424990669
  ],
  "t": 5.06700000000153,
  "thrust": [
    0.0,
    0.0,
    0.0,
    0.0
  ]
}