{
  "T_W_L": {
    "arm_motor_0": {
      "p": [
        -0.124561221570055,
        -0.132263869054107,
        0.0202154490396168
      ],
      "q": [
        0.623384195661533,
        0.385633456023105,
        -0.233044262096825,
        0.639037834638017
      ]
    },
    "arm_motor_1": {
      "p": [
        -0.204280645834794,
        0.0636186875499673,
        0.118488390886675
      ],
      "q": [
        -0.449979373230529,
        0.0895969460334916,
        0.672686429812569,
        0.580503159401008
      ]
    },
    "arm_motor_2": {
      "p": [
        -0.065201026383322,
        -0.0693430069953992,
        0.104218195092258
      ],
      "q": [
        0.348071894500903,
        0.314060517908119,
        0.0129127876097759,
        0.883201679836481
      ]
    },
    "arm_motor_3": {
      "p": [
        -0.261692903909809,
        -0.041010313497889,
        0.0696184768466929
      ],
      "q": [
        -0.4122342550291,
        -0.327347114110366,
        0.811654260880674,
        0.253227460316736
      ]
    },
    "base_link": {
      "p": [
        -0.153954152272256,
        -0.0226500450303888,
        0.0517000246444916
      ],
      "q": [
        0.338551030002042,
        -0.0268419550182134,
        -0.309869840784974,
        0.888055961810544
      ]
    },
    "connecting_link_0": {
      "p": [
        -0.138723377804885,
        -0.0639108639502468,
        0.0254403915323028
      ],
      "q": [
        0.276012013991511,
        -0.179183954500968,
        -0.605586370082072,
        0.724552018113652
      ]
    },
    "connecting_link_1": {
      "p": [
        -0.169184926739627,
        0.0186107738894693,
        0.0779596577566803
      ],
      "q": [
        0.157477669927257,
        -0.347123112398781,
        0.793844602338016,
        0.473832328626555
      ]
    },
    "connecting_link_2": {
      "p": [
        -0.104663296143996,
        -0.0268722870726211,
        0.0649885224632808
      ],
      "q": [
        0.255254716624931,
        -0.402443575051936,
        -0.236993277259143,
        0.846592218883515
      ]
    },
    "connecting_link_3": {
      "p": [
        -0.203245008400517,
        -0.0184278029881564,
        0.0384115268257023
      ],
      "q": [
        0.282432594679219,
        -0.410528218561898,
        0.865419869016141,
        -0.0524105098166749
      ]
    }
  },
  "contacts": [
    {
      "f": [
        0.298664716229014,
        -0.929221721812273,
        1.22004970506323
      ],
      "link": "arm_motor_0",
      "p": [
        -0.146056660675703,
        -0.139406082785767,
        -0.00144009941012646
      ]
    }
  ],
  "idx": 1930,
  "state": [
    -0.153954152272256,
    -0.0226500450303888,
    0.0517000246444916,
    0.888055961810544,
    0.338551030002042,
    -0.0268419550182134,
    -0.309869840784974,
    0.0931759977055864,
    0.0191085996925782,
    -0.00809404524502283,
    -0.455651720903979,
    1.58532913185745,
    -1.33892755669649,
    0.958113680634885,
    0.135290182771144,
    -0.224485723662409,
    0.115416208990718,
    0.98249465440531,
    0.06177914340751,
    -0.0916375217820882,
    0.149967183431784,
    0.921625633351805,
    -0.0745442954251122,
    -0.332597408923412,
    -0.18554865546775,
    0.89606292254704,
    -0.146922675809551,
    -0.392664378699293,
    -0.145944002515066,
    -1.48768580007104,
    -1.41215494631178,
    -1.24455666730892,
    -0.210936064418702,
    -0.0667320263896624,
    -0.34907244170732,
    0.774717236774351,
    0.263665260125548,
    0.27800567818349,
    -0.586601178389468,
    0.438269976531882,
    -0.45578005953733
  ],
  "t": 1.9309999999998,
  "thrust": [
    0.0,
    0.0,
    0.0,
    0.0
  ]
}