{
  "T_W_L": {
    "arm_motor_0": {
      "p": [
        -0.1980539123951,
        -0.0789004663635464,
        0.00965076594774259
      ],
      "q": [
        0.78633287322465,
        0.246686054631682,
        -0.500788373541597,
        0.264646193741915
      ]
    },
    "arm_motor_1": {
      "p": [
        -0.0750748085998692,
        0.114559566985106,
        0.00574389074128452
      ],
      "q": [
        -0.409772976535165,
        0.732054729399444,
        0.256200648595275,
        0.480149152373279
      ]
    },
    "arm_motor_2": {
      "p": [
        -0.0509659447511951,
        -0.0686095246577652,
        0.00872108073602217
      ],
      "q": [
        0.424362400725253,
        0.712617147578466,
        -0.211260521408743,
        0.517167618787118
      ]
    },
    "arm_motor_3": {
      "p": [
        -0.203866426962039,
        0.103637728669818,
        0.0131540788837531
      ],
      "q": [
        0.730583072616325,
        -0.339181127694601,
        -0.477828404023098,
        -0.350548930865646
      ]
    },
    "base_link": {
      "p": [
        -0.130825026912177,
        0.0141428229419256,
        0.0345067274783779
      ],
      "q": [
        -0.00107338351631991,
        -0.00510258798918169,
        -0.614512964381195,
        0.78888949039208
      ]
    },
    "connecting_link_0": {
      "p": [
        -0.152063655461923,
        -0.0324712149653047,
        0.0347350415366297
      ],
      "q": [
        -0.201910452056407,
        0.0126997361558991,
        0.910132161797697,
        -0.361566500264334
      ]
    },
    "connecting_link_1": {
      "p": [
        -0.109586398362431,
        0.060756860849156,
        0.0342784134201261
      ],
      "q": [
        -0.108592034488901,
        0.178124141733912,
        0.470914466421122,
        0.857157584982148
      ]
    },
    "connecting_link_2": {
      "p": [
        -0.0900107535299108,
        -0.016807513915031,
        0.0350280112001257
      ],
      "q": [
        0.150685783948301,
        0.138203687188077,
        -0.449453278518557,
        0.869589147697018
      ]
    },
    "connecting_link_3": {
      "p": [
        -0.171639300294443,
        0.0450931597988823,
        0.03398544375663
      ],
      "q": [
        -0.178724540138829,
        -0.00803825070943947,
        0.854475949595385,
        0.487712801596145
      ]
    }
  },
  "contacts": [
    {
      "f": [
        -0.0385418611116066,
        -0.235486172569958,
        0.298274235524108
      ],
      "link": "base_link",
      "p": [
        -0.119446349440671,
        0.0516099877033103,
        0.000403451528951784
      ]
    },
    {
      "f": [
        -0.0367009732155196,
        -0.296837559914797,
        0.37387225929106
      ],
      "link": "base_link",
      "p": [
        -0.115352030887234,
        0.0484516345925916,
        0.000258560290465247
      ]
    },
    {
      "f": [
        -0.081060790142515,
        -0.162575445056697,
        0.227079374317633
      ],
      "link": "base_link",
      "p": [
        -0.145792821992745,
        -0.0207615640054252,
        0.000604933271644202
      ]
    },
    {
      "f": [
        -0.0472487068359293,
        -0.0929751210885664,
        0.13036495310702
      ],
      "link": "base_link",
      "p": [
        -0.100739695951408,
        -0.00937560315949363,
        0.000819635247182211
      ]
    },
    {
      "f": [
        -0.0279793828082421,
        -0.0912469319357537,
        0.119300359191217
      ],
      "link": "base_link",
      "p": [
        -0.119944703723907,
        0.0520138936264433,
        0.000761399281617565
      ]
    },
    {
      "f": [
        -0.025045148513345,
        -0.0791256444948382,
        0.103743426604856
      ],
      "link": "base_link",
      "p": [
        -0.116177905976188,
        0.0525007378424272,
        0.000793779787136344
      ]
    },
    {
      "f": [
        -0.0479172199020842,
        -0.161440688942058,
        0.210502212017887
      ],
      "link": "base_link",
      "p": [
        -0.161326283394119,
        0.041308259265694,
        0.000578995575964227
      ]
    },
    {
      "f": [
        0.29133695969328,
        0.0753759328761999,
        0.376162272455904
      ],
      "link": "arm_motor_0",
      "p": [
        -0.21993887927709,
        -0.0585373130774355,
        0.000247675455088192
      ]
    },
    {
      "f": [
        0.0319926663943835,
        0.0292606420427983,
        0.0541946127941221
      ],
      "link": "arm_motor_1",
      "p": [
        -0.100087701219902,
        0.133049664790327,
        0.000972849298939059
      ]
    },
    {
      "f": [
        -0.110334163020107,
        -0.183349797623527,
        0.267484742023774
      ],
      "link": "arm_motor_1",
      "p": [
        -0.0678207078661092,
        0.0996649015864345,
        0.000465030515952453
      ]
    },
    {
      "f": [
        -0.0409836418885409,
        0.310827515830405,
        0.391897235213975
      ],
      "link": "arm_motor_2",
      "p": [
        -0.0743557592325547,
        -0.0876518872801604,
        0.00021620552957205
      ]
    }
  ],
  "idx": 4941,
  "state": [
    -0.130825026912177,
    0.0141428229419256,
    0.0345067274783779,
    0.78888949039208,
    -0.00107338351631991,
    -0.00510258798918169,
    -0.614512964381195,
    0.00026235158525785,
    -0.000346177932560669,
    -0.000321843600801604,
    -0.00458096479460718,
    0.0124159609359791,
    6.13153858311599e-05,
    0.970234475428887,
    0.105710369787356,
    0.170296396013998,
    -0.13590260451256,
    0.97827472581631,
    -0.00165413341789405,
    0.206921737644523,
    -0.0126182075521878,
    0.956731054805222,
    0.10914750231731,
    0.178352748861629,
    -0.202343293643948,
    0.954116717107464,
    -0.0556782593208213,
    0.165040898080803,
    -0.243562565957418,
    -0.00487913529784474,
    -0.00873794178078593,
    -0.22527714353784,
    -0.00502187159225835,
    0.00762688235861291,
    -0.0391828057878499,
    -0.00187217067328861,
    -0.00880932573447305,
    -0.234220197525729,
    -0.125271917639847,
    0.549567939935185,
    0.010538058096245
  ],
  "t": 4.94200000000182,
  "thrust": [
    0.0,
    0.0,
    0.0,
    0.0
  ]
}