{
  "T_W_L": {
    "arm_motor_0": {
      "p": [
        -0.199424994516966,
        -0.0771004214411541,
        0.00920499223599043
      ],
      "q": [
        0.790941032644106,
        0.239977834776354,
        -0.50457102791281,
        0.249461418834534
      ]
    },
    "arm_motor_1": {
      "p": [
        -0.0747038664922204,
        0.114286333452391,
        0.00572596210970216
      ],
      "q": [
        -0.407867597376748,
        0.733697918001217,
        0.254818717644556,
        0.479998759653379
      ]
    },
    "arm_motor_2": {
      "p": [
        -0.0530076797452871,
        -0.0700309363348641,
        0.00822022721234893
      ],
      "q": [
        0.433120628260995,
        0.709367794387584,
        -0.224852592797785,
        0.508571691281189
      ]
    },
    "arm_motor_3": {
      "p": [
        -0.203802009216761,
        0.10237283530488,
        0.0104162084675871
      ],
      "q": [
        0.744800825773909,
        -0.340372663332777,
        -0.464036012625487,
        -0.337770275437159
      ]
    },
    "base_link": {
      "p": [
        -0.130695905667866,
        0.0140891022134219,
        0.0346146754849754
      ],
      "q": [
        -0.00161576795749324,
        -0.00311553576908352,
        -0.614517396171824,
        0.788895463628091
      ]
    },
    "connecting_link_0": {
      "p": [
        -0.151934093897915,
        -0.0325251025429397,
        0.0348497831985605
      ],
      "q": [
        -0.202494172273923,
        0.00670590659749137,
        0.916065363128752,
        -0.346085815207141
      ]
    },
    "connecting_link_1": {
      "p": [
        -0.109457717437816,
        0.0607033069697834,
        0.0343795677713903
      ],
      "q": [
        -0.108221900711637,
        0.179392395249076,
        0.468589987151089,
        0.858213151073148
      ]
    },
    "connecting_link_2": {
      "p": [
        -0.0898803313195645,
        -0.0168622853786377,
        0.0349316876998796
      ],
      "q": [
        0.147267740180436,
        0.141984286142365,
        -0.465257326449819,
        0.861213269391245
      ]
    },
    "connecting_link_3": {
      "p": [
        -0.171511480016167,
        0.0450404898054814,
        0.0342976632700713
      ],
      "q": [
        -0.198530703295823,
        0.00184016612826887,
        0.85477672578032,
        0.479519470617995
      ]
    }
  },
  "contacts": [
    {
      "f": [
        -0.00798991161115955,
        -0.188683703061825,
        0.236065994773829
      ],
      "link": "base_link",
      "p": [
        -0.119446496101534,
        0.0516102496817994,
        0.000527868010452341
      ]
    },
    {
      "f": [
        0.128370087428863,
        -0.221570651614542,
        0.320088935403571
      ],
      "link": "base_link",
      "p": [
        -0.115352797357274,
        0.0484521040557633,
        0.000362401832665969
      ]
    },
    {
      "f": [
        0.0186200075281971,
        -0.11259050958689,
        0.142649743303888
      ],
      "link": "base_link",
      "p": [
        -0.145792914565352,
        -0.0207613610181516,
        0.000714700513392223
      ]
    },
    {
      "f": [
        -0.0908395171868627,
        -0.147549459740492,
        0.216588106179006
      ],
      "link": "base_link",
      "p": [
        -0.100739155912109,
        -0.00937604509111442,
        0.000776181216651746
      ]
    },
    {
      "f": [
        -0.04267311824681,
        -0.0131752662683352,
        0.0558259385017921
      ],
      "link": "base_link",
      "p": [
        -0.119943480912604,
        0.0520135904385128,
        0.000888348122996416
      ]
    },
    {
      "f": [
        -0.0360716917710513,
        -0.00879303160559078,
        0.0464099321273652
      ],
      "link": "base_link",
      "p": [
        -0.116176581213884,
        0.052500358427475,
        0.00090718013574527
      ]
    },
    {
      "f": [
        -0.0455256936466822,
        -0.0413264705285533,
        0.0768568672553783
      ],
      "link": "base_link",
      "p": [
        -0.161325588455735,
        0.0413085252696841,
        0.000846286265489243
      ]
    },
    {
      "f": [
        0.281170922021713,
        0.0540172563777086,
        0.357890851415264
      ],
      "link": "arm_motor_0",
      "p": [
        -0.220734423763064,
        -0.0559260049077404,
        0.000284218297169472
      ]
    },
    {
      "f": [
        0.0290052685834889,
        0.028225661717493,
        0.0505901667969966
      ],
      "link": "arm_motor_1",
      "p": [
        -0.0996246347438478,
        0.132905394697298,
        0.00097441303391884
      ]
    },
    {
      "f": [
        -0.13885434887182,
        -0.254510227376723,
        0.362405129913265
      ],
      "link": "arm_motor_1",
      "p": [
        -0.0675387780760129,
        0.0993467204780131,
        0.000452550288476607
      ]
    },
    {
      "f": [
        -0.0560595295453336,
        0.317120342766419,
        0.402546547481497
      ],
      "link": "arm_motor_2",
      "p": [
        -0.0771506574755966,
        -0.0883268035805381,
        0.000194906905037005
      ]
    },
    {
      "f": [
        0.00864375135391025,
        0.0764528138468167,
        0.0961748666375817
      ],
      "link": "arm_motor_2",
      "p": [
        -0.0687325335873,
        -0.0696815443701115,
        0.000807650266724837
      ]
    },
    {
      "f": [
        0.147514586683741,
        -0.0292163017774879,
        0.187975004879423
      ],
      "link": "arm_motor_3",
      "p": [
        -0.230108639277259,
        0.0881472879436307,
        0.000624049990241154
      ]
    }
  ],
  "idx": 5105,
  "state": [
    -0.130695905667866,
    0.0140891022134219,
    0.0346146754849754,
    0.788895463628091,
    -0.00161576795749324,
    -0.00311553576908352,
    -0.614517396171824,
    0.00200036910406175,
    -0.00069524671818773,
    0.000160234174097446,
    -0.051982768404499,
    0.0346524731512213,
    0.000118808887180861,
    0.96746238799256,
    0.102699565600819,
    0.17427136373477,
    -0.151982955712669,
    0.978099387288945,
    -0.00269148141017106,
    0.207536740231009,
    -0.0155835158772277,
    0.953187211463343,
    0.105482955930104,
    0.179219963948715,
    -0.219516947940713,
    0.95194374986508,
    -0.0522153936268667,
    0.188655409535383,
    -0.235554210775859,
    -0.00645210673116357,
    0.057696074605526,
    -0.186747946269817,
    -0.00516093820772036,
    0.00821596794347809,
    -0.0382270149651827,
    -0.00139730377187918,
    -0.0602196707338918,
    -0.21079803662431,
    0.00671684812796528,
    0.0775145016622961,
    0.183985777933681
  ],
  "t": 5.10600000000144,
  "thrust": [
    0.0,
    0.0,
    0.0,
    0.0
  ]
}