{
  "T_W_L": {
    "arm_motor_0": {
      "p": [
        -0.129328630141406,
        -0.131038636026291,
        0.0141037953220069
      ],
      "q": [
        0.61302532244187,
        0.407677663907863,
        -0.309151902226503,
        0.60201659258313
      ]
    },
    "arm_motor_1": {
      "p": [
        -0.193321974091509,
        0.0631362420076754,
        0.122471772034502
      ],
      "q": [
        -0.40612428760721,
        0.107734954433475,
        0.691030106638621,
        0.588161231574957
      ]
    },
    "arm_motor_2": {
      "p": [
        -0.0561978062440375,
        -0.068206438406847,
        0.0919506676623355
      ],
      "q": [
        0.360412852643586,
        0.351071090274077,
        0.0219001049071152,
        0.863928267061647
      ]
    },
    "arm_motor_3": {
      "p": [
        -0.256142755676078,
        -0.0385535591601261,
        0.0759209483853225
      ],
      "q": [
        -0.372393443475767,
        -0.321210934649097,
        0.820946616381167,
        0.290160837761453
      ]
    },
    "base_link": {
      "p": [
        -0.150029555224774,
        -0.0212272212095578,
        0.0485859253479451
      ],
      "q": [
        0.336683484229831,
        0.0164841987909803,
        -0.324214648537888,
        0.883887642356501
      ]
    },
    "connecting_link_0": {
      "p": [
        -0.137156138438706,
        -0.0617266322756508,
        0.0199839526266133
      ],
      "q": [
        0.214870956056635,
        -0.13741837431481,
        -0.652077769018797,
        0.713961655689891
      ]
    },
    "connecting_link_1": {
      "p": [
        -0.162902972010842,
        0.0192721898565352,
        0.0771878980692769
      ],
      "q": [
        0.201458836636618,
        -0.339712678426949,
        0.775805312179846,
        0.492072912128417
      ]
    },
    "connecting_link_2": {
      "p": [
        -0.0997648707526546,
        -0.0256909083562505,
        0.0573914345311038
      ],
      "q": [
        0.270336084819586,
        -0.362644787486679,
        -0.23936465944255,
        0.859134284709388
      ]
    },
    "connecting_link_3": {
      "p": [
        -0.200294239696894,
        -0.016763534062865,
        0.0397804161647864
      ],
      "q": [
        0.31717499028415,
        -0.432305126097538,
        0.843818848586398,
        -0.0219557340657521
      ]
    }
  },
  "contacts": [
    {
      "f": [
        0.0474800107392386,
        -2.07586132473374,
        2.59550530693962
      ],
      "link": "base_link",
      "p": [
        -0.130542949508383,
        -0.0332058453086757,
        0.000607221401861369
      ]
    },
    {
      "f": [
        0.0685229384824056,
        1.91598736663962,
        2.3965153681377
      ],
      "link": "arm_motor_0",
      "p": [
        -0.154435634574326,
        -0.136639514835679,
        -0.00379303073627539
      ]
    },
    {
      "f": [
        -0.0697962655420913,
        0.273450304403021,
        0.352771587888605
      ],
      "link": "arm_motor_0",
      "p": [
        -0.138051147179995,
        -0.125075476893948,
        0.000294456824222789
      ]
    }
  ],
  "idx": 1974,
  "state": [
    -0.150029555224774,
    -0.0212272212095578,
    0.0485859253479451,
    0.883887642356501,
    0.336683484229831,
    0.0164841987909803,
    -0.324214648537888,
    0.090430452486586,
    0.0265857891734721,
    -0.011177096093166,
    -1.03070292040498,
    1.02826730795862,
    -1.19257517428794,
    0.956010865929322,
    0.112817818529805,
    -0.259706459608513,
    0.0766023425546198,
    0.98365913330367,
    0.0587546081356764,
    -0.0944506649297415,
    0.141568631360996,
    0.925897536523364,
    -0.0595931114019614,
    -0.329953514659098,
    -0.174049105420016,
    0.89577350169206,
    -0.153636097868946,
    -0.384460487025236,
    -0.161789730867776,
    -1.47188004927329,
    -1.73758157549791,
    -1.46217068097091,
    -0.165505298129591,
    -0.532257597817193,
    -0.38834094086713,
    1.13381973146482,
    0.576966888289162,
    0.523641103610954,
    -0.852670168840908,
    0.14608199119218,
    -0.78742402595427
  ],
  "t": 1.9749999999998,
  "thrust": [
    0.0,
    0.0,
    0.0,
    0.0
  ]
}