{
  "T_W_L": {
    "arm_motor_0": {
      "p": [
        -0.171533875392864,
        -0.0802639001537327,
        0.0851672467876541
      ],
      "q": [
        -0.444467642319101,
        -0.274646329288716,
        0.779164605042536,
        -0.34629528871823
      ]
    },
    "arm_motor_1": {
      "p": [
        -0.0597234868578007,
        0.121181651274634,
        0.0334638509485371
      ],
      "q": [
        -0.231739176602473,
        0.636085616120663,
        0.448242335913717,
        0.583755814777565
      ]
    },
    "arm_motor_2": {
      "p": [
        -0.0360966467266868,
        -0.0707097409666944,
        0.0329348644764003
      ],
      "q": [
        0.228081182310463,
        0.644120018754125,
        -0.393644675338106,
        0.614924585046007
      ]
    },
    "arm_motor_3": {
      "p": [
        -0.169011940470918,
        0.0960471923055164,
        0.102621143213776
      ],
      "q": [
        -0.243796559322729,
        0.289912827742872,
        0.852373223359293,
        0.36051862375281
      ]
    },
    "base_link": {
      "p": [
        -0.116765386077826,
        0.0167847264065955,
        0.0405058522468879
      ],
      "q": [
        -0.15924644120868,
        0.121071021245007,
        -0.609652045345477,
        0.767011579041111
      ]
    },
    "connecting_link_0": {
      "p": [
        -0.136365213880921,
        -0.0287562552644127,
        0.0533847395641193
      ],
      "q": [
        0.236666491984282,
        0.0506634650775692,
        0.865238659787949,
        -0.439072028813658
      ]
    },
    "connecting_link_1": {
      "p": [
        -0.0971655582747318,
        0.0623257080776037,
        0.0276269649296565
      ],
      "q": [
        0.153090852097292,
        0.0370027573878496,
        0.480819538581683,
        0.862558147760439
      ]
    },
    "connecting_link_2": {
      "p": [
        -0.078978967647409,
        -0.0155767410796515,
        0.0283024918761537
      ],
      "q": [
        -0.117071068636778,
        0.0206442891546923,
        -0.439626569982325,
        0.890278977163404
      ]
    },
    "connecting_link_3": {
      "p": [
        -0.154551804508243,
        0.0491461938928425,
        0.0527092126176222
      ],
      "q": [
        0.430328686012142,
        -0.0499258371497011,
        0.775109086666242,
        0.459924490049606
      ]
    }
  },
  "contacts": [
    {
      "f": [
        -0.356690280230464,
        -0.239085895428701,
        0.536758240219455
      ],
      "link": "base_link",
      "p": [
        -0.101253020537066,
        -0.009877613694644,
        0.000260772398592575
      ]
    },
    {
      "f": [
        -0.308218847402037,
        -0.386752920776543,
        0.618183679751399
      ],
      "link": "base_link",
      "p": [
        -0.115644909022614,
        0.0472946362287547,
        -0.000204527908699625
      ]
    },
    {
      "f": [
        0.287580739148965,
        0.0807223087576797,
        0.373368895708042
      ],
      "link": "base_link",
      "p": [
        -0.10055209580057,
        -0.0144224724392667,
        0.000670736025264664
      ]
    },
    {
      "f": [
        0.45708379657674,
        0.124265265808557,
        0.592093021328096
      ],
      "link": "base_link",
      "p": [
        -0.102068701050645,
        -0.0107851567949604,
        0.000294253450465937
      ]
    },
    {
      "f": [
        0.308054277997078,
        0.0662105995628054,
        0.393861654182751
      ],
      "link": "base_link",
      "p": [
        -0.116191711131393,
        0.0514045082558348,
        0.000212276691634497
      ]
    }
  ],
  "idx": 3152,
  "state": [
    -0.116765386077826,
    0.0167847264065955,
    0.0405058522468879,
    0.767011579041111,
    -0.15924644120868,
    0.121071021245007,
    -0.609652045345477,
    -0.053966512644403,
    -0.0157956049633223,
    -0.0136777599421915,
    1.38809172872925,
    0.0696278185655574,
    0.0286027356766804,
    0.993214517387911,
    0.0599080066541819,
    -0.0818186706922322,
    -0.0569355628300776,
    0.982509207413494,
    0.0118175795907872,
    -0.183451688578286,
    0.0296897308525801,
    0.972524807718355,
    0.0498583157541155,
    -0.121656745480641,
    -0.192117888291532,
    0.923477401898178,
    -0.0885557693597454,
    -0.331226882582599,
    -0.172151433775927,
    -0.113775867111525,
    0.388368420369697,
    -0.132532967686283,
    0.0988286541355877,
    0.235083087483694,
    -0.0139060734116238,
    -0.21134132320166,
    0.676032060522326,
    -0.131068413197703,
    0.354818288113374,
    0.252936240961637,
    0.0314308348375797
  ],
  "t": 3.15300000000223,
  "thrust": [
    0.0,
    0.0,
    0.0,
    0.0
  ]
}