{
  "T_W_L": {
    "arm_motor_0": {
      "p": [
        -0.196345906432785,
        -0.0809990432242342,
        0.01041754240548
      ],
      "q": [
        0.78008148099652,
        0.254939413374864,
        -0.49685456691122,
        0.282160092596067
      ]
    },
    "arm_motor_1": {
      "p": [
        -0.0762168546895914,
        0.115402157572577,
        0.00608770849020084
      ],
      "q": [
        -0.413521761102967,
        0.728425272213134,
        0.26423422810641,
        0.478096902931333
      ]
    },
    "arm_motor_2": {
      "p": [
        -0.0484254305536263,
        -0.0667211462602301,
        0.0092830180848893
      ],
      "q": [
        0.413058190946482,
        0.717087331079399,
        -0.193918922527568,
        0.526843565001217
      ]
    },
    "arm_motor_3": {
      "p": [
        -0.205987432627599,
        0.104629520387852,
        0.0202944790702039
      ],
      "q": [
        0.699599396552098,
        -0.327843000328317,
        -0.520290076350511,
        -0.363837721973474
      ]
    },
    "base_link": {
      "p": [
        -0.130915036739189,
        0.0141633690083576,
        0.0345113646391488
      ],
      "q": [
        -0.000487262374457727,
        -0.0063323677837659,
        -0.614514084980995,
        0.788880284361068
      ]
    },
    "connecting_link_0": {
      "p": [
        -0.152154441925139,
        -0.0324504487618349,
        0.03471051341347
      ],
      "q": [
        -0.200271671564255,
        0.0192479268658167,
        0.902930138617113,
        -0.37978670284399
      ]
    },
    "connecting_link_1": {
      "p": [
        -0.109675631553239,
        0.0607771867785501,
        0.0343122158648276
      ],
      "q": [
        -0.105562226928475,
        0.177008887442531,
        0.479245855959747,
        0.853140011696596
      ]
    },
    "connecting_link_2": {
      "p": [
        -0.0901024570767233,
        -0.0167868069141102,
        0.0351594014152471
      ],
      "q": [
        0.154954862723273,
        0.13452265707235,
        -0.429197632962537,
        0.879591971946062
      ]
    },
    "connecting_link_3": {
      "p": [
        -0.171727616401655,
        0.0451135449308255,
        0.0338633278630505
      ],
      "q": [
        -0.126790836244493,
        -0.0254521117622127,
        0.862592118587518,
        0.489092129155605
      ]
    }
  },
  "contacts": [
    {
      "f": [
        0.0275140781829258,
        0.258574667282287,
        0.32504298527849
      ],
      "link": "base_link",
      "p": [
        -0.119445462142984,
        0.051610477891047,
        0.000416510751060549
      ]
    },
    {
      "f": [
        0.0697127222648387,
        0.307452726378515,
        0.394071381944226
      ],
      "link": "base_link",
      "p": [
        -0.115350789114908,
        0.0484520252506788,
        0.000284366997141197
      ]
    },
    {
      "f": [
        -0.0827792819655302,
        0.199630766404069,
        0.270141318392466
      ],
      "link": "base_link",
      "p": [
        -0.145792756863082,
        -0.0207608461902676,
        0.000590347483773866
      ]
    },
    {
      "f": [
        -0.0398353375673992,
        0.081432730329721,
        0.113317472229998
      ],
      "link": "base_link",
      "p": [
        -0.10074030189759,
        -0.00937492716095318,
        0.000918245120637248
      ]
    },
    {
      "f": [
        -0.0119536115578662,
        0.116572961274894,
        0.146480289467955
      ],
      "link": "base_link",
      "p": [
        -0.119944764962175,
        0.0520145955779785,
        0.000772894210072282
      ]
    },
    {
      "f": [
        -0.011894414087969,
        0.100316022245968,
        0.126273397619941
      ],
      "link": "base_link",
      "p": [
        -0.116178064153773,
        0.0525014448433707,
        0.000815011579129138
      ]
    },
    {
      "f": [
        -0.00437479210290117,
        0.226507341146275,
        0.283186981071856
      ],
      "link": "base_link",
      "p": [
        -0.161325768925737,
        0.041309008352282,
        0.000486664755569716
      ]
    },
    {
      "f": [
        0.195518787555007,
        0.150630562602395,
        0.308517530592099
      ],
      "link": "arm_motor_0",
      "p": [
        -0.218899492163397,
        -0.0616283832545272,
        0.000510918307313028
      ]
    },
    {
      "f": [
        0.0818547755727978,
        0.133117527880158,
        0.195338170365034
      ],
      "link": "arm_motor_1",
      "p": [
        -0.0687299971374697,
        0.100679157769868,
        0.000654510456247634
      ]
    },
    {
      "f": [
        -0.0559550210873777,
        0.311067529503996,
        0.395075096296198
      ],
      "link": "arm_motor_2",
      "p": [
        -0.0708296770704972,
        -0.0866649486412274,
        0.000209849807407604
      ]
    }
  ],
  "idx": 4745,
  "state": [
    -0.130915036739189,
    0.0141633690083576,
    0.0345113646391488,
    0.788880284361068,
    -0.000487262374457727,
    -0.0063323677837659,
    -0.614514084980995,
    0.000204291773936212,
    -0.000384289719030153,
    -0.00101015872360261,
    -0.00306999746171231,
    0.012133171342238,
    1.19847127646882e-05,
    0.973212826612095,
    0.109405672245824,
    0.165170997461238,
    -0.116643622182255,
    0.978790162724305,
    0.00167921306062638,
    0.204834667628381,
    -0.00312354529284246,
    0.960815118563729,
    0.113709967754978,
    0.177088378843148,
    -0.180399715219386,
    0.962202205658997,
    -0.0579509527275004,
    0.109168358945946,
    -0.242674415437608,
    -0.00674481041018129,
    0.0729214753655382,
    -0.176644924025906,
    -0.0161608827180693,
    0.0266033055964492,
    -0.120311061374463,
    -0.0057422262405945,
    0.0320697843739433,
    -0.22405007160848,
    -0.11957807509476,
    0.582513137298088,
    0.0209150604692253
  ],
  "t": 4.74600000000228,
  "thrust": [
    0.0,
    0.0,
    0.0,
    0.0
  ]
}