{
  "T_W_L": {
    "arm_motor_0": {
      "p": [
        -0.064639522185814,
        -0.0678321668727706,
        0.0328788550025284
      ],
      "q": [
        0.187029120658171,
        0.683524079759578,
        -0.350359517497194,
        0.612423994397498
      ]
    },
    "arm_motor_1": {
      "p": [
        -0.219001848306045,
        0.104736029847628,
        0.0900783931754066
      ],
      "q": [
        -0.386777605273835,
        0.352427058769567,
        0.842067235946953,
        0.130847324964358
      ]
    },
    "arm_motor_2": {
      "p": [
        -0.0417793184543043,
        0.0687590214967358,
        0.0298599711479672
      ],
      "q": [
        -0.085022771613702,
        0.682647300524092,
        0.160439414183912,
        0.70782977174644
      ]
    },
    "arm_motor_3": {
      "p": [
        -0.231604938183611,
        -0.0408202792688113,
        0.107017852010554
      ],
      "q": [
        -0.386835591100561,
        -0.231681129354753,
        0.888067910653695,
        -0.0895403028025196
      ]
    },
    "base_link": {
      "p": [
        -0.146965720498451,
        0.0189170250441329,
        0.0457977005985449
      ],
      "q": [
        -0.0433613226934233,
        0.209826233311514,
        -0.0618536118882018,
        0.97481633049768
      ]
    },
    "connecting_link_0": {
      "p": [
        -0.114070598246826,
        -0.0182693265633534,
        0.033184763344477
      ],
      "q": [
        -0.115492031178763,
        0.0502753525024697,
        -0.379991150172263,
        0.916373671302115
      ]
    },
    "connecting_link_1": {
      "p": [
        -0.179860842750076,
        0.0561033766516192,
        0.0584106378526127
      ],
      "q": [
        0.321938385252881,
        0.156680532347173,
        0.868924520253325,
        0.341726593912008
      ]
    },
    "connecting_link_2": {
      "p": [
        -0.107517309548366,
        0.0450002960146511,
        0.026113040352766
      ],
      "q": [
        0.0533276193757175,
        -0.0178066961683573,
        0.173567976102365,
        0.98321576688691
      ]
    },
    "connecting_link_3": {
      "p": [
        -0.186414131448536,
        -0.0071662459263853,
        0.0654823608443238
      ],
      "q": [
        0.354424772105884,
        -0.100508742338545,
        0.90149291144891,
        -0.227137852940862
      ]
    }
  },
  "contacts": [
    {
      "f": [
        0.43734308725697,
        -0.0145799548017115,
        0.546982562355564
      ],
      "link": "base_link",
      "p": [
        -0.132098918608811,
        0.0368117932165529,
        0.000742891865518847
      ]
    },
    {
      "f": [
        -0.745676900865437,
        0.0704491395485761,
        0.936246763802332
      ],
      "link": "base_link",
      "p": [
        -0.127912907120878,
        0.0357241606845952,
        -0.000872493527604663
      ]
    },
    {
      "f": [
        0.54242916792992,
        0.161932380481583,
        0.70760544495765
      ],
      "link": "base_link",
      "p": [
        -0.131714569129506,
        0.0357725770968715,
        0.000230646324442897
      ]
    }
  ],
  "idx": 738,
  "state": [
    -0.146965720498451,
    0.0189170250441329,
    0.0457977005985449,
    0.97481633049768,
    -0.0433613226934233,
    0.209826233311514,
    -0.0618536118882018,
    -0.216333560463684,
    0.00585084237056078,
    -0.0766874132866666,
    0.606868293047976,
    -4.65580524492923,
    -0.404821509857438,
    0.989888110406686,
    0.0547421219635928,
    -0.122297090047226,
    0.0465644792130775,
    0.984929329619387,
    0.110738573953303,
    -0.102022261236445,
    0.0851037138231781,
    0.961998411583757,
    -0.0324233760102017,
    -0.23323653548853,
    -0.138233495621493,
    0.983619813646745,
    -0.120788120247064,
    -0.115260062279092,
    -0.0679515286961482,
    0.0444847755196775,
    -0.109513326609131,
    -0.127769961407425,
    0.457283123488664,
    0.0294516204264135,
    0.481149977552108,
    0.177663268915881,
    0.389315377675224,
    -0.215308733113689,
    -0.155628419878553,
    -0.279211534375569,
    -0.0923587131655272
  ],
  "t": 0.738999999999935,
  "thrust": [
    0.0,
    0.0,
    0.0,
    0.0
  ]
}