{
  "T_W_L": {
    "arm_motor_0": {
      "p": [
        -0.0578116461427979,
        -0.0692064176446194,
        0.0158727528754967
      ],
      "q": [
        0.134116745463569,
        0.790741523005412,
        -0.372834274095952,
        0.46662098799849
      ]
    },
    "arm_motor_1": {
      "p": [
        -0.182964342803729,
        0.104328212298411,
        0.123811808482431
      ],
      "q": [
        -0.251411441499729,
        0.37756476680668,
        0.886753491136423,
        0.0889122033615791
      ]
    },
    "arm_motor_2": {
      "p": [
        -0.0358507806607769,
        0.0699196643530622,
        0.0106843846529745
      ],
      "q": [
        -0.0642344236236346,
        0.78875298422845,
        0.184933770994829,
        0.582702470423875
      ]
    },
    "arm_motor_3": {
      "p": [
        -0.191528434823013,
        -0.0448380912245723,
        0.141697129990946
      ],
      "q": [
        -0.254158472289649,
        -0.259761313235604,
        0.930076635349477,
        -0.0537120422857058
      ]
    },
    "base_link": {
      "p": [
        -0.129460233393354,
        0.017577474005379,
        0.0592738433358229
      ],
      "q": [
        -0.043718515241861,
        0.368037818050161,
        -0.0504982717436401,
        0.927408637258048
      ]
    },
    "connecting_link_0": {
      "p": [
        -0.102467904121605,
        -0.019170805444255,
        0.0359290769421087
      ],
      "q": [
        -0.168798783284052,
        0.229187828225206,
        -0.358468503659971,
        0.889089557940604
      ]
    },
    "connecting_link_1": {
      "p": [
        -0.156452562665103,
        0.054325753455013,
        0.0826186097295371
      ],
      "q": [
        0.449254671671066,
        0.204108185018911,
        0.804804141975754,
        0.329849028873331
      ]
    },
    "connecting_link_2": {
      "p": [
        -0.0985328684193782,
        0.0442581374006669,
        0.0283604110360309
      ],
      "q": [
        0.085347327010962,
        0.145699715578188,
        0.176188520070725,
        0.969765452079938
      ]
    },
    "connecting_link_3": {
      "p": [
        -0.16038759836733,
        -0.00910318938990892,
        0.0901872756356149
      ],
      "q": [
        0.477946316626759,
        -0.145698836747217,
        0.837380675130807,
        -0.221659135410419
      ]
    }
  },
  "contacts": [
    {
      "f": [
        -1.16820682101053,
        0.405708864837224,
        1.54581433821255
      ],
      "link": "arm_motor_0",
      "p": [
        -0.0394817150169168,
        -0.0509969154303927,
        -0.0020916286764251
      ]
    },
    {
      "f": [
        0.315786722246113,
        -0.0852760164383443,
        0.408872789138276
      ],
      "link": "arm_motor_2",
      "p": [
        -0.0231613746925734,
        0.0432604795423358,
        0.000182254421723448
      ]
    },
    {
      "f": [
        2.92599604565023,
        -0.824540778096319,
        3.79994250653555
      ],
      "link": "arm_motor_2",
      "p": [
        -0.0392385161390997,
        0.0559012511429839,
        0.000971159674991319
      ]
    }
  ],
  "idx": 664,
  "state": [
    -0.129460233393354,
    0.017577474005379,
    0.0592738433358229,
    0.927408637258048,
    -0.043718515241861,
    0.368037818050161,
    -0.0504982717436401,
    -0.294977469334526,
    0.0457681695155048,
    -0.44690732656684,
    0.0497352030521121,
    -3.88229669723911,
    -0.4569870448997,
    0.993235207134995,
    0.043622732037722,
    -0.0983098397293413,
    0.043772776579274,
    0.988699833491458,
    0.0988458789429414,
    -0.0938769812043986,
    0.0623638025613395,
    0.964511150993215,
    -0.0405820327394828,
    -0.226923441097852,
    -0.128752048949848,
    0.987132369835402,
    -0.111785593799825,
    -0.0973635836543326,
    -0.0599499626350913,
    0.507579226242375,
    -1.30582914740389,
    0.559360869105202,
    0.0772461445221604,
    -0.402798975035573,
    0.370357811779603,
    0.0697234914857119,
    -0.676997332853125,
    -0.233696384421357,
    -0.403631211378888,
    -0.413978065846683,
    -0.376327761596492
  ],
  "t": 0.664999999999943,
  "thrust": [
    0.0,
    0.0,
    0.0,
    0.0
  ]
}