{
  "T_W_L": {
    "arm_motor_0": {
      "p": [
        -0.0697630871768522,
        -0.0681984517430838,
        0.0409520561470169
      ],
      "q": [
        0.210404731143424,
        0.642967485486433,
        -0.341104437347399,
        0.652664097788159
      ]
    },
    "arm_motor_1": {
      "p": [
        -0.229740567614252,
        0.104564373777995,
        0.0785869685632736
      ],
      "q": [
        -0.437417680598473,
        0.34269577158553,
        0.818466469029389,
        0.146075391191723
      ]
    },
    "arm_motor_2": {
      "p": [
        -0.0457993034569253,
        0.0683138219844306,
        0.0396833075271828
      ],
      "q": [
        -0.0920753997639556,
        0.642926346944782,
        0.152687964428512,
        0.744885372846872
      ]
    },
    "arm_motor_3": {
      "p": [
        -0.244092723326848,
        -0.0402417105033425,
        0.0941516605706768
      ],
      "q": [
        -0.438462587668399,
        -0.224179545188516,
        0.86441095797654,
        -0.101428726031048
      ]
    },
    "base_link": {
      "p": [
        -0.152546193848323,
        0.0190412813798723,
        0.0434211493761575
      ],
      "q": [
        -0.0398287460534463,
        0.148968989062626,
        -0.0661457651907587,
        0.985822828419386
      ]
    },
    "connecting_link_0": {
      "p": [
        -0.118465140071482,
        -0.0182684770482591,
        0.0350268835062565
      ],
      "q": [
        -0.0924186485559202,
        -0.00685654031308754,
        -0.389975872926415,
        0.916149878452927
      ]
    },
    "connecting_link_1": {
      "p": [
        -0.186627247625163,
        0.0563510398080038,
        0.0518154152460585
      ],
      "q": [
        0.269442182262419,
        0.13903160429594,
        0.888044198586562,
        0.34561340364823
      ]
    },
    "connecting_link_2": {
      "p": [
        -0.110877971137965,
        0.0449684392698387,
        0.0287398108844264
      ],
      "q": [
        0.0428595554994157,
        -0.0720959186185423,
        0.173073834606526,
        0.981331078074843
      ]
    },
    "connecting_link_3": {
      "p": [
        -0.194214416558681,
        -0.00688587651009397,
        0.0581024878678886
      ],
      "q": [
        0.301190981080245,
        -0.0867979366224492,
        0.921270719154098,
        -0.230239816589782
      ]
    }
  },
  "contacts": [
    {
      "f": [
        0.506863832937909,
        -0.0201304071790381,
        0.63407927643368
      ],
      "link": "base_link",
      "p": [
        -0.132155501783226,
        0.0368137739689864,
        0.000531307914381308
      ]
    },
    {
      "f": [
        -0.609835794638197,
        0.115826017351234,
        0.775922196000356
      ],
      "link": "base_link",
      "p": [
        -0.127805277927703,
        0.035710397261776,
        -0.000551844392000712
      ]
    },
    {
      "f": [
        0.411037078860232,
        -0.443678631636819,
        0.756019808322954
      ],
      "link": "base_link",
      "p": [
        -0.131714105232817,
        0.0357725051783851,
        7.19403589239109e-05
      ]
    }
  ],
  "idx": 764,
  "state": [
    -0.152546193848323,
    0.0190412813798723,
    0.0434211493761575,
    0.985822828419386,
    -0.0398287460534463,
    0.148968989062626,
    -0.0661457651907587,
    -0.212689199041967,
    0.00366615605750732,
    -0.106634969493043,
    0.719332198823675,
    -4.77888271179444,
    -0.429198667740734,
    0.990005409561782,
    0.0548394609570603,
    -0.122128427236048,
    0.0443460237360431,
    0.983859651816181,
    0.115621451460653,
    -0.101370132392132,
    0.0915202805343022,
    0.963180226942636,
    -0.0289640303032748,
    -0.227557787304241,
    -0.140222640156723,
    0.982983788709895,
    -0.122654952679734,
    -0.118319875995268,
    -0.0685495489491827,
    -0.066089876547231,
    0.107633044403695,
    -0.217804728835239,
    0.411103798815967,
    0.0917988414041156,
    0.429928535419225,
    0.148021761361924,
    0.575802965088625,
    -0.154417118671701,
    -0.116047770254231,
    -0.214846849109372,
    -0.0344686336312141
  ],
  "t": 0.764999999999932,
  "thrust": [
    0.0,
    0.0,
    0.0,
    0.0
  ]
}