{
  "T_W_L": {
    "arm_motor_0": {
      "p": [
        -0.177580005958735,
        -0.0818673856055378,
        0.0778462147566319
      ],
      "q": [
        -0.480091091146956,
        -0.272674660343738,
        0.759013029043025,
        -0.345051149180356
      ]
    },
    "arm_motor_1": {
      "p": [
        -0.0623742728111804,
        0.120878483303215,
        0.0372847859246119
      ],
      "q": [
        -0.243224538177562,
        0.617859423145097,
        0.446650789267724,
        0.599662096272258
      ]
    },
    "arm_motor_2": {
      "p": [
        -0.0388309134349491,
        -0.0718993907075417,
        0.0337963509822419
      ],
      "q": [
        0.250837717423254,
        0.637376192494616,
        -0.381187126353708,
        0.620909335942987
      ]
    },
    "arm_motor_3": {
      "p": [
        -0.176259815857511,
        0.0945126652850384,
        0.0992412619516374
      ],
      "q": [
        -0.271677067439361,
        0.273617608144147,
        0.848098257774412,
        0.36339279120675
      ]
    },
    "base_link": {
      "p": [
        -0.119386462342367,
        0.0160615255507121,
        0.0397678161659408
      ],
      "q": [
        -0.132411781549021,
        0.101380533369007,
        -0.613236481143665,
        0.772094635232862
      ]
    },
    "connecting_link_0": {
      "p": [
        -0.139736789582167,
        -0.0297006412412176,
        0.0505236644235466
      ],
      "q": [
        0.197227593708004,
        0.051177906054845,
        0.876178925982526,
        -0.436798108828436
      ]
    },
    "connecting_link_1": {
      "p": [
        -0.0990361351025664,
        0.0618236923426418,
        0.0290119679083351
      ],
      "q": [
        0.143844081617211,
        0.0128674532312523,
        0.487815522209851,
        0.860917722620561
      ]
    },
    "connecting_link_2": {
      "p": [
        -0.0808500541988302,
        -0.0160803995386193,
        0.0294798669559878
      ],
      "q": [
        -0.0921709509783825,
        0.0116438259324834,
        -0.446909052913058,
        0.889742229827127
      ]
    },
    "connecting_link_3": {
      "p": [
        -0.157922870485904,
        0.0482034506400435,
        0.0500557653758939
      ],
      "q": [
        0.407591332505536,
        -0.0634806407258305,
        0.79180072586403,
        0.45043437306737
      ]
    }
  },
  "contacts": [
    {
      "f": [
        0.142021656583973,
        0.0412360155636438,
        0.184858729500484
      ],
      "link": "base_link",
      "p": [
        -0.119445307116775,
        0.050587549727493,
        0.00098320119328877
      ]
    },
    {
      "f": [
        -0.194554640757153,
        0.316558253642574,
        0.464456396280542
      ],
      "link": "base_link",
      "p": [
        -0.101252751042992,
        -0.00987739054777444,
        0.000150629712501141
      ]
    },
    {
      "f": [
        -0.486354318538255,
        -0.0757726727726938,
        0.615276895363899
      ],
      "link": "base_link",
      "p": [
        -0.11564402593183,
        0.047295636537301,
        -0.000230553790727797
      ]
    },
    {
      "f": [
        0.242018810636478,
        0.0770513828742243,
        0.317485285841934
      ],
      "link": "base_link",
      "p": [
        -0.10057526916698,
        -0.0144289422166485,
        0.00052412989087447
      ]
    },
    {
      "f": [
        -0.44340303452464,
        0.0592501583518165,
        0.559180248626246
      ],
      "link": "base_link",
      "p": [
        -0.102067918046404,
        -0.0107852961960046,
        0.000114570726648215
      ]
    },
    {
      "f": [
        0.299131623362044,
        0.0842148895931367,
        0.388450197347574
      ],
      "link": "base_link",
      "p": [
        -0.116221205598344,
        0.0513974445446109,
        0.000223099605304852
      ]
    }
  ],
  "idx": 3199,
  "state": [
    -0.119386462342367,
    0.0160615255507121,
    0.0397678161659408,
    0.772094635232861,
    -0.132411781549021,
    0.101380533369007,
    -0.613236481143665,
    -0.0575297928002434,
    -0.0156217521352678,
    -0.0169157179501302,
    1.49793984555036,
    0.048387006206617,
    0.0161388652250903,
    0.993938665135729,
    0.0577634742382785,
    -0.0721118155128793,
    -0.0595751378979943,
    0.983880974958212,
    0.0145425320043739,
    -0.175505476356436,
    0.0310575215862638,
    0.974005979241737,
    0.0482957330679537,
    -0.105036366127988,
    -0.194800504001918,
    0.926259983839324,
    -0.0808433701437676,
    -0.326947328922564,
    -0.169151517735353,
    -0.127723698814876,
    0.39853578551271,
    -0.115440905132805,
    0.163468972167215,
    0.440430713743241,
    0.0583864019052631,
    -0.219095258998228,
    0.666863895934183,
    -0.133681386574208,
    0.307848191869627,
    0.266724904749631,
    0.0624345984516906
  ],
  "t": 3.20000000000233,
  "thrust": [
    0.0,
    0.0,
    0.0,
    0.0
  ]
}