{
  "T_W_L": {
    "arm_motor_0": {
      "p": [
        -0.199370644360097,
        -0.0771913713367345,
        0.0092368611567957
      ],
      "q": [
        0.790717926110422,
        0.240186425545219,
        -0.504387731418779,
        0.250337090151783
      ]
    },
    "arm_motor_1": {
      "p": [
        -0.0747278233951677,
        0.114303490896475,
        0.00573948223106105
      ],
      "q": [
        -0.408046624334609,
        0.733536744698222,
        0.254801502916212,
        0.480102062751563
      ]
    },
    "arm_motor_2": {
      "p": [
        -0.0529052322069372,
        -0.0699465498336863,
        0.00826025826037768
      ],
      "q": [
        0.432718011415916,
        0.709547527188134,
        -0.224025466386336,
        0.509028505751735
      ]
    },
    "arm_motor_3": {
      "p": [
        -0.203728826198089,
        0.102446623564091,
        0.0104245429322707
      ],
      "q": [
        0.744528806117561,
        -0.340569909035675,
        -0.463768719792403,
        -0.338537395959008
      ]
    },
    "base_link": {
      "p": [
        -0.130714287148703,
        0.0140958571810212,
        0.0346133509738607
      ],
      "q": [
        -0.00152826190794437,
        -0.00339022189325048,
        -0.614516848479519,
        0.788894932006699
      ]
    },
    "connecting_link_0": {
      "p": [
        -0.15195252534917,
        -0.0325183357895,
        0.0348462712331935
      ],
      "q": [
        -0.202466022324925,
        0.0071776037768517,
        0.91577799279196,
        -0.346852504280817
      ]
    },
    "connecting_link_1": {
      "p": [
        -0.109476048948235,
        0.0607100501515424,
        0.0343804307145278
      ],
      "q": [
        -0.108360664538704,
        0.179205382192339,
        0.468704405675859,
        0.858172230658897
      ]
    },
    "connecting_link_2": {
      "p": [
        -0.0898988410553847,
        -0.0168553972486565,
        0.0349586181643334
      ],
      "q": [
        0.147567913773495,
        0.141788359814569,
        -0.464387766654009,
        0.861663376283183
      ]
    },
    "connecting_link_3": {
      "p": [
        -0.171529733242021,
        0.0450471116106988,
        0.034268083783388
      ],
      "q": [
        -0.19852736092704,
        0.0014372037793616,
        0.854395374261864,
        0.480201380515062
      ]
    }
  },
  "contacts": [
    {
      "f": [
        -0.0629592694487138,
        -0.179202955571039,
        0.237426202004537
      ],
      "link": "base_link",
      "p": [
        -0.119446499721824,
        0.0516102214127614,
        0.000525147595990927
      ]
    },
    {
      "f": [
        0.15557800940639,
        -0.202027624404062,
        0.318736955696827
      ],
      "link": "base_link",
      "p": [
        -0.115352707047575,
        0.0484520497825928,
        0.000362526088606346
      ]
    },
    {
      "f": [
        -0.00170022841366309,
        -0.115119862289653,
        0.143915521391063
      ],
      "link": "base_link",
      "p": [
        -0.145792900347588,
        -0.020761395293218,
        0.000712168957217874
      ]
    },
    {
      "f": [
        -0.160922792777446,
        0.055873763304099,
        0.212933464744034
      ],
      "link": "base_link",
      "p": [
        -0.10073919964342,
        -0.00937599083978991,
        0.000795749523749119
      ]
    },
    {
      "f": [
        -0.0458526098011553,
        0.00181885313706408,
        0.0573608377443728
      ],
      "link": "base_link",
      "p": [
        -0.119943680101985,
        0.0520136332469432,
        0.000885278324511254
      ]
    },
    {
      "f": [
        -0.0374477574410398,
        0.00314561533667636,
        0.0469745515081252
      ],
      "link": "base_link",
      "p": [
        -0.11617679191535,
        0.0525004113787675,
        0.00090605089698375
      ]
    },
    {
      "f": [
        -0.0646308678039839,
        -0.0289371460477668,
        0.0885164841152998
      ],
      "link": "base_link",
      "p": [
        -0.161325741819217,
        0.0413084896461301,
        0.0008229670317694
      ]
    },
    {
      "f": [
        0.281386308467639,
        0.0562437457747565,
        0.358690355520566
      ],
      "link": "arm_motor_0",
      "p": [
        -0.220706541404821,
        -0.0560577737286193,
        0.000282619288958869
      ]
    },
    {
      "f": [
        0.0293918639200109,
        0.0287703234677861,
        0.0514115316759875
      ],
      "link": "arm_motor_1",
      "p": [
        -0.0996526836556477,
        0.13291430597769,
        0.000977103254032635
      ]
    },
    {
      "f": [
        -0.226089322561413,
        -0.164466399357545,
        0.349476345528908
      ],
      "link": "arm_motor_1",
      "p": [
        -0.0675557100801539,
        0.0993660458147018,
        0.000469479849835794
      ]
    },
    {
      "f": [
        -0.0591666321494626,
        0.313435286419471,
        0.398713495846261
      ],
      "link": "arm_motor_2",
      "p": [
        -0.0770076776826673,
        -0.0882815908333821,
        0.000202573008307477
      ]
    },
    {
      "f": [
        0.0076472483675372,
        0.0694704923711355,
        0.0873626575499616
      ],
      "link": "arm_motor_2",
      "p": [
        -0.0686232582781937,
        -0.0696217097434734,
        0.000832099981800873
      ]
    },
    {
      "f": [
        -0.0877071908960788,
        -0.131584369989732,
        0.197670012902169
      ],
      "link": "arm_motor_3",
      "p": [
        -0.230049692436646,
        0.0882665936045242,
        0.000604659974195662
      ]
    }
  ],
  "idx": 5096,
  "state": [
    -0.130714287148703,
    0.0140958571810212,
    0.0346133509738607,
    0.788894932006699,
    -0.00152826190794437,
    -0.00339022189325048,
    -0.614516848479519,
    0.00207354125808985,
    -0.000784493118001264,
    0.000157931211950218,
    -0.0534103026154766,
    0.0375028059950237,
    0.000128756488668188,
    0.967631120948248,
    0.102830808949911,
    0.173922576878992,
    -0.151217643662751,
    0.978110520785866,
    -0.00262842284396064,
    0.207498403411713,
    -0.0154049700728732,
    0.953344532715238,
    0.105715038256309,
    0.179368223315625,
    -0.218599115032583,
    0.95181263516165,
    -0.0524831346409166,
    0.188286861319571,
    -0.236318187999407,
    -0.0066055506034892,
    0.0614703826541455,
    -0.180011478653442,
    -0.00605663354579133,
    0.00940735793147778,
    -0.0451106565397536,
    -0.00217978372366375,
    -0.055638753986712,
    -0.205067631550007,
    0.00699705079279671,
    0.0776508416120311,
    0.184068485238081
  ],
  "t": 5.09700000000146,
  "thrust": [
    0.0,
    0.0,
    0.0,
    0.0
  ]
}