{
  "T_W_L": {
    "arm_motor_0": {
      "p": [
        -0.0876953138096995,
        -0.0705785167161073,
        0.0575193719116207
      ],
      "q": [
        0.276637428699172,
        0.534411824306364,
        -0.310712369941769,
        0.735753734784557
      ]
    },
    "arm_motor_1": {
      "p": [
        -0.2502160084429,
        0.103776350114167,
        0.0455396709746683
      ],
      "q": [
        -0.563792776068671,
        0.312183929041034,
        0.741441375489115,
        0.186932037955224
      ]
    },
    "arm_motor_2": {
      "p": [
        -0.0606190268537295,
        0.0662019272954198,
        0.0636605956463744
      ],
      "q": [
        -0.10356850714015,
        0.536377980169823,
        0.131464354764176,
        0.82721783717721
      ]
    },
    "arm_motor_3": {
      "p": [
        -0.268467584625643,
        -0.0398227253443742,
        0.0550224767599703
      ],
      "q": [
        -0.568904915701912,
        -0.209199850776293,
        0.784804614222956,
        -0.129090421099838
      ]
    },
    "base_link": {
      "p": [
        -0.165286170914083,
        0.018889902699341,
        0.0359506969801568
      ],
      "q": [
        -0.0224792136527954,
        -0.00926876721579656,
        -0.0772168158709606,
        0.996717782651941
      ]
    },
    "connecting_link_0": {
      "p": [
        -0.1307090292482,
        -0.0188365627038627,
        0.0382167689998251
      ],
      "q": [
        -0.0240946220211732,
        -0.142370230236185,
        -0.415319025547562,
        0.898142680062793
      ]
    },
    "connecting_link_1": {
      "p": [
        -0.199863312579966,
        0.0566163681025448,
        0.0336846249604885
      ],
      "q": [
        0.125616529318489,
        0.0885664615432148,
        0.92293991960278,
        0.352928284861535
      ]
    },
    "connecting_link_2": {
      "p": [
        -0.120831048051798,
        0.044335565078576,
        0.0354404839058961
      ],
      "q": [
        0.0197253430218957,
        -0.20565483512925,
        0.16619333045423,
        0.9642078492437
      ]
    },
    "connecting_link_3": {
      "p": [
        -0.209741293776368,
        -0.0065557596798939,
        0.0364609100544175
      ],
      "q": [
        0.152664140880362,
        -0.0566459209612086,
        0.957217188366728,
        -0.239207345253053
      ]
    }
  },
  "contacts": [
    {
      "f": [
        -0.601954526580391,
        -0.313673809338242,
        0.848473363178857
      ],
      "link": "base_link",
      "p": [
        -0.195135872821858,
        0.0423083348400297,
        0.000498355748173876
      ]
    },
    {
      "f": [
        -0.296764549849158,
        0.0395972965314136,
        0.374243286387198
      ],
      "link": "base_link",
      "p": [
        -0.190626055921407,
        0.0448302889738308,
        0.000251513427225604
      ]
    },
    {
      "f": [
        0.640002820032461,
        -0.0241013922497145,
        0.800570584370413
      ],
      "link": "base_link",
      "p": [
        -0.195704437704418,
        0.0420257613871052,
        0.00086782807192997
      ]
    },
    {
      "f": [
        -0.0402500450146082,
        0.398739280920902,
        0.500957022035381
      ],
      "link": "base_link",
      "p": [
        -0.194677938427478,
        0.0456798996598042,
        0.00072498627679473
      ]
    }
  ],
  "idx": 828,
  "state": [
    -0.165286170914083,
    0.018889902699341,
    0.0359506969801568,
    0.996717782651941,
    -0.0224792136527954,
    -0.00926876721579656,
    -0.0772168158709606,
    -0.159925964309167,
    -0.0323768897336213,
    0.101549252380579,
    1.45450494508738,
    -4.23557337095345,
    -0.372259745556665,
    0.991413702015852,
    0.0513227498801018,
    -0.115234031955942,
    0.0344378378988051,
    0.981777097817613,
    0.125978235763208,
    -0.0937824547317,
    0.106995633085242,
    0.967426941684372,
    -0.0215859802812528,
    -0.205649087981062,
    -0.146039756816688,
    0.982540153645668,
    -0.124440914984372,
    -0.121672395117808,
    -0.0657657465410062,
    -0.0729792187868142,
    -0.336131751987879,
    -0.135782477279129,
    0.689120535018508,
    1.30715275392009,
    0.221484142653722,
    -0.132550237257869,
    0.476236872818512,
    -0.801408354278867,
    0.202034571142684,
    0.600150111372256,
    0.776499541116329
  ],
  "t": 0.828999999999925,
  "thrust": [
    0.0,
    0.0,
    0.0,
    0.0
  ]
}