{
  "T_W_L": {
    "arm_motor_0": {
      "p": [
        -0.132978578527923,
        -0.116923984460234,
        0.0497927701546353
      ],
      "q": [
        -0.412698041260571,
        -0.499495917528614,
        0.672971525465758,
        -0.356782119821365
      ]
    },
    "arm_motor_1": {
      "p": [
        -0.0862365919791906,
        0.111140349430378,
        0.0893544428848878
      ],
      "q": [
        -0.199846001795248,
        0.504746517980668,
        0.727825921329486,
        0.419001141279747
      ]
    },
    "arm_motor_2": {
      "p": [
        -0.0101629030803978,
        -0.0544902573828016,
        0.0104837601145441
      ],
      "q": [
        0.285861498282367,
        0.702931875721341,
        -0.135391626754022,
        0.637055012773259
      ]
    },
    "arm_motor_3": {
      "p": [
        -0.152527837488734,
        0.023774817265179,
        0.147237433439597
      ],
      "q": [
        -0.0656779186588102,
        0.0413330405411206,
        0.882886980015797,
        0.463129108649909
      ]
    },
    "base_link": {
      "p": [
        -0.107263526657262,
        -0.000631761865979542,
        0.0495902386912268
      ],
      "q": [
        0.00903248986705955,
        0.295188030368412,
        -0.487428847938295,
        0.82170284108768
      ]
    },
    "connecting_link_0": {
      "p": [
        -0.1190453839959,
        -0.0492494108376028,
        0.0385669884389642
      ],
      "q": [
        -0.184041145644538,
        0.10091389412768,
        -0.767684312760048,
        0.605480006791278
      ]
    },
    "connecting_link_1": {
      "p": [
        -0.0954816693186238,
        0.0479858871056437,
        0.0606134889434895
      ],
      "q": [
        0.373338181432987,
        0.0606311373206162,
        0.655963107557865,
        0.653188233968239
      ]
    },
    "connecting_link_2": {
      "p": [
        -0.0674373261306616,
        -0.0156709747000862,
        0.0210999626492949
      ],
      "q": [
        0.106398266521961,
        0.046581976513886,
        -0.297870941309255,
        0.947513815555594
      ]
    },
    "connecting_link_3": {
      "p": [
        -0.147089727183862,
        0.0144074509681271,
        0.0780805147331588
      ],
      "q": [
        0.577854068932619,
        -0.298254860037547,
        0.670736672248345,
        0.356708606544917
      ]
    }
  },
  "contacts": [
    {
      "f": [
        -0.238908669741144,
        -0.274722058997571,
        0.455091958731536
      ],
      "link": "base_link",
      "p": [
        -0.0935932462631987,
        -0.000933941107832153,
        0.000761840826935922
      ]
    },
    {
      "f": [
        -0.883601636943328,
        -0.477385992973365,
        1.25539413575484
      ],
      "link": "base_link",
      "p": [
        -0.0922649779421165,
        -0.00489241754451057,
        -0.00120825415490411
      ]
    },
    {
      "f": [
        -0.283148427070293,
        -0.35717214514269,
        0.569738115576759
      ],
      "link": "base_link",
      "p": [
        -0.0942741174357269,
        -0.00186749834886948,
        0.000368171569656649
      ]
    },
    {
      "f": [
        0.00729733610842059,
        0.185564948199145,
        0.232135470665941
      ],
      "link": "arm_motor_2",
      "p": [
        -0.023085635546591,
        -0.0605217633134149,
        0.000535729058668118
      ]
    }
  ],
  "idx": 2520,
  "state": [
    -0.107263526657262,
    -0.000631761865979542,
    0.0495902386912268,
    0.82170284108768,
    0.00903248986705955,
    0.295188030368412,
    -0.487428847938295,
    0.0402529509331016,
    0.063382881554125,
    0.00353983609951545,
    -0.947384798381791,
    -0.505860201074777,
    -0.953361236597974,
    0.980943846497144,
    0.0927965567548618,
    -0.16986909131028,
    -0.0168065728585085,
    0.984613346255913,
    0.0712194199647349,
    -0.0545880835485055,
    0.149948303521986,
    0.961972474777198,
    0.0595537546573857,
    -0.232754762715699,
    -0.129952023879586,
    0.874547861438252,
    -0.21822208966047,
    -0.363117656498775,
    -0.235988824262582,
    -0.186380353706306,
    0.679035732522028,
    -0.2993334713768,
    0.370463578521707,
    0.202898812431127,
    0.260959891110418,
    -0.222081335228922,
    0.100668558543482,
    -0.265578275062273,
    0.0943827296974187,
    -0.210675488749795,
    -0.0154641170428663
  ],
  "t": 2.5210000000009,
  "thrust": [
    0.0,
    0.0,
    0.0,
    0.0
  ]
}