{
  "T_W_L": {
    "arm_motor_0": {
      "p": [
        -0.175792278763295,
        -0.0814070848773844,
        0.0801119674032161
      ],
      "q": [
        -0.46934991515134,
        -0.273324814827882,
        0.765309194347929,
        -0.345407063901792
      ]
    },
    "arm_motor_1": {
      "p": [
        -0.0615110548416472,
        0.120947378528701,
        0.0361927531309433
      ],
      "q": [
        -0.239462134879927,
        0.623252918492447,
        0.447174013323552,
        0.59518827891475
      ]
    },
    "arm_motor_2": {
      "p": [
        -0.0379971733446749,
        -0.0715513160362164,
        0.0335164413945013
      ],
      "q": [
        0.244011230689869,
        0.639576982898804,
        -0.385049981128768,
        0.618980059675604
      ]
    },
    "arm_motor_3": {
      "p": [
        -0.1740603391748,
        0.0949666026913293,
        0.100336591298464
      ],
      "q": [
        -0.263059821953422,
        0.2786330152232,
        0.849604385677981,
        0.362402484453682
      ]
    },
    "base_link": {
      "p": [
        -0.118587414106431,
        0.01627485118713,
        0.0400071080863508
      ],
      "q": [
        -0.140590032209626,
        0.107485848396229,
        -0.612196996811936,
        0.770646528787541
      ]
    },
    "connecting_link_0": {
      "p": [
        -0.138721751052219,
        -0.029425817082116,
        0.0514113790186734
      ],
      "q": [
        0.209274813274991,
        0.0509698471233397,
        0.873035828780678,
        -0.437509507186045
      ]
    },
    "connecting_link_1": {
      "p": [
        -0.0984530771606436,
        0.061975519456376,
        0.0286028371540281
      ],
      "q": [
        0.146874477780483,
        0.0198446969569465,
        0.485525076602492,
        0.861568033163686
      ]
    },
    "connecting_link_2": {
      "p": [
        -0.0802672164424053,
        -0.0159283092500849,
        0.0291204690804423
      ],
      "q": [
        -0.0997294568454227,
        0.0145642240827031,
        -0.444813448658385,
        0.88993421931445
      ]
    },
    "connecting_link_3": {
      "p": [
        -0.156907611770457,
        0.0484780116243449,
        0.0508937470922593
      ],
      "q": [
        0.414749638477741,
        -0.0592339597492715,
        0.786772406399722,
        0.453280548802831
      ]
    }
  },
  "contacts": [
    {
      "f": [
        0.389522379527677,
        0.134475353080496,
        0.515102090516754
      ],
      "link": "base_link",
      "p": [
        -0.101252705402876,
        -0.009877454417966,
        0.000173138888685559
      ]
    },
    {
      "f": [
        0.0073661771427831,
        -0.519949935989345,
        0.650002640019906
      ],
      "link": "base_link",
      "p": [
        -0.115644366124053,
        0.0472953696198373,
        -0.000223614295176061
      ]
    },
    {
      "f": [
        0.277935619253557,
        0.0774862177012144,
        0.360668481744962
      ],
      "link": "base_link",
      "p": [
        -0.100568226792406,
        -0.014427081576207,
        0.00055718110355913
      ]
    },
    {
      "f": [
        -0.466573308440443,
        0.103175404544322,
        0.597306213674079
      ],
      "link": "base_link",
      "p": [
        -0.102068500317523,
        -0.0107853898504604,
        0.000158236954007324
      ]
    },
    {
      "f": [
        0.30356950429165,
        0.0751611493921817,
        0.390919673482113
      ],
      "link": "base_link",
      "p": [
        -0.116212032097578,
        0.0513996349063958,
        0.000219701055396704
      ]
    }
  ],
  "idx": 3185,
  "state": [
    -0.118587414106431,
    0.01627485118713,
    0.0400071080863508,
    0.770646528787541,
    -0.140590032209626,
    0.107485848396229,
    -0.612196996811936,
    -0.056517182521287,
    -0.0152158027849115,
    -0.016636971135541,
    1.46119811337298,
    0.0437640857258078,
    0.0164898368717238,
    0.993728513246925,
    0.0584367957439407,
    -0.0750317517019121,
    -0.0588134261863751,
    0.983403555692329,
    0.0136282639454918,
    -0.178340279935093,
    0.0304378321532503,
    0.973595753014581,
    0.0487771556841791,
    -0.109987729375998,
    -0.193996902506317,
    0.925431264203352,
    -0.0830152047331293,
    -0.328267371034929,
    -0.170076406746845,
    -0.1293463883367,
    0.405499498649146,
    -0.125598294790401,
    0.14755697079621,
    0.380595032761213,
    0.0475238629358279,
    -0.219557100063869,
    0.67787377764945,
    -0.124642030370105,
    0.312855513491141,
    0.252168932757654,
    0.0512147219028857
  ],
  "t": 3.1860000000023,
  "thrust": [
    0.0,
    0.0,
    0.0,
    0.0
  ]
}