{
  "T_W_L": {
    "arm_motor_0": {
      "p": [
        -0.014347937684763,
        -0.0673810718525938,
        0.0462598488052149
      ],
      "q": [
        0.03450896288291,
        0.918510655211186,
        -0.371880153852032,
        0.129817020899619
      ]
    },
    "arm_motor_1": {
      "p": [
        -0.0421974347412362,
        0.100388310603627,
        0.218086502564889
      ],
      "q": [
        -0.0175638759788612,
        0.390645542891106,
        0.920359531053586,
        0.00508956567260741
      ]
    },
    "arm_motor_2": {
      "p": [
        -0.0137806127667333,
        0.0860191000022544,
        0.035827677364112
      ],
      "q": [
        0.0221591457536616,
        0.943323961601464,
        0.313579446702557,
        0.106380479100749
      ]
    },
    "arm_motor_3": {
      "p": [
        -0.0428582618512255,
        -0.0578913092683268,
        0.227903726829716
      ],
      "q": [
        -0.00416122929655739,
        -0.334348862574846,
        0.94177683948195,
        0.0353540221338109
      ]
    },
    "base_link": {
      "p": [
        -0.0347286639918635,
        0.0155538589111907,
        0.13201673423736
      ],
      "q": [
        -0.0217413300973189,
        0.654323690101942,
        -0.0233997194836654,
        0.755539725140289
      ]
    },
    "connecting_link_0": {
      "p": [
        -0.0292446542744694,
        -0.0189332690183292,
        0.0945392257210181
      ],
      "q": [
        -0.238557456911248,
        0.557690617100373,
        -0.287360500243689,
        0.741279608683485
      ]
    },
    "connecting_link_1": {
      "p": [
        -0.0402126737092576,
        0.0500409868407106,
        0.169494242753701
      ],
      "q": [
        0.638372929729089,
        0.272629246018206,
        0.663212001346234,
        0.279826978818996
      ]
    },
    "connecting_link_2": {
      "p": [
        -0.0288025998373435,
        0.0449361412464625,
        0.0904768347621938
      ],
      "q": [
        0.237403035431819,
        0.59180841194614,
        0.206065270976389,
        0.742253128262167
      ]
    },
    "connecting_link_3": {
      "p": [
        -0.0406547281463835,
        -0.0138284234240811,
        0.173556633712526
      ],
      "q": [
        0.662994356108454,
        -0.26141941680172,
        0.668879223015789,
        -0.211421279215646
      ]
    }
  },
  "contacts": [],
  "idx": 400,
  "state": [
    -0.0347286639918635,
    0.0155538589111907,
    0.13201673423736,
    0.755539725140289,
    -0.0217413300973189,
    0.654323690101942,
    -0.0233997194836654,
    -0.271346999397341,
    0.121056803905435,
    -0.477275554755648,
    0.0342859817279513,
    -1.3471810695508,
    -0.607491428972551,
    0.99711264492004,
    0.034141958592996,
    -0.0540637689515431,
    0.040961065547049,
    0.998295719054222,
    0.0400156950801235,
    -0.0354502962722956,
    0.0234025203658676,
    0.997243788618325,
    0.0289223760624631,
    -0.0525307921644653,
    -0.0436902517690748,
    0.995959141682181,
    -0.0785613405673133,
    -0.0375714459921403,
    -0.021952000228209,
    0.164177570043146,
    -0.270562544867142,
    0.176007986090463,
    0.200302114129118,
    -0.281273377385041,
    0.169692748077187,
    0.137918654960313,
    -0.244319968296347,
    -0.203537707434941,
    -0.511529119956769,
    -0.318148291451268,
    -0.142905089593684
  ],
  "t": 0.400999999999972,
  "thrust": [
    0.0,
    0.0,
    0.0,
    0.0
  ]
}