{
  "T_W_L": {
    "arm_motor_0": {
      "p": [
        -0.13635938902309,
        -0.13003730926697,
        0.0202126663148929
      ],
      "q": [
        0.566714705200894,
        0.427849452423993,
        -0.444795290663997,
        0.545835541507407
      ]
    },
    "arm_motor_1": {
      "p": [
        -0.167265070417046,
        0.0680136350085961,
        0.128939745940539
      ],
      "q": [
        -0.333549327477746,
        0.174293638894446,
        0.719195151797503,
        0.584058992920272
      ]
    },
    "arm_motor_2": {
      "p": [
        -0.0379103691488666,
        -0.0622654507057439,
        0.0756918062023373
      ],
      "q": [
        0.353920652470875,
        0.432794673565155,
        0.0355345626288422,
        0.828351517863641
      ]
    },
    "arm_motor_3": {
      "p": [
        -0.239242616039497,
        -0.0299366713530828,
        0.0989371044595554
      ],
      "q": [
        -0.28911433592799,
        -0.260232572676701,
        0.848681494551772,
        0.358373589546375
      ]
    },
    "base_link": {
      "p": [
        -0.1408484176666,
        -0.0184485993674977,
        0.049785995749242
      ],
      "q": [
        0.29006709202893,
        0.089554320010923,
        -0.359219284225984,
        0.882497938654495
      ]
    },
    "connecting_link_0": {
      "p": [
        -0.133764265796464,
        -0.0600879263306832,
        0.0208035658591554
      ],
      "q": [
        0.086210044777334,
        -0.0834287636765621,
        -0.715245577314041,
        0.688499261948475
      ]
    },
    "connecting_link_1": {
      "p": [
        -0.147932569536736,
        0.0231907275956878,
        0.0787684256393286
      ],
      "q": [
        0.272692777512776,
        -0.289747860526968,
        0.744402760152229,
        0.536236288486852
      ]
    },
    "connecting_link_2": {
      "p": [
        -0.0898619247995273,
        -0.0233746350715406,
        0.0494517542819863
      ],
      "q": [
        0.275386423565476,
        -0.279700926948211,
        -0.225132963162771,
        0.891765024026889
      ]
    },
    "connecting_link_3": {
      "p": [
        -0.191834910533673,
        -0.0135225636634549,
        0.0501202372164977
      ],
      "q": [
        0.395673732392165,
        -0.437420612191722,
        0.804543147338019,
        0.0693961785410896
      ]
    }
  },
  "contacts": [
    {
      "f": [
        -0.250461969708912,
        -0.114790442016955,
        0.344392680691578
      ],
      "link": "base_link",
      "p": [
        -0.133378938233364,
        -0.0295055588812081,
        0.000657253739206505
      ]
    },
    {
      "f": [
        0.872355717591218,
        -0.021899823859405,
        1.09078820433549
      ],
      "link": "base_link",
      "p": [
        -0.130547222627534,
        -0.0323461281023184,
        -0.000472489562513612
      ]
    },
    {
      "f": [
        -0.231996730628328,
        -0.812746607963423,
        1.05651219510404
      ],
      "link": "base_link",
      "p": [
        -0.12965494933563,
        -0.0317237963049691,
        -0.000227585241274038
      ]
    }
  ],
  "idx": 2075,
  "state": [
    -0.1408484176666,
    -0.0184485993674977,
    0.049785995749242,
    0.882497938654495,
    0.29006709202893,
    0.0895543200109229,
    -0.359219284225984,
    0.0861695244262227,
    0.0217447043392909,
    0.00466080617815813,
    -1.23793408413518,
    0.637670859786743,
    -1.05031126205412,
    0.949610619174208,
    0.0919603878818152,
    -0.299382075990575,
    0.0123827132639169,
    0.984207252092459,
    0.0562739980884846,
    -0.109310487981657,
    0.127359880986755,
    0.93949263363854,
    -0.0151556715648232,
    -0.310945980662571,
    -0.142956266277945,
    0.88718407302969,
    -0.173939903508,
    -0.376204233058838,
    -0.202779943679567,
    -0.269281580623323,
    -0.0615746283585286,
    -0.553404640222383,
    -0.0322673331120219,
    0.0273416480630752,
    -0.0723120305991914,
    0.718668871663242,
    0.516652520892554,
    0.0947747328212483,
    -0.484216169365091,
    0.147538292857883,
    -0.296900801442419
  ],
  "t": 2.07599999999996,
  "thrust": [
    0.0,
    0.0,
    0.0,
    0.0
  ]
}