{
  "T_W_L": {
    "arm_motor_0": {
      "p": [
        -0.149132518196629,
        -0.0724177356181278,
        0.108256357016567
      ],
      "q": [
        -0.348353142989423,
        -0.290918441026954,
        0.828744003377267,
        -0.32741399680841
      ]
    },
    "arm_motor_1": {
      "p": [
        -0.0651541095260033,
        0.130180361573193,
        0.0156439066000603
      ],
      "q": [
        -0.236788221770606,
        0.721211421283419,
        0.497534255886059,
        0.419815540518656
      ]
    },
    "arm_motor_2": {
      "p": [
        -0.0212003281764935,
        -0.0600345331099241,
        0.0306427656754455
      ],
      "q": [
        0.117488862129018,
        0.690169426629095,
        -0.401483088388685,
        0.590486121394887
      ]
    },
    "arm_motor_3": {
      "p": [
        -0.139357314915874,
        0.102844108446595,
        0.115069275036943
      ],
      "q": [
        -0.143050273326667,
        0.340292181831276,
        0.840262899486119,
        0.397109695213875
      ]
    },
    "base_link": {
      "p": [
        -0.10654976301146,
        0.0216655621404152,
        0.0467039937486505
      ],
      "q": [
        -0.256050315835827,
        0.177678211634444,
        -0.58923209743624,
        0.745435593610641
      ]
    },
    "connecting_link_0": {
      "p": [
        -0.122050244966281,
        -0.0226963704533433,
        0.0670940402349899
      ],
      "q": [
        0.339687635000285,
        0.0258062549762392,
        0.832333374311221,
        -0.437227059820995
      ]
    },
    "connecting_link_1": {
      "p": [
        -0.091049281056638,
        0.0660274947341737,
        0.0263139472623111
      ],
      "q": [
        0.184375288890536,
        0.213119071110456,
        0.519244403528735,
        0.80682790220693
      ]
    },
    "connecting_link_2": {
      "p": [
        -0.071651522902834,
        -0.0115291677511017,
        0.0292620115003524
      ],
      "q": [
        -0.200814243206037,
        0.0704867411021971,
        -0.366968585456677,
        0.905560222371933
      ]
    },
    "connecting_link_3": {
      "p": [
        -0.141448003120085,
        0.0548602920319321,
        0.0641459759969487
      ],
      "q": [
        0.49300377588623,
        -0.0401760490029932,
        0.695307412525981,
        0.521421867718314
      ]
    }
  },
  "contacts": [
    {
      "f": [
        1.17990098047464,
        1.34569760663917,
        2.23713976577774
      ],
      "link": "arm_motor_1",
      "p": [
        -0.0416601622897805,
        0.122145605802731,
        -0.00347427953155547
      ]
    }
  ],
  "idx": 2967,
  "state": [
    -0.10654976301146,
    0.0216655621404152,
    0.0467039937486505,
    0.745435593610641,
    -0.256050315835827,
    0.177678211634444,
    -0.58923209743624,
    -0.0779733017070066,
    -0.0518912088050242,
    -0.162964380936965,
    0.625601503030564,
    -0.535530867551537,
    -0.431577288607592,
    0.994812278823999,
    0.05229795711112,
    -0.0692132397992275,
    -0.0531317326980776,
    0.987002600394712,
    0.0401600975158974,
    -0.119955924923153,
    0.0991141234003607,
    0.975261097835406,
    0.0469979859995302,
    -0.163120965253815,
    -0.141592835466811,
    0.893208535453817,
    -0.162874073461592,
    -0.366731391792864,
    -0.202875909511567,
    0.0759649119885037,
    -0.300365492018662,
    -0.149115748499626,
    -1.53984521847644,
    -2.11306149898181,
    -1.1326919603129,
    -0.0852919324836554,
    0.358708237815055,
    -0.621362097285198,
    0.876245301402583,
    0.434193158195582,
    0.167162063365137
  ],
  "t": 2.96800000000184,
  "thrust": [
    0.0,
    0.0,
    0.0,
    0.0
  ]
}