{
  "T_W_L": {
    "arm_motor_0": {
      "p": [
        -0.00245193871746502,
        -0.0769803285382298,
        0.0400325524217689
      ],
      "q": [
        0.00744973143608739,
        0.929211540602173,
        -0.367960407030949,
        0.0333998977675791
      ]
    },
    "arm_motor_1": {
      "p": [
        -0.00720792515234735,
        0.0847495582434866,
        0.220169971989968
      ],
      "q": [
        0.00651698103604005,
        0.381388332463762,
        0.924341835616968,
        -0.00962495438646547
      ]
    },
    "arm_motor_2": {
      "p": [
        -0.00254459064248485,
        0.0820983114774441,
        0.0389800842200982
      ],
      "q": [
        0.0180839068673132,
        0.931677865545961,
        0.362129466119251,
        0.0226180665027504
      ]
    },
    "arm_motor_3": {
      "p": [
        -0.0071958500333252,
        -0.0774016338013625,
        0.221106752169377
      ],
      "q": [
        0.00921700808287818,
        -0.376005098117481,
        0.926430252735172,
        0.0161925837564194
      ]
    },
    "base_link": {
      "p": [
        -0.00697525253604414,
        0.00315423205322582,
        0.130730500386631
      ],
      "q": [
        -0.00206045718099673,
        0.702110965115772,
        -0.00204870932151725,
        0.712061619503903
      ]
    },
    "connecting_link_0": {
      "p": [
        -0.00641314971233528,
        -0.0290776657629629,
        0.0909210944179116
      ],
      "q": [
        -0.25491954340327,
        0.633434487314203,
        -0.265455054636222,
        0.680669075718988
      ]
    },
    "connecting_link_1": {
      "p": [
        -0.007537355359753,
        0.0353861298694145,
        0.170539906355351
      ],
      "q": [
        0.658216581582627,
        0.276488146665836,
        0.649000178615731,
        0.262876405635275
      ]
    },
    "connecting_link_2": {
      "p": [
        -0.00641159608706258,
        0.0349212535722462,
        0.0905491784171191
      ],
      "q": [
        0.26885145433661,
        0.642802348407534,
        0.243276947984163,
        0.674789124810381
      ]
    },
    "connecting_link_3": {
      "p": [
        -0.0075389089850257,
        -0.0286127894657946,
        0.170911822356144
      ],
      "q": [
        0.661602522923062,
        -0.277325640418679,
        0.648567705087753,
        -0.254425868860488
      ]
    }
  },
  "contacts": [],
  "idx": 301,
  "state": [
    -0.00697525253604414,
    0.00315423205322582,
    0.130730500386631,
    0.712061619503903,
    -0.00206045718099673,
    0.702110965115772,
    -0.00204870932151725,
    -0.294457304657034,
    0.131668025562558,
    0.506610058725254,
    0.00183127512674588,
    -1.04874905541082,
    -0.464720299260355,
    0.999454695224868,
    0.0148570341322746,
    -0.0228932350024856,
    0.0185871063073529,
    0.999830307360976,
    0.0163549727701723,
    -0.00729212813388211,
    0.00432391205065658,
    0.999472075205488,
    0.0130010954556042,
    -0.0227169547172124,
    -0.0192479185826983,
    0.999689052842028,
    -0.0234246168802684,
    -0.00737648101090391,
    -0.00432116647659278,
    0.865250328514508,
    -1.38386477563381,
    1.06745410683912,
    1.04199990771824,
    -0.836173599610519,
    0.595686207635761,
    0.720811141140693,
    -1.37289872030404,
    -1.12261188443249,
    -1.96628222181239,
    -0.857445946854305,
    -0.588890994209207
  ],
  "t": 0.301999999999983,
  "thrust": [
    0.0,
    0.0,
    0.0,
    0.0
  ]
}