{
  "T_W_L": {
    "arm_motor_0": {
      "p": [
        -0.136333534805069,
        -0.129091593344476,
        0.0224115060116736
      ],
      "q": [
        0.539822929859763,
        0.450738978292551,
        -0.493720960519242,
        0.511532199367124
      ]
    },
    "arm_motor_1": {
      "p": [
        -0.149783070644466,
        0.073439600250729,
        0.127962438212379
      ],
      "q": [
        -0.299946668174807,
        0.228460957655761,
        0.730341823206795,
        0.569594951130029
      ]
    },
    "arm_motor_2": {
      "p": [
        -0.0277348123897162,
        -0.0594870154500034,
        0.0621248187153474
      ],
      "q": [
        0.352101015969113,
        0.4905459182242,
        0.0280053195763093,
        0.796621163880626
      ]
    },
    "arm_motor_3": {
      "p": [
        -0.22559641875595,
        -0.0238758448415187,
        0.111752994641427
      ],
      "q": [
        -0.24011552380925,
        -0.215838290046537,
        0.861914556808358,
        0.390975273562727
      ]
    },
    "base_link": {
      "p": [
        -0.134316157913176,
        -0.0165578591251082,
        0.0497585505673987
      ],
      "q": [
        0.25130929790612,
        0.137300986099639,
        -0.383045045152479,
        0.878218975760678
      ]
    },
    "connecting_link_0": {
      "p": [
        -0.131299919570282,
        -0.0592769404804321,
        0.0216519251133164
      ],
      "q": [
        0.0325990151467366,
        -0.0429872988720031,
        -0.73082589354092,
        0.680428475063521
      ]
    },
    "connecting_link_1": {
      "p": [
        -0.13733239625607,
        0.0261612222302158,
        0.077865176021481
      ],
      "q": [
        0.304335332712954,
        -0.241218160078903,
        0.728523978834388,
        0.564310744868425
      ]
    },
    "connecting_link_2": {
      "p": [
        -0.0838244070400378,
        -0.0221415638186634,
        0.0431702779819541
      ],
      "q": [
        0.268775767436137,
        -0.216427881756997,
        -0.229170264672728,
        0.910164572276424
      ]
    },
    "connecting_link_3": {
      "p": [
        -0.184807908786314,
        -0.0109741544315529,
        0.0563468231528433
      ],
      "q": [
        0.439678312768907,
        -0.429081985744085,
        0.779252943076268,
        0.123840548680855
      ]
    }
  },
  "contacts": [
    {
      "f": [
        -0.195829381393517,
        -0.0943406178710355,
        0.27171129783414
      ],
      "link": "base_link",
      "p": [
        -0.133218159577066,
        -0.0294289332935343,
        0.00051616417534036
      ]
    },
    {
      "f": [
        0.87556634452046,
        -0.0298224189035314,
        1.09509260476439
      ],
      "link": "base_link",
      "p": [
        -0.130575636356518,
        -0.0323432884761071,
        -0.000857652260241336
      ]
    },
    {
      "f": [
        0.289713308064915,
        0.858587719780762,
        1.13268670744899
      ],
      "link": "base_link",
      "p": [
        -0.129654469343686,
        -0.0317241481173694,
        -0.000750213111633334
      ]
    }
  ],
  "idx": 2152,
  "state": [
    -0.134316157913176,
    -0.0165578591251082,
    0.0497585505673987,
    0.878218975760678,
    0.25130929790612,
    0.137300986099639,
    -0.383045045152479,
    0.084252277481809,
    0.027658860142982,
    -0.00570019714128854,
    -1.27191661225807,
    0.493769302236792,
    -1.0400632911337,
    0.952852531914561,
    0.0920910608261142,
    -0.28911831085459,
    -0.00137523398730701,
    0.984871680500429,
    0.0546398045903546,
    -0.104902355831866,
    0.126640279704026,
    0.945863302957703,
    0.009214993813576,
    -0.295713211485303,
    -0.133459329235574,
    0.88435094038668,
    -0.185139401521074,
    -0.369666491829954,
    -0.216779844680608,
    -0.00446652294900162,
    0.466601338783054,
    -0.218431144530025,
    -0.0352182551123616,
    0.179933585004725,
    0.00260359442999287,
    0.539706484846098,
    0.502161104869381,
    0.0619196252588186,
    -0.425661690647618,
    0.108984810395998,
    -0.129519252537931
  ],
  "t": 2.15300000000012,
  "thrust": [
    0.0,
    0.0,
    0.0,
    0.0
  ]
}