{
  "T_W_L": {
    "arm_motor_0": {
      "p": [
        -0.169976194404259,
        -0.0798218318121573,
        0.0869122014168301
      ],
      "q": [
        -0.435581817443445,
        -0.275066321684229,
        0.783888787454855,
        -0.346591067239666
      ]
    },
    "arm_motor_1": {
      "p": [
        -0.0591717494185648,
        0.121303492450487,
        0.0323941777024221
      ],
      "q": [
        -0.229406868155805,
        0.640860661150256,
        0.448610948677055,
        0.579153104593315
      ]
    },
    "arm_motor_2": {
      "p": [
        -0.0354184822019842,
        -0.0703872875675508,
        0.0327488892041593
      ],
      "q": [
        0.222241639917112,
        0.645601409681024,
        -0.396613731135858,
        0.613600050178715
      ]
    },
    "arm_motor_3": {
      "p": [
        -0.167217109650414,
        0.0964531172128909,
        0.103348969919947
      ],
      "q": [
        -0.237138858928878,
        0.293864579658971,
        0.853092695454985,
        0.360057805593927
      ]
    },
    "base_link": {
      "p": [
        -0.116123060434323,
        0.0169770257485372,
        0.0406637925021719
      ],
      "q": [
        -0.165881929311449,
        0.125719042860649,
        -0.608705507144702,
        0.765607937107385
      ]
    },
    "connecting_link_0": {
      "p": [
        -0.135520490223613,
        -0.0284992076827884,
        0.0540672215585419
      ],
      "q": [
        0.246290220429607,
        0.0505756326048913,
        0.862295934181249,
        -0.439578155282809
      ]
    },
    "connecting_link_1": {
      "p": [
        -0.096725630645033,
        0.0624532591798629,
        0.0272603634458018
      ],
      "q": [
        0.155000691800338,
        0.0436338316918655,
        0.479430996047814,
        0.862680006898215
      ]
    },
    "connecting_link_2": {
      "p": [
        -0.0785380581916069,
        -0.0154482264220368,
        0.0280158429414835
      ],
      "q": [
        -0.123299688150455,
        0.0226283783112714,
        -0.437596829445272,
        0.890389891146821
      ]
    },
    "connecting_link_3": {
      "p": [
        -0.153708062677039,
        0.0494022779191112,
        0.0533117420628603
      ],
      "q": [
        0.43554513470548,
        -0.0468056789272209,
        0.77091012516838,
        0.462392952982007
      ]
    }
  },
  "contacts": [
    {
      "f": [
        -0.346830865205161,
        -0.260835290829885,
        0.542457800779919
      ],
      "link": "base_link",
      "p": [
        -0.101253560900271,
        -0.00987795206324688,
        0.000304302085723129
      ]
    },
    {
      "f": [
        -0.316787732653357,
        -0.362270713119924,
        0.601553376091943
      ],
      "link": "base_link",
      "p": [
        -0.115645555241528,
        0.0472939130017694,
        -0.000203106752183886
      ]
    },
    {
      "f": [
        0.290988364898937,
        0.0794104513597204,
        0.377036653332006
      ],
      "link": "base_link",
      "p": [
        -0.100546655877761,
        -0.0144209410881305,
        0.000724590889923583
      ]
    },
    {
      "f": [
        0.258222574505125,
        -0.393799811134578,
        0.588638775632078
      ],
      "link": "base_link",
      "p": [
        -0.102068694449961,
        -0.0107851875496703,
        0.000355009366700729
      ]
    },
    {
      "f": [
        0.313975478728771,
        0.0555460599783821,
        0.398563761410272
      ],
      "link": "base_link",
      "p": [
        -0.116185284427786,
        0.0514058030745738,
        0.000202872477179455
      ]
    }
  ],
  "idx": 3140,
  "state": [
    -0.116123060434323,
    0.0169770257485372,
    0.0406637925021719,
    0.765607937107385,
    -0.165881929311449,
    0.125719042860649,
    -0.608705507144702,
    -0.0530947972701284,
    -0.016298743837964,
    -0.0126019328887364,
    1.36612039000967,
    0.085099429296954,
    0.0361748075676207,
    0.993031216413984,
    0.0603551820693754,
    -0.0841737695013429,
    -0.056223053569436,
    0.982284932796327,
    0.01130279338573,
    -0.184670864963308,
    0.0297528031737919,
    0.972118854315897,
    0.0501938800556221,
    -0.125867771524114,
    -0.191370874429899,
    0.922741622691484,
    -0.0907969061946921,
    -0.332278999733285,
    -0.17290021953256,
    -0.101170313592261,
    0.372213835256678,
    -0.13421700618111,
    0.0766201540701659,
    0.171989651973309,
    -0.0467706084754832,
    -0.203691295862943,
    0.670623779416096,
    -0.14271512041754,
    0.380421837526188,
    0.259962456851754,
    0.0250769131721655
  ],
  "t": 3.1410000000022,
  "thrust": [
    0.0,
    0.0,
    0.0,
    0.0
  ]
}