{
  "T_W_L": {
    "arm_motor_0": {
      "p": [
        -0.194478985025079,
        -0.0830259900135243,
        0.0102927623097167
      ],
      "q": [
        0.777118417077205,
        0.263921778266945,
        -0.487347061275975,
        0.298203123158536
      ]
    },
    "arm_motor_1": {
      "p": [
        -0.0771247358249616,
        0.11796212369569,
        0.0118093006361728
      ],
      "q": [
        -0.413570764804594,
        0.702977729375505,
        0.286619370701929,
        0.502623985539322
      ]
    },
    "arm_motor_2": {
      "p": [
        -0.0478123041006151,
        -0.0667488377171148,
        0.0111824896286188
      ],
      "q": [
        0.412669193708862,
        0.71042531412607,
        -0.18852804234714,
        0.538012255307727
      ]
    },
    "arm_motor_3": {
      "p": [
        -0.209786910511597,
        0.103766970141189,
        0.0293005718214011
      ],
      "q": [
        0.665287633971843,
        -0.299809492747959,
        -0.573224048065001,
        -0.372720837708776
      ]
    },
    "base_link": {
      "p": [
        -0.131235900247069,
        0.0140382783504126,
        0.0347660658021662
      ],
      "q": [
        0.00386716555667142,
        -0.00889625579793917,
        -0.614521908526824,
        0.788840114094032
      ]
    },
    "connecting_link_0": {
      "p": [
        -0.152475614066264,
        -0.0325755001221052,
        0.0345922457982999
      ],
      "q": [
        -0.204899290680669,
        0.024240571441039,
        0.894112114319825,
        -0.397482329671777
      ]
    },
    "connecting_link_1": {
      "p": [
        -0.109996186427874,
        0.0606520568229304,
        0.0349398858060326
      ],
      "q": [
        -0.0897681916510801,
        0.141671490902678,
        0.49510919293659,
        0.852489148026405
      ]
    },
    "connecting_link_2": {
      "p": [
        -0.0904307975361419,
        -0.0169149728938035,
        0.0356824882828615
      ],
      "q": [
        0.158491728070834,
        0.121914443055566,
        -0.425110642445809,
        0.882778671234689
      ]
    },
    "connecting_link_3": {
      "p": [
        -0.172041002957996,
        0.0449915295946287,
        0.0338496433214709
      ],
      "q": [
        -0.0650987858950789,
        -0.0515561064472253,
        0.87576000894701,
        0.475550757219587
      ]
    }
  },
  "contacts": [
    {
      "f": [
        0.275206232457515,
        0.0103366997103467,
        0.344250357989015
      ],
      "link": "base_link",
      "p": [
        -0.119446933931263,
        0.0516116849339664,
        0.000920009050282423
      ]
    },
    {
      "f": [
        0.252611401381986,
        0.160026924885192,
        0.373792089595735
      ],
      "link": "base_link",
      "p": [
        -0.115351157562145,
        0.0484536573876873,
        0.000814604064054425
      ]
    },
    {
      "f": [
        0.143388601294637,
        0.392205669177786,
        0.52199374085751
      ],
      "link": "base_link",
      "p": [
        -0.145793728525405,
        -0.020759217523411,
        0.000577080954562062
      ]
    },
    {
      "f": [
        -0.549355835954434,
        0.0924577653682067,
        0.69635240817114
      ],
      "link": "base_link",
      "p": [
        -0.161325912592364,
        0.0413109279700472,
        0.000558284385292429
      ]
    },
    {
      "f": [
        0.426211644463393,
        0.221217333312439,
        0.600251866971868
      ],
      "link": "arm_motor_0",
      "p": [
        -0.217575239402383,
        -0.064628101562174,
        -0.000200503733943737
      ]
    }
  ],
  "idx": 4530,
  "state": [
    -0.131235900247069,
    0.0140382783504126,
    0.0347660658021662,
    0.788840114094032,
    0.00386716555667142,
    -0.00889625579793917,
    -0.614521908526824,
    -0.00304894621902122,
    0.00104429003065794,
    -0.00598144836465408,
    0.0791019060539296,
    -0.0517209545669724,
    -7.85060842538005e-05,
    0.975338565259493,
    0.113424781669839,
    0.162659061277152,
    -0.0969099159278256,
    0.985357029817932,
    0.00106804316602473,
    0.170123702249771,
    0.011327356488162,
    0.962831474143997,
    0.116094862733331,
    0.168149101763301,
    -0.17664488337006,
    0.971272014796532,
    -0.0622459677921283,
    0.0406316239395233,
    -0.226064556936165,
    -0.0168714331524244,
    -0.0803504465914396,
    -0.214059021631431,
    0.0928958709089493,
    0.281333395462076,
    -0.246403037012251,
    -0.136950507461954,
    0.129330067613518,
    0.201262010139542,
    -0.0888430476478355,
    0.701160284888864,
    -0.347246481661428
  ],
  "t": 4.53100000000278,
  "thrust": [
    0.0,
    0.0,
    0.0,
    0.0
  ]
}