{
  "T_W_L": {
    "arm_motor_0": {
      "p": [
        -0.203580426723985,
        -0.0877196328441043,
        0.0138761524232018
      ],
      "q": [
        0.754694448619264,
        0.223653413118853,
        -0.502729005124784,
        0.357321966061139
      ]
    },
    "arm_motor_1": {
      "p": [
        -0.0915378566970247,
        0.117930033895122,
        0.068996955971438
      ],
      "q": [
        -0.354739638432552,
        0.467377229277491,
        0.352378718741556,
        0.729073077994036
      ]
    },
    "arm_motor_2": {
      "p": [
        -0.056564726740201,
        -0.0713734838851513,
        0.0561788017569527
      ],
      "q": [
        0.389915615258657,
        0.548724274728854,
        -0.171302677570219,
        0.719390628211148
      ]
    },
    "arm_motor_3": {
      "p": [
        -0.224096297661488,
        0.0951698381755513,
        0.0470024234491653
      ],
      "q": [
        -0.581220921947654,
        0.166907134254473,
        0.65906655631022,
        0.447163865689824
      ]
    },
    "base_link": {
      "p": [
        -0.141697267777926,
        0.012219874216313,
        0.0389071913822366
      ],
      "q": [
        0.109084378350993,
        -0.104310562000546,
        -0.607219724126869,
        0.780066735405502
      ]
    },
    "connecting_link_0": {
      "p": [
        -0.161651755038994,
        -0.0342247981604551,
        0.0306179908199044
      ],
      "q": [
        -0.178166473719622,
        0.0945179402168833,
        0.889132650965425,
        -0.410811630320598
      ]
    },
    "connecting_link_1": {
      "p": [
        -0.121742780516859,
        0.0586645465930812,
        0.0471963919445687
      ],
      "q": [
        -0.00166942232334039,
        -0.185046909235838,
        0.500008185459303,
        0.846018125624425
      ]
    },
    "connecting_link_2": {
      "p": [
        -0.102478218391032,
        -0.0189435431164786,
        0.0496173540948469
      ],
      "q": [
        0.154582690694607,
        -0.12067933586771,
        -0.396841260585236,
        0.896692647192596
      ]
    },
    "connecting_link_3": {
      "p": [
        -0.180916317164821,
        0.0433832915491046,
        0.0281970286696263
      ],
      "q": [
        0.0550451759435392,
        -0.198171435271114,
        0.877015686496905,
        0.434213768190617
      ]
    }
  },
  "contacts": [
    {
      "f": [
        -0.183395503982737,
        -0.607541958371699,
        0.793273618919571
      ],
      "link": "base_link",
      "p": [
        -0.14590624622212,
        -0.0208081067670009,
        0.000395897703600309
      ]
    },
    {
      "f": [
        0.951103445857528,
        -0.675424000760191,
        1.45816416338585
      ],
      "link": "base_link",
      "p": [
        -0.161362077273124,
        0.0412664060906694,
        -0.000954730589359062
      ]
    },
    {
      "f": [
        0.185296945978515,
        0.0908096122234127,
        0.257940593515285
      ],
      "link": "arm_motor_0",
      "p": [
        -0.226522979003898,
        -0.0710967381305376,
        0.00048411881296943
      ]
    }
  ],
  "idx": 3712,
  "state": [
    -0.141697267777926,
    0.012219874216313,
    0.0389071913822366,
    0.780066735405502,
    0.109084378350993,
    -0.104310562000546,
    -0.607219724126869,
    0.00885066150022513,
    0.00204146565163772,
    -0.0125219595412525,
    -0.232006879494236,
    0.00374195146414505,
    0.00161661254673469,
    0.995060459402875,
    0.0618709529174126,
    0.00432350095980859,
    -0.0775111260238286,
    0.997454970474245,
    0.024768747498089,
    -0.0665152267195658,
    0.00676872499393562,
    0.984841048523269,
    0.0696173809119442,
    0.025253981670553,
    -0.156855875976429,
    0.954279935631074,
    -0.0610719433049248,
    -0.199178948916592,
    -0.214354306001525,
    -0.0636595546491035,
    -0.236057422925767,
    -0.175341258677476,
    -0.265124861571826,
    0.20487939342496,
    -0.355249841696419,
    0.0492692486009149,
    0.299932446811046,
    0.411149874446702,
    -0.474046109746199,
    0.753140828376241,
    -0.358139936590003
  ],
  "t": 3.71300000000341,
  "thrust": [
    0.0,
    0.0,
    0.0,
    0.0
  ]
}