{
  "T_W_L": {
    "arm_motor_0": {
      "p": [
        -0.0177379915628201,
        -0.0668355925819007,
        0.0414978290564535
      ],
      "q": [
        0.0380956633712013,
        0.914646726389164,
        -0.375752194237821,
        0.1441539970426
      ]
    },
    "arm_motor_1": {
      "p": [
        -0.0500731338491055,
        0.102690118533077,
        0.210718839341851
      ],
      "q": [
        -0.0261501408415001,
        0.39463896467101,
        0.918425531564268,
        0.00841431329664073
      ]
    },
    "arm_motor_2": {
      "p": [
        -0.0157761512300574,
        0.0855510522430537,
        0.0291713263312983
      ],
      "q": [
        0.0178962642375402,
        0.944139413054797,
        0.302692316126906,
        0.129065309826507
      ]
    },
    "arm_motor_3": {
      "p": [
        -0.0510506185524408,
        -0.0551848392135751,
        0.222342920658151
      ],
      "q": [
        -0.012652382462229,
        -0.328011221459255,
        0.943942816297743,
        0.0349358751818698
      ]
    },
    "base_link": {
      "p": [
        -0.0406843004950883,
        0.0169826563865344,
        0.125720090116684
      ],
      "q": [
        -0.0257489059324686,
        0.643695391009719,
        -0.0278032335292848,
        0.764342997378429
      ]
    },
    "connecting_link_0": {
      "p": [
        -0.0341929548971755,
        -0.0179514906665645,
        0.0888220169691483
      ],
      "q": [
        -0.238759222687711,
        0.544820633775887,
        -0.292634626494864,
        0.748685171463822
      ]
    },
    "connecting_link_1": {
      "p": [
        -0.0471756460930011,
        0.0519168034396334,
        0.16261816326422
      ],
      "q": [
        0.630933979465946,
        0.273102070048227,
        0.667915863301962,
        0.285001706030393
      ]
    },
    "connecting_link_2": {
      "p": [
        -0.0335943302852954,
        0.0458646980116559,
        0.0840120573892947
      ],
      "q": [
        0.226690359146668,
        0.576344425562268,
        0.201381219546126,
        0.7588703371508
      ]
    },
    "connecting_link_3": {
      "p": [
        -0.0477742707048812,
        -0.0118993852385871,
        0.167428122844074
      ],
      "q": [
        0.658521781019254,
        -0.256642353246908,
        0.676414951893669,
        -0.207235564751334
      ]
    }
  },
  "contacts": [
    {
      "f": [
        -0.707006064412184,
        0.228583614121027,
        0.928799665361357
      ],
      "link": "arm_motor_2",
      "p": [
        0.00537974846651557,
        0.0743047758739435,
        -0.000781759034455529
      ]
    },
    {
      "f": [
        -0.293043627219121,
        0.594041281255054,
        0.827986650036631
      ],
      "link": "arm_motor_2",
      "p": [
        0.00580599643905185,
        0.0782454305892078,
        -0.000655973300073262
      ]
    },
    {
      "f": [
        0.466313438183997,
        0.0115973674790883,
        0.583072038810687
      ],
      "link": "arm_motor_2",
      "p": [
        0.0039599403877421,
        0.0644888339312057,
        0.000390210323612347
      ]
    }
  ],
  "idx": 420,
  "state": [
    -0.0406843004950883,
    0.0169826563865344,
    0.125720090116684,
    0.764342997378429,
    -0.0257489059324686,
    0.643695391009719,
    -0.0278032335292848,
    -0.334421243635409,
    0.0214897949169445,
    -0.121148801974182,
    0.0428158037593772,
    -1.48699825146052,
    -0.539462916555532,
    0.996967621813959,
    0.0339630047763013,
    -0.0558530997227738,
    0.0422197419762477,
    0.998001685222382,
    0.0436049253494249,
    -0.038288633958498,
    0.0250045453497748,
    0.996567913183658,
    0.0256427047727529,
    -0.0613198690436013,
    -0.0493428795793545,
    0.995371833552508,
    -0.083849023440235,
    -0.0407445883125598,
    -0.0233266534607189,
    -0.151909776737542,
    -0.0451149362183148,
    0.0284374248729798,
    0.563303378619343,
    -0.347394996045342,
    0.205728345834925,
    -0.734884609133543,
    -1.4265793005854,
    -0.816770086909815,
    -0.501167244906429,
    -0.387261754453314,
    -0.183535978317845
  ],
  "t": 0.42099999999997,
  "thrust": [
    0.0,
    0.0,
    0.0,
    0.0
  ]
}