{
  "T_W_L": {
    "arm_motor_0": {
      "p": [
        -0.196762559408176,
        -0.0803890510639384,
        0.00998054197182973
      ],
      "q": [
        0.78264787159323,
        0.252990390306549,
        -0.496774296239203,
        0.276899747380115
      ]
    },
    "arm_motor_1": {
      "p": [
        -0.0758243751702741,
        0.115113421894512,
        0.00595952701615219
      ],
      "q": [
        -0.412324711238762,
        0.729602718055875,
        0.261324341789807,
        0.478934019146141
      ]
    },
    "arm_motor_2": {
      "p": [
        -0.0492008275537084,
        -0.0672699801682069,
        0.0090366545616594
      ],
      "q": [
        0.416609397820938,
        0.716048508250504,
        -0.198926422894258,
        0.523583251980043
      ]
    },
    "arm_motor_3": {
      "p": [
        -0.205394676147731,
        0.104378254182895,
        0.0179668957273845
      ],
      "q": [
        0.709684195753582,
        -0.331524119078022,
        -0.507028912509884,
        -0.359668990387241
      ]
    },
    "base_link": {
      "p": [
        -0.130898896843761,
        0.0141600242027363,
        0.0344911880472575
      ],
      "q": [
        -0.000599282591772825,
        -0.00611777916831983,
        -0.614513056992303,
        0.788882701308881
      ]
    },
    "connecting_link_0": {
      "p": [
        -0.152138067545406,
        -0.032453874119519,
        0.034696397961392
      ],
      "q": [
        -0.202143143694876,
        0.0169064685205286,
        0.904688090874706,
        -0.374688909642114
      ]
    },
    "connecting_link_1": {
      "p": [
        -0.109659726142117,
        0.0607739225249915,
        0.034285978133123
      ],
      "q": [
        -0.10677338519903,
        0.177249536830282,
        0.476341813536397,
        0.85456452218861
      ]
    },
    "connecting_link_2": {
      "p": [
        -0.0900859220518735,
        -0.0167900861327862,
        0.035117094474529
      ],
      "q": [
        0.153925107719517,
        0.13609348785165,
        -0.435249552890942,
        0.876552023833236
      ]
    },
    "connecting_link_3": {
      "p": [
        -0.17171187163565,
        0.0451101345382587,
        0.033865281619986
      ],
      "q": [
        -0.1432989250249,
        -0.0199014293583715,
        0.860346089611659,
        0.488747334812303
      ]
    }
  },
  "contacts": [
    {
      "f": [
        -0.0919006617427212,
        -0.227175171904362,
        0.306324711189283
      ],
      "link": "base_link",
      "p": [
        -0.119445672389116,
        0.0516101328563961,
        0.000394132776155541
      ]
    },
    {
      "f": [
        -0.039571131508311,
        -0.298009602822645,
        0.375781680765571
      ],
      "link": "base_link",
      "p": [
        -0.115351053464443,
        0.0484517039460889,
        0.000259764103291607
      ]
    },
    {
      "f": [
        -0.167758649350785,
        -0.029373713690235,
        0.212888539968526
      ],
      "link": "base_link",
      "p": [
        -0.145792668274234,
        -0.0207612847263045,
        0.000574222920062949
      ]
    },
    {
      "f": [
        -0.041037970683994,
        -0.0244597076910143,
        0.059717987477997
      ],
      "link": "base_link",
      "p": [
        -0.100740095767338,
        -0.00937525976641799,
        0.000881653471128625
      ]
    },
    {
      "f": [
        -0.00230247533855809,
        -0.000544969125364934,
        0.00295761306637983
      ],
      "link": "base_link",
      "p": [
        -0.143880282751,
        -0.0247284131883339,
        0.00099408477386724
      ]
    },
    {
      "f": [
        -0.0724639077367813,
        -0.0720397079897825,
        0.127724908566577
      ],
      "link": "base_link",
      "p": [
        -0.119944806604035,
        0.0520142180519247,
        0.000750789151749739
      ]
    },
    {
      "f": [
        -0.0617963576870618,
        -0.0633201170963793,
        0.110596585704578
      ],
      "link": "base_link",
      "p": [
        -0.11617808759655,
        0.0525010748967201,
        0.000791154871478982
      ]
    },
    {
      "f": [
        -0.206655212739334,
        0.00201830155659831,
        0.258331335490129
      ],
      "link": "base_link",
      "p": [
        -0.16132591068264,
        0.0413085322290485,
        0.000483337329019742
      ]
    },
    {
      "f": [
        0.309914923185505,
        0.0784031460574744,
        0.399598065492039
      ],
      "link": "arm_motor_0",
      "p": [
        -0.21911936917832,
        -0.0607279809624796,
        0.000200803869015921
      ]
    },
    {
      "f": [
        0.180504328302276,
        -0.111427317573637,
        0.265158736766512
      ],
      "link": "arm_motor_1",
      "p": [
        -0.0684150971250008,
        0.100329816823845,
        0.000584862372204224
      ]
    },
    {
      "f": [
        -0.063729164780789,
        0.342407797810046,
        0.43535995603635
      ],
      "link": "arm_motor_2",
      "p": [
        -0.071909530155515,
        -0.0869423314287936,
        0.0001292800879273
      ]
    }
  ],
  "idx": 4806,
  "state": [
    -0.130898896843761,
    0.0141600242027363,
    0.0344911880472575,
    0.788882701308881,
    -0.000599282591772825,
    -0.00611777916831983,
    -0.614513056992303,
    0.000536016154936167,
    0.000197839611559549,
    0.000322340347106215,
    -0.0164013921227595,
    -0.00171913696135175,
    0.000333980421936824,
    0.972175356652604,
    0.108503454982409,
    0.168029788914706,
    -0.121934680101854,
    0.978619705775409,
    0.000526891262403849,
    0.205577867441036,
    -0.00639798968783447,
    0.959517884523456,
    0.112380900264129,
    0.178126976102601,
    -0.18699396492935,
    0.960020521546284,
    -0.0571202301794426,
    0.12676870870913,
    -0.242955905477656,
    -0.00697693576517768,
    0.0707626357810147,
    -0.194538780555001,
    -0.0148771051968328,
    0.0245382789982311,
    -0.111408970812667,
    -0.00337344804582397,
    -0.0213075966617562,
    -0.229438996048943,
    -0.115442242900329,
    0.564862802053176,
    -0.00107042006238621
  ],
  "t": 4.80700000000214,
  "thrust": [
    0.0,
    0.0,
    0.0,
    0.0
  ]
}