{
  "T_W_L": {
    "arm_motor_0": {
      "p": [
        -0.184536442875852,
        -0.07446877106752,
        0.156600661872283
      ],
      "q": [
        0.376957711088701,
        0.116676151797769,
        -0.103695346059551,
        0.912982384746837
      ]
    },
    "arm_motor_1": {
      "p": [
        -0.260010783767772,
        0.105225497214941,
        0.0172883591306709
      ],
      "q": [
        0.847670360165389,
        -0.193397559946101,
        -0.359707162663628,
        -0.33861940498509
      ]
    },
    "arm_motor_2": {
      "p": [
        -0.178341914733038,
        0.0506883048039122,
        0.188095395745337
      ],
      "q": [
        -0.0888812654028804,
        0.0580255200795639,
        0.05924658013069,
        0.992584002703397
      ]
    },
    "arm_motor_3": {
      "p": [
        -0.289815425706343,
        -0.0337396320972377,
        0.00769791442268214
      ],
      "q": [
        0.855279253161383,
        0.11148742760188,
        -0.480244498496649,
        0.159477817461001
      ]
    },
    "base_link": {
      "p": [
        -0.210234283750705,
        0.0153538913130444,
        0.0807605772245287
      ],
      "q": [
        0.0455197877345275,
        -0.484571750863644,
        -0.100223420623774,
        0.867798037073152
      ]
    },
    "connecting_link_0": {
      "p": [
        -0.193977274417287,
        -0.0245931377136747,
        0.108400123520943
      ],
      "q": [
        0.193225671355186,
        -0.563073537219401,
        -0.339873036107574,
        0.728078533497308
      ]
    },
    "connecting_link_1": {
      "p": [
        -0.226491293084123,
        0.0553009203397635,
        0.0531210309281146
      ],
      "q": [
        -0.345042085922966,
        -0.102687351403491,
        0.853744833844613,
        0.376192803609131
      ]
    },
    "connecting_link_2": {
      "p": [
        -0.185668015608378,
        0.0378559137913588,
        0.119672753390154
      ],
      "q": [
        -0.0209548869142949,
        -0.660832640478722,
        0.104742204059341,
        0.742893117938994
      ]
    },
    "connecting_link_3": {
      "p": [
        -0.234800551893033,
        -0.00714813116526995,
        0.041848401058903
      ],
      "q": [
        -0.265189618204066,
        0.0339343301011704,
        0.944357901233093,
        -0.191601362249837
      ]
    }
  },
  "contacts": [
    {
      "f": [
        -0.361782107888452,
        -0.394828736597221,
        0.669393411081034
      ],
      "link": "arm_motor_1",
      "p": [
        -0.277689243765537,
        0.0860670231583405,
        -0.000338786822162068
      ]
    },
    {
      "f": [
        -1.13896779428528,
        -0.401309253429573,
        1.50949947898057
      ],
      "link": "arm_motor_3",
      "p": [
        -0.302294039649632,
        -0.00666941975284408,
        -0.00197243695026655
      ]
    },
    {
      "f": [
        -0.0369731234989398,
        -0.0769987412646783,
        0.106769450932933
      ],
      "link": "arm_motor_3",
      "p": [
        -0.285698031724553,
        -0.0183247600635875,
        0.000786461098134135
      ]
    }
  ],
  "idx": 1135,
  "state": [
    -0.210234283750705,
    0.0153538913130444,
    0.0807605772245287,
    0.867798037073152,
    0.0455197877345275,
    -0.484571750863644,
    -0.100223420623774,
    -0.0771925872569122,
    -0.00771633702958513,
    0.0628151160326733,
    0.554849110053803,
    -1.5628885732187,
    -0.196619158554466,
    0.986374020473918,
    0.0747673648453417,
    -0.111833627542309,
    0.0947067718747206,
    0.983322194615022,
    0.131158677779639,
    -0.061965862656045,
    0.109704579147295,
    0.959547590608034,
    -0.0206376310818535,
    -0.219637831782413,
    -0.174933508486986,
    0.967444888332149,
    -0.132499208317333,
    -0.197096604089417,
    -0.0874487077760203,
    0.314370639208976,
    -0.429316362877101,
    0.46902522169882,
    -0.178299472339642,
    -0.748889608039614,
    0.354100236560017,
    -0.209477308931464,
    -0.595647574792776,
    -0.292865793022324,
    -0.0101103318520954,
    -1.30267427896422,
    -0.499883777713166
  ],
  "t": 1.13599999999989,
  "thrust": [
    0.0,
    0.0,
    0.0,
    0.0
  ]
}