{
  "T_W_L": {
    "arm_motor_0": {
      "p": [
        -0.200178201931638,
        -0.0874006011911093,
        0.0161485217383207
      ],
      "q": [
        0.744852979836188,
        0.239799628919589,
        -0.512633916062807,
        0.353407193618479
      ]
    },
    "arm_motor_1": {
      "p": [
        -0.0814124048246127,
        0.118527505730926,
        0.0551729972315712
      ],
      "q": [
        -0.350951316969147,
        0.53056541153682,
        0.328770230333796,
        0.698028404038582
      ]
    },
    "arm_motor_2": {
      "p": [
        -0.0479246112998217,
        -0.0669023191394898,
        0.0440029712588541
      ],
      "q": [
        0.368635362819231,
        0.605990942441127,
        -0.161650306546731,
        0.686113784551657
      ]
    },
    "arm_motor_3": {
      "p": [
        -0.215779935644196,
        0.101422632851878,
        0.0432857091525341
      ],
      "q": [
        -0.591726785909846,
        0.222862089741934,
        0.62805895001373,
        0.453578940318344
      ]
    },
    "base_link": {
      "p": [
        -0.137846721103724,
        0.0132364929406972,
        0.0368491009331164
      ],
      "q": [
        0.0677608177135246,
        -0.0735886398443744,
        -0.611436564791987,
        0.784944909470737
      ]
    },
    "connecting_link_0": {
      "p": [
        -0.158585603883623,
        -0.0333373858163077,
        0.0318718970424357
      ],
      "q": [
        -0.164203674714949,
        0.0803326793926749,
        0.889177511343402,
        -0.419460566862793
      ]
    },
    "connecting_link_1": {
      "p": [
        -0.117107838323824,
        0.059810371697702,
        0.041826304823797
      ],
      "q": [
        -0.015684396773943,
        -0.118414217595788,
        0.480635715416523,
        0.868747018317221
      ]
    },
    "connecting_link_2": {
      "p": [
        -0.0977910320324275,
        -0.0177784995675821,
        0.0444393586846712
      ],
      "q": [
        0.146360536894564,
        -0.056655404984295,
        -0.374968592774719,
        0.91365601445979
      ]
    },
    "connecting_link_3": {
      "p": [
        -0.17790241017502,
        0.0442514854489764,
        0.0292588431815615
      ],
      "q": [
        0.025690719613039,
        -0.163141449576583,
        0.862518765466184,
        0.478316039428435
      ]
    }
  },
  "contacts": [
    {
      "f": [
        0.461782801913184,
        0.151117571924456,
        0.607350646104577
      ],
      "link": "base_link",
      "p": [
        -0.145923637811796,
        -0.0208091699964027,
        -0.000128446576747453
      ]
    },
    {
      "f": [
        -0.206922698805543,
        -0.0479054053141986,
        0.265494618410875
      ],
      "link": "base_link",
      "p": [
        -0.145224847572194,
        -0.0248640463046551,
        0.000529912767235879
      ]
    },
    {
      "f": [
        -0.241455534353229,
        -0.0387347442288419,
        0.305678434695569
      ],
      "link": "base_link",
      "p": [
        -0.144112488658644,
        -0.0247882681536081,
        0.000548404367227806
      ]
    },
    {
      "f": [
        0.558813378832583,
        0.920005343653774,
        1.34552628220904
      ],
      "link": "base_link",
      "p": [
        -0.161362470455264,
        0.041266077529696,
        -0.00163116010918531
      ]
    }
  ],
  "idx": 3902,
  "state": [
    -0.137846721103724,
    0.0132364929406972,
    0.0368491009331164,
    0.784944909470737,
    0.0677608177135246,
    -0.0735886398443744,
    -0.611436564791987,
    0.0329853415802969,
    0.00765172849035853,
    -0.0151813394673492,
    -0.900098283383347,
    0.00545921099123022,
    0.00518125390168932,
    0.993711352073672,
    0.0747010851750355,
    0.0395575468990156,
    -0.0734349856466187,
    0.999208100511259,
    0.00842314148977168,
    -0.0361197724984108,
    -0.0144077963196237,
    0.985905828303171,
    0.0886879576161672,
    0.0572649607136307,
    -0.129787781266876,
    0.957036381763551,
    -0.0750577276911715,
    -0.13232633777602,
    -0.246855102895515,
    0.18317816535384,
    0.681465303119575,
    0.136706243636911,
    -0.149599956374755,
    0.352923631758232,
    -0.186868786798607,
    0.155460757768427,
    0.388049431290507,
    0.220181159137062,
    -0.313771422110184,
    0.646269075078746,
    -0.22476123730713
  ],
  "t": 3.90300000000381,
  "thrust": [
    0.0,
    0.0,
    0.0,
    0.0
  ]
}