{
  "T_W_L": {
    "arm_motor_0": {
      "p": [
        -0.194379610469032,
        -0.0830996276682011,
        0.0103443455531972
      ],
      "q": [
        0.776882682172846,
        0.26451869768316,
        -0.487174130778273,
        0.298570800676094
      ]
    },
    "arm_motor_1": {
      "p": [
        -0.0771984241926243,
        0.118055994029144,
        0.0119609794780959
      ],
      "q": [
        -0.413768471853943,
        0.702280092281591,
        0.287693247114332,
        0.502822950201584
      ]
    },
    "arm_motor_2": {
      "p": [
        -0.0478777642224635,
        -0.0668339686656434,
        0.0111781397115948
      ],
      "q": [
        0.413320064283444,
        0.71007614485785,
        -0.189011661716437,
        0.537803853370106
      ]
    },
    "arm_motor_3": {
      "p": [
        -0.209962788314988,
        0.103654535199356,
        0.0297323934264321
      ],
      "q": [
        0.664005245718647,
        -0.29846206225012,
        -0.575603489978803,
        -0.37242187553868
      ]
    },
    "base_link": {
      "p": [
        -0.131209936993142,
        0.0140291170855835,
        0.0348069588876086
      ],
      "q": [
        0.0037399590903414,
        -0.00851307326562246,
        -0.614523573252618,
        0.788843658912469
      ]
    },
    "connecting_link_0": {
      "p": [
        -0.152449668422985,
        -0.0325846665189426,
        0.0346367036129671
      ],
      "q": [
        -0.204854881258834,
        0.0240784729399659,
        0.893823144242792,
        -0.39816440270476
      ]
    },
    "connecting_link_1": {
      "p": [
        -0.109970205563299,
        0.0606429006901095,
        0.0349772141622502
      ],
      "q": [
        -0.089148646352997,
        0.141037497720862,
        0.49600833822524,
        0.852136533368393
      ]
    },
    "connecting_link_2": {
      "p": [
        -0.0904040766832332,
        -0.0169242773192194,
        0.0356839646965587
      ],
      "q": [
        0.158609992532252,
        0.12181490552153,
        -0.425912847978313,
        0.882384408854045
      ]
    },
    "connecting_link_3": {
      "p": [
        -0.172015797303051,
        0.0449825114903864,
        0.0339299530786586
      ],
      "q": [
        -0.0625094809524406,
        -0.0522974855116322,
        0.876535743029749,
        0.474386581799594
      ]
    }
  },
  "contacts": [
    {
      "f": [
        0.183926060981658,
        -0.171596643759334,
        0.314429553064197
      ],
      "link": "base_link",
      "p": [
        -0.119446816984549,
        0.0516116993402793,
        0.000962096862886751
      ]
    },
    {
      "f": [
        0.101037671750074,
        -0.24835351342177,
        0.335149404048061
      ],
      "link": "base_link",
      "p": [
        -0.115351114658669,
        0.0484537107725492,
        0.000852721710918311
      ]
    },
    {
      "f": [
        0.0317265657856402,
        -0.387640513714514,
        0.486170852892471
      ],
      "link": "base_link",
      "p": [
        -0.145793696436323,
        -0.0207591745443014,
        0.000619658699417297
      ]
    },
    {
      "f": [
        -0.472570771776206,
        -0.340261087199834,
        0.727904464240899
      ],
      "link": "base_link",
      "p": [
        -0.16132603479913,
        0.0413109344113416,
        0.000629456550192101
      ]
    },
    {
      "f": [
        0.473057338993942,
        0.23945906347291,
        0.66276396752463
      ],
      "link": "arm_motor_0",
      "p": [
        -0.217504976616282,
        -0.0647371307017366,
        -0.000146795648058827
      ]
    }
  ],
  "idx": 4523,
  "state": [
    -0.131209936993142,
    0.0140291170855835,
    0.0348069588876086,
    0.788843658912469,
    0.0037399590903414,
    -0.00851307326562246,
    -0.614523573252618,
    -0.00441768398155128,
    0.00161194501240452,
    -0.00566628354873616,
    0.114152677351436,
    -0.0773204645962004,
    -0.000141083593101869,
    0.975364728533295,
    0.113637789148822,
    0.162822140086959,
    -0.0961199766335926,
    0.985508290084811,
    0.000906655156921605,
    0.169185016244501,
    0.0122073104689723,
    0.96272288816939,
    0.116374035868101,
    0.167713409330956,
    -0.177465311261509,
    0.971665151426953,
    -0.0624491040395441,
    0.0382978294890199,
    -0.224722538174355,
    -0.0170394007422203,
    -0.0700401886409277,
    -0.238115498222178,
    0.089187044603503,
    0.260246318823286,
    -0.231105092015097,
    -0.14615918566649,
    0.127652769724489,
    0.204703749403943,
    -0.0823899487146878,
    0.675408316162628,
    -0.359891796101599
  ],
  "t": 4.5240000000028,
  "thrust": [
    0.0,
    0.0,
    0.0,
    0.0
  ]
}