{
  "T_W_L": {
    "arm_motor_0": {
      "p": [
        -0.121720106902795,
        -0.129029562878244,
        0.0378036908204479
      ],
      "q": [
        0.569569611343927,
        0.300599026959741,
        -0.110189952921928,
        0.757026325235423
      ]
    },
    "arm_motor_1": {
      "p": [
        -0.228466832120039,
        0.0739868892153614,
        0.0806568393040017
      ],
      "q": [
        -0.560581429736805,
        0.0761651396407212,
        0.631334166766688,
        0.530438028435707
      ]
    },
    "arm_motor_2": {
      "p": [
        -0.0925419482921435,
        -0.0556114727643672,
        0.118978469343489
      ],
      "q": [
        0.26789660431812,
        0.20785776216529,
        -0.00695720328728828,
        0.940732776842009
      ]
    },
    "arm_motor_3": {
      "p": [
        -0.272006669969277,
        -0.0398976399616516,
        0.0397491575528744
      ],
      "q": [
        -0.502805658389947,
        -0.281802936876094,
        0.804441131918212,
        0.143694258539461
      ]
    },
    "base_link": {
      "p": [
        -0.164683573843757,
        -0.0192009394922341,
        0.0406678040148754
      ],
      "q": [
        0.293377902122622,
        -0.152661662729648,
        -0.266370981065545,
        0.905356462242871
      ]
    },
    "connecting_link_0": {
      "p": [
        -0.144792180835245,
        -0.064027257332369,
        0.025871395225034
      ],
      "q": [
        0.324830471609356,
        -0.32274283772939,
        -0.480662597468799,
        0.747854058492011
      ]
    },
    "connecting_link_1": {
      "p": [
        -0.18457496685227,
        0.0256253783479009,
        0.0554642128047169
      ],
      "q": [
        0.0500297401413391,
        -0.321219440176137,
        0.842811600889629,
        0.428933213636086
      ]
    },
    "connecting_link_2": {
      "p": [
        -0.119656420103662,
        -0.0201263412373535,
        0.0650747509291449
      ],
      "q": [
        0.184512019947657,
        -0.518220892640098,
        -0.194350991192727,
        0.812176158938773
      ]
    },
    "connecting_link_3": {
      "p": [
        -0.209710727583852,
        -0.0182755377471146,
        0.016260857100606
      ],
      "q": [
        0.213288488778251,
        -0.300871952254196,
        0.924363070111248,
        -0.0976575829925449
      ]
    }
  },
  "contacts": [
    {
      "f": [
        1.41757763642333,
        -1.27026648261483,
        2.37930638925973
      ],
      "link": "base_link",
      "p": [
        -0.18693777899308,
        -0.000446378620398626,
        -0.00374385401943443
      ]
    }
  ],
  "idx": 1813,
  "state": [
    -0.164683573843757,
    -0.0192009394922341,
    0.0406678040148754,
    0.905356462242871,
    0.293377902122622,
    -0.152661662729648,
    -0.266370981065545,
    0.0882831444751273,
    -0.0900447517677955,
    -0.0824161419358727,
    0.486230113285206,
    2.14496877827799,
    -1.79362206500297,
    0.950429697227073,
    0.169611927688004,
    -0.181421237677556,
    0.187086929351992,
    0.977609271370527,
    0.0837274755900023,
    -0.110017224838322,
    0.158638055335371,
    0.913122931738671,
    -0.100792443136199,
    -0.340395582172518,
    -0.200445111132809,
    0.887146417345081,
    -0.131934207452795,
    -0.424862765751588,
    -0.122703827868173,
    0.124941938554742,
    0.0633683111036255,
    0.067253910723644,
    -0.503372233325685,
    0.809429170916499,
    0.0800599442871383,
    -0.149403893254388,
    -0.0268641244741111,
    0.0189305301500569,
    -0.179453119679331,
    0.647192624735899,
    0.35880689314065
  ],
  "t": 1.81399999999982,
  "thrust": [
    0.0,
    0.0,
    0.0,
    0.0
  ]
}