{
  "T_W_L": {
    "arm_motor_0": {
      "p": [
        -0.119919764399631,
        -0.132332835892964,
        0.0241498756224841
      ],
      "q": [
        0.610159494559687,
        0.351330116508195,
        -0.146802992784455,
        0.694781564049114
      ]
    },
    "arm_motor_1": {
      "p": [
        -0.216813177013232,
        0.066337541214334,
        0.101321843490912
      ],
      "q": [
        -0.503526969744097,
        0.077153318317902,
        0.651355544605144,
        0.562355679908187
      ]
    },
    "arm_motor_2": {
      "p": [
        -0.0777043351111401,
        -0.0672314900017432,
        0.109721727154112
      ],
      "q": [
        0.320925751157229,
        0.267139230619009,
        -0.00149180696322765,
        0.908647934141952
      ]
    },
    "arm_motor_3": {
      "p": [
        -0.267480424660183,
        -0.0428478616832976,
        0.0534730077548064
      ],
      "q": [
        -0.457389568616755,
        -0.319699025269087,
        0.80487341397258,
        0.201906174355067
      ]
    },
    "base_link": {
      "p": [
        -0.1592620586867,
        -0.0230514602202853,
        0.0456012247914872
      ],
      "q": [
        0.327507096611045,
        -0.0819995859880531,
        -0.291263635119891,
        0.895086959140808
      ]
    },
    "connecting_link_0": {
      "p": [
        -0.141553187115138,
        -0.0657622926218003,
        0.0235517199618632
      ],
      "q": [
        0.327642524512143,
        -0.24285684756452,
        -0.535253307904879,
        0.739712663200529
      ]
    },
    "connecting_link_1": {
      "p": [
        -0.176970930258263,
        0.0196593721812296,
        0.0676507296211111
      ],
      "q": [
        0.104530587737389,
        -0.343089880128218,
        0.816625257370119,
        0.452201149275484
      ]
    },
    "connecting_link_2": {
      "p": [
        -0.111620280217537,
        -0.0263505042664529,
        0.0641316660349283
      ],
      "q": [
        0.225873908080744,
        -0.453615154451263,
        -0.227983641720583,
        0.83140707743458
      ]
    },
    "connecting_link_3": {
      "p": [
        -0.206903837155863,
        -0.0197524161741177,
        0.027070783548046
      ],
      "q": [
        0.245708183403882,
        -0.368830573756402,
        0.892554714629676,
        -0.0832921236566
      ]
    }
  },
  "contacts": [
    {
      "f": [
        1.09574089841016,
        0.661346815631506,
        1.59981821574488
      ],
      "link": "arm_motor_0",
      "p": [
        -0.157952695897715,
        -0.134909254614665,
        -0.00219963643148976
      ]
    },
    {
      "f": [
        -0.296067825920007,
        0.247047099501944,
        0.482001729310505
      ],
      "link": "arm_motor_0",
      "p": [
        -0.164465091645045,
        -0.128704200154729,
        3.59965413789902e-05
      ]
    },
    {
      "f": [
        -0.456173546998709,
        -0.538937270536093,
        0.882598867119745
      ],
      "link": "arm_motor_0",
      "p": [
        -0.136115966979856,
        -0.142280199342737,
        -0.000765197734239491
      ]
    },
    {
      "f": [
        -0.255964981069336,
        0.0603715573984513,
        0.328735257455895
      ],
      "link": "arm_motor_0",
      "p": [
        -0.161232182310551,
        -0.13800775576532,
        0.00034252948508821
      ]
    }
  ],
  "idx": 1876,
  "state": [
    -0.1592620586867,
    -0.0230514602202853,
    0.0456012247914872,
    0.895086959140808,
    0.327507096611045,
    -0.0819995859880531,
    -0.291263635119891,
    0.0943592022987329,
    -0.019112135408844,
    0.150779285079735,
    0.122152158256003,
    1.84846416058394,
    -1.48845947892311,
    0.95401236590504,
    0.162465442669306,
    -0.18878861354834,
    0.166806010182575,
    0.9806257027771,
    0.0687565211723261,
    -0.09313491054719,
    0.158024239553829,
    0.915934127395213,
    -0.0926716544029489,
    -0.336909153534575,
    -0.1974053216294,
    0.894319819660474,
    -0.138852083863421,
    -0.405560030039815,
    -0.12819212535623,
    -1.31431045855774,
    -0.973156343061921,
    -1.32785120483048,
    -0.318556348909909,
    0.305383442264471,
    -0.14614708221192,
    0.584779581933671,
    0.318071363540984,
    0.122460443333619,
    -0.473666989514224,
    0.551330956268698,
    -0.231021177295403
  ],
  "t": 1.87699999999981,
  "thrust": [
    0.0,
    0.0,
    0.0,
    0.0
  ]
}