{
  "T_W_L": {
    "arm_motor_0": {
      "p": [
        -0.155887686508415,
        -0.0737527323219864,
        0.102360377750678
      ],
      "q": [
        -0.363305017805152,
        -0.276266352809377,
        0.822518702975937,
        -0.339336631676842
      ]
    },
    "arm_motor_1": {
      "p": [
        -0.0594635915925505,
        0.125362673787482,
        0.0189816356438443
      ],
      "q": [
        -0.231657659201013,
        0.692043037457119,
        0.462979944463359,
        0.503051423082508
      ]
    },
    "arm_motor_2": {
      "p": [
        -0.0273204760227542,
        -0.0650317384648263,
        0.0313485396564613
      ],
      "q": [
        0.150878483259527,
        0.667451064429893,
        -0.415767933844002,
        0.599067429483357
      ]
    },
    "arm_motor_3": {
      "p": [
        -0.149343556940414,
        0.101591795849511,
        0.108466186185224
      ],
      "q": [
        -0.176083089100963,
        0.331200890666934,
        0.847643744700955,
        0.375234323887666
      ]
    },
    "base_link": {
      "p": [
        -0.110181814485462,
        0.019755513404482,
        0.0425341796264066
      ],
      "q": [
        -0.234034591546351,
        0.158811858980912,
        -0.598407906890178,
        0.749609618653653
      ]
    },
    "connecting_link_0": {
      "p": [
        -0.127176783529368,
        -0.0246803602737124,
        0.0615242864626573
      ],
      "q": [
        0.324713110797926,
        0.0445974218785116,
        0.838503994256172,
        -0.435297044848882
      ]
    },
    "connecting_link_1": {
      "p": [
        -0.0931868454415553,
        0.0641913870826765,
        0.0235440727901559
      ],
      "q": [
        0.163569556548573,
        0.13363725211168,
        0.491182960018251,
        0.84505939720605
      ]
    },
    "connecting_link_2": {
      "p": [
        -0.0745169621746204,
        -0.0135269795465382,
        0.0269042732731624
      ],
      "q": [
        -0.187305126773061,
        0.0483545319928814,
        -0.400679524068966,
        0.895563815544232
      ]
    },
    "connecting_link_3": {
      "p": [
        -0.145846666796303,
        0.0530380063555023,
        0.0581640859796508
      ],
      "q": [
        0.474865093552838,
        -0.0311363392293045,
        0.72388418626397,
        0.499525130680532
      ]
    }
  },
  "contacts": [
    {
      "f": [
        1.04226663245073,
        -0.178018380311681,
        1.32170006339432
      ],
      "link": "base_link",
      "p": [
        -0.11567050773524,
        0.0472754883166227,
        8.45583578371195e-05
      ]
    },
    {
      "f": [
        -0.880788197365518,
        0.197322918648571,
        1.12827591292699
      ],
      "link": "base_link",
      "p": [
        -0.116177205151901,
        0.0514065223749841,
        0.000288475097236181
      ]
    }
  ],
  "idx": 3023,
  "state": [
    -0.110181814485462,
    0.019755513404482,
    0.0425341796264066,
    0.749609618653653,
    -0.234034591546351,
    0.158811858980912,
    -0.598407906890178,
    -0.0536420796788495,
    -0.0256297416176866,
    -0.0269640938625322,
    1.28230376955146,
    0.343628835855975,
    0.0116699553182635,
    0.9932841847293,
    0.0554344833322956,
    -0.0859625972326193,
    -0.0540738226996486,
    0.98366696577468,
    0.01493981577177,
    -0.169604316267703,
    0.0583993000960267,
    0.972425912666803,
    0.0484122487829929,
    -0.154584761952981,
    -0.167772613718237,
    0.907328936369677,
    -0.132936733689086,
    -0.352500237189408,
    -0.186616207344802,
    0.217203376509519,
    -0.510952660381121,
    0.05584001045619,
    -0.713489969791258,
    -1.0394896768553,
    -1.06580115028638,
    -0.0994518709397089,
    0.209940806329933,
    -0.889555885184766,
    1.13411319295057,
    0.836887872013366,
    0.225790335551796
  ],
  "t": 3.02400000000196,
  "thrust": [
    0.0,
    0.0,
    0.0,
    0.0
  ]
}