{
  "T_W_L": {
    "arm_motor_0": {
      "p": [
        -0.0682404863912642,
        -0.0680688269173187,
        0.0388765765048616
      ],
      "q": [
        0.203917015403099,
        0.654062953644653,
        -0.343702055028292,
        0.642252598957804
      ]
    },
    "arm_motor_1": {
      "p": [
        -0.22696252686729,
        0.104610366721138,
        0.0818470100113581
      ],
      "q": [
        -0.423724875123476,
        0.34541579740722,
        0.82524127998392,
        0.141851989459543
      ]
    },
    "arm_motor_2": {
      "p": [
        -0.0445948636807012,
        0.0684363776314893,
        0.0370784215504916
      ],
      "q": [
        -0.0901948646833079,
        0.653808764252183,
        0.154799183201628,
        0.735143658785071
      ]
    },
    "arm_motor_3": {
      "p": [
        -0.240834980854174,
        -0.040383200986927,
        0.097830599180232
      ],
      "q": [
        -0.424447024327973,
        -0.226173647902379,
        0.871225329995436,
        -0.0982681479829776
      ]
    },
    "base_link": {
      "p": [
        -0.151053178234201,
        0.0190135695189893,
        0.0441382670159801
      ],
      "q": [
        -0.0409242429840269,
        0.165591180293126,
        -0.0649650295747982,
        0.983201053842834
      ]
    },
    "connecting_link_0": {
      "p": [
        -0.117238657236806,
        -0.0182611649013326,
        0.0345898460150401
      ],
      "q": [
        -0.0988429494274042,
        0.00835118188728961,
        -0.38722515820911,
        0.916633517802784
      ]
    },
    "connecting_link_1": {
      "p": [
        -0.184867699231597,
        0.0562883039393113,
        0.05368668801692
      ],
      "q": [
        0.283914972634463,
        0.143941349003958,
        0.883152437748929,
        0.34455035634725
      ]
    },
    "connecting_link_2": {
      "p": [
        -0.109930242280961,
        0.0449842432610392,
        0.0280625634864406
      ],
      "q": [
        0.0456821517182398,
        -0.0575124554712978,
        0.17323695260978,
        0.982137677075129
      ]
    },
    "connecting_link_3": {
      "p": [
        -0.192176114187442,
        -0.00695710422306058,
        0.0602139705455196
      ],
      "q": [
        0.315919969624499,
        -0.0904428463440639,
        0.916178707938021,
        -0.229414993970877
      ]
    }
  },
  "contacts": [
    {
      "f": [
        0.486940709524601,
        -0.0193316174539517,
        0.609155365580218
      ],
      "link": "base_link",
      "p": [
        -0.132140741059499,
        0.0368132580199877,
        0.00058747912735118
      ]
    },
    {
      "f": [
        -0.649757956050246,
        0.0966313329721604,
        0.821130143425216
      ],
      "link": "base_link",
      "p": [
        -0.127828519682831,
        0.0357143519995416,
        -0.000642260286850431
      ]
    },
    {
      "f": [
        -0.237949585661839,
        -0.543608216639106,
        0.741756676025516
      ],
      "link": "base_link",
      "p": [
        -0.131714097367493,
        0.0357725010948888,
        0.000113253081113276
      ]
    }
  ],
  "idx": 757,
  "state": [
    -0.151053178234201,
    0.0190135695189893,
    0.0441382670159801,
    0.983201053842834,
    -0.0409242429840269,
    0.165591180293126,
    -0.0649650295747982,
    -0.213856127557385,
    0.00427061071718912,
    -0.0982891202524072,
    0.686563145800809,
    -4.74070069301651,
    -0.422119098392472,
    0.989928219346414,
    0.0549480266012604,
    -0.122442667629358,
    0.0450624905888796,
    0.984134651437594,
    0.114365698676515,
    -0.101622227706293,
    0.0898465227042634,
    0.962802766650141,
    -0.0298752512539824,
    -0.229325059781883,
    -0.139743761396998,
    0.983136432271077,
    -0.122200333166909,
    -0.117574504051873,
    -0.0684548764672735,
    -0.0393694293431735,
    0.0550949432132354,
    -0.191837267117072,
    0.423252914707824,
    0.0785815242809768,
    0.436708392634847,
    0.155913906830435,
    0.526660139246299,
    -0.16845328197897,
    -0.127154913959267,
    -0.225897624297652,
    -0.0465487917486124
  ],
  "t": 0.757999999999933,
  "thrust": [
    0.0,
    0.0,
    0.0,
    0.0
  ]
}