{
  "T_W_L": {
    "arm_motor_0": {
      "p": [
        -0.133894567673609,
        -0.109088128591162,
        0.0626465015318552
      ],
      "q": [
        -0.3916612354171,
        -0.472837936838238,
        0.715921904907591,
        -0.33238770770231
      ]
    },
    "arm_motor_1": {
      "p": [
        -0.080568121386426,
        0.121784450547396,
        0.0728122876090063
      ],
      "q": [
        -0.197174276525039,
        0.568084051355353,
        0.708189918220093,
        0.369959261276068
      ]
    },
    "arm_motor_2": {
      "p": [
        -0.0110370242115767,
        -0.0551049678357504,
        0.00883127096602282
      ],
      "q": [
        0.248690365747589,
        0.721271537495561,
        -0.201525998190871,
        0.614253810111336
      ]
    },
    "arm_motor_3": {
      "p": [
        -0.140860634816654,
        0.0425770421585456,
        0.146331388679196
      ],
      "q": [
        -0.0570397618539089,
        0.111787419444946,
        0.879076557286329,
        0.459863506761631
      ]
    },
    "base_link": {
      "p": [
        -0.103542189229197,
        0.00588900081740018,
        0.049429394150287
      ],
      "q": [
        -0.0572684368808081,
        0.293211068213714,
        -0.511423131981527,
        0.805725744709953
      ]
    },
    "connecting_link_0": {
      "p": [
        -0.1166419001019,
        -0.0434703502545687,
        0.0454228948297198
      ],
      "q": [
        -0.229286918268816,
        0.0993133094412189,
        -0.78317954925148,
        0.56938051363993
      ]
    },
    "connecting_link_1": {
      "p": [
        -0.0904424783564937,
        0.0552483518893691,
        0.0534358934708541
      ],
      "q": [
        0.361342625534968,
        0.140095382586224,
        0.640189161547781,
        0.663296787408371
      ]
    },
    "connecting_link_2": {
      "p": [
        -0.0660466944283051,
        -0.0133690118595051,
        0.020322405000386
      ],
      "q": [
        0.0333502441297305,
        0.0756729607405586,
        -0.318351043942036,
        0.944359029739358
      ]
    },
    "connecting_link_3": {
      "p": [
        -0.141037684030089,
        0.0251470134943054,
        0.078536383300188
      ],
      "q": [
        0.581267792435123,
        -0.246126961710509,
        0.661934197243452,
        0.404218246392241
      ]
    }
  },
  "contacts": [
    {
      "f": [
        -0.432307411486743,
        -0.28825359448401,
        0.649494794964854
      ],
      "link": "base_link",
      "p": [
        -0.0934301923401707,
        -0.000736765473886296,
        0.000184830426871022
      ]
    },
    {
      "f": [
        0.504687764197298,
        0.801518724621686,
        1.18396975603373
      ],
      "link": "base_link",
      "p": [
        -0.0922926063147786,
        -0.00493493938192099,
        -0.00136318137629118
      ]
    },
    {
      "f": [
        -0.49113450231681,
        0.229393647442379,
        0.67758134296382
      ],
      "link": "base_link",
      "p": [
        -0.0941482717996233,
        -0.00169787846270118,
        -4.03669812923946e-05
      ]
    }
  ],
  "idx": 2622,
  "state": [
    -0.103542189229197,
    0.00588900081740018,
    0.049429394150287,
    0.805725744709953,
    -0.0572684368808081,
    0.293211068213714,
    -0.511423131981527,
    0.0310956861578481,
    0.0659185147016598,
    -0.00735472190876666,
    -0.859252314355838,
    -0.690791125145688,
    -0.936483721593552,
    0.986524587340965,
    0.0856546837068131,
    -0.136989630050239,
    -0.0258138526671842,
    0.982279748171468,
    0.0881646337253405,
    -0.0390000137129955,
    0.160724897332867,
    0.96419250213387,
    0.0561477047605014,
    -0.218777560674738,
    -0.138984290566116,
    0.873437710446422,
    -0.215074106244706,
    -0.369068316277509,
    -0.233748310610446,
    -0.233027569528645,
    0.620977402676728,
    -0.169274469045937,
    0.37460396912857,
    0.276488628529157,
    0.143705316082255,
    -0.0537767253993882,
    0.486899406061076,
    -0.065823697134566,
    0.0894998335392626,
    -0.0739314231919988,
    0.00422469250660484
  ],
  "t": 2.62300000000111,
  "thrust": [
    0.0,
    0.0,
    0.0,
    0.0
  ]
}