{
  "T_W_L": {
    "arm_motor_0": {
      "p": [
        -0.0157497835470276,
        -0.0667028475271718,
        0.0421601223646622
      ],
      "q": [
        0.0367533552754571,
        0.916602527089549,
        -0.373642564685989,
        0.137405356751205
      ]
    },
    "arm_motor_1": {
      "p": [
        -0.0458501991814499,
        0.101953950459275,
        0.212691013114812
      ],
      "q": [
        -0.0220898106651088,
        0.392722174143212,
        0.919362663093391,
        0.00732310800392631
      ]
    },
    "arm_motor_2": {
      "p": [
        -0.0148877940574687,
        0.0863631948818536,
        0.0307865722685972
      ],
      "q": [
        0.0209542388099986,
        0.943698106344721,
        0.309606168150952,
        0.114624711995998
      ]
    },
    "arm_motor_3": {
      "p": [
        -0.0466693851169734,
        -0.0561335996852357,
        0.223431860540659
      ],
      "q": [
        -0.00843147392553106,
        -0.331168667874745,
        0.942881011386797,
        0.035094472951171
      ]
    },
    "base_link": {
      "p": [
        -0.0374346528973428,
        0.0166676684537702,
        0.127161644471033
      ],
      "q": [
        -0.0237767537531931,
        0.649158385016955,
        -0.0256560704095711,
        0.759848552801331
      ]
    },
    "connecting_link_0": {
      "p": [
        -0.0314596706501278,
        -0.0180483917593762,
        0.0899716626153952
      ],
      "q": [
        -0.238216644482762,
        0.550975603027612,
        -0.29019373797603,
        0.74529612208788
      ]
    },
    "connecting_link_1": {
      "p": [
        -0.0434096351445577,
        0.0513837286669166,
        0.164351626326671
      ],
      "q": [
        0.634467718526634,
        0.272518293130052,
        0.665707428359485,
        0.282874731787927
      ]
    },
    "connecting_link_2": {
      "p": [
        -0.0309400099904269,
        0.0457949915407325,
        0.0855272997145779
      ],
      "q": [
        0.233741505353873,
        0.586243419245331,
        0.204107736639569,
        0.748347241533181
      ]
    },
    "connecting_link_3": {
      "p": [
        -0.0439292958042586,
        -0.0124596546331921,
        0.168795989227488
      ],
      "q": [
        0.660755604615494,
        -0.258987150576689,
        0.672679509391775,
        -0.209356070964807
      ]
    }
  },
  "contacts": [
    {
      "f": [
        8.03973207080922,
        1.23806315517112,
        10.1681251457212
      ],
      "link": "arm_motor_2",
      "p": [
        0.00544771122427386,
        0.0756589689062714,
        7.62333211044575e-05
      ]
    },
    {
      "f": [
        7.90599347313334,
        1.61889088525277,
        10.0875496045544
      ],
      "link": "arm_motor_2",
      "p": [
        0.00585956506947111,
        0.0795994348978519,
        0.000247619287255418
      ]
    }
  ],
  "idx": 410,
  "state": [
    -0.0374346528973428,
    0.0166676684537702,
    0.127161644471033,
    0.759848552801331,
    -0.0237767537531931,
    0.649158385016955,
    -0.0256560704095711,
    -0.294583163910939,
    0.0585496996786168,
    -0.274192292126334,
    0.0164541582933907,
    -1.34136910091674,
    -0.622278474511529,
    0.996990499258857,
    0.0347568217789647,
    -0.0552758110765004,
    0.0417910569049777,
    0.998187261355883,
    0.0410862753620308,
    -0.036758987415346,
    0.0241430339418316,
    0.997068558745198,
    0.0292195638716238,
    -0.0545283720226914,
    -0.0450240257360527,
    0.995691205920686,
    -0.0810306248507858,
    -0.0390271155014668,
    -0.0225819517344307,
    -0.0802189686621219,
    -0.178115754489786,
    0.169071129424504,
    0.372692264543355,
    -0.261409996104417,
    0.127093161291263,
    -0.42601016757995,
    -1.20686593953398,
    -0.606207972194962,
    -0.576168071054846,
    -0.283795423093352,
    -0.126427721490897
  ],
  "t": 0.410999999999971,
  "thrust": [
    0.0,
    0.0,
    0.0,
    0.0
  ]
}