{
  "T_W_L": {
    "arm_motor_0": {
      "p": [
        -0.200196018013363,
        -0.0759643715963035,
        0.00886462237909487
      ],
      "q": [
        0.793643901625888,
        0.236198479740809,
        -0.506819913611937,
        0.23973571020304
      ]
    },
    "arm_motor_1": {
      "p": [
        -0.0745812211241035,
        0.11420217645402,
        0.0056195610432564
      ],
      "q": [
        -0.406788537904615,
        0.734673574749985,
        0.255219043407593,
        0.479208789439025
      ]
    },
    "arm_motor_2": {
      "p": [
        -0.0542913162940679,
        -0.0710494353604367,
        0.00807589658839124
      ],
      "q": [
        0.438013924619678,
        0.706086995306034,
        -0.234804614548652,
        0.504432106319198
      ]
    },
    "arm_motor_3": {
      "p": [
        -0.204651123434856,
        0.101534640980517,
        0.0100341585994193
      ],
      "q": [
        0.748587694492806,
        -0.337912528534003,
        -0.465947953952284,
        -0.329126253771075
      ]
    },
    "base_link": {
      "p": [
        -0.130572896634046,
        0.0140463907700025,
        0.0346038695410187
      ],
      "q": [
        -0.00223083255528106,
        -0.00129923812444835,
        -0.614519639744969,
        0.788897298597302
      ]
    },
    "connecting_link_0": {
      "p": [
        -0.151810712741405,
        -0.0325678887460092,
        0.0348570733978714
      ],
      "q": [
        -0.202815186931634,
        0.00250119964646283,
        0.919566782442396,
        -0.336536293107822
      ]
    },
    "connecting_link_1": {
      "p": [
        -0.109335080526686,
        0.0606606702860143,
        0.034350665684166
      ],
      "q": [
        -0.107175817379862,
        0.180640882047745,
        0.468110049942767,
        0.858344451280808
      ]
    },
    "connecting_link_2": {
      "p": [
        -0.0897568526310049,
        -0.0169057273695198,
        0.0347340026225363
      ],
      "q": [
        0.143690681151462,
        0.142591539462012,
        -0.475754551553953,
        0.855966265515049
      ]
    },
    "connecting_link_3": {
      "p": [
        -0.171388940637086,
        0.0449985089095248,
        0.0344737364595011
      ],
      "q": [
        -0.199856477169009,
        0.00621283446623492,
        0.858806393008324,
        0.471667646282338
      ]
    }
  },
  "contacts": [
    {
      "f": [
        -0.0979464091025964,
        0.163313528017169,
        0.238041512561057
      ],
      "link": "base_link",
      "p": [
        -0.119446513853647,
        0.0516104241803492,
        0.000523916974877886
      ]
    },
    {
      "f": [
        -0.037179208943481,
        0.0325794260390354,
        0.0617924016705329
      ],
      "link": "base_link",
      "p": [
        -0.100006841954301,
        -0.00846913942743752,
        0.000989177551011397
      ]
    },
    {
      "f": [
        -0.00117508457536172,
        0.264141043475389,
        0.330179571578166
      ],
      "link": "base_link",
      "p": [
        -0.115353483133879,
        0.0484524542470919,
        0.000339640856843668
      ]
    },
    {
      "f": [
        -0.0776539936587158,
        0.0874823527068048,
        0.146219573577856
      ],
      "link": "base_link",
      "p": [
        -0.145793043372225,
        -0.0207611354034713,
        0.000714844427698702
      ]
    },
    {
      "f": [
        -0.114908014348636,
        0.156074690102281,
        0.242265223502793
      ],
      "link": "base_link",
      "p": [
        -0.100739206432681,
        -0.00937629815988322,
        0.000627520994378218
      ]
    },
    {
      "f": [
        -0.0336056204483782,
        0.0304046818018735,
        0.0566483450937893
      ],
      "link": "base_link",
      "p": [
        -0.119942184514376,
        0.0520133140552244,
        0.000886703309812421
      ]
    },
    {
      "f": [
        -0.0319209878034023,
        0.0288064707366675,
        0.053746543764568
      ],
      "link": "base_link",
      "p": [
        -0.116175234856824,
        0.0525000251149547,
        0.000892506912470864
      ]
    },
    {
      "f": [
        -0.00583858813928753,
        0.00486134887093184,
        0.0094968600324939
      ],
      "link": "base_link",
      "p": [
        -0.161324315067163,
        0.0413086705748497,
        0.000981006279935012
      ]
    },
    {
      "f": [
        0.284393247843814,
        0.0591615799190524,
        0.363102111924265
      ],
      "link": "arm_motor_0",
      "p": [
        -0.221146967730802,
        -0.0543014239158054,
        0.00027379577615147
      ]
    },
    {
      "f": [
        0.0192214784905671,
        0.0192261569950323,
        0.0339832299671691
      ],
      "link": "arm_motor_1",
      "p": [
        -0.0994863071500103,
        0.132863177268124,
        0.000951039952942323
      ]
    },
    {
      "f": [
        -0.156418956337673,
        0.2483003960253,
        0.366827566286446
      ],
      "link": "arm_motor_1",
      "p": [
        -0.0674556457670353,
        0.0992537324352378,
        0.000317712561775957
      ]
    },
    {
      "f": [
        -0.0415534822863753,
        0.238045918509053,
        0.302056884152593
      ],
      "link": "arm_motor_2",
      "p": [
        -0.0788977580779086,
        -0.088869883212609,
        0.000395886231694814
      ]
    },
    {
      "f": [
        0.0126906516745316,
        0.0786097861467666,
        0.0995344720276336
      ],
      "link": "arm_motor_2",
      "p": [
        -0.0700711707116478,
        -0.0704087551483191,
        0.000800931055944733
      ]
    },
    {
      "f": [
        0.00525825017706288,
        0.197177401793404,
        0.246559377270853
      ],
      "link": "arm_motor_3",
      "p": [
        -0.230766733885183,
        0.0867868537722617,
        0.000506881245458293
      ]
    }
  ],
  "idx": 5204,
  "state": [
    -0.130572896634046,
    0.0140463907700025,
    0.0346038695410187,
    0.788897298597302,
    -0.00223083255528106,
    -0.00129923812444835,
    -0.614519639744969,
    0.000915494496689083,
    -0.00047645019740742,
    -1.36850341750608e-06,
    -0.0225504170709537,
    0.0198620981321854,
    0.000138379137123557,
    0.965521163526386,
    0.10093831484112,
    0.177270716669272,
    -0.16172641216342,
    0.978049714045405,
    -0.00299463287351384,
    0.207699240174782,
    -0.0164564473830816,
    0.951221789297303,
    0.102637321330757,
    0.177173160033298,
    -0.230764726940448,
    0.953375418709812,
    -0.049174949515598,
    0.192811476224344,
    -0.226893961965098,
    -0.00440592954280435,
    0.0303738729296133,
    -0.212715601198858,
    -0.00314396877364649,
    0.0051921638273739,
    -0.0241476287028573,
    -0.00136783213478984,
    -0.0539849096778421,
    -0.22615678613873,
    0.00737163668669681,
    0.0810123654519238,
    0.192145167489076
  ],
  "t": 5.20500000000121,
  "thrust": [
    0.0,
    0.0,
    0.0,
    0.0
  ]
}