{
  "T_W_L": {
    "arm_motor_0": {
      "p": [
        -0.192216201495356,
        -0.0848035719649439,
        0.0236189750991837
      ],
      "q": [
        0.728366581594749,
        0.280989989844208,
        -0.542815656060091,
        0.309641586288704
      ]
    },
    "arm_motor_1": {
      "p": [
        -0.0725020140070845,
        0.119662660093389,
        0.0153818154672369
      ],
      "q": [
        -0.374933885703902,
        0.697487077245423,
        0.318031535519665,
        0.52133703191085
      ]
    },
    "arm_motor_2": {
      "p": [
        -0.0432644802555948,
        -0.0646843520769065,
        0.00837129587026549
      ],
      "q": [
        0.379166380393322,
        0.732053568090727,
        -0.196875816804484,
        0.530632021444833
      ]
    },
    "arm_motor_3": {
      "p": [
        -0.204639247938403,
        0.105397395320323,
        0.0445538766721666
      ],
      "q": [
        -0.597578934923359,
        0.316712595034927,
        0.631860674171122,
        0.37860881806704
      ]
    },
    "base_link": {
      "p": [
        -0.127880678943538,
        0.0146833421506009,
        0.0360579778037143
      ],
      "q": [
        -0.034786862769911,
        0.0243134612246815,
        -0.614340649703202,
        0.787898658397228
      ]
    },
    "connecting_link_0": {
      "p": [
        -0.149045437823797,
        -0.0318754030477846,
        0.0389452303199172
      ],
      "q": [
        -0.131204317700997,
        0.0202597381377231,
        0.898861580369627,
        -0.417639592666481
      ]
    },
    "connecting_link_1": {
      "p": [
        -0.10671592006328,
        0.0612420873489864,
        0.0331707252875114
      ],
      "q": [
        -0.040236037680726,
        0.124556891562394,
        0.490000548474976,
        0.861838792658054
      ]
    },
    "connecting_link_2": {
      "p": [
        -0.0871968125871957,
        -0.0163393466892725,
        0.0335250357507568
      ],
      "q": [
        0.128898893659985,
        0.142426541510394,
        -0.407323343888168,
        0.892853542867127
      ]
    },
    "connecting_link_3": {
      "p": [
        -0.168564545299881,
        0.0457060309904744,
        0.0385909198566718
      ],
      "q": [
        0.024240850292962,
        -0.0437672390358415,
        0.869345084650046,
        0.491666486308614
      ]
    }
  },
  "contacts": [
    {
      "f": [
        0.0568825131651334,
        0.324536190400393,
        0.411854341635907
      ],
      "link": "base_link",
      "p": [
        -0.119516229794128,
        0.0515425121979949,
        0.000452729025139167
      ]
    },
    {
      "f": [
        0.118907033951229,
        0.138899152752094,
        0.22855475738297
      ],
      "link": "base_link",
      "p": [
        -0.100122649424894,
        -0.00855366545996859,
        0.000551448954946084
      ]
    },
    {
      "f": [
        -0.441128148289594,
        0.197828875113926,
        0.604320779680387
      ],
      "link": "base_link",
      "p": [
        -0.115452330437421,
        0.0483735632911891,
        3.15466576573942e-06
      ]
    },
    {
      "f": [
        0.0660182362986837,
        0.0347705789697055,
        0.0932687706131231
      ],
      "link": "base_link",
      "p": [
        -0.0994389279905723,
        -0.0131119862947043,
        0.000814779237791594
      ]
    },
    {
      "f": [
        -0.112551557708058,
        0.279833737870118,
        0.377025309977809
      ],
      "link": "base_link",
      "p": [
        -0.100882020587073,
        -0.00946639279699685,
        0.000267945151987699
      ]
    },
    {
      "f": [
        0.155002100117808,
        0.0814252157893082,
        0.218859675388944
      ],
      "link": "base_link",
      "p": [
        -0.119981003785835,
        0.0519534789554996,
        0.000846067353883609
      ]
    },
    {
      "f": [
        0.135475032465659,
        0.23653685089813,
        0.340732589096584
      ],
      "link": "base_link",
      "p": [
        -0.116225605148688,
        0.0524328902199176,
        0.000539510710398788
      ]
    },
    {
      "f": [
        -0.0182153486530032,
        0.142744425228283,
        0.179877431621434
      ],
      "link": "arm_motor_2",
      "p": [
        -0.0646548246772137,
        -0.08624152995512,
        0.000640245136757131
      ]
    },
    {
      "f": [
        0.0591183665092713,
        0.011418768753244,
        0.0752638020831207
      ],
      "link": "arm_motor_2",
      "p": [
        -0.058820672627769,
        -0.0666250866213242,
        0.000849472395833759
      ]
    }
  ],
  "idx": 4318,
  "state": [
    -0.127880678943538,
    0.0146833421506009,
    0.0360579778037143,
    0.787898658397228,
    -0.034786862769911,
    0.0243134612246815,
    -0.614340649703202,
    -0.00592639139846046,
    -0.0003539318326553,
    -0.00448648148168752,
    0.163282525999963,
    -0.0315827745933549,
    -0.00358257644804416,
    0.9813943798021,
    0.107801648901407,
    0.137474352494903,
    -0.0796534882669691,
    0.995296253476049,
    -0.00177736662156245,
    0.0968471011311161,
    -0.00168753872009459,
    0.970361925539262,
    0.121198144409286,
    0.148813915295976,
    -0.146844005222426,
    0.967879035406535,
    -0.0731397157563661,
    -0.0151153004118632,
    -0.240067245773038,
    0.0745062310603958,
    0.312835579819834,
    -0.161762553509551,
    0.00537915918212171,
    0.788358049111653,
    0.184394363124136,
    -0.0107436614809758,
    0.119637418285083,
    -0.413659481040565,
    -0.00812825579117207,
    0.499180699588423,
    0.273067794257276
  ],
  "t": 4.31900000000327,
  "thrust": [
    0.0,
    0.0,
    0.0,
    0.0
  ]
}