{
  "T_W_L": {
    "arm_motor_0": {
      "p": [
        -0.191884442571089,
        -0.0863467958982253,
        0.0251587477997476
      ],
      "q": [
        0.714064851717943,
        0.286099876221531,
        -0.553212682025594,
        0.319709206644266
      ]
    },
    "arm_motor_1": {
      "p": [
        -0.0702030837581805,
        0.119435376978109,
        0.022361563605524
      ],
      "q": [
        -0.352397034142822,
        0.674614428402725,
        0.326664565413279,
        0.560358782407808
      ]
    },
    "arm_motor_2": {
      "p": [
        -0.0408001107291031,
        -0.0633733115805815,
        0.0101168305362685
      ],
      "q": [
        0.367790889398711,
        0.728107957704559,
        -0.18088236554306,
        0.549427186657294
      ]
    },
    "arm_motor_3": {
      "p": [
        -0.203354126212841,
        0.105482965705186,
        0.0480799807140729
      ],
      "q": [
        -0.576474781672212,
        0.311504132932842,
        0.641983091770637,
        0.398120221971136
      ]
    },
    "base_link": {
      "p": [
        -0.128198230150676,
        0.0143550954923852,
        0.0357322590846672
      ],
      "q": [
        -0.0284322742585113,
        0.0236501583278205,
        -0.61437073331632,
        0.788150288863695
      ]
    },
    "connecting_link_0": {
      "p": [
        -0.14938590714751,
        -0.0322273897060449,
        0.0380025930283596
      ],
      "q": [
        -0.113739659958029,
        0.0237653854530554,
        0.896100537755419,
        -0.428371710598808
      ]
    },
    "connecting_link_1": {
      "p": [
        -0.107010553153842,
        0.0609375806908153,
        0.0334619251409749
      ],
      "q": [
        -0.0181956031353307,
        0.080790942071855,
        0.480169061889503,
        0.873257931947851
      ]
    },
    "connecting_link_2": {
      "p": [
        -0.0874922696249721,
        -0.0166446431044633,
        0.0332744176319042
      ],
      "q": [
        0.132164284679898,
        0.126346384875162,
        -0.387970579225022,
        0.903353763782401
      ]
    },
    "connecting_link_3": {
      "p": [
        -0.168904190676379,
        0.0453548340892337,
        0.0381901005374302
      ],
      "q": [
        0.0463213702946676,
        -0.0612468239188355,
        0.861579824901579,
        0.501780193447733
      ]
    }
  },
  "contacts": [
    {
      "f": [
        -0.00649339882359171,
        -0.215888005334958,
        0.269982045339909
      ],
      "link": "base_link",
      "p": [
        -0.119519858615283,
        0.0515404311172574,
        0.000543726169819944
      ]
    },
    {
      "f": [
        0.0567796779068825,
        -0.366676156452925,
        0.463807839274351
      ],
      "link": "base_link",
      "p": [
        -0.100125526231607,
        -0.00855491824428542,
        0.000260652388637192
      ]
    },
    {
      "f": [
        0.397082472066407,
        -0.15418022692565,
        0.532456031044486
      ],
      "link": "base_link",
      "p": [
        -0.115452006568441,
        0.0483755888589423,
        0.000101023713328811
      ]
    },
    {
      "f": [
        -0.14659864450615,
        -0.233033800746126,
        0.344138223640829
      ],
      "link": "base_link",
      "p": [
        -0.0994439853963668,
        -0.0131155006670786,
        0.000488021526408811
      ]
    },
    {
      "f": [
        0.420632237858627,
        -0.23236209055078,
        0.600681410788882
      ],
      "link": "base_link",
      "p": [
        -0.100882317372973,
        -0.00946496266313817,
        -3.79719306399101e-05
      ]
    },
    {
      "f": [
        -0.0410193961519078,
        -0.0368186625186157,
        0.0688998908100421
      ],
      "link": "base_link",
      "p": [
        -0.119988118466446,
        0.0519477755417428,
        0.000936697939327089
      ]
    },
    {
      "f": [
        -0.0783832417498802,
        -0.185891567639042,
        0.252176796571252
      ],
      "link": "base_link",
      "p": [
        -0.116230168253323,
        0.0524298336814104,
        0.000667883494642509
      ]
    }
  ],
  "idx": 4199,
  "state": [
    -0.128198230150676,
    0.0143550954923852,
    0.0357322590846672,
    0.788150288863695,
    -0.0284322742585113,
    0.0236501583278205,
    -0.61437073331632,
    0.00890217989863702,
    0.00230528305475256,
    0.00372487117047689,
    -0.259868671612567,
    -0.000529115367424108,
    0.000334856371122552,
    0.985834796998652,
    0.10169528340412,
    0.114096953758757,
    -0.0690630690235717,
    0.99844975319788,
    -0.0025201566736536,
    0.053621063720842,
    -0.0147146415137707,
    0.975226543828133,
    0.121954019069062,
    0.133972501519954,
    -0.126932164097296,
    0.963861419689424,
    -0.0779335332993023,
    -0.0413504542684641,
    -0.251371573479513,
    0.116238320344242,
    0.349951928175286,
    -0.248840446740951,
    -0.0210245511885643,
    0.770237745257913,
    0.263132599716848,
    0.198658912786089,
    0.781470705236316,
    -0.21600013465288,
    -0.0233589670768007,
    0.409642281621662,
    0.280361511530421
  ],
  "t": 4.20000000000355,
  "thrust": [
    0.0,
    0.0,
    0.0,
    0.0
  ]
}