{
  "T_W_L": {
    "arm_motor_0": {
      "p": [
        -0.133696820463719,
        -0.111264827707315,
        0.0593403158692556
      ],
      "q": [
        -0.397010372794456,
        -0.480449659312775,
        0.705281829670273,
        -0.337828994458436
      ]
    },
    "arm_motor_1": {
      "p": [
        -0.0817320583361139,
        0.119190769303979,
        0.0773563395927159
      ],
      "q": [
        -0.197267831345995,
        0.551859738106993,
        0.714354655336304,
        0.382405097471098
      ]
    },
    "arm_motor_2": {
      "p": [
        -0.0108107872298336,
        -0.0550733499146105,
        0.00927218622023916
      ],
      "q": [
        0.258118473297247,
        0.716493973894647,
        -0.186307870191989,
        0.620725878806322
      ]
    },
    "arm_motor_3": {
      "p": [
        -0.143505198293798,
        0.0376196230427253,
        0.146998223517574
      ],
      "q": [
        -0.0577905194310742,
        0.0936581203374183,
        0.880569590825224,
        0.460961612363379
      ]
    },
    "base_link": {
      "p": [
        -0.10438386785086,
        0.00419496707558023,
        0.0495822292657194
      ],
      "q": [
        -0.0402194749487938,
        0.294973001703012,
        -0.50542782966943,
        0.809886430986967
      ]
    },
    "connecting_link_0": {
      "p": [
        -0.117219607707657,
        -0.0450484635331736,
        0.0437231914428771
      ],
      "q": [
        -0.217980837603147,
        0.100848039255837,
        -0.779438291211864,
        0.578610384981822
      ]
    },
    "connecting_link_1": {
      "p": [
        -0.0915481279940638,
        0.053438397684334,
        0.0554412670885618
      ],
      "q": [
        0.365635599705762,
        0.119822525497171,
        0.644614442215197,
        0.660625000661403
      ]
    },
    "connecting_link_2": {
      "p": [
        -0.0663427460321495,
        -0.0139540503708705,
        0.0204706127440894
      ],
      "q": [
        0.050777764416824,
        0.0677182694582724,
        -0.31425688121918,
        0.945557225782131
      ]
    },
    "connecting_link_3": {
      "p": [
        -0.142424989669571,
        0.0223439845220309,
        0.0786938457873495
      ],
      "q": [
        0.581792660801174,
        -0.259722789965056,
        0.663520797157185,
        0.392175373972605
      ]
    }
  },
  "contacts": [
    {
      "f": [
        -0.292530174760954,
        -0.385369748755107,
        0.604777524178892
      ],
      "link": "base_link",
      "p": [
        -0.0934447818443118,
        -0.000752770646007588,
        0.000317266004597271
      ]
    },
    {
      "f": [
        0.521802149487432,
        0.823199101273933,
        1.21830712693623
      ],
      "link": "base_link",
      "p": [
        -0.0922653975059262,
        -0.0048931363865873,
        -0.00135052618467708
      ]
    },
    {
      "f": [
        -0.296170143758277,
        -0.433512612296495,
        0.656279688702169
      ],
      "link": "base_link",
      "p": [
        -0.0941552589271955,
        -0.00170832114787822,
        4.8498980816554e-05
      ]
    },
    {
      "f": [
        0.0215169766695288,
        -0.00298276277789193,
        0.0271534171073086
      ],
      "link": "arm_motor_2",
      "p": [
        -0.0245796393030839,
        -0.0616633139563624,
        0.000945693165785383
      ]
    }
  ],
  "idx": 2596,
  "state": [
    -0.10438386785086,
    0.00419496707558023,
    0.0495822292657194,
    0.809886430986967,
    -0.0402194749487938,
    0.294973001703012,
    -0.50542782966943,
    0.0343268749438228,
    0.0651401930053959,
    -0.0043238620304155,
    -0.880562528168313,
    -0.625304476328667,
    -0.917377470775967,
    0.985193941521168,
    0.08794270026237,
    -0.145224293042086,
    -0.0238512844722134,
    0.982866762858307,
    0.0839536506238784,
    -0.0431442986612224,
    0.158313867075461,
    0.963077824740197,
    0.0560590119918931,
    -0.224292076232869,
    -0.137954902802805,
    0.873561133263023,
    -0.215881563745491,
    -0.367899887799253,
    -0.234383807982381,
    -0.202642569949729,
    0.61840853411407,
    -0.183513205962205,
    0.389931531094018,
    0.278016458192742,
    0.153491541461267,
    -0.0958105258466639,
    0.354331924528759,
    -0.118875941886403,
    0.0955362059005857,
    -0.0787671469033392,
    -0.00838808760219176
  ],
  "t": 2.59700000000106,
  "thrust": [
    0.0,
    0.0,
    0.0,
    0.0
  ]
}