{
  "T_W_L": {
    "arm_motor_0": {
      "p": [
        -0.0066453867654083,
        -0.0725042962506903,
        0.0533056272979373
      ],
      "q": [
        0.019081116496617,
        0.927692005650101,
        -0.364739987364007,
        0.0773834301633039
      ]
    },
    "arm_motor_1": {
      "p": [
        -0.0205853449995142,
        0.0906609722627426,
        0.231481478991283
      ],
      "q": [
        0.00343429472966784,
        0.381789031227796,
        0.924215099859975,
        -0.00719655783465671
      ]
    },
    "arm_motor_2": {
      "p": [
        -0.00672104136563656,
        0.083371962008962,
        0.0486354171974611
      ],
      "q": [
        0.025024039136429,
        0.938671176569728,
        0.338842244298489,
        0.0587890569856686
      ]
    },
    "arm_motor_3": {
      "p": [
        -0.0206363372585022,
        -0.0694148232329035,
        0.235802368279665
      ],
      "q": [
        0.0123734783102272,
        -0.356880190729106,
        0.933572017286991,
        0.0304419946514916
      ]
    },
    "base_link": {
      "p": [
        -0.0181832021306164,
        0.00816575010197162,
        0.142866137501611
      ],
      "q": [
        -0.009582600241725,
        0.684529861672073,
        -0.00993798790715838,
        0.728854085978927
      ]
    },
    "connecting_link_0": {
      "p": [
        -0.0157213548333461,
        -0.0249262856776796,
        0.103842343787478
      ],
      "q": [
        -0.244417731567617,
        0.601258959827788,
        -0.271402505302354,
        0.710695656267683
      ]
    },
    "connecting_link_1": {
      "p": [
        -0.0206450494278866,
        0.0412577858816228,
        0.181889931215744
      ],
      "q": [
        0.655947177477932,
        0.275054347809904,
        0.651090351294049,
        0.26487687811773
      ]
    },
    "connecting_link_2": {
      "p": [
        -0.0156338326477954,
        0.0390493188239479,
        0.102077586433511
      ],
      "q": [
        0.257292316461977,
        0.622170613402681,
        0.221902980929884,
        0.705310895110938
      ]
    },
    "connecting_link_3": {
      "p": [
        -0.0207325716134373,
        -0.0227178186200046,
        0.183654688569712
      ],
      "q": [
        0.668884474569662,
        -0.273878143786613,
        0.65138573372961,
        -0.230826662084785
      ]
    }
  },
  "contacts": [],
  "idx": 340,
  "state": [
    -0.0181832021306164,
    0.00816575010197162,
    0.142866137501611,
    0.728854085978927,
    -0.009582600241725,
    0.684529861672073,
    -0.00993798790715838,
    -0.281519000538003,
    0.125828262617484,
    0.116512575066562,
    0.0228889091121043,
    -1.32845112702932,
    -0.59868271259871,
    0.998288559286882,
    0.02623176296177,
    -0.0411873691382436,
    0.0321783721202526,
    0.999180865189974,
    0.0302822068520439,
    -0.0223137490098492,
    0.0149225732201738,
    0.998354446256192,
    0.0223878273225595,
    -0.0405590389013746,
    -0.0337956978277581,
    0.998156846966429,
    -0.0541923691878649,
    -0.0231605438096838,
    -0.0144805105670909,
    0.398755095682822,
    -0.650653309454594,
    0.462520350597982,
    0.495880904177797,
    -0.628146089502137,
    0.444344086675067,
    0.3302404626684,
    -0.618852736673946,
    -0.506453722776701,
    -1.21007965067681,
    -0.677877133043374,
    -0.411915509269778
  ],
  "t": 0.340999999999979,
  "thrust": [
    0.0,
    0.0,
    0.0,
    0.0
  ]
}