{
  "T_W_L": {
    "arm_motor_0": {
      "p": [
        -0.0218376190312667,
        -0.0674435597867216,
        0.0406788316019871
      ],
      "q": [
        0.0423504068577222,
        0.910568933029921,
        -0.379917872849438,
        0.157267514539062
      ]
    },
    "arm_motor_1": {
      "p": [
        -0.0586422485511806,
        0.103441381693049,
        0.207554516043127
      ],
      "q": [
        -0.0343923746171559,
        0.396672765737973,
        0.917255968843704,
        0.010457968759712
      ]
    },
    "arm_motor_2": {
      "p": [
        -0.0174859625613995,
        0.0837680618812409,
        0.0269353153308256
      ],
      "q": [
        0.0113272062420562,
        0.943752291885364,
        0.290089009704602,
        0.158277201164527
      ]
    },
    "arm_motor_3": {
      "p": [
        -0.0599679598044337,
        -0.0539266348552699,
        0.220476159229996
      ],
      "q": [
        -0.0220524061884771,
        -0.322566236054112,
        0.945732520398885,
        0.0324763698580048
      ]
    },
    "base_link": {
      "p": [
        -0.0472199849754856,
        0.0171863242772508,
        0.123378975831477
      ],
      "q": [
        -0.0286428018038151,
        0.63194154867635,
        -0.0312146906075456,
        0.773857294371281
      ]
    },
    "connecting_link_0": {
      "p": [
        -0.0396334721309637,
        -0.0180793140383177,
        0.0870089390284241
      ],
      "q": [
        -0.238696244310702,
        0.532664541292332,
        -0.298588764060911,
        0.755074393274181
      ]
    },
    "connecting_link_1": {
      "p": [
        -0.0548064978200076,
        0.0524519625928194,
        0.15974901263453
      ],
      "q": [
        0.62427883434032,
        0.273095101937914,
        0.672916996966119,
        0.287884903192773
      ]
    },
    "connecting_link_2": {
      "p": [
        -0.0388584142765177,
        0.0456909557850554,
        0.0816468524964435
      ],
      "q": [
        0.213133450255471,
        0.555414763101822,
        0.197114361564157,
        0.779252527603151
      ]
    },
    "connecting_link_3": {
      "p": [
        -0.0555815556744536,
        -0.0113183072305538,
        0.16511109916651
      ],
      "q": [
        0.653140472405344,
        -0.251053034250601,
        0.684327284320049,
        -0.205124511540766
      ]
    }
  },
  "contacts": [
    {
      "f": [
        -0.951215625872164,
        0.173794600124939,
        1.20870264251591
      ],
      "link": "arm_motor_2",
      "p": [
        0.00528435866496371,
        0.0715666745831766,
        -0.00141740528503181
      ]
    },
    {
      "f": [
        0.103115860797787,
        0.00557784549053311,
        0.129083264724175
      ],
      "link": "arm_motor_2",
      "p": [
        0.00647886007267309,
        0.0871592946280365,
        0.00074183347055165
      ]
    },
    {
      "f": [
        -0.643417577944869,
        0.695892313617671,
        1.18470215914209
      ],
      "link": "arm_motor_2",
      "p": [
        0.00573918954040382,
        0.0755058488306475,
        -0.00136940431828418
      ]
    },
    {
      "f": [
        0.427417884384522,
        0.0500173841279226,
        0.537918131850036
      ],
      "link": "arm_motor_2",
      "p": [
        0.00370688278748064,
        0.0617966261801766,
        -7.58362637000715e-05
      ]
    }
  ],
  "idx": 439,
  "state": [
    -0.0472199849754856,
    0.0171863242772508,
    0.123378975831477,
    0.773857294371281,
    -0.0286428018038151,
    0.63194154867635,
    -0.0312146906075456,
    -0.356168726295308,
    -0.000891529771900543,
    -0.115084872916085,
    0.070461789168869,
    -1.6782602122948,
    -0.420297245685706,
    0.997049559522162,
    0.0327274072257635,
    -0.0555599653635896,
    0.0416435219660647,
    0.997526676256663,
    0.0494025824116757,
    -0.0418606760554793,
    0.0273422531546108,
    0.99538807340593,
    0.0183184903047625,
    -0.0742883421849146,
    -0.0578641378541424,
    0.994822346275831,
    -0.0876842641094255,
    -0.0447986566367679,
    -0.0251604757781106,
    -0.129905699296062,
    0.102161152466195,
    -0.116956192629673,
    0.650916273920505,
    -0.406870406917109,
    0.25894197147972,
    -0.800306802832352,
    -1.4870933773994,
    -0.836773790869694,
    -0.332389469855484,
    -0.440055264570811,
    -0.233561043384766
  ],
  "t": 0.439999999999968,
  "thrust": [
    0.0,
    0.0,
    0.0,
    0.0
  ]
}