{
  "T_W_L": {
    "arm_motor_0": {
      "p": [
        -1.98724689790746e-17,
        -0.0814974745618855,
        0.379121405195769
      ],
      "q": [
        -5.30033050293045e-17,
        0.923879532979703,
        -0.382683431234233,
        -7.37890515415252e-17
      ]
    },
    "arm_motor_1": {
      "p": [
        1.98724689790746e-17,
        0.0814974745618855,
        0.558116354804231
      ],
      "q": [
        1.30371400163464e-16,
        0.382683431234233,
        0.923879532979703,
        -2.95973631813713e-17
      ]
    },
    "arm_motor_2": {
      "p": [
        -1.98724640272929e-17,
        0.0814974745618855,
        0.379121405195769
      ],
      "q": [
        5.33445684571903e-17,
        0.923879532979703,
        0.382683431234233,
        -7.39303983784515e-17
      ]
    },
    "arm_motor_3": {
      "p": [
        1.98724640272929e-17,
        -0.0814974745618855,
        0.558116354804231
      ],
      "q": [
        1.3036110259863e-16,
        -0.382683431234233,
        0.923879532979703,
        2.95725246366021e-17
      ]
    },
    "base_link": {
      "p": [
        2.93640206082585e-37,
        3.35704837418534e-21,
        0.46861888
      ],
      "q": [
        -1.84851610031417e-20,
        0.707106781186548,
        -1.85268626548047e-20,
        0.707106781186548
      ]
    },
    "connecting_link_0": {
      "p": [
        -8.88178608420258e-18,
        -0.032,
        0.42861888
      ],
      "q": [
        -0.270598049273462,
        0.653281482769409,
        -0.270598049273462,
        0.653281482769408
      ]
    },
    "connecting_link_1": {
      "p": [
        8.88178608420258e-18,
        0.032,
        0.50861888
      ],
      "q": [
        0.653281482769408,
        0.270598049273462,
        0.653281482769408,
        0.270598049273462
      ]
    },
    "connecting_link_2": {
      "p": [
        -8.88178230979993e-18,
        0.032,
        0.42861888
      ],
      "q": [
        0.270598049273462,
        0.653281482769409,
        0.270598049273462,
        0.653281482769408
      ]
    },
    "connecting_link_3": {
      "p": [
        8.88178230979993e-18,
        -0.032,
        0.50861888
      ],
      "q": [
        0.653281482769408,
        -0.270598049273462,
        0.653281482769408,
        -0.270598049273462
      ]
    }
  },
  "contacts": [],
  "idx": 79,
  "state": [
    2.93640206082585e-37,
    3.35704837418534e-21,
    0.46861888,
    0.707106781186548,
    -1.84851610031417e-20,
    0.707106781186548,
    -1.85268626548047e-20,
    8.86781679991468e-35,
    8.95170961655555e-20,
    -0.784527999999995,
    2.2287943158729e-21,
    -3.25339655305494e-20,
    1.85627133851432e-18,
    1.0,
    1.29808576289362e-18,
    2.33843315862709e-22,
    -5.7872065095985e-22,
    1.0,
    -1.26922906837714e-18,
    -2.33843315862346e-22,
    6.03698050945232e-22,
    1.0,
    -9.28750075618149e-19,
    2.67135116888454e-22,
    4.86474194562978e-22,
    1.0,
    1.2961593006142e-18,
    -2.67135116888044e-22,
    -5.46671872745182e-22,
    5.40235506591413e-17,
    1.58683225440302e-20,
    -4.57411291032815e-20,
    -4.72217298371446e-17,
    -1.58683225440092e-20,
    4.66617393983986e-20,
    -2.9067453301839e-17,
    1.82010902459383e-20,
    3.7218219063192e-20,
    5.39170584298497e-17,
    -1.82010902459177e-20,
    -4.34967009171876e-20
  ],
  "t": 0.0800000000000013,
  "thrust": [
    0.0,
    0.0,
    0.0,
    0.0
  ]
}