{
  "T_W_L": {
    "arm_motor_0": {
      "p": [
        -0.201162344363881,
        -0.0873184051407957,
        0.0304102735516626
      ],
      "q": [
        0.676926382498521,
        0.250940648874024,
        -0.600247602558515,
        0.344241599814585
      ]
    },
    "arm_motor_1": {
      "p": [
        -0.0830777408888292,
        0.119502614045935,
        0.0571336352911182
      ],
      "q": [
        -0.326547343788099,
        0.508721021498818,
        0.416124517420102,
        0.679271772232604
      ]
    },
    "arm_motor_2": {
      "p": [
        -0.0548917261093987,
        -0.0767902768720379,
        0.0433959603149453
      ],
      "q": [
        0.372791764699458,
        0.573518058476692,
        -0.280926912121309,
        0.673188982990197
      ]
    },
    "arm_motor_3": {
      "p": [
        -0.213965838899071,
        0.0883858309177805,
        0.0702000117245974
      ],
      "q": [
        -0.449707746422193,
        0.174387201135349,
        0.78063348180976,
        0.397446114543372
      ]
    },
    "base_link": {
      "p": [
        -0.134401579861784,
        0.0126023987389252,
        0.0358361091634705
      ],
      "q": [
        0.0314692088130741,
        -0.0298249878145948,
        -0.621023982850459,
        0.782591446236854
      ]
    },
    "connecting_link_0": {
      "p": [
        -0.15637085247518,
        -0.0336070210173214,
        0.0333783486728417
      ],
      "q": [
        -0.0542200852686898,
        0.0659737351012241,
        0.903098385588876,
        -0.420857404089574
      ]
    },
    "connecting_link_1": {
      "p": [
        -0.112432307248387,
        0.0588118184951717,
        0.0382938696540992
      ],
      "q": [
        0.0633406269147137,
        -0.120597592380317,
        0.525148309256753,
        0.840037760448241
      ]
    },
    "connecting_link_2": {
      "p": [
        -0.0942819579961617,
        -0.0190996416098038,
        0.0389014931666708
      ],
      "q": [
        0.0649582602107117,
        -0.0704779866106322,
        -0.462248909368262,
        0.881555003174255
      ]
    },
    "connecting_link_3": {
      "p": [
        -0.174521201727405,
        0.0443044390876541,
        0.0327707251602702
      ],
      "q": [
        0.233999831561693,
        -0.157726470274917,
        0.8699826256562,
        0.404347215224811
      ]
    }
  },
  "contacts": [
    {
      "f": [
        -0.536717899639318,
        -0.110865174331051,
        0.685060661858559
      ],
      "link": "base_link",
      "p": [
        -0.147221110953699,
        -0.0213246576501121,
        0.000110806707948684
      ]
    },
    {
      "f": [
        0.302405500222316,
        -0.0253223746351177,
        0.379329814487568
      ],
      "link": "base_link",
      "p": [
        -0.146521800762917,
        -0.0253905998526816,
        0.000696337204536379
      ]
    },
    {
      "f": [
        0.231915632975502,
        -0.159801890967435,
        0.352050922220413
      ],
      "link": "base_link",
      "p": [
        -0.145413432074153,
        -0.0253341848134324,
        0.000587880701207029
      ]
    },
    {
      "f": [
        -0.839926782289553,
        0.281731964172407,
        1.10739693315826
      ],
      "link": "base_link",
      "p": [
        -0.161659883567887,
        0.0410088378437817,
        0.000206940409092728
      ]
    }
  ],
  "idx": 3434,
  "state": [
    -0.134401579861784,
    0.0126023987389252,
    0.0358361091634705,
    0.782591446236854,
    0.0314692088130741,
    -0.0298249878145948,
    -0.621023982850459,
    -0.051852461933936,
    -0.00648218716482125,
    0.0202854855571346,
    1.46567033270112,
    -0.148650847384393,
    0.00906854138517889,
    0.99610604087739,
    0.0528789683700349,
    -0.0147100640803793,
    -0.0689940870397159,
    0.992339868638214,
    0.0310699724812521,
    -0.110188699807162,
    0.0464186638747162,
    0.977605912700154,
    0.0478612473988138,
    -0.0231467175467133,
    -0.203617803538743,
    0.940189876208885,
    -0.0559704663183623,
    -0.295365295791041,
    -0.160217494727314,
    0.041995569266347,
    0.886066755451606,
    0.142222556070733,
    0.0356106214208632,
    0.324883166477732,
    -0.198777188081739,
    -0.0387156250533651,
    0.539870285349754,
    0.296152019936586,
    -0.166100743906912,
    0.572318604264648,
    -0.264188700396906
  ],
  "t": 3.43500000000282,
  "thrust": [
    0.0,
    0.0,
    0.0,
    0.0
  ]
}