{
  "T_W_L": {
    "arm_motor_0": {
      "p": [
        -0.19918621811156,
        -0.077504667379569,
        0.00938119389499889
      ],
      "q": [
        0.789869551817232,
        0.240836324233483,
        -0.503849778046212,
        0.253454842535179
      ]
    },
    "arm_motor_1": {
      "p": [
        -0.0748360209236984,
        0.114383429778735,
        0.00577708157026505
      ],
      "q": [
        -0.408778060159456,
        0.732937415238283,
        0.254885493796346,
        0.480350526103896
      ]
    },
    "arm_motor_2": {
      "p": [
        -0.0525406348992053,
        -0.0696603427033279,
        0.00844973171063076
      ],
      "q": [
        0.431224793431816,
        0.710013037401,
        -0.221264437731806,
        0.510850969310544
      ]
    },
    "arm_motor_3": {
      "p": [
        -0.203452423584497,
        0.102722804667747,
        0.0104641126607139
      ],
      "q": [
        0.743483712898064,
        -0.341358963265163,
        -0.462812657008238,
        -0.341336302444989
      ]
    },
    "base_link": {
      "p": [
        -0.130776976186889,
        0.0141252616085094,
        0.0346126338083828
      ],
      "q": [
        -0.00130200256242912,
        -0.00438395711016752,
        -0.614514338476965,
        0.788892396664845
      ]
    },
    "connecting_link_0": {
      "p": [
        -0.152015392908909,
        -0.0324888445850146,
        0.034846640049154
      ],
      "q": [
        -0.202246521586931,
        0.00892263985965548,
        0.914797711098557,
        -0.349516635902732
      ]
    },
    "connecting_link_1": {
      "p": [
        -0.10953855946487,
        0.0607393678020334,
        0.0343786275676115
      ],
      "q": [
        -0.108818477249556,
        0.17860590214574,
        0.469280999428512,
        0.857924130854921
      ]
    },
    "connecting_link_2": {
      "p": [
        -0.089962094068666,
        -0.0168254292127847,
        0.0350599987155895
      ],
      "q": [
        0.148464391295816,
        0.140828848901898,
        -0.461379560006994,
        0.863281218052311
      ]
    },
    "connecting_link_3": {
      "p": [
        -0.171591858305113,
        0.0450759524298035,
        0.034165268901176
      ],
      "q": [
        -0.198464406902485,
        1.60236196123729e-05,
        0.852980343281462,
        0.482738451867601
      ]
    }
  },
  "contacts": [
    {
      "f": [
        0.189582457960915,
        -0.0450000507178178,
        0.243562469306863
      ],
      "link": "base_link",
      "p": [
        -0.119446454489753,
        0.0516102172334981,
        0.000512875061386274
      ]
    },
    {
      "f": [
        0.243105904700135,
        -0.0923488365794505,
        0.325069195801181
      ],
      "link": "base_link",
      "p": [
        -0.115352354007781,
        0.0484519316560571,
        0.000360540840528098
      ]
    },
    {
      "f": [
        0.13779007861038,
        0.0459623930573143,
        0.181567167921965
      ],
      "link": "base_link",
      "p": [
        -0.145792821258093,
        -0.020761374486187,
        0.00071381691200971
      ]
    },
    {
      "f": [
        -0.0283070002123443,
        0.146089812282032,
        0.186008734311141
      ],
      "link": "base_link",
      "p": [
        -0.100739404185817,
        -0.00937562209834898,
        0.000870724828938227
      ]
    },
    {
      "f": [
        -0.0258140626547032,
        0.0443372755935362,
        0.0641307238892527
      ],
      "link": "base_link",
      "p": [
        -0.119944300685823,
        0.0520139371116376,
        0.000871738552221495
      ]
    },
    {
      "f": [
        -0.0222311733519941,
        0.0337122259370929,
        0.0504780157320989
      ],
      "link": "base_link",
      "p": [
        -0.116177459511461,
        0.0525007564224459,
        0.000899043968535802
      ]
    },
    {
      "f": [
        0.0663334258608805,
        0.0789063619404071,
        0.128855159366968
      ],
      "link": "base_link",
      "p": [
        -0.161326127431544,
        0.0413084865206111,
        0.000742289681266065
      ]
    },
    {
      "f": [
        0.271400329177638,
        0.0534761189307265,
        0.345773214092397
      ],
      "link": "arm_motor_0",
      "p": [
        -0.220613739342686,
        -0.0565147980395705,
        0.000308453571815206
      ]
    },
    {
      "f": [
        0.0256045364081016,
        0.0246297746713388,
        0.0444096358673065
      ],
      "link": "arm_motor_1",
      "p": [
        -0.0997831247453359,
        0.132956097784331,
        0.000982358994472056
      ]
    },
    {
      "f": [
        -0.121008602336087,
        0.186255207226214,
        0.277640966611483
      ],
      "link": "arm_motor_1",
      "p": [
        -0.0676347166117966,
        0.099456507877562,
        0.000517079779754501
      ]
    },
    {
      "f": [
        -0.0849112382333675,
        0.274780422748235,
        0.359500954240785
      ],
      "link": "arm_motor_2",
      "p": [
        -0.0764988063261815,
        -0.0881348037490014,
        0.000280998091518429
      ]
    },
    {
      "f": [
        0.0194857086172967,
        0.103794089191548,
        0.132009148543181
      ],
      "link": "arm_motor_2",
      "p": [
        -0.0682317996486172,
        -0.0694243990867842,
        0.000961669245004154
      ]
    },
    {
      "f": [
        0.178926221363135,
        -0.0289143523561192,
        0.226559292954762
      ],
      "link": "arm_motor_3",
      "p": [
        -0.229827577026174,
        0.0887124101036574,
        0.000546881414090476
      ]
    }
  ],
  "idx": 5063,
  "state": [
    -0.130776976186889,
    0.0141252616085094,
    0.0346126338083828,
    0.788892396664845,
    -0.00130200256242912,
    -0.00438395711016752,
    -0.614514338476965,
    0.00149149324690512,
    -0.000985012567905293,
    -0.000421020204967043,
    -0.0356882243704468,
    0.0388974114742772,
    0.000129100329253038,
    0.968223483732223,
    0.103276995702857,
    0.172630856051746,
    -0.14857905386316,
    0.978162805497132,
    -0.00233345422058401,
    0.207315617272782,
    -0.0145710592678095,
    0.953934067719794,
    0.106530374387089,
    0.179623203472532,
    -0.215398650299346,
    0.951314909861626,
    -0.0534869417556627,
    0.186904799434467,
    -0.239177100251998,
    -0.00577824980095203,
    0.0543135877052529,
    -0.16999989206891,
    -0.00758778828953179,
    0.0123713812111349,
    -0.0576845711504436,
    -0.00825989110168926,
    -0.0174169865907359,
    -0.200826706003984,
    0.00763751281371068,
    0.0827227367805135,
    0.195700567004709
  ],
  "t": 5.06400000000154,
  "thrust": [
    0.0,
    0.0,
    0.0,
    0.0
  ]
}