{
  "T_W_L": {
    "arm_motor_0": {
      "p": [
        -0.144005024423158,
        -0.110096788731931,
        0.0897184928075506
      ],
      "q": [
        0.465141732884684,
        0.164655758158669,
        -0.085690498338928,
        0.865556923679
      ]
    },
    "arm_motor_1": {
      "p": [
        -0.251013036249432,
        0.0899139982004728,
        0.0488241124334343
      ],
      "q": [
        0.68019936438755,
        -0.0845961957366419,
        -0.577200776953808,
        -0.443859855627406
      ]
    },
    "arm_motor_2": {
      "p": [
        -0.136276327551188,
        -0.0162966306206826,
        0.152318190355998
      ],
      "q": [
        0.133970137596086,
        0.0560667427279857,
        0.0125616030702086,
        0.989318315164875
      ]
    },
    "arm_motor_3": {
      "p": [
        -0.281668859325004,
        -0.0293450842366131,
        0.0287960223354471
      ],
      "q": [
        -0.600382721672903,
        -0.166319697452461,
        0.781876255789602,
        0.0234065458449658
      ]
    },
    "base_link": {
      "p": [
        -0.179840887412188,
        -0.00547322228113351,
        0.0492020255613402
      ],
      "q": [
        0.202125532303599,
        -0.325056850872663,
        -0.194731637572981,
        0.903085213155369
      ]
    },
    "connecting_link_0": {
      "p": [
        -0.15837752306838,
        -0.0517565373413386,
        0.0538040618587587
      ],
      "q": [
        0.268312541076911,
        -0.495611967080981,
        -0.389497205994332,
        0.728470373391794
      ]
    },
    "connecting_link_1": {
      "p": [
        -0.201304251755996,
        0.0408100927790716,
        0.0445999892639217
      ],
      "q": [
        -0.0728309996270341,
        -0.254037770142657,
        0.889116166607397,
        0.373674857478585
      ]
    },
    "connecting_link_2": {
      "p": [
        -0.144277430471373,
        0.00216024454911024,
        0.0852709971930676
      ],
      "q": [
        0.103613587484205,
        -0.659908515423133,
        -0.0858487980571688,
        0.739198863387133
      ]
    },
    "connecting_link_3": {
      "p": [
        -0.215404344353003,
        -0.0131066891113773,
        0.0131330539296128
      ],
      "q": [
        0.12833530871543,
        -0.134156713204659,
        0.97740469631972,
        -0.101054858622401
      ]
    }
  },
  "contacts": [
    {
      "f": [
        0.0859432875358023,
        -1.98901289710104,
        2.48858599205538
      ],
      "link": "base_link",
      "p": [
        -0.186939477354907,
        -0.000442968829179834,
        -0.00317817242143029
      ]
    }
  ],
  "idx": 1634,
  "state": [
    -0.179840887412188,
    -0.00547322228113351,
    0.0492020255613402,
    0.903085213155369,
    0.202125532303599,
    -0.325056850872663,
    -0.194731637572981,
    0.0822743430348653,
    -0.0639785926706233,
    -0.0252841475489173,
    0.115828790254268,
    1.59504383713687,
    -1.18396116184632,
    0.952174118224699,
    0.15082071346739,
    -0.194340656386261,
    0.181243676434689,
    0.967215522396506,
    0.128653275786386,
    -0.160136881016506,
    0.149327315662581,
    0.913289299012492,
    -0.0936757487378492,
    -0.343117462597276,
    -0.198489086018556,
    0.864966532109466,
    -0.120421200744981,
    -0.469841491228537,
    -0.128765701418529,
    0.334269953495309,
    0.116592133369281,
    -0.0376660535708537,
    -0.29969117420752,
    0.467919424543862,
    0.10271153865068,
    -0.0408428981495677,
    0.0127777146942796,
    0.00325915146428681,
    -0.0655987137720754,
    0.328000926193936,
    0.0708468569871507
  ],
  "t": 1.63499999999984,
  "thrust": [
    0.0,
    0.0,
    0.0,
    0.0
  ]
}