{
  "T_W_L": {
    "arm_motor_0": {
      "p": [
        -0.129846577577702,
        -0.131035939107613,
        0.0142448114280514
      ],
      "q": [
        0.611393304083414,
        0.408553159564622,
        -0.316593027522652,
        0.599208977282361
      ]
    },
    "arm_motor_1": {
      "p": [
        -0.192279595793157,
        0.0631903444433874,
        0.122955598376622
      ],
      "q": [
        -0.402375969661307,
        0.10982088283008,
        0.692604770970392,
        0.588499434122579
      ]
    },
    "arm_motor_2": {
      "p": [
        -0.0553644701526969,
        -0.0679533086551787,
        0.0913054925725732
      ],
      "q": [
        0.360240318135103,
        0.354429176331624,
        0.0232501193021404,
        0.862592779999487
      ]
    },
    "arm_motor_3": {
      "p": [
        -0.255538450203473,
        -0.038234315614371,
        0.0769198834614234
      ],
      "q": [
        -0.368551712977684,
        -0.319145905680651,
        0.822257182982804,
        0.293613097088116
      ]
    },
    "base_link": {
      "p": [
        -0.14966623792496,
        -0.0211242115113145,
        0.0486281201637674
      ],
      "q": [
        0.335322180453116,
        0.0196579412580057,
        -0.325630909813875,
        0.883819614636071
      ]
    },
    "connecting_link_0": {
      "p": [
        -0.13702099850429,
        -0.0616382977669468,
        0.019945255333609
      ],
      "q": [
        0.208455274651785,
        -0.134814021580879,
        -0.656185427927077,
        0.712595440787547
      ]
    },
    "connecting_link_1": {
      "p": [
        -0.162311477345629,
        0.0193898747443178,
        0.0773109849939258
      ],
      "q": [
        0.205222753501297,
        -0.338476849627479,
        0.774268306969342,
        0.493787031557565
      ]
    },
    "connecting_link_2": {
      "p": [
        -0.0993389851985438,
        -0.0256032838955923,
        0.0570605304709003
      ],
      "q": [
        0.27116868883207,
        -0.359325930105739,
        -0.238288054788191,
        0.860564478174647
      ]
    },
    "connecting_link_3": {
      "p": [
        -0.199993490651376,
        -0.0166451391270366,
        0.0401957098566345
      ],
      "q": [
        0.32081821450205,
        -0.433286046090902,
        0.842029045430927,
        -0.0180544220985195
      ]
    }
  },
  "contacts": [
    {
      "f": [
        -0.0172762443907379,
        -0.516148757920957,
        0.645547259263888
      ],
      "link": "base_link",
      "p": [
        -0.130541937686773,
        -0.0331266860332183,
        0.000509797086682438
      ]
    },
    {
      "f": [
        -0.0318898674413182,
        -0.41309390274518,
        0.517903731599001
      ],
      "link": "base_link",
      "p": [
        -0.129715347981501,
        -0.0325059844100324,
        0.000928014224199504
      ]
    },
    {
      "f": [
        0.155984520791041,
        1.70863705111426,
        2.1446779125776
      ],
      "link": "arm_motor_0",
      "p": [
        -0.155238186305474,
        -0.136499187495228,
        -0.00328935582515519
      ]
    },
    {
      "f": [
        -0.0210640519985761,
        0.186914334854077,
        0.235121852918003
      ],
      "link": "arm_motor_0",
      "p": [
        -0.138705039961442,
        -0.125055612449078,
        0.000529756294163995
      ]
    }
  ],
  "idx": 1978,
  "state": [
    -0.14966623792496,
    -0.0211242115113145,
    0.0486281201637674,
    0.883819614636071,
    0.335322180453116,
    0.0196579412580057,
    -0.325630909813875,
    0.0913554063587829,
    0.0285653732750821,
    0.0257383971641082,
    -1.13635828579444,
    0.89675032364547,
    -1.18015163796288,
    0.955674670456805,
    0.111112575183643,
    -0.262796753753141,
    0.0726483730041279,
    0.983676594690818,
    0.0586587931351977,
    -0.0956319552804854,
    0.140691265452514,
    0.926649562945855,
    -0.0575435863493213,
    -0.329131240991101,
    -0.172284501235523,
    0.895304701150681,
    -0.154578100746232,
    -0.38423166670639,
    -0.164015636959428,
    -1.39827171906048,
    -1.65963465208412,
    -1.4865333147686,
    -0.18296400060051,
    -0.627439688447372,
    -0.398664651802535,
    1.21912642801355,
    0.652094179360344,
    0.59307257693242,
    -0.938354451735748,
    0.0911280051026138,
    -0.855195004496695
  ],
  "t": 1.9789999999998,
  "thrust": [
    0.0,
    0.0,
    0.0,
    0.0
  ]
}