{
  "T_W_L": {
    "arm_motor_0": {
      "p": [
        -0.135808002892034,
        -0.128545177255192,
        0.0232825930336411
      ],
      "q": [
        0.527361870726279,
        0.462184707306686,
        -0.512104942285611,
        0.496007340391816
      ]
    },
    "arm_motor_1": {
      "p": [
        -0.141552127607238,
        0.0765957240586147,
        0.126133508937062
      ],
      "q": [
        -0.286057482515323,
        0.255906649138605,
        0.733441307093001,
        0.561022952002284
      ]
    },
    "arm_motor_2": {
      "p": [
        -0.0236164417910986,
        -0.0581907446913648,
        0.0553778719442357
      ],
      "q": [
        0.349449675561562,
        0.517396232893016,
        0.021150772157597,
        0.780857674147583
      ]
    },
    "arm_motor_3": {
      "p": [
        -0.218586954432889,
        -0.0205020141036804,
        0.117036141606084
      ],
      "q": [
        -0.218148617609924,
        -0.193310084620771,
        0.866622938969809,
        0.4049778678769
      ]
    },
    "base_link": {
      "p": [
        -0.131186251434458,
        -0.0154687688099153,
        0.0494410149771822
      ],
      "q": [
        0.230742658719903,
        0.158846229478275,
        -0.394468701186137,
        0.875168637813266
      ]
    },
    "connecting_link_0": {
      "p": [
        -0.130093537081701,
        -0.0587884368054917,
        0.0221241275246133
      ],
      "q": [
        0.0107882775604745,
        -0.0239162132120803,
        -0.735014032299077,
        0.677544094606635
      ]
    },
    "connecting_link_1": {
      "p": [
        -0.132278965787215,
        0.0278508991856611,
        0.076757902429751
      ],
      "q": [
        0.316348136152048,
        -0.215749806805475,
        0.720894507543523,
        0.577656460718744
      ]
    },
    "connecting_link_2": {
      "p": [
        -0.081212994720806,
        -0.0215209463438734,
        0.0399518232029108
      ],
      "q": [
        0.262054089692988,
        -0.186295371692285,
        -0.232142380853051,
        0.918004141370337
      ]
    },
    "connecting_link_3": {
      "p": [
        -0.18115950814811,
        -0.00941659127595723,
        0.0589302067514536
      ],
      "q": [
        0.458540590058919,
        -0.423053468313318,
        0.767049323695816,
        0.149671724899134
      ]
    }
  },
  "contacts": [
    {
      "f": [
        -0.173756484760525,
        -0.092222369730141,
        0.245892130424404
      ],
      "link": "base_link",
      "p": [
        -0.133123154955693,
        -0.0293796397984616,
        0.000508215739151191
      ]
    },
    {
      "f": [
        0.697958411827295,
        -0.521018115985775,
        1.08872475704509
      ],
      "link": "base_link",
      "p": [
        -0.130583578594674,
        -0.0323395196575484,
        -0.000959241185711224
      ]
    },
    {
      "f": [
        -0.240510765451265,
        0.899875988149153,
        1.16432801323967
      ],
      "link": "base_link",
      "p": [
        -0.129654355562441,
        -0.0317243132379845,
        -0.000920611693174332
      ]
    }
  ],
  "idx": 2189,
  "state": [
    -0.131186251434458,
    -0.0154687688099153,
    0.0494410149771822,
    0.875168637813266,
    0.230742658719903,
    0.158846229478275,
    -0.394468701186136,
    0.085108951859362,
    0.0312199980304816,
    -0.0115719440387083,
    -1.32494132745137,
    0.436087866590332,
    -1.06605940150721,
    0.955606219359674,
    0.0933384400868991,
    -0.27945247719973,
    -0.00331694289803368,
    0.985279963920654,
    0.0534394686131662,
    -0.101433952108829,
    0.126802086932513,
    0.948590741298081,
    0.0190112268743542,
    -0.288273144885186,
    -0.129277889502783,
    0.88311449594351,
    -0.190985721358458,
    -0.366623642881026,
    -0.22185658830036,
    0.0369162172523712,
    0.588200456511981,
    -0.120039730320607,
    -0.0465027200246316,
    0.208142678554708,
    -0.000737839976851856,
    0.487549423887679,
    0.490980357012262,
    0.087274807965029,
    -0.434992121679137,
    0.0975852541841085,
    -0.0933789783633626
  ],
  "t": 2.1900000000002,
  "thrust": [
    0.0,
    0.0,
    0.0,
    0.0
  ]
}