{
  "T_W_L": {
    "arm_motor_0": {
      "p": [
        -0.203614379675204,
        -0.0873465940613569,
        0.0146778694769641
      ],
      "q": [
        0.751140911279622,
        0.223714882782161,
        -0.509578253838354,
        0.355061946480945
      ]
    },
    "arm_motor_1": {
      "p": [
        -0.0891556490153662,
        0.117901869371323,
        0.0663281288657751
      ],
      "q": [
        -0.353438148047624,
        0.479943291427735,
        0.343424406199499,
        0.725806854297133
      ]
    },
    "arm_motor_2": {
      "p": [
        -0.0543178350568292,
        -0.0699844079381955,
        0.0538688638596059
      ],
      "q": [
        0.382974378371915,
        0.561804359784537,
        -0.165135903679192,
        0.714448472707296
      ]
    },
    "arm_motor_3": {
      "p": [
        -0.222099151046487,
        0.0971258070849243,
        0.0452688185588473
      ],
      "q": [
        -0.587612657721124,
        0.180085888035246,
        0.645559512739547,
        0.453357864085264
      ]
    },
    "base_link": {
      "p": [
        -0.1410394232029,
        0.0124321182702432,
        0.0383697565114323
      ],
      "q": [
        0.101792253337856,
        -0.099436633163197,
        -0.607988729943798,
        0.781089237799944
      ]
    },
    "connecting_link_0": {
      "p": [
        -0.16114783916454,
        -0.034048342990089,
        0.0306744119096344
      ],
      "q": [
        -0.170810593158163,
        0.0928763994303514,
        0.891463070826763,
        -0.409257020765591
      ]
    },
    "connecting_link_1": {
      "p": [
        -0.12093100724126,
        0.0589125795305754,
        0.0460651011132301
      ],
      "q": [
        -0.00708078476586053,
        -0.173851792551636,
        0.492756237663119,
        0.852594104458722
      ]
    },
    "connecting_link_2": {
      "p": [
        -0.101657077601821,
        -0.0186898736881076,
        0.0485899557023236
      ],
      "q": [
        0.154035062658558,
        -0.107935687355888,
        -0.387572497276409,
        0.902447032363514
      ]
    },
    "connecting_link_3": {
      "p": [
        -0.180421768803979,
        0.043554110228594,
        0.028149557320541
      ],
      "q": [
        0.0409746141319607,
        -0.193232467373216,
        0.871984404103274,
        0.447912372624663
      ]
    }
  },
  "contacts": [
    {
      "f": [
        0.266613146138072,
        -0.403709533122357,
        0.604751959519759
      ],
      "link": "base_link",
      "p": [
        -0.145908590248456,
        -0.0208058588859979,
        0.000117817279235558
      ]
    },
    {
      "f": [
        -0.143581384916885,
        -0.171068825289742,
        0.279173325084142
      ],
      "link": "base_link",
      "p": [
        -0.145254339968117,
        -0.0248732758503849,
        0.000743790528259243
      ]
    },
    {
      "f": [
        -0.144055043821113,
        -0.132457421980876,
        0.24461968021848
      ],
      "link": "base_link",
      "p": [
        -0.144147609315284,
        -0.0247964828596436,
        0.000856381463290021
      ]
    },
    {
      "f": [
        -0.0882577088830308,
        -1.12321241790045,
        1.4083431970887
      ],
      "link": "base_link",
      "p": [
        -0.161362042017734,
        0.0412673988555714,
        -0.00131520698549372
      ]
    }
  ],
  "idx": 3767,
  "state": [
    -0.1410394232029,
    0.0124321182702432,
    0.0383697565114323,
    0.781089237799944,
    0.101792253337856,
    -0.099436633163197,
    -0.607988729943798,
    0.014969949082798,
    0.00477829216592162,
    -0.00925719117392992,
    -0.402923378450691,
    -0.0255773194545929,
    0.0103368356122397,
    0.994799690448758,
    0.0622199000140838,
    0.00548533623535105,
    -0.0804498042985685,
    0.99803856145798,
    0.0191036046797283,
    -0.0596063848050628,
    -0.00107750712225455,
    0.985803172863333,
    0.0741291028112656,
    0.0338362464879109,
    -0.146806297251144,
    0.955303931775998,
    -0.0662136453933623,
    -0.178878636486772,
    -0.22585965665801,
    0.0737329313665053,
    0.263079395162769,
    -0.0339478271025619,
    -0.196932985902537,
    0.296237266005092,
    -0.225504956331522,
    0.133510275764346,
    0.386337159137567,
    0.284860522652987,
    -0.374811778065118,
    0.668863109128889,
    -0.258281450651517
  ],
  "t": 3.76800000000353,
  "thrust": [
    0.0,
    0.0,
    0.0,
    0.0
  ]
}