{
  "T_W_L": {
    "arm_motor_0": {
      "p": [
        -0.0537879156482654,
        -0.0732831873865271,
        0.0217986826393167
      ],
      "q": [
        0.106737823460917,
        0.854732548508998,
        -0.392064417390238,
        0.322993498663043
      ]
    },
    "arm_motor_1": {
      "p": [
        -0.144285920944423,
        0.101025609195224,
        0.161457650116266
      ],
      "q": [
        -0.156837149337942,
        0.385174591607938,
        0.907975871935771,
        0.0512099458082308
      ]
    },
    "arm_motor_2": {
      "p": [
        -0.0287072468393993,
        0.0691348424582286,
        0.0153771604997485
      ],
      "q": [
        -0.0378195644308008,
        0.859467766584603,
        0.204557437779539,
        0.466948705317199
      ]
    },
    "arm_motor_3": {
      "p": [
        -0.150023404444703,
        -0.0511205588730458,
        0.177254672713823
      ],
      "q": [
        -0.159971564521682,
        -0.286782368267763,
        0.944214151222445,
        -0.0249921673028913
      ]
    },
    "base_link": {
      "p": [
        -0.106845094632885,
        0.0146989597923241,
        0.0856724298687368
      ],
      "q": [
        -0.0355704137424579,
        0.476899940829115,
        -0.0440064230460114,
        0.877134326562398
      ]
    },
    "connecting_link_0": {
      "p": [
        -0.0865794091656205,
        -0.0215411695492308,
        0.0556731795806171
      ],
      "q": [
        -0.201756369420284,
        0.375996287967766,
        -0.352706446976897,
        0.832778074335378
      ]
    },
    "connecting_link_1": {
      "p": [
        -0.12711078010015,
        0.0509390891338791,
        0.115671680156857
      ],
      "q": [
        0.531135284360726,
        0.236148665721536,
        0.752936508038378,
        0.308570465611928
      ]
    },
    "connecting_link_2": {
      "p": [
        -0.0838099991132892,
        0.0420489975415706,
        0.0489932830749812
      ],
      "q": [
        0.117901480925516,
        0.27755288996716,
        0.171386421866598,
        0.9379180819593
      ]
    },
    "connecting_link_3": {
      "p": [
        -0.129880190152482,
        -0.0126510779569223,
        0.122351576662493
      ],
      "q": [
        0.554543251151389,
        -0.18511362635045,
        0.780777207291994,
        -0.220457888303296
      ]
    }
  },
  "contacts": [
    {
      "f": [
        -0.871095808485145,
        1.20037159902656,
        1.85392315581629
      ],
      "link": "arm_motor_0",
      "p": [
        -0.0406665948863436,
        -0.0554836294136351,
        -0.000591003109816073
      ]
    }
  ],
  "idx": 596,
  "state": [
    -0.106845094632885,
    0.0146989597923241,
    0.0856724298687368,
    0.877134326562398,
    -0.0355704137424579,
    0.476899940829115,
    -0.0440064230460114,
    -0.353067320793088,
    0.0303477110721447,
    -0.316253734718665,
    0.114249221691427,
    -3.23149036635174,
    -0.203322342400921,
    0.997558241169835,
    0.0283571328705481,
    -0.0571864822644449,
    0.0283396318911571,
    0.991241614994439,
    0.0933566500272079,
    -0.0775636748685769,
    0.052042991264863,
    0.970122807932484,
    -0.0387852453642358,
    -0.205554183737238,
    -0.122902074105147,
    0.990480690654292,
    -0.0997531483202035,
    -0.0824640525608721,
    -0.0468720692571065,
    0.307641175145377,
    -1.08429445639855,
    0.311680542077702,
    0.299371494338537,
    -0.541726094872817,
    0.360500676107026,
    -0.127300912800036,
    -0.803782290515672,
    -0.261587959247395,
    -0.302915278556092,
    -0.473122665157174,
    -0.448894439990777
  ],
  "t": 0.596999999999951,
  "thrust": [
    0.0,
    0.0,
    0.0,
    0.0
  ]
}