{
  "T_W_L": {
    "arm_motor_0": {
      "p": [
        -0.197898780946608,
        -0.0774421627003492,
        0.157361208948654
      ],
      "q": [
        0.377286508048537,
        0.0232372078509674,
        -0.0573431907657061,
        0.924027424640979
      ]
    },
    "arm_motor_1": {
      "p": [
        -0.262657176750863,
        0.102968312131994,
        0.019837656977686
      ],
      "q": [
        0.851717195725488,
        -0.115408596255364,
        -0.362279208138808,
        -0.360572391852448
      ]
    },
    "arm_motor_2": {
      "p": [
        -0.201353639363546,
        0.0386541171910867,
        0.192577425269736
      ],
      "q": [
        -0.0412343170280667,
        -0.0597729991252063,
        0.049544387415814,
        0.996128642972583
      ]
    },
    "arm_motor_3": {
      "p": [
        -0.289794789304946,
        -0.0287060874681378,
        0.00677925876250869
      ],
      "q": [
        0.842433083062134,
        0.0915952699522973,
        -0.516661010927592,
        0.122385484727857
      ]
    },
    "base_link": {
      "p": [
        -0.211580329772931,
        0.0128358561460918,
        0.0803132811429504
      ],
      "q": [
        0.0839581855301226,
        -0.534925499738974,
        -0.101976145202064,
        0.834509795401604
      ]
    },
    "connecting_link_0": {
      "p": [
        -0.197875961663691,
        -0.0284483820566338,
        0.107365119726438
      ],
      "q": [
        0.226234089246009,
        -0.636954870718717,
        -0.307329607336618,
        0.669817245213238
      ]
    },
    "connecting_link_1": {
      "p": [
        -0.225284697882172,
        0.0541200943488175,
        0.0532614425594632
      ],
      "q": [
        -0.346084919992838,
        -0.173356982368131,
        0.858425089508527,
        0.336569384406907
      ]
    },
    "connecting_link_2": {
      "p": [
        -0.192731805795974,
        0.03331825972157,
        0.123315656515263
      ],
      "q": [
        0.00587610712331369,
        -0.746635211393357,
        0.0641902374995974,
        0.662103425366775
      ]
    },
    "connecting_link_3": {
      "p": [
        -0.230428853749889,
        -0.00764654742938634,
        0.0373109057706375
      ],
      "q": [
        -0.230355641327527,
        0.0217719696619885,
        0.961024650130722,
        -0.151307242677752
      ]
    }
  },
  "contacts": [
    {
      "f": [
        0.606049491894328,
        0.0169566314364743,
        0.75785832487742
      ],
      "link": "arm_motor_1",
      "p": [
        -0.276883379458891,
        0.0836383693228604,
        -0.00051571664975484
      ]
    },
    {
      "f": [
        0.82757755311902,
        -0.146954234469595,
        1.05065467198954
      ],
      "link": "arm_motor_3",
      "p": [
        -0.300773179699547,
        -0.000432433854654422,
        -0.00110130934397908
      ]
    },
    {
      "f": [
        -0.360102277833119,
        -0.230051406022393,
        0.534142566282461
      ],
      "link": "arm_motor_3",
      "p": [
        -0.284996093173585,
        -0.0134213694833487,
        1.98718349227675e-05
      ]
    }
  ],
  "idx": 1285,
  "state": [
    -0.211580329772931,
    0.0128358561460918,
    0.0803132811429504,
    0.834509795401604,
    0.0839581855301226,
    -0.534925499738974,
    -0.101976145202064,
    0.0548086060958727,
    -0.0284541514450523,
    -0.0702688740023512,
    0.443969962626671,
    0.0390110763664226,
    -0.43057601749176,
    0.975564517112571,
    0.0979358116063901,
    -0.149907745221061,
    0.127318960405166,
    0.976380621998484,
    0.127812555913201,
    -0.120027541248436,
    0.126246666802115,
    0.942996874353908,
    -0.0453719016638625,
    -0.265777939015017,
    -0.195090677970769,
    0.936518438443905,
    -0.132325355797956,
    -0.304895909997553,
    -0.111631978994812,
    0.298383832551069,
    -0.562714214053262,
    0.434919776846546,
    -0.00762347318920779,
    -0.692901183662526,
    0.294985998386284,
    -0.309709254121812,
    -0.764592512527911,
    -0.161385988115766,
    0.059870896154881,
    -1.54808356080591,
    -0.543303530162122
  ],
  "t": 1.28599999999987,
  "thrust": [
    0.0,
    0.0,
    0.0,
    0.0
  ]
}