{
  "T_W_L": {
    "arm_motor_0": {
      "p": [
        -0.191853542967111,
        -0.0855785582780225,
        0.0250330317523399
      ],
      "q": [
        0.719501676942288,
        0.284725985393518,
        -0.550312592673905,
        0.313694916221878
      ]
    },
    "arm_motor_1": {
      "p": [
        -0.0711375096262358,
        0.119631992774676,
        0.0186840914956771
      ],
      "q": [
        -0.362460317217265,
        0.688062886107475,
        0.323783647424056,
        0.53884704032312
      ]
    },
    "arm_motor_2": {
      "p": [
        -0.041877507520099,
        -0.0637979777521471,
        0.00847613346199219
      ],
      "q": [
        0.373101845957236,
        0.733616833421276,
        -0.188122902154323,
        0.535920822462869
      ]
    },
    "arm_motor_3": {
      "p": [
        -0.203587335693261,
        0.105517843525179,
        0.0471179405427204
      ],
      "q": [
        -0.584438907553583,
        0.315842875067422,
        0.639026359832009,
        0.387710914273215
      ]
    },
    "base_link": {
      "p": [
        -0.127769299389682,
        0.014527586586701,
        0.0361077312913889
      ],
      "q": [
        -0.0340319055712841,
        0.0268883061544449,
        -0.614227493088211,
        0.787936187219437
      ]
    },
    "connecting_link_0": {
      "p": [
        -0.148924819487914,
        -0.0320436343889395,
        0.0388582487356904
      ],
      "q": [
        -0.119634748788916,
        0.0204841274324567,
        0.897894280893053,
        -0.423147477536014
      ]
    },
    "connecting_link_1": {
      "p": [
        -0.106613779291451,
        0.0610988075623414,
        0.0333572138470874
      ],
      "q": [
        -0.0273485354844905,
        0.105511536414603,
        0.48524776094622,
        0.867556328884162
      ]
    },
    "connecting_link_2": {
      "p": [
        -0.0870935223751766,
        -0.0164831331233063,
        0.0333119438649982
      ],
      "q": [
        0.130799865539765,
        0.13979218996222,
        -0.396845825159396,
        0.897698685447352
      ]
    },
    "connecting_link_3": {
      "p": [
        -0.168445076404188,
        0.0455383062967082,
        0.0389035187177796
      ],
      "q": [
        0.0385991576737721,
        -0.0508183778729964,
        0.865120587114564,
        0.497487655372256
      ]
    }
  },
  "contacts": [
    {
      "f": [
        -0.129570397293289,
        -0.248228891417381,
        0.350013549713264
      ],
      "link": "base_link",
      "p": [
        -0.119516609232565,
        0.0515418239507438,
        0.000637525424085093
      ]
    },
    {
      "f": [
        -0.117148124218819,
        -0.203338868652333,
        0.293338484393453
      ],
      "link": "base_link",
      "p": [
        -0.100122710585615,
        -0.00855391385834585,
        0.000413323031213095
      ]
    },
    {
      "f": [
        0.294926644434802,
        0.359899297823005,
        0.581631904336658
      ],
      "link": "base_link",
      "p": [
        -0.115454134184928,
        0.0483749285797486,
        0.000161392610164804
      ]
    },
    {
      "f": [
        -0.0675498343099608,
        -0.120509257555845,
        0.172687675406915
      ],
      "link": "base_link",
      "p": [
        -0.0994381588460768,
        -0.0131133292940195,
        0.00065462464918617
      ]
    },
    {
      "f": [
        0.125224137033532,
        0.325450328932895,
        0.435888104008505
      ],
      "link": "base_link",
      "p": [
        -0.10088296546953,
        -0.00946540773944064,
        0.00012822379198299
      ]
    },
    {
      "f": [
        -0.121446168508943,
        -0.232167001470922,
        0.327515954805787
      ],
      "link": "base_link",
      "p": [
        -0.116225730170987,
        0.0524318657174493,
        0.000717870278218694
      ]
    },
    {
      "f": [
        -0.0553526415421269,
        0.208009573250844,
        0.269060569068824
      ],
      "link": "arm_motor_2",
      "p": [
        -0.0627197514754113,
        -0.0857843482598968,
        0.000461878861862351
      ]
    },
    {
      "f": [
        0.0846334059293687,
        -0.00577126843674379,
        0.106037441342774
      ],
      "link": "arm_motor_2",
      "p": [
        -0.0573101815239814,
        -0.0660481834341286,
        0.000787925117314452
      ]
    }
  ],
  "idx": 4258,
  "state": [
    -0.127769299389682,
    0.014527586586701,
    0.0361077312913889,
    0.787936187219437,
    -0.0340319055712841,
    0.0268883061544449,
    -0.614227493088211,
    0.00257122751386191,
    0.00475990350207588,
    0.00212078793527398,
    -0.101747737286271,
    -0.110645277744472,
    -0.00963882076520467,
    0.983608496823149,
    0.10503895117635,
    0.12633548325944,
    -0.074299995845766,
    0.997168664198203,
    -0.00226173639851199,
    0.0747005979298206,
    -0.00832828665230482,
    0.972559927984658,
    0.122799714305702,
    0.143809447509335,
    -0.135522173285317,
    0.965811768279793,
    -0.0758097257587302,
    -0.0284511310859972,
    -0.24627433254924,
    0.112102498354626,
    0.416621502051928,
    -0.248995187094865,
    -0.01831722339147,
    0.688991299394206,
    0.255760880136458,
    -0.0128529992878748,
    0.133610002059768,
    -0.38752738577844,
    -0.0195662651667269,
    0.380632136794673,
    0.216455818188963
  ],
  "t": 4.25900000000341,
  "thrust": [
    0.0,
    0.0,
    0.0,
    0.0
  ]
}