{
  "T_W_L": {
    "arm_motor_0": {
      "p": [
        -0.199503348452473,
        -0.0769736238891841,
        0.00916646655478713
      ],
      "q": [
        0.791242203674171,
        0.239650267041905,
        -0.504835585043493,
        0.248283218734934
      ]
    },
    "arm_motor_1": {
      "p": [
        -0.0746776033273484,
        0.114268011971487,
        0.00570739981672137
      ],
      "q": [
        -0.407660161329418,
        0.733893310474969,
        0.254861370536409,
        0.479853606335586
      ]
    },
    "arm_motor_2": {
      "p": [
        -0.0531490769248749,
        -0.0701472818605484,
        0.00817746142079002
      ],
      "q": [
        0.433663993500426,
        0.709086879313698,
        -0.226002894264053,
        0.507990187022048
      ]
    },
    "arm_motor_3": {
      "p": [
        -0.203899737385062,
        0.102274823196368,
        0.0103989176254316
      ],
      "q": [
        0.745178492453391,
        -0.340112492081183,
        -0.46436961817611,
        -0.336739312867079
      ]
    },
    "base_link": {
      "p": [
        -0.130672766909456,
        0.0140816463682174,
        0.0346167203421958
      ],
      "q": [
        -0.00173773039929326,
        -0.00277878694512519,
        -0.614518027413218,
        0.788895970721324
      ]
    },
    "connecting_link_0": {
      "p": [
        -0.151910897094119,
        -0.0325325637438736,
        0.0348559731063652
      ],
      "q": [
        -0.202520062210462,
        0.00610441868379662,
        0.916465393347526,
        -0.345021076560793
      ]
    },
    "connecting_link_1": {
      "p": [
        -0.109434636724794,
        0.0606958564803085,
        0.0343774675780264
      ],
      "q": [
        -0.108045061126841,
        0.179633197487582,
        0.468473467864426,
        0.858248675521008
      ]
    },
    "connecting_link_2": {
      "p": [
        -0.0898570571524288,
        -0.0168698982363885,
        0.0348990740550907
      ],
      "q": [
        0.146838571458692,
        0.14219683479361,
        -0.466454929662488,
        0.860603446832635
      ]
    },
    "connecting_link_3": {
      "p": [
        -0.171488476666484,
        0.0450331909728234,
        0.0343343666293009
      ],
      "q": [
        -0.198561859218826,
        0.00238519789645057,
        0.855279671197497,
        0.47860650113727
      ]
    }
  },
  "contacts": [
    {
      "f": [
        -0.0751573773861763,
        -0.172075819494824,
        0.234716314910093
      ],
      "link": "base_link",
      "p": [
        -0.119446494276201,
        0.0516103173421827,
        0.000530567370179813
      ]
    },
    {
      "f": [
        0.248853464573822,
        -0.0754190958603032,
        0.325038668014044
      ],
      "link": "base_link",
      "p": [
        -0.115352916452187,
        0.0484521996533259,
        0.000361613169068631
      ]
    },
    {
      "f": [
        0.0954459348764544,
        -0.0591185705727472,
        0.140339609691796
      ],
      "link": "base_link",
      "p": [
        -0.145792945542776,
        -0.0207612764316734,
        0.000719320780616407
      ]
    },
    {
      "f": [
        0.0761125826352724,
        0.154667991243815,
        0.215476625584163
      ],
      "link": "base_link",
      "p": [
        -0.10073912931726,
        -0.00937607106057822,
        0.000752631371284007
      ]
    },
    {
      "f": [
        -0.0424154254163388,
        0.009238539448748,
        0.0542623678931107
      ],
      "link": "base_link",
      "p": [
        -0.119943232480875,
        0.0520135793265566,
        0.000891475264213779
      ]
    },
    {
      "f": [
        -0.0359011897611934,
        0.00957615942774306,
        0.0464455032749197
      ],
      "link": "base_link",
      "p": [
        -0.116176319709738,
        0.0525003350514176,
        0.000907848991924885
      ]
    },
    {
      "f": [
        -0.0461205325327339,
        -0.0190679451967988,
        0.062383517143091
      ],
      "link": "base_link",
      "p": [
        -0.1613253836577,
        0.0413086125192228,
        0.000875232965713818
      ]
    },
    {
      "f": [
        0.278687818398071,
        0.0553058792761839,
        0.355153224868305
      ],
      "link": "arm_motor_0",
      "p": [
        -0.220775315965619,
        -0.0557431223138959,
        0.000289693550263391
      ]
    },
    {
      "f": [
        0.0292324305640586,
        0.0295148472064653,
        0.0519263481153761
      ],
      "link": "arm_motor_1",
      "p": [
        -0.0995944417554819,
        0.13289597384145,
        0.000970148521930746
      ]
    },
    {
      "f": [
        -0.248917798740401,
        -0.170725163703561,
        0.377299516406094
      ],
      "link": "arm_motor_1",
      "p": [
        -0.0675205816821949,
        0.0993261315744501,
        0.00042945974090227
      ]
    },
    {
      "f": [
        -0.0561958415342075,
        0.316580289194646,
        0.401911549878172
      ],
      "link": "arm_motor_2",
      "p": [
        -0.0773470716678588,
        -0.0883896513835329,
        0.000196176900243657
      ]
    },
    {
      "f": [
        0.00895741088838978,
        0.0855565636017195,
        0.107530234012626
      ],
      "link": "arm_motor_2",
      "p": [
        -0.0688825948711753,
        -0.0697646159104959,
        0.000784939531974747
      ]
    },
    {
      "f": [
        -0.124686675057864,
        -0.0693644715221948,
        0.178352691520809
      ],
      "link": "arm_motor_3",
      "p": [
        -0.230186897244829,
        0.0879883121899644,
        0.000643294616958383
      ]
    }
  ],
  "idx": 5117,
  "state": [
    -0.130672766909456,
    0.0140816463682174,
    0.0346167203421958,
    0.788895970721324,
    -0.00173773039929326,
    -0.00277878694512519,
    -0.614518027413218,
    0.00183927304172129,
    -0.000541808715963604,
    0.000163388689564053,
    -0.0486666908129849,
    0.0288047794178879,
    3.28435007507116e-05,
    0.96723277760641,
    0.102513293544296,
    0.17471750464613,
    -0.153054147740985,
    0.978087803100645,
    -0.00275881570470838,
    0.20757598678317,
    -0.0157749191013801,
    0.95297242882164,
    0.105161392667626,
    0.17899730143427,
    -0.220781787014327,
    0.952117133543534,
    -0.0518591426944176,
    0.189145551082262,
    -0.234536892274183,
    -0.00623069883680043,
    0.0533117149278393,
    -0.196400259913348,
    -0.00385225442979773,
    0.00526631443912442,
    -0.0288490989153949,
    -0.00142119503040915,
    -0.0656248522730233,
    -0.218338272217433,
    0.00690634558098711,
    0.0775681751093978,
    0.183468275899446
  ],
  "t": 5.11800000000141,
  "thrust": [
    0.0,
    0.0,
    0.0,
    0.0
  ]
}