{
  "T_W_L": {
    "arm_motor_0": {
      "p": [
        -0.196819967354675,
        -0.080305337219453,
        0.00994217972313824
      ],
      "q": [
        0.782952373140414,
        0.252707892977055,
        -0.496824233673978,
        0.276206413855935
      ]
    },
    "arm_motor_1": {
      "p": [
        -0.0757729907761066,
        0.115076025048612,
        0.00593835371254211
      ],
      "q": [
        -0.412173131553342,
        0.729781144559651,
        0.260939153294995,
        0.479002660690322
      ]
    },
    "arm_motor_2": {
      "p": [
        -0.0493016135984103,
        -0.067348444845916,
        0.00902565042086282
      ],
      "q": [
        0.417033218321179,
        0.715851748179132,
        -0.199677194426956,
        0.523229000984598
      ]
    },
    "arm_motor_3": {
      "p": [
        -0.205306549202712,
        0.104345758431446,
        0.0176730796800371
      ],
      "q": [
        0.710951502962996,
        -0.332050604073555,
        -0.50529547413026,
        -0.359119535242126
      ]
    },
    "base_link": {
      "p": [
        -0.130894217171747,
        0.0141616599437742,
        0.0344942702154276
      ],
      "q": [
        -0.000661717465670684,
        -0.00607889625370314,
        -0.614512724387857,
        0.788883211074837
      ]
    },
    "connecting_link_0": {
      "p": [
        -0.152133343286376,
        -0.0324522350727013,
        0.0347047774122135
      ],
      "q": [
        -0.202323147705007,
        0.0166159634613099,
        0.904938717082367,
        -0.373998893028189
      ]
    },
    "connecting_link_1": {
      "p": [
        -0.109655091057118,
        0.0607755549602497,
        0.0342837630186418
      ],
      "q": [
        -0.106938571572296,
        0.177327166519684,
        0.47596226111623,
        0.854739225680735
      ]
    },
    "connecting_link_2": {
      "p": [
        -0.0900811456833982,
        -0.0167884048396888,
        0.0351161106984844
      ],
      "q": [
        0.153693918427351,
        0.136204850752037,
        -0.436080114882561,
        0.876162400171381
      ]
    },
    "connecting_link_3": {
      "p": [
        -0.171707288660096,
        0.0451117247272373,
        0.0338724297323708
      ],
      "q": [
        -0.145420772579523,
        -0.019140624788768,
        0.860016485100281,
        0.488731092463769
      ]
    }
  },
  "contacts": [
    {
      "f": [
        -0.0638864250557578,
        -0.234829148671548,
        0.304205431134253
      ],
      "link": "base_link",
      "p": [
        -0.119445714141519,
        0.0516100429087466,
        0.000393734172490771
      ]
    },
    {
      "f": [
        0.0732788732674926,
        -0.29035001538518,
        0.374317972913586
      ],
      "link": "base_link",
      "p": [
        -0.115351112723378,
        0.0484516085678624,
        0.000258960284532192
      ]
    },
    {
      "f": [
        -0.162431751863535,
        -0.0410828267631033,
        0.209433285425754
      ],
      "link": "base_link",
      "p": [
        -0.14579265999239,
        -0.020761374331832,
        0.000581133429148492
      ]
    },
    {
      "f": [
        -0.0409136487442973,
        -0.0237231684364543,
        0.0591174066772548
      ],
      "link": "base_link",
      "p": [
        -0.10074004938207,
        -0.0093753185985554,
        0.00088176518664549
      ]
    },
    {
      "f": [
        -0.0761158797708142,
        -0.065504749218424,
        0.125527009814208
      ],
      "link": "base_link",
      "p": [
        -0.119944799240526,
        0.0520141460260823,
        0.000750438972722922
      ]
    },
    {
      "f": [
        -0.0660655307814579,
        -0.057187107759041,
        0.109223249379996
      ],
      "link": "base_link",
      "p": [
        -0.116178074862505,
        0.0525010061880685,
        0.000790259855319816
      ]
    },
    {
      "f": [
        -0.199781117027139,
        -0.0427422871743186,
        0.255377777253325
      ],
      "link": "base_link",
      "p": [
        -0.161325936171159,
        0.0413084326950049,
        0.00048924444549335
      ]
    },
    {
      "f": [
        0.311700920161119,
        0.101559803600337,
        0.409786257808238
      ],
      "link": "arm_motor_0",
      "p": [
        -0.21915064797171,
        -0.0606056723897743,
        0.000180427484383523
      ]
    },
    {
      "f": [
        -0.163597489729114,
        0.150944140206869,
        0.2782430145924
      ],
      "link": "arm_motor_1",
      "p": [
        -0.0683742454502931,
        0.100284259746309,
        0.000571637126227494
      ]
    },
    {
      "f": [
        -0.0602577483549313,
        0.337195836872128,
        0.42817203873104
      ],
      "link": "arm_motor_2",
      "p": [
        -0.0720504347324189,
        -0.0869858888938849,
        0.000143655922537921
      ]
    }
  ],
  "idx": 4814,
  "state": [
    -0.130894217171747,
    0.0141616599437742,
    0.0344942702154276,
    0.788883211074837,
    -0.000661717465670684,
    -0.00607889625370314,
    -0.614512724387857,
    0.000629328100179364,
    0.000224228244638292,
    0.000430911237464954,
    -0.0193396467479884,
    -0.00180138665000972,
    0.000311106492134838,
    0.972036523245439,
    0.108377589296656,
    0.168386364784856,
    -0.12265939739664,
    0.978596862106048,
    0.000377211337759314,
    0.20567321669272,
    -0.00682401077605519,
    0.959364804480661,
    0.112186505309268,
    0.178139387285297,
    -0.187882193535989,
    0.959702706981415,
    -0.0570160091679662,
    0.129048835289099,
    -0.243035567400389,
    -0.0073067467997431,
    0.0653723292945499,
    -0.19664651255342,
    -0.0145436119332864,
    0.0246206387066645,
    -0.112203415072556,
    -0.00288934031265263,
    -0.0269507939019848,
    -0.229700737476693,
    -0.115597140731344,
    0.564748488687361,
    -0.00311046014314648
  ],
  "t": 4.81500000000212,
  "thrust": [
    0.0,
    0.0,
    0.0,
    0.0
  ]
}