{
  "T_W_L": {
    "arm_motor_0": {
      "p": [
        -0.0503129731254532,
        -0.0740226365114667,
        0.0256055496857689
      ],
      "q": [
        0.0906318679532373,
        0.878661702694679,
        -0.39799737385186,
        0.247664222559532
      ]
    },
    "arm_motor_1": {
      "p": [
        -0.120191835506102,
        0.100924427284598,
        0.17674727300875
      ],
      "q": [
        -0.110685424352468,
        0.391976150786528,
        0.912657553246755,
        0.0340532605213984
      ]
    },
    "arm_motor_2": {
      "p": [
        -0.0263254996500163,
        0.0708785913953365,
        0.0156041259694534
      ],
      "q": [
        -0.026647838159107,
        0.896588764200424,
        0.221075855065774,
        0.382810588852945
      ]
    },
    "arm_motor_3": {
      "p": [
        -0.124522251107571,
        -0.0530283783512858,
        0.192374320477417
      ],
      "q": [
        -0.110721917726894,
        -0.298551838017924,
        0.947927639046287,
        -0.00637558492459702
      ]
    },
    "base_link": {
      "p": [
        -0.0918234442786314,
        0.0141958442760848,
        0.0974074075926953
      ],
      "q": [
        -0.0345819084334592,
        0.532404480795534,
        -0.0419271245407237,
        0.844743556747067
      ]
    },
    "connecting_link_0": {
      "p": [
        -0.0757288282135782,
        -0.0219214515305248,
        0.0648420229437096
      ],
      "q": [
        -0.21734023352375,
        0.446182597115186,
        -0.345513050366426,
        0.796432699573465
      ]
    },
    "connecting_link_1": {
      "p": [
        -0.107918060343685,
        0.0503131400826944,
        0.129972792241681
      ],
      "q": [
        0.567079930663762,
        0.253089702848362,
        0.723612758940043,
        0.301248285720748
      ]
    },
    "connecting_link_2": {
      "p": [
        -0.0735520467346311,
        0.0417004630725916,
        0.0582455386811131
      ],
      "q": [
        0.137481369207357,
        0.363296031813854,
        0.17516710333989,
        0.904671958389719
      ]
    },
    "connecting_link_3": {
      "p": [
        -0.110094841822632,
        -0.0133087745204219,
        0.136569276504277
      ],
      "q": [
        0.591993842793117,
        -0.206599809863968,
        0.748578280494449,
        -0.215616248532395
      ]
    }
  },
  "contacts": [
    {
      "f": [
        -1.46783257962818,
        -0.647006926415497,
        2.00513031241408
      ],
      "link": "arm_motor_2",
      "p": [
        -0.0187939491732607,
        0.0451496220349786,
        -0.000623128298054422
      ]
    }
  ],
  "idx": 553,
  "state": [
    -0.0918234442786314,
    0.0141958442760848,
    0.0974074075926953,
    0.844743556747067,
    -0.0345819084334592,
    0.532404480795534,
    -0.0419271245407237,
    -0.406217435996081,
    -0.0272156719475408,
    -0.353944792966719,
    0.224628581101751,
    -2.65215473684799,
    -0.0894607914780208,
    0.998655595499529,
    0.0254359402319284,
    -0.0373906987976643,
    0.0253367354925997,
    0.993260829764526,
    0.0840063833610622,
    -0.0665032683224104,
    0.0441946480076114,
    0.977522921778968,
    -0.0310231206337771,
    -0.176625627468634,
    -0.110859781274195,
    0.99209757897832,
    -0.0954854516826337,
    -0.0716560606882687,
    -0.0386048088838559,
    -0.16230509711654,
    0.49138850622637,
    -0.426728602149644,
    0.522330607931802,
    -0.447865062903812,
    0.351263000187139,
    -0.696666829477049,
    -2.24698781745047,
    -0.933262455422572,
    -0.0687487890590142,
    -0.479902614953469,
    -0.306341118307837
  ],
  "t": 0.553999999999955,
  "thrust": [
    0.0,
    0.0,
    0.0,
    0.0
  ]
}