{
  "T_W_L": {
    "arm_motor_0": {
      "p": [
        -0.167772193950768,
        -0.0791600117207952,
        0.0893026775874367
      ],
      "q": [
        -0.423180278203072,
        -0.27560101682967,
        0.79032572240055,
        -0.346911781544632
      ]
    },
    "arm_motor_1": {
      "p": [
        -0.0584994717519482,
        0.12152545825398,
        0.0307805445117736
      ],
      "q": [
        -0.226651403010977,
        0.647774017496161,
        0.449167291107043,
        0.572072292957454
      ]
    },
    "arm_motor_2": {
      "p": [
        -0.0344572810362294,
        -0.069902166279464,
        0.0325032302513948
      ],
      "q": [
        0.213794088678954,
        0.647620849451602,
        -0.400686094938553,
        0.611825119069505
      ]
    },
    "arm_motor_3": {
      "p": [
        -0.164702140525516,
        0.0970526508116237,
        0.104281453202847
      ],
      "q": [
        -0.227996493744827,
        0.299366454154746,
        0.853815126465294,
        0.359718021213748
      ]
    },
    "base_link": {
      "p": [
        -0.115230803453462,
        0.0172627868570721,
        0.0408629763693329
      ],
      "q": [
        -0.175229619008021,
        0.132003188803713,
        -0.607358237321467,
        0.763535009233837
      ]
    },
    "connecting_link_0": {
      "p": [
        -0.134334451244202,
        -0.028113100148325,
        0.0550079231546975
      ],
      "q": [
        0.259611033273784,
        0.0504243253015482,
        0.858078322037388,
        -0.440183021105883
      ]
    },
    "connecting_link_1": {
      "p": [
        -0.0961271556627218,
        0.0626386738624691,
        0.0267180295839682
      ],
      "q": [
        0.157342493394475,
        0.0535292027688356,
        0.47787598146349,
        0.862561598127142
      ]
    },
    "connecting_link_2": {
      "p": [
        -0.0779365749101759,
        -0.0152605494692768,
        0.0276201250311818
      ],
      "q": [
        -0.132152604975722,
        0.0253114036907061,
        -0.434503104740694,
        0.890562784879334
      ]
    },
    "connecting_link_3": {
      "p": [
        -0.152525031996747,
        0.0497861231834209,
        0.0541058277074839
      ],
      "q": [
        0.442520598989536,
        -0.0426750023226544,
        0.764956332616982,
        0.46604310190784
      ]
    }
  },
  "contacts": [
    {
      "f": [
        -0.15229299297238,
        -0.403163142340479,
        0.538710374195771
      ],
      "link": "base_link",
      "p": [
        -0.101254753291763,
        -0.00987846871905934,
        0.00037590949645587
      ]
    },
    {
      "f": [
        -0.340340635670251,
        -0.347593640997649,
        0.608087534239562
      ],
      "link": "base_link",
      "p": [
        -0.1156476699986,
        0.0472923499247035,
        -0.000216175068479124
      ]
    },
    {
      "f": [
        0.292618284741279,
        0.0521190523392467,
        0.371529474313759
      ],
      "link": "base_link",
      "p": [
        -0.100539321730536,
        -0.0144185924264114,
        0.000812419603027977
      ]
    },
    {
      "f": [
        0.314399863299198,
        -0.333012216659952,
        0.572473266962268
      ],
      "link": "base_link",
      "p": [
        -0.102068683199928,
        -0.0107851046270409,
        0.000450873454154795
      ]
    },
    {
      "f": [
        0.330124550686081,
        -0.0228494653150586,
        0.413642956377521
      ],
      "link": "base_link",
      "p": [
        -0.116177864060183,
        0.0514071313504445,
        0.000172714087244959
      ]
    }
  ],
  "idx": 3123,
  "state": [
    -0.115230803453462,
    0.0172627868570721,
    0.0408629763693329,
    0.763535009233837,
    -0.175229619008021,
    0.132003188803713,
    -0.607358237321467,
    -0.0519123879733078,
    -0.0173028059586995,
    -0.0108032914604469,
    1.33953187880169,
    0.114713076928256,
    0.0492133003579144,
    0.992790086871797,
    0.0608391187963393,
    -0.0872844744620991,
    -0.0552074773110565,
    0.982076856884808,
    0.0107253834620575,
    -0.185723196632404,
    0.030280481394617,
    0.971560927020929,
    0.0505683851601328,
    -0.131736685463505,
    -0.190151647932957,
    0.921630526105271,
    -0.0942991276046916,
    -0.333809916865237,
    -0.173999388752775,
    -0.0756378555041632,
    0.335480233971009,
    -0.133465663007621,
    0.0386297346856375,
    0.0729657870579852,
    -0.10758598261545,
    -0.188815851010624,
    0.65515878969366,
    -0.171990054541723,
    0.429650179719459,
    0.280855458817413,
    0.0187022247370945
  ],
  "t": 3.12400000000217,
  "thrust": [
    0.0,
    0.0,
    0.0,
    0.0
  ]
}