{
  "T_W_L": {
    "arm_motor_0": {
      "p": [
        -1.98724314630503e-17,
        -0.0814974745618855,
        0.410012195195769
      ],
      "q": [
        -5.41754280228177e-17,
        0.923879532979703,
        -0.382683431234233,
        -7.42742853087622e-17
      ]
    },
    "arm_motor_1": {
      "p": [
        1.98724314630503e-17,
        0.0814974745618855,
        0.589007144804231
      ],
      "q": [
        1.30844857560308e-16,
        0.382683431234233,
        0.923879532979703,
        -3.07410555016676e-17
      ]
    },
    "arm_motor_2": {
      "p": [
        -1.9872431459977e-17,
        0.0814974745618855,
        0.410012195195769
      ],
      "q": [
        5.41828581532238e-17,
        0.923879532979703,
        0.382683431234233,
        -7.42773629698749e-17
      ]
    },
    "arm_motor_3": {
      "p": [
        1.9872431459977e-17,
        -0.0814974745618855,
        0.589007144804231
      ],
      "q": [
        1.30845613496357e-16,
        -0.382683431234233,
        0.923879532979703,
        3.07428804919166e-17
      ]
    },
    "base_link": {
      "p": [
        -1.56615178149894e-37,
        9.82156483938501e-23,
        0.49950967
      ],
      "q": [
        -6.49523381717912e-22,
        0.707106781186548,
        -6.49557821914731e-22,
        0.707106781186548
      ]
    },
    "connecting_link_0": {
      "p": [
        -8.88178419855984e-18,
        -0.032,
        0.45950967
      ],
      "q": [
        -0.270598049273462,
        0.653281482769409,
        -0.270598049273462,
        0.653281482769408
      ]
    },
    "connecting_link_1": {
      "p": [
        8.88178419855984e-18,
        0.032,
        0.53950967
      ],
      "q": [
        0.653281482769408,
        0.270598049273462,
        0.653281482769408,
        0.270598049273462
      ]
    },
    "connecting_link_2": {
      "p": [
        -8.88178419544267e-18,
        0.032,
        0.45950967
      ],
      "q": [
        0.270598049273462,
        0.653281482769409,
        0.270598049273462,
        0.653281482769408
      ]
    },
    "connecting_link_3": {
      "p": [
        8.88178419544267e-18,
        -0.032,
        0.53950967
      ],
      "q": [
        0.653281482769408,
        -0.270598049273462,
        0.653281482769408,
        -0.270598049273462
      ]
    }
  },
  "contacts": [],
  "idx": 9,
  "state": [
    -1.56615178149894e-37,
    9.82156483938501e-23,
    0.49950967,
    0.707106781186548,
    -6.49523381717912e-22,
    0.707106781186548,
    -6.49557821914731e-22,
    -3.05917573825457e-35,
    1.96973745246164e-20,
    -0.0980659999999998,
    1.88389585942851e-23,
    -2.05675929780028e-22,
    -6.22305475896399e-19,
    1.0,
    2.9515229660731e-20,
    1.74196280633853e-25,
    -3.20760304731812e-25,
    1.0,
    -3.14316740675974e-20,
    -1.74196280632904e-25,
    3.24170092740824e-25,
    1.0,
    -2.14729487765827e-20,
    2.08949573662341e-25,
    2.50562363491976e-25,
    1.0,
    2.94563531679696e-20,
    -2.08949573657022e-25,
    -2.87113092416929e-25,
    1.15402214162323e-17,
    1.33661121107085e-22,
    -2.48645237966591e-22,
    -1.28385400750994e-17,
    -1.33661121106519e-22,
    2.52685353134755e-22,
    -8.84404948116637e-18,
    1.60344783878249e-22,
    1.95100329152625e-22,
    1.15166057837066e-17,
    -1.60344783876204e-22,
    -2.22816353445195e-22
  ],
  "t": 0.01,
  "thrust": [
    0.0,
    0.0,
    0.0,
    0.0
  ]
}