{
  "T_W_L": {
    "arm_motor_0": {
      "p": [
        -0.202535110379296,
        -0.0883090740588044,
        0.0124666328933978
      ],
      "q": [
        0.76131141286109,
        0.235281560628643,
        -0.48810380173357,
        0.356092963436286
      ]
    },
    "arm_motor_1": {
      "p": [
        -0.0930396872162989,
        0.118214350289519,
        0.0701821635805011
      ],
      "q": [
        -0.358753040787235,
        0.460883253658739,
        0.366405745572918,
        0.724313269127386
      ]
    },
    "arm_motor_2": {
      "p": [
        -0.05993156998182,
        -0.0745065328175352,
        0.0567592371691547
      ],
      "q": [
        0.402743356565618,
        0.538959909044668,
        -0.194241423293152,
        0.713855920100039
      ]
    },
    "arm_motor_3": {
      "p": [
        -0.225663945774542,
        0.0922050151347429,
        0.0518337039600845
      ],
      "q": [
        -0.56129159483026,
        0.15174330196935,
        0.688497906975573,
        0.433470123504029
      ]
    },
    "base_link": {
      "p": [
        -0.141806444378004,
        0.0119580102107903,
        0.0396492700900581
      ],
      "q": [
        0.108013571991149,
        -0.102604627134551,
        -0.611281609578119,
        0.777264531898811
      ]
    },
    "connecting_link_0": {
      "p": [
        -0.162240746233668,
        -0.0342775494734136,
        0.0313599801108137
      ],
      "q": [
        -0.193186954500046,
        0.085426562169944,
        0.88346997075753,
        -0.418164936187279
      ]
    },
    "connecting_link_1": {
      "p": [
        -0.121372142522339,
        0.0581935698949942,
        0.0479385600693025
      ],
      "q": [
        0.00541127944837524,
        -0.186273150305958,
        0.512764695272271,
        0.838060498300785
      ]
    },
    "connecting_link_2": {
      "p": [
        -0.102843009037193,
        -0.0196000631300795,
        0.0501344364432796
      ],
      "q": [
        0.147433130907466,
        -0.12367015541973,
        -0.422131986103295,
        0.885874568366069
      ]
    },
    "connecting_link_3": {
      "p": [
        -0.180769879718815,
        0.0435160835516601,
        0.0291641037368365
      ],
      "q": [
        0.0899484459276835,
        -0.199210945949304,
        0.883734631782661,
        0.413808381593634
      ]
    }
  },
  "contacts": [
    {
      "f": [
        0.597359487281787,
        -0.972954794768775,
        1.42712527355537
      ],
      "link": "base_link",
      "p": [
        -0.161361055540055,
        0.0412666414604093,
        -7.47766103329217e-05
      ]
    },
    {
      "f": [
        0.589146978470762,
        0.574599246023951,
        1.0286964261358
      ],
      "link": "arm_motor_0",
      "p": [
        -0.225604334681115,
        -0.0719009973691187,
        -0.000972630756455664
      ]
    }
  ],
  "idx": 3626,
  "state": [
    -0.141806444378004,
    0.0119580102107903,
    0.0396492700900581,
    0.777264531898811,
    0.108013571991149,
    -0.102604627134551,
    -0.611281609578119,
    -0.00958351290622013,
    0.00292723060647246,
    -0.0109569953692502,
    0.425783992457995,
    0.0184134428378929,
    0.236265331661471,
    0.995619297610633,
    0.0618118205170143,
    0.0247065385267349,
    -0.0656589675802805,
    0.996452358380725,
    0.0305829083858634,
    -0.074098293517376,
    0.0256286185730896,
    0.981972178312825,
    0.0623343877762222,
    0.0167156477215565,
    -0.177667251460075,
    0.951764139288818,
    -0.0557896575215523,
    -0.234139062593178,
    -0.190293028367915,
    0.184893721134616,
    -0.670012112650078,
    -0.263640868103694,
    0.0159189713372843,
    0.210309926313922,
    -0.479343373589412,
    0.244473908487808,
    0.204023765593613,
    0.451630469884603,
    -0.221592035784506,
    0.827250841579105,
    -0.482248086595741
  ],
  "t": 3.62700000000323,
  "thrust": [
    0.0,
    0.0,
    0.0,
    0.0
  ]
}