{
  "T_W_L": {
    "arm_motor_0": {
      "p": [
        -0.125309275698439,
        -0.132107982723468,
        0.01906890925234
      ],
      "q": [
        0.622909305135632,
        0.390349558380864,
        -0.245865128410404,
        0.631792338097768
      ]
    },
    "arm_motor_1": {
      "p": [
        -0.202333470300019,
        0.0633767509437751,
        0.119702635385002
      ],
      "q": [
        -0.441906983897372,
        0.0923934532601764,
        0.676070415370084,
        0.582331916383355
      ]
    },
    "arm_motor_2": {
      "p": [
        -0.063496674367761,
        -0.0693350329824844,
        0.102316536238678
      ],
      "q": [
        0.35092614103904,
        0.320798766955537,
        0.0146753540582076,
        0.879615614139791
      ]
    },
    "arm_motor_3": {
      "p": [
        -0.260748076330201,
        -0.0406556844973968,
        0.0710440697112319
      ],
      "q": [
        -0.405171403065341,
        -0.326982442812187,
        0.813150688756575,
        0.260201025373354
      ]
    },
    "base_link": {
      "p": [
        -0.153217185167894,
        -0.0224851004254396,
        0.0514802702129424
      ],
      "q": [
        0.338919889112184,
        -0.0188421460776036,
        -0.31251460972052,
        0.887193835081493
      ]
    },
    "connecting_link_0": {
      "p": [
        -0.138394821440192,
        -0.0635748088379623,
        0.0247233384737169
      ],
      "q": [
        0.266610494169308,
        -0.170725826806352,
        -0.614316293281904,
        0.722763466334919
      ]
    },
    "connecting_link_1": {
      "p": [
        -0.168039548895596,
        0.0186046079870831,
        0.0782372019521678
      ],
      "q": [
        0.165578550300266,
        -0.346438809638515,
        0.790529400235318,
        0.477102884313541
      ]
    },
    "connecting_link_2": {
      "p": [
        -0.103722814136809,
        -0.026778914121109,
        0.0639650769869421
      ],
      "q": [
        0.258519296395204,
        -0.395143182085272,
        -0.23776521165346,
        0.848821149106359
      ]
    },
    "connecting_link_3": {
      "p": [
        -0.20271155619898,
        -0.0181912867297702,
        0.0389954634389427
      ],
      "q": [
        0.288484919495915,
        -0.415201412154631,
        0.861483812796657,
        -0.0472215931282488
      ]
    }
  },
  "contacts": [
    {
      "f": [
        0.43360891484123,
        -1.11209338581224,
        1.49204577981308
      ],
      "link": "arm_motor_0",
      "p": [
        -0.147493349384671,
        -0.138939229277916,
        -0.00198409155962615
      ]
    }
  ],
  "idx": 1938,
  "state": [
    -0.153217185167894,
    -0.0224851004254396,
    0.0514802702129424,
    0.887193835081493,
    0.338919889112184,
    -0.0188421460776036,
    -0.31251460972052,
    0.0911509278886047,
    0.0223995620857889,
    -0.0456450505873001,
    -0.509863729914586,
    1.56462152617126,
    -1.32843220156466,
    0.958153185101895,
    0.131360008329605,
    -0.229968859994087,
    0.108633998010572,
    0.982726379997132,
    0.0611502677360408,
    -0.0919620739658934,
    0.14850078708692,
    0.922395318531213,
    -0.0718936233219787,
    -0.332137227609193,
    -0.183583891759106,
    0.896127147054317,
    -0.148041089952731,
    -0.391049054723212,
    -0.148729986209842,
    -1.48065978667356,
    -1.45076735586122,
    -1.19975895618042,
    -0.197601251608951,
    -0.079382592803826,
    -0.349850403628108,
    0.760446844835716,
    0.249673286184025,
    0.275365604144428,
    -0.576015702252017,
    0.421699339280616,
    -0.449476040266136
  ],
  "t": 1.9389999999998,
  "thrust": [
    0.0,
    0.0,
    0.0,
    0.0
  ]
}