{
  "T_W_L": {
    "arm_motor_0": {
      "p": [
        -0.198584200077251,
        -0.0866662126437215,
        0.0391443479313746
      ],
      "q": [
        -0.634241869885038,
        -0.254975162260127,
        0.645006756790705,
        -0.341600937951712
      ]
    },
    "arm_motor_1": {
      "p": [
        -0.0788041449922706,
        0.119838122782855,
        0.0516625028792744
      ],
      "q": [
        -0.310473931675145,
        0.532544492318372,
        0.429540158775095,
        0.659922384414267
      ]
    },
    "arm_motor_2": {
      "p": [
        -0.0525824821799968,
        -0.077047036930052,
        0.0385749300726896
      ],
      "q": [
        0.357270746842551,
        0.586492312531393,
        -0.308715301370114,
        0.658087565216138
      ]
    },
    "arm_motor_3": {
      "p": [
        -0.207892305046743,
        0.0877409964863848,
        0.0763756376814217
      ],
      "q": [
        -0.410323348338611,
        0.186646165267081,
        0.805564492495236,
        0.384530632369097
      ]
    },
    "base_link": {
      "p": [
        -0.131420225598364,
        0.0129095814622123,
        0.0347125201056556
      ],
      "q": [
        0.00124849669791371,
        0.0010921884151604,
        -0.621695937870531,
        0.783256924141589
      ]
    },
    "connecting_link_0": {
      "p": [
        -0.153505524906635,
        -0.0333096478279624,
        0.0345628595352531
      ],
      "q": [
        0.00761192452970354,
        0.0612536734170646,
        0.904565378745996,
        -0.421843005953617
      ]
    },
    "connecting_link_1": {
      "p": [
        -0.109334926290092,
        0.0591288107523869,
        0.0348621806760581
      ],
      "q": [
        0.0841925365926718,
        -0.0900697712742557,
        0.52326898153096,
        0.843201414877991
      ]
    },
    "connecting_link_2": {
      "p": [
        -0.0911760514165327,
        -0.018782594760279,
        0.0346011167617894
      ],
      "q": [
        0.0343338847570936,
        -0.0506254886741473,
        -0.470923250866806,
        0.880050871283603
      ]
    },
    "connecting_link_3": {
      "p": [
        -0.171664399780194,
        0.0446017576847035,
        0.0348239234495218
      ],
      "q": [
        0.27947769323708,
        -0.139925448579322,
        0.859762537415883,
        0.403882986864958
      ]
    }
  },
  "contacts": [
    {
      "f": [
        0.0175814495594388,
        0.00253884903777652,
        0.0222047687392156
      ],
      "link": "base_link",
      "p": [
        -0.119588675189507,
        0.0505497233685757,
        0.000955590462521569
      ]
    },
    {
      "f": [
        0.0301436421268811,
        0.00467093190627071,
        0.0381292367634917
      ],
      "link": "base_link",
      "p": [
        -0.101249191112095,
        -0.00987654230852578,
        0.000923741526473017
      ]
    },
    {
      "f": [
        0.0996065374567101,
        0.018676118527925,
        0.126677862283777
      ],
      "link": "base_link",
      "p": [
        -0.115553855286419,
        0.0473192122479401,
        0.000746644275432445
      ]
    },
    {
      "f": [
        -0.850116332325364,
        0.0562364151746389,
        1.06496795203983
      ],
      "link": "base_link",
      "p": [
        -0.147251953562645,
        -0.0213277809537458,
        0.000524186238043352
      ]
    },
    {
      "f": [
        0.10774611113552,
        0.1421339519658,
        0.222946478885082
      ],
      "link": "base_link",
      "p": [
        -0.101997765515085,
        -0.0107671021724581,
        0.000554107042229836
      ]
    },
    {
      "f": [
        0.594471654703453,
        0.070581444831994,
        0.748308810544268
      ],
      "link": "base_link",
      "p": [
        -0.145408759911679,
        -0.0253337479679437,
        0.000879820946975335
      ]
    }
  ],
  "idx": 3382,
  "state": [
    -0.131420225598364,
    0.0129095814622123,
    0.0347125201056556,
    0.783256924141589,
    0.00124849669791371,
    0.0010921884151604,
    -0.621695937870531,
    -0.0678049957480371,
    -0.00753224455471833,
    0.0224107013630131,
    1.98276241812387,
    -0.236244073330154,
    0.00599777068938971,
    0.995492976068061,
    0.0508799347027547,
    -0.0376984618543215,
    -0.0705959830133212,
    0.991406980658691,
    0.0289759424148783,
    -0.11822704011284,
    0.0479057454648738,
    0.975568941648187,
    0.045784341419236,
    -0.0404571839554511,
    -0.211026658123183,
    0.937990593689053,
    -0.056654809812449,
    -0.306067820522008,
    -0.152598715318583,
    -0.0313324776325017,
    0.743441553366935,
    -0.229083771392231,
    0.18898180707849,
    0.405835752483893,
    0.186304224683334,
    -0.0704191104940041,
    0.901670601471667,
    0.053623956610387,
    0.0312282945066913,
    0.202513905877069,
    -0.102043929681566
  ],
  "t": 3.38300000000271,
  "thrust": [
    0.0,
    0.0,
    0.0,
    0.0
  ]
}