{
  "T_W_L": {
    "arm_motor_0": {
      "p": [
        -0.114844157391388,
        -0.0744933921914358,
        0.088039978855549
      ],
      "q": [
        0.340732049622516,
        0.400633382954549,
        -0.246698662172168,
        0.813962120067572
      ]
    },
    "arm_motor_1": {
      "p": [
        -0.259919168465197,
        0.104117405360567,
        0.0200867405874136
      ],
      "q": [
        0.700372515977906,
        -0.293815931566952,
        -0.603832528797059,
        -0.241943824857695
      ]
    },
    "arm_motor_2": {
      "p": [
        -0.0897752862650454,
        0.0590761839467808,
        0.107968024220703
      ],
      "q": [
        -0.0952000659998991,
        0.386533700212148,
        0.10758051887305,
        0.911018703426514
      ]
    },
    "arm_motor_3": {
      "p": [
        -0.282381575750223,
        -0.0408043022295575,
        0.0170954151344169
      ],
      "q": [
        0.729213023576076,
        0.205561040659904,
        -0.635639997369225,
        0.148171584841044
      ]
    },
    "base_link": {
      "p": [
        -0.179697167915903,
        0.0168638660993245,
        0.0438052027184955
      ],
      "q": [
        0.00966841789220254,
        -0.188209822909701,
        -0.0904516415891627,
        0.977906991891144
      ]
    },
    "connecting_link_0": {
      "p": [
        -0.148730073365574,
        -0.0218283740399405,
        0.0567647400604084
      ],
      "q": [
        0.0664916459240833,
        -0.29226755287189,
        -0.415376239787261,
        0.858848716585627
      ]
    },
    "connecting_link_1": {
      "p": [
        -0.210664262466232,
        0.0555561062385895,
        0.0308456653765825
      ],
      "q": [
        -0.0682640795912391,
        0.0366791184085477,
        0.922212231218082,
        0.378839356854721
      ]
    },
    "connecting_link_2": {
      "p": [
        -0.137640972371172,
        0.0411124288054083,
        0.0601540137759538
      ],
      "q": [
        0.00875430218076519,
        -0.370866902403526,
        0.143387526656636,
        0.917508103557802
      ]
    },
    "connecting_link_3": {
      "p": [
        -0.221753363460634,
        -0.00738469660675929,
        0.0274563916610371
      ],
      "q": [
        -0.0661661213670103,
        -0.0405804733781215,
        0.965096826433367,
        -0.250126738218642
      ]
    }
  },
  "contacts": [
    {
      "f": [
        -0.00414792483246657,
        0.00209255368742168,
        0.00580733121667868
      ],
      "link": "base_link",
      "p": [
        -0.194602007726088,
        0.0421791197291209,
        0.000988385337566643
      ]
    },
    {
      "f": [
        -0.581038098065234,
        1.8027150455158,
        2.36754976410617
      ],
      "link": "base_link",
      "p": [
        -0.202448815104623,
        -0.000181160148143907,
        -0.00104129324387768
      ]
    }
  ],
  "idx": 916,
  "state": [
    -0.179697167915903,
    0.0168638660993245,
    0.0438052027184955,
    0.977906991891144,
    0.00966841789220254,
    -0.188209822909701,
    -0.0904516415891627,
    -0.171311210558049,
    -0.0105562882149887,
    0.0639835950408552,
    0.66859948104233,
    -3.87553258253721,
    -0.376490593036993,
    0.991493349049254,
    0.0513501169382371,
    -0.110964285429772,
    0.0446209775843645,
    0.983346514968671,
    0.139749694250229,
    -0.0501722596323105,
    0.104796940887247,
    0.967683129230975,
    -0.01623386912176,
    -0.196561010912007,
    -0.157129220338978,
    0.9872326449648,
    -0.124144331656114,
    -0.0817393489573768,
    -0.0572587850507347,
    0.115578548284435,
    0.389160675437946,
    0.384166659048679,
    0.21638719645422,
    0.672413111860125,
    -0.405105778554033,
    0.136121448158744,
    0.109065998398664,
    0.0588467136094509,
    -0.119000520908801,
    0.987278928723571,
    0.012414531991957
  ],
  "t": 0.916999999999915,
  "thrust": [
    0.0,
    0.0,
    0.0,
    0.0
  ]
}