{
  "T_W_L": {
    "arm_motor_0": {
      "p": [
        -0.134725161826458,
        -0.0945555707343339,
        0.0807983677090918
      ],
      "q": [
        -0.363527212978189,
        -0.422871638043273,
        0.770700551498719,
        -0.308298885957247
      ]
    },
    "arm_motor_1": {
      "p": [
        -0.0758887164606578,
        0.133581400078221,
        0.0456447234790114
      ],
      "q": [
        -0.200275047372542,
        0.654373216131772,
        0.660475006020943,
        0.308963372960168
      ]
    },
    "arm_motor_2": {
      "p": [
        -0.0114476950761858,
        -0.0539456830560825,
        0.00928225363478559
      ],
      "q": [
        0.18655462527997,
        0.737984391181186,
        -0.277724878486725,
        0.58604206506796
      ]
    },
    "arm_motor_3": {
      "p": [
        -0.129145336247957,
        0.0707238897305058,
        0.138330594205925
      ],
      "q": [
        -0.0651380726044266,
        0.210731467906777,
        0.862988878007192,
        0.454532151081883
      ]
    },
    "base_link": {
      "p": [
        -0.099714003844293,
        0.0155864488705652,
        0.0477716256139978
      ],
      "q": [
        -0.150594368273392,
        0.271706701966417,
        -0.543461254018889,
        0.779837591894035
      ]
    },
    "connecting_link_0": {
      "p": [
        -0.113753194220299,
        -0.0332380292142128,
        0.0543345116662845
      ],
      "q": [
        -0.287915028786232,
        0.0810151699392341,
        -0.80202014367168,
        0.517015635724489
      ]
    },
    "connecting_link_1": {
      "p": [
        -0.0856748134682875,
        0.0644109269553433,
        0.0412087395617111
      ],
      "q": [
        0.325410511462053,
        0.244241642395223,
        0.608642199661216,
        0.681181834712029
      ]
    },
    "connecting_link_2": {
      "p": [
        -0.0647427601104076,
        -0.00994571540626989,
        0.0204015562124437
      ],
      "q": [
        -0.0644671042849909,
        0.10743944914392,
        -0.328295185479355,
        0.936228085684164
      ]
    },
    "connecting_link_3": {
      "p": [
        -0.134685247578178,
        0.0411186131474003,
        0.0751416950155519
      ],
      "q": [
        0.564165714875444,
        -0.17239311633103,
        0.656284860579467,
        0.470412416263585
      ]
    }
  },
  "contacts": [
    {
      "f": [
        -0.457736664380869,
        -0.209800067666705,
        0.629408107758142
      ],
      "link": "base_link",
      "p": [
        -0.0933638126265111,
        -0.000665430075665475,
        0.000161418530278165
      ]
    },
    {
      "f": [
        0.324312070555264,
        0.560592155587633,
        0.809554163581558
      ],
      "link": "base_link",
      "p": [
        -0.0924017936172818,
        -0.00511294667717405,
        -0.000619108327163116
      ]
    },
    {
      "f": [
        0.218751352822092,
        -0.357475390815039,
        0.523869033907599
      ],
      "link": "base_link",
      "p": [
        -0.0941097582621716,
        -0.00163155387868651,
        0.000177545088348066
      ]
    },
    {
      "f": [
        -0.412013074594709,
        -0.12204198800023,
        0.537135080298758
      ],
      "link": "arm_motor_2",
      "p": [
        0.00944794033047075,
        -0.0323558883851967,
        -7.42701605975157e-05
      ]
    }
  ],
  "idx": 2753,
  "state": [
    -0.099714003844293,
    0.0155864488705652,
    0.0477716256139978,
    0.779837591894035,
    -0.150594368273392,
    0.271706701966417,
    -0.543461254018889,
    0.020322990328531,
    0.082871979463353,
    -0.0297795028825667,
    -0.772050940029203,
    -1.11172101982299,
    -1.13993558004956,
    0.992670358817788,
    0.0683854249929067,
    -0.093972116222822,
    -0.0331396099208782,
    0.979542548846833,
    0.105970336507825,
    -0.0191457555782802,
    0.170000361241984,
    0.971529667061752,
    0.052505530043822,
    -0.190807439207341,
    -0.130252817538954,
    0.873204392798148,
    -0.21342474156805,
    -0.372880827671494,
    -0.230051855979581,
    -0.360139202561617,
    0.636594474905824,
    -0.233564115003577,
    0.311072386208113,
    0.193585151619083,
    0.203511888498802,
    -0.163585423976547,
    0.130533718617079,
    0.369197684499938,
    0.131492664231803,
    -0.149406914745393,
    0.0593032724018524
  ],
  "t": 2.75400000000139,
  "thrust": [
    0.0,
    0.0,
    0.0,
    0.0
  ]
}