{
  "T_W_L": {
    "arm_motor_0": {
      "p": [
        -0.135940840401351,
        -0.130227316332295,
        0.0194259187624128
      ],
      "q": [
        0.574248202529023,
        0.422862686850395,
        -0.428157585704189,
        0.555074077728199
      ]
    },
    "arm_motor_1": {
      "p": [
        -0.171786751422434,
        0.066930381191591,
        0.128546961772065
      ],
      "q": [
        -0.343703092668515,
        0.161234930484383,
        0.715283936114317,
        0.58672001160571
      ]
    },
    "arm_motor_2": {
      "p": [
        -0.0408350255426728,
        -0.0630196413723654,
        0.0789469073826077
      ],
      "q": [
        0.354071041210867,
        0.418006393528163,
        0.0356106508298177,
        0.835844623296046
      ]
    },
    "arm_motor_3": {
      "p": [
        -0.242482874948509,
        -0.0313357222501465,
        0.0952852480199462
      ],
      "q": [
        -0.302411790898275,
        -0.271270310151699,
        0.844543327960833,
        0.348864006100858
      ]
    },
    "base_link": {
      "p": [
        -0.142496205497699,
        -0.0188513531523796,
        0.0496756060801838
      ],
      "q": [
        0.299095724357193,
        0.0768841075006646,
        -0.353168309775455,
        0.883121014728684
      ]
    },
    "connecting_link_0": {
      "p": [
        -0.134380035270061,
        -0.0602550141433973,
        0.0206262577677536
      ],
      "q": [
        0.103301665824566,
        -0.0934875710398009,
        -0.708807930360351,
        0.691505717805156
      ]
    },
    "connecting_link_1": {
      "p": [
        -0.150612375725336,
        0.0225523078386382,
        0.0787249543926139
      ],
      "q": [
        0.262747334159544,
        -0.300863386154598,
        0.748816909240934,
        0.528884011573896
      ]
    },
    "connecting_link_2": {
      "p": [
        -0.0915146190878682,
        -0.0236708358852732,
        0.0509602979982472
      ],
      "q": [
        0.275546566946216,
        -0.295456245707853,
        -0.225185501577755,
        0.886606556594046
      ]
    },
    "connecting_link_3": {
      "p": [
        -0.193477791907529,
        -0.0140318704194859,
        0.0483909141621203
      ],
      "q": [
        0.383344886152021,
        -0.438501180268666,
        0.811019742261898,
        0.0548670285829777
      ]
    }
  },
  "contacts": [
    {
      "f": [
        -0.264242742297608,
        -0.12254032112875,
        0.364092101069773
      ],
      "link": "base_link",
      "p": [
        -0.133410790861636,
        -0.0295199143317338,
        0.00073360150912842
      ]
    },
    {
      "f": [
        0.869242593072749,
        -0.0162354483188374,
        1.08674275028778
      ],
      "link": "base_link",
      "p": [
        -0.130537421391983,
        -0.0323460536960732,
        -0.000324912016621173
      ]
    },
    {
      "f": [
        0.0440021329334583,
        -0.827505614942242,
        1.03584335391478
      ],
      "link": "base_link",
      "p": [
        -0.129654990274321,
        -0.0317237820597677,
        -4.6487963723342e-05
      ]
    }
  ],
  "idx": 2056,
  "state": [
    -0.142496205497699,
    -0.0188513531523796,
    0.0496756060801838,
    0.883121014728684,
    0.299095724357193,
    0.0768841075006646,
    -0.353168309775455,
    0.0873264943319362,
    0.0207313001687555,
    0.00693968852142519,
    -1.24693742405838,
    0.675657995252845,
    -1.06625003053159,
    0.94972345331962,
    0.0931606468094049,
    -0.298300957404451,
    0.0190524253651799,
    0.984082445204733,
    0.0565004760870056,
    -0.109226625304642,
    0.128292562396946,
    0.937657691309584,
    -0.0222496730267343,
    -0.314556916924799,
    -0.146140179255911,
    0.888103642896442,
    -0.171157517335156,
    -0.377906928700621,
    -0.197897390012597,
    -0.397954380639789,
    -0.297426796908812,
    -0.687910446883428,
    -0.0411038162131035,
    -0.0512309021257859,
    -0.12086808316945,
    0.793123404745128,
    0.521357572681887,
    0.141476925593157,
    -0.53222886343132,
    0.157117941556767,
    -0.375180848717935
  ],
  "t": 2.05699999999992,
  "thrust": [
    0.0,
    0.0,
    0.0,
    0.0
  ]
}