{
  "T_W_L": {
    "arm_motor_0": {
      "p": [
        -0.201812934109336,
        -0.088699833148886,
        0.0162973335523427
      ],
      "q": [
        0.738498268852046,
        0.249916195403938,
        -0.517944930586663,
        0.351987572304662
      ]
    },
    "arm_motor_1": {
      "p": [
        -0.0894658181596097,
        0.118469097747091,
        0.0649207163607947
      ],
      "q": [
        -0.347698602347472,
        0.476724886208113,
        0.387186268536276,
        0.70846725983099
      ]
    },
    "arm_motor_2": {
      "p": [
        -0.0587708278518709,
        -0.0761933616254729,
        0.0510475505879242
      ],
      "q": [
        0.393424852588846,
        0.551352328226022,
        -0.233147413242012,
        0.697760545763193
      ]
    },
    "arm_motor_3": {
      "p": [
        -0.222220142530441,
        0.0901600899020177,
        0.0589126784266481
      ],
      "q": [
        -0.516757223664322,
        0.157755890689189,
        0.729633917139664,
        0.419177048158689
      ]
    },
    "base_link": {
      "p": [
        -0.13924038281402,
        0.0119775766387773,
        0.0375289362684707
      ],
      "q": [
        0.0792159991693452,
        -0.075703713800935,
        -0.617299008164883,
        0.779060785632931
      ]
    },
    "connecting_link_0": {
      "p": [
        -0.160578168551462,
        -0.0341859276489297,
        0.0313946252475134
      ],
      "q": [
        -0.155954761100783,
        0.0721753627715504,
        0.888439506498832,
        -0.425610235768483
      ]
    },
    "connecting_link_1": {
      "p": [
        -0.117902597076577,
        0.0581410809264843,
        0.043663247289428
      ],
      "q": [
        0.0279219965353342,
        -0.163866603877003,
        0.519642075593298,
        0.838057403473287
      ]
    },
    "connecting_link_2": {
      "p": [
        -0.0997888559189131,
        -0.0197645823696652,
        0.0452757012143976
      ],
      "q": [
        0.113333264233362,
        -0.103526243441969,
        -0.44305349807242,
        0.883256183665191
      ]
    },
    "connecting_link_3": {
      "p": [
        -0.178691909709126,
        0.0437197356472198,
        0.0297821713225438
      ],
      "q": [
        0.150526553512984,
        -0.18485267319232,
        0.881331627673336,
        0.407953193349218
      ]
    }
  },
  "contacts": [
    {
      "f": [
        -0.322797644307359,
        -0.401406682182775,
        0.643872128793059
      ],
      "link": "base_link",
      "p": [
        -0.147172654910831,
        -0.0213111251820542,
        -0.00016223190984286
      ]
    },
    {
      "f": [
        0.271392035814045,
        -0.0363695875367847,
        0.342272698299743
      ],
      "link": "base_link",
      "p": [
        -0.146545801343426,
        -0.0253866823511672,
        0.000438313730657239
      ]
    },
    {
      "f": [
        0.207017685025366,
        -0.029256248102933,
        0.261343434148207
      ],
      "link": "base_link",
      "p": [
        -0.145432934764452,
        -0.0253280850464438,
        0.000477313131703586
      ]
    },
    {
      "f": [
        0.0440131814321552,
        -1.03039258990525,
        1.28916521528433
      ],
      "link": "base_link",
      "p": [
        -0.161659278413106,
        0.0410073863039595,
        -0.000864316271533827
      ]
    }
  ],
  "idx": 3537,
  "state": [
    -0.13924038281402,
    0.0119775766387773,
    0.0375289362684707,
    0.779060785632931,
    0.0792159991693452,
    -0.075703713800935,
    -0.617299008164883,
    -0.0424965356129379,
    -0.00596367589939069,
    0.0131190990041717,
    1.12636513340609,
    -0.0915905985779524,
    0.0120930617753751,
    0.996145998634404,
    0.0594041495809721,
    0.0266445566818702,
    -0.0587738378571082,
    0.994700775217868,
    0.0313086680179668,
    -0.0907884561736128,
    0.0367095534367429,
    0.980361514824606,
    0.0530504089494653,
    0.000838432183872366,
    -0.189937493382879,
    0.946660200214442,
    -0.0558790971694035,
    -0.264534878166428,
    -0.175309127152465,
    0.0964478855868568,
    0.757743803134067,
    0.150155620698847,
    -0.0364937581839381,
    0.414376725930956,
    -0.190286249254028,
    0.0458635220925309,
    0.462098637043013,
    0.199168414837043,
    -0.185354966112338,
    0.64233264160672,
    -0.181410536277733
  ],
  "t": 3.53800000000304,
  "thrust": [
    0.0,
    0.0,
    0.0,
    0.0
  ]
}