{
  "T_W_L": {
    "arm_motor_0": {
      "p": [
        -0.101357341730809,
        -0.0732409097942096,
        0.0744437414363207
      ],
      "q": [
        0.316252202868592,
        0.462165953029259,
        -0.278408438847507,
        0.780305015503434
      ]
    },
    "arm_motor_1": {
      "p": [
        -0.257487929166808,
        0.103075692095722,
        0.0322998326806183
      ],
      "q": [
        -0.642785009955976,
        0.298788722358621,
        0.672327219727111,
        0.213374881326766
      ]
    },
    "arm_motor_2": {
      "p": [
        -0.074070934100028,
        0.0613835730343176,
        0.0886451197438027
      ],
      "q": [
        -0.0931699352599807,
        0.459161155654182,
        0.117434222030286,
        0.875613841712263
      ]
    },
    "arm_motor_3": {
      "p": [
        -0.277575758197422,
        -0.0415857441101476,
        0.0347430320386796
      ],
      "q": [
        -0.657302333614523,
        -0.213575025811035,
        0.708670917911637,
        -0.141862189046256
      ]
    },
    "base_link": {
      "p": [
        -0.172714904951509,
        0.0175358192236148,
        0.0404959936098732
      ],
      "q": [
        -0.000868501926093812,
        -0.10547975923645,
        -0.0842192341255162,
        0.990848316695919
      ]
    },
    "connecting_link_0": {
      "p": [
        -0.139518979799338,
        -0.0206787383794891,
        0.0483495367905358
      ],
      "q": [
        0.0267595821649326,
        -0.22495828843582,
        -0.420488572262197,
        0.878559647276884
      ]
    },
    "connecting_link_1": {
      "p": [
        -0.20591083010368,
        0.0557503768267188,
        0.0326424504292105
      ],
      "q": [
        0.0208894968604053,
        0.0603967062008144,
        0.929924775630271,
        0.362154357242876
      ]
    },
    "connecting_link_2": {
      "p": [
        -0.128825847544523,
        0.0424132765078985,
        0.0493764642615273
      ],
      "q": [
        0.0171574417159378,
        -0.294476518355022,
        0.148919627766026,
        0.94382845199607
      ]
    },
    "connecting_link_3": {
      "p": [
        -0.216603962358495,
        -0.00734163806066888,
        0.031615522958219
      ],
      "q": [
        0.0363230742964427,
        -0.0507086331744994,
        0.965888949073585,
        -0.25133206491165
      ]
    }
  },
  "contacts": [
    {
      "f": [
        -0.152746814288823,
        0.0336749258226455,
        0.195518500980984
      ],
      "link": "base_link",
      "p": [
        -0.194916563479835,
        0.0422826839604285,
        0.000608962998038032
      ]
    },
    {
      "f": [
        -0.0573630060086972,
        0.0138191997429415,
        0.0737551347777007
      ],
      "link": "base_link",
      "p": [
        -0.195548252251131,
        0.041997574145055,
        0.000852489730444599
      ]
    },
    {
      "f": [
        -1.47919652310746,
        -0.513704521273844,
        1.95732386226641
      ],
      "link": "base_link",
      "p": [
        -0.202449223892731,
        -0.00018142709142065,
        0.000230027462342873
      ]
    }
  ],
  "idx": 874,
  "state": [
    -0.172714904951509,
    0.0175358192236148,
    0.0404959936098732,
    0.990848316695919,
    -0.000868501926093812,
    -0.10547975923645,
    -0.0842192341255162,
    -0.160837996085146,
    -0.0218462445064673,
    0.0969670052560132,
    0.976548790131952,
    -3.99166656682399,
    -0.399995831804772,
    0.991154344821831,
    0.050562507183625,
    -0.117180841330516,
    0.0364025827817832,
    0.982373761838837,
    0.135091467068515,
    -0.0674517220983227,
    0.110192344388613,
    0.967195636538111,
    -0.0191697985113575,
    -0.198700311242643,
    -0.157109216148349,
    0.985457776057598,
    -0.123173412402728,
    -0.10259814533125,
    -0.0563462745819853,
    0.0791575460147454,
    0.187578359153739,
    0.301841917654384,
    0.394831597257463,
    0.872456729060092,
    -0.31063799685972,
    0.0952302973376559,
    0.170924727542282,
    -0.173605973317423,
    -0.0274167020542911,
    0.964057349579702,
    0.215836065790049
  ],
  "t": 0.87499999999992,
  "thrust": [
    0.0,
    0.0,
    0.0,
    0.0
  ]
}