{
  "T_W_L": {
    "arm_motor_0": {
      "p": [
        -0.202508142012905,
        -0.0883155295774625,
        0.0124854414251965
      ],
      "q": [
        0.761338460704057,
        0.236196037591503,
        -0.487948368309757,
        0.355642474885519
      ]
    },
    "arm_motor_1": {
      "p": [
        -0.0929749598694588,
        0.118209748869188,
        0.07014839943356
      ],
      "q": [
        -0.358821346902022,
        0.461062904677592,
        0.366888210288803,
        0.723920769206659
      ]
    },
    "arm_motor_2": {
      "p": [
        -0.0600540562885344,
        -0.074680771733156,
        0.0566794497458584
      ],
      "q": [
        0.403058148962706,
        0.539102205456339,
        -0.195997925447994,
        0.71309028449906
      ]
    },
    "arm_motor_3": {
      "p": [
        -0.22562887766938,
        0.0920977205715068,
        0.0521786078446007
      ],
      "q": [
        -0.559870015310699,
        0.151324993865714,
        0.69002376531518,
        0.433028307952034
      ]
    },
    "base_link": {
      "p": [
        -0.141765873160644,
        0.0119440393763295,
        0.039689881098221
      ],
      "q": [
        0.107355167877784,
        -0.102022228991377,
        -0.611741018702589,
        0.777070948342739
      ]
    },
    "connecting_link_0": {
      "p": [
        -0.162259189735832,
        -0.0342733224026569,
        0.0314449162141574
      ],
      "q": [
        -0.193315988241226,
        0.0844613857991723,
        0.883379188442706,
        -0.418493025539861
      ]
    },
    "connecting_link_1": {
      "p": [
        -0.121272556585457,
        0.058161401155316,
        0.0479348459822846
      ],
      "q": [
        0.00570413380369826,
        -0.185868578496718,
        0.513154149061518,
        0.837909991398902
      ]
    },
    "connecting_link_2": {
      "p": [
        -0.102814254052921,
        -0.0196496047749254,
        0.0501116380580968
      ],
      "q": [
        0.146413688161255,
        -0.123028150536729,
        -0.423596612526799,
        0.885433800998331
      ]
    },
    "connecting_link_3": {
      "p": [
        -0.180717492268368,
        0.0435376835275845,
        0.0292681241383452
      ],
      "q": [
        0.0920325992250272,
        -0.19919432367316,
        0.88380836804345,
        0.413200182324079
      ]
    }
  },
  "contacts": [
    {
      "f": [
        -0.650535633213011,
        -0.868837218185128,
        1.35673938278019
      ],
      "link": "base_link",
      "p": [
        -0.161362616688617,
        0.0412645009921794,
        -4.66189464302241e-06
      ]
    },
    {
      "f": [
        0.584457286388259,
        0.627525369819266,
        1.07192759300939
      ],
      "link": "arm_motor_0",
      "p": [
        -0.225602657470332,
        -0.0719092795989262,
        -0.000912551537219995
      ]
    }
  ],
  "idx": 3622,
  "state": [
    -0.141765873160644,
    0.0119440393763295,
    0.039689881098221,
    0.777070948342739,
    0.107355167877784,
    -0.102022228991377,
    -0.611741018702589,
    -0.0100117327748748,
    0.00506521776446162,
    -0.00927900442185447,
    0.47267482599688,
    0.0040689517045765,
    0.228070379435115,
    0.995642458175692,
    0.0615629583912943,
    0.0260274461339691,
    -0.0650282221786911,
    0.996397960201094,
    0.0304790727887363,
    -0.074545732332948,
    0.0265530566975445,
    0.981849813211814,
    0.061756336532854,
    0.0164428092430819,
    -0.178568567273646,
    0.95158628174039,
    -0.0559156439576542,
    -0.235725680834755,
    -0.18918348912971,
    0.157947239822878,
    -0.67143718522365,
    -0.278446630584573,
    0.0226527677753103,
    0.214373391149239,
    -0.462225881439221,
    0.246491599439908,
    0.220366570117364,
    0.441910311878642,
    -0.21463194016573,
    0.810938180741544,
    -0.473014251493711
  ],
  "t": 3.62300000000322,
  "thrust": [
    0.0,
    0.0,
    0.0,
    0.0
  ]
}