{
  "T_W_L": {
    "arm_motor_0": {
      "p": [
        -0.189205812457907,
        -0.0833342031319635,
        0.142848973848256
      ],
      "q": [
        0.385682463173902,
        0.0183996821548042,
        -0.0525356299397127,
        0.920950865618547
      ]
    },
    "arm_motor_1": {
      "p": [
        -0.262334136802562,
        0.100281051847498,
        0.0192250375052598
      ],
      "q": [
        0.826696579108935,
        -0.0901753244363774,
        -0.410660329122662,
        -0.373897407101526
      ]
    },
    "arm_motor_2": {
      "p": [
        -0.195099633854516,
        0.0269167538515049,
        0.18253416277949
      ],
      "q": [
        -0.00110727517148902,
        -0.0791066556927741,
        0.0435421932341907,
        0.995914147090579
      ]
    },
    "arm_motor_3": {
      "p": [
        -0.288791743155009,
        -0.0267653256374207,
        0.00613048239051237
      ],
      "q": [
        0.797221216297,
        0.094310541905199,
        -0.589382098664361,
        0.0904024100645136
      ]
    },
    "base_link": {
      "p": [
        -0.204133532024686,
        0.00917553145620646,
        0.0698823890393215
      ],
      "q": [
        0.113573456082403,
        -0.515368195165088,
        -0.112940509631437,
        0.841867646824589
      ]
    },
    "connecting_link_0": {
      "p": [
        -0.188741450944631,
        -0.0334716299230406,
        0.0937215053467161
      ],
      "q": [
        0.23557038491072,
        -0.638200062195156,
        -0.309866985279275,
        0.664221142241835
      ]
    },
    "connecting_link_1": {
      "p": [
        -0.21952561310474,
        0.0518226928354536,
        0.046043272731927
      ],
      "q": [
        -0.294182053584715,
        -0.200621808624897,
        0.874943460558584,
        0.328148975434216
      ]
    },
    "connecting_link_2": {
      "p": [
        -0.184063202753305,
        0.0272445955307437,
        0.113410435244138
      ],
      "q": [
        0.0300060183212319,
        -0.760154499564715,
        0.0315719418860306,
        0.648280794210015
      ]
    },
    "connecting_link_3": {
      "p": [
        -0.224203861296067,
        -0.00889353261833076,
        0.0263543428345053
      ],
      "q": [
        -0.146964449473868,
        -0.00276346652631975,
        0.980476606824925,
        -0.130611780910769
      ]
    }
  },
  "contacts": [
    {
      "f": [
        -0.919863854117887,
        0.128300868353227,
        1.16096042065718
      ],
      "link": "arm_motor_1",
      "p": [
        -0.276991921240554,
        0.0814857543349284,
        -0.00132192084131437
      ]
    },
    {
      "f": [
        -0.975880044741649,
        0.0229552376314337,
        1.22018748857737
      ],
      "link": "arm_motor_3",
      "p": [
        -0.284627943327679,
        -0.0114275231278809,
        -0.000923168100458501
      ]
    }
  ],
  "idx": 1377,
  "state": [
    -0.204133532024686,
    0.00917553145620646,
    0.0698823890393215,
    0.841867646824588,
    0.113573456082403,
    -0.515368195165087,
    -0.112940509631437,
    0.101330125381882,
    -0.0494843446670736,
    -0.155644870000238,
    0.241494526515587,
    0.906132259147913,
    -0.714667659907341,
    0.967386220591407,
    0.110474652608507,
    -0.174559489124321,
    0.146588662923019,
    0.970564810134476,
    0.133505333919228,
    -0.148888151351911,
    0.134211003761818,
    0.931326277408541,
    -0.0647081814645245,
    -0.296693225303082,
    -0.20104065837327,
    0.909534305021162,
    -0.128614992146973,
    -0.37614120000332,
    -0.121339727396961,
    0.262891210267498,
    -0.507334416641379,
    0.446803372583042,
    0.1428640967547,
    -0.548452260004966,
    0.211132886375127,
    -0.298400587752543,
    -0.77356695880747,
    -0.0205466184887351,
    0.150803849414837,
    -1.58665910190275,
    -0.439113485441158
  ],
  "t": 1.37799999999986,
  "thrust": [
    0.0,
    0.0,
    0.0,
    0.0
  ]
}