{
  "T_W_L": {
    "arm_motor_0": {
      "p": [
        -0.18861482553074,
        -0.0836630750189041,
        0.141965734747516
      ],
      "q": [
        0.386224532303317,
        0.0191045667230609,
        -0.0527551783696247,
        0.92069675644731
      ]
    },
    "arm_motor_1": {
      "p": [
        -0.262284223288907,
        0.100142220404038,
        0.0191765834679829
      ],
      "q": [
        0.825089931699821,
        -0.0895334972332378,
        -0.413392416253229,
        -0.374589198543001
      ]
    },
    "arm_motor_2": {
      "p": [
        -0.194529880737573,
        0.0263315591933687,
        0.181897679343036
      ],
      "q": [
        0.000769178332341963,
        -0.0790074346047517,
        0.0431494692967479,
        0.995939434374038
      ]
    },
    "arm_motor_3": {
      "p": [
        -0.288735602812264,
        -0.0267144463668943,
        0.00609759308309708
      ],
      "q": [
        0.794554492468597,
        0.0946445597560625,
        -0.593143221360843,
        0.088919540935804
      ]
    },
    "base_link": {
      "p": [
        -0.203726181440007,
        0.0089760632710973,
        0.0692538402516769
      ],
      "q": [
        0.114923218168654,
        -0.51370196106399,
        -0.113701748009738,
        0.842600060303998
      ]
    },
    "connecting_link_0": {
      "p": [
        -0.188224809123941,
        -0.0337385795620971,
        0.0929005470826789
      ],
      "q": [
        0.235798441484411,
        -0.637521951218845,
        -0.310405530220146,
        0.664539888581859
      ]
    },
    "connecting_link_1": {
      "p": [
        -0.219227553756072,
        0.0516907061042917,
        0.045607133420675
      ],
      "q": [
        -0.291114104969938,
        -0.20156481941202,
        0.875739266617439,
        0.328184305485959
      ]
    },
    "connecting_link_2": {
      "p": [
        -0.183518400524305,
        0.02691608494034,
        0.112771666633174
      ],
      "q": [
        0.0310551735590719,
        -0.760102220470149,
        0.0299673911295904,
        0.648368834923804
      ]
    },
    "connecting_link_3": {
      "p": [
        -0.223933962355708,
        -0.00896395839814541,
        0.0257360138701798
      ],
      "q": [
        -0.142419275607695,
        -0.00404819963022536,
        0.981250463685866,
        -0.129799420381629
      ]
    }
  },
  "contacts": [
    {
      "f": [
        0.928053628375217,
        -0.165417634266021,
        1.17835062883635
      ],
      "link": "arm_motor_1",
      "p": [
        -0.277007296237389,
        0.0813830442003406,
        -0.0013567012576727
      ]
    },
    {
      "f": [
        0.965562942225768,
        -0.0797518854591699,
        1.21106368447972
      ],
      "link": "arm_motor_3",
      "p": [
        -0.284617387117744,
        -0.0113713483440953,
        -0.00097128537311451
      ]
    }
  ],
  "idx": 1381,
  "state": [
    -0.203726181440007,
    0.0089760632710973,
    0.0692538402516769,
    0.842600060303998,
    0.114923218168654,
    -0.51370196106399,
    -0.113701748009738,
    0.102421279162433,
    -0.0502534225570533,
    -0.158622065193984,
    0.231006240787368,
    0.940236434924298,
    -0.728462435571022,
    0.967019937268738,
    0.110974759474979,
    -0.17555805767066,
    0.147432737447087,
    0.97030653204535,
    0.133871816070914,
    -0.149963237780802,
    0.134516162769759,
    0.930821024221803,
    -0.065562047013392,
    -0.298014339886127,
    -0.201149924385578,
    0.908269315350125,
    -0.12839121238896,
    -0.379174826969763,
    -0.121610024122841,
    0.262364672464656,
    -0.502684737788728,
    0.446496688244121,
    0.148501725542818,
    -0.542531570802685,
    0.208911233841212,
    -0.296306690074965,
    -0.771390314593125,
    -0.0148852047125778,
    0.156403244130628,
    -1.5860039498682,
    -0.434525023968362
  ],
  "t": 1.38199999999986,
  "thrust": [
    0.0,
    0.0,
    0.0,
    0.0
  ]
}