{
  "T_W_L": {
    "arm_motor_0": {
      "p": [
        -0.199808861886275,
        -0.0765154166233623,
        0.00904017788134845
      ],
      "q": [
        0.792320040588643,
        0.238171484316546,
        -0.505768838545978,
        0.244338247713936
      ]
    },
    "arm_motor_1": {
      "p": [
        -0.0746314420516279,
        0.114238021111595,
        0.00565195711048162
      ],
      "q": [
        -0.407222845888202,
        0.734331960865571,
        0.255084280563373,
        0.479435224871416
      ]
    },
    "arm_motor_2": {
      "p": [
        -0.0536630391908446,
        -0.0705634449916694,
        0.00811727090918794
      ],
      "q": [
        0.435593590585688,
        0.707787006569676,
        -0.230112450957631,
        0.506304292976147
      ]
    },
    "arm_motor_3": {
      "p": [
        -0.204236672597824,
        0.101942793376437,
        0.0102619175426469
      ],
      "q": [
        0.746648078132902,
        -0.339185651334565,
        -0.465212666982046,
        -0.33323702649712
      ]
    },
    "base_link": {
      "p": [
        -0.130615797468404,
        0.0140663224545401,
        0.0346160079294478
      ],
      "q": [
        -0.00207395158962721,
        -0.00197780352819126,
        -0.614519117563991,
        0.788896724018031
      ]
    },
    "connecting_link_0": {
      "p": [
        -0.151853768189011,
        -0.0325478838752562,
        0.0348697162537394
      ],
      "q": [
        -0.202622298121525,
        0.00436056021626739,
        0.917887449018935,
        -0.341185903507258
      ]
    },
    "connecting_link_1": {
      "p": [
        -0.109377826747797,
        0.0606805287843365,
        0.0343622996051562
      ],
      "q": [
        -0.107578211221179,
        0.180239210523784,
        0.468321860342085,
        0.858263007816336
      ]
    },
    "connecting_link_2": {
      "p": [
        -0.0897998519571444,
        -0.0168855539074895,
        0.0348158621051353
      ],
      "q": [
        0.145297107236939,
        0.142469793073851,
        -0.470725256252135,
        0.85849219088844
      ]
    },
    "connecting_link_3": {
      "p": [
        -0.171431742979663,
        0.0450181988165698,
        0.0344161537537603
      ],
      "q": [
        -0.199004887690795,
        0.00420631296129213,
        0.856914950724562,
        0.475474635318402
      ]
    }
  },
  "contacts": [
    {
      "f": [
        -0.15702685856172,
        0.118247312989863,
        0.245712806630668
      ],
      "link": "base_link",
      "p": [
        -0.119446484810635,
        0.0516104065585369,
        0.000528116086668473
      ]
    },
    {
      "f": [
        -0.00754518686929744,
        0.273620685045695,
        0.34215586983897
      ],
      "link": "base_link",
      "p": [
        -0.115353214484197,
        0.0484523451564665,
        0.000350863511354257
      ]
    },
    {
      "f": [
        -0.0129534967772423,
        0.113267950626123,
        0.14250779429232
      ],
      "link": "base_link",
      "p": [
        -0.145793004211476,
        -0.0207611319754433,
        0.000728199183742811
      ]
    },
    {
      "f": [
        -0.0190743409235449,
        0.177870691536342,
        0.223613133381643
      ],
      "link": "base_link",
      "p": [
        -0.100739129134513,
        -0.0093761711381491,
        0.00069112220048189
      ]
    },
    {
      "f": [
        -0.0460801480271751,
        0.0219352380379285,
        0.0637933028174166
      ],
      "link": "base_link",
      "p": [
        -0.119942614720151,
        0.0520135071787796,
        0.000890039535540225
      ]
    },
    {
      "f": [
        -0.0457610508514414,
        0.0231818445687932,
        0.0641223402547804
      ],
      "link": "base_link",
      "p": [
        -0.116175676950695,
        0.0525002363375514,
        0.000900317037411773
      ]
    },
    {
      "f": [
        -0.0245161609037966,
        0.00271048941006909,
        0.0308319258820844
      ],
      "link": "base_link",
      "p": [
        -0.16132479732391,
        0.041308758486428,
        0.000938336148235831
      ]
    },
    {
      "f": [
        0.274725759345749,
        0.0554246540946935,
        0.350326042623187
      ],
      "link": "arm_motor_0",
      "p": [
        -0.220938664728759,
        -0.055087462420375,
        0.000299347914753625
      ]
    },
    {
      "f": [
        0.0225205813650276,
        0.0251501546901773,
        0.0421994310158375
      ],
      "link": "arm_motor_1",
      "p": [
        -0.0995444067005785,
        0.132881102194704,
        0.000953971303645253
      ]
    },
    {
      "f": [
        -0.280811258335778,
        0.123542791949623,
        0.383482773918103
      ],
      "link": "arm_motor_1",
      "p": [
        -0.0674905812765039,
        0.0992930117824292,
        0.000361002223700897
      ]
    },
    {
      "f": [
        -0.0478788385922277,
        0.283302221236493,
        0.359149454750542
      ],
      "link": "arm_motor_2",
      "p": [
        -0.0780505086137437,
        -0.0886156769521808,
        0.000281701090498916
      ]
    },
    {
      "f": [
        0.00959129005823578,
        0.086401073995438,
        0.108664754179328
      ],
      "link": "arm_motor_2",
      "p": [
        -0.0694203812629415,
        -0.0700642380101996,
        0.000782670491641345
      ]
    },
    {
      "f": [
        0.0570456091730259,
        0.141613754145916,
        0.190839661468492
      ],
      "link": "arm_motor_3",
      "p": [
        -0.230450587882973,
        0.0874471721262232,
        0.000618320677063015
      ]
    }
  ],
  "idx": 5157,
  "state": [
    -0.130615797468404,
    0.0140663224545401,
    0.0346160079294478,
    0.788896724018031,
    -0.00207395158962721,
    -0.00197780352819126,
    -0.614519117563991,
    0.00103425601732039,
    -0.00034945161725729,
    -0.000238409484148719,
    -0.0269330456496459,
    0.0172895833435432,
    4.1833378825905e-06,
    0.966443984820258,
    0.101812336325228,
    0.17601384746677,
    -0.156969417010717,
    0.97807095076337,
    -0.00286733084285648,
    0.207629899353239,
    -0.0160878395453904,
    0.952200445562159,
    0.104001574775465,
    0.178114470627259,
    -0.225329135418883,
    0.952695119977219,
    -0.0506483567482695,
    0.190804670476494,
    -0.231085114307801,
    -0.00498103670104328,
    0.0357239564748155,
    -0.214957326237999,
    -0.00146176330107526,
    0.00208519007906205,
    -0.0102466778543926,
    -0.000407556689196887,
    -0.0751277240697089,
    -0.240193756276986,
    0.00717795119562792,
    0.0805170118180086,
    0.19136246926321
  ],
  "t": 5.15800000000132,
  "thrust": [
    0.0,
    0.0,
    0.0,
    0.0
  ]
}