{
  "T_W_L": {
    "arm_motor_0": {
      "p": [
        -0.132069859945092,
        -0.119616374600144,
        0.0447401445275603
      ],
      "q": [
        -0.420446193613256,
        -0.50843630009089,
        0.653756323751976,
        -0.370567397621961
      ]
    },
    "arm_motor_1": {
      "p": [
        -0.0892635048772219,
        0.106694216595524,
        0.094913830394468
      ],
      "q": [
        -0.202141680491735,
        0.481227453679559,
        0.732502448337512,
        0.437034371660416
      ]
    },
    "arm_motor_2": {
      "p": [
        -0.00967135034927726,
        -0.0536973078180917,
        0.0112621220141152
      ],
      "q": [
        0.29961040750224,
        0.695493682530434,
        -0.103838705967773,
        0.644778771688039
      ]
    },
    "arm_motor_3": {
      "p": [
        -0.158089948878214,
        0.0168918827472768,
        0.146380906465815
      ],
      "q": [
        -0.0744039234928753,
        0.0147157020589785,
        0.883041867752195,
        0.463124782405879
      ]
    },
    "base_link": {
      "p": [
        -0.108971577858928,
        -0.00314630265146555,
        0.0493676390508788
      ],
      "q": [
        0.035396059720926,
        0.292935475430191,
        -0.476903545668581,
        0.82794863024191
      ]
    },
    "connecting_link_0": {
      "p": [
        -0.119965538164367,
        -0.0512687808497921,
        0.0356796907439187
      ],
      "q": [
        -0.164975175140605,
        0.0974880358505262,
        -0.759575884396616,
        0.621549475340807
      ]
    },
    "connecting_link_1": {
      "p": [
        -0.0979776175534886,
        0.044976175546861,
        0.063055587357839
      ],
      "q": [
        0.375021695419053,
        0.0312492279772693,
        0.660893201491354,
        0.649309163602634
      ]
    },
    "connecting_link_2": {
      "p": [
        -0.0680973270953729,
        -0.0165410845829162,
        0.0215490222353916
      ],
      "q": [
        0.138431497719451,
        0.0358608573639289,
        -0.285281603998347,
        0.947715741015419
      ]
    },
    "connecting_link_3": {
      "p": [
        -0.149845828622483,
        0.0102484792799851,
        0.0771862558663661
      ],
      "q": [
        0.571793373910514,
        -0.317073101458917,
        0.677016411607909,
        0.337884246890566
      ]
    }
  },
  "contacts": [
    {
      "f": [
        -1.04909234036324,
        -0.181347648702237,
        1.33081372446209
      ],
      "link": "base_link",
      "p": [
        -0.0922647766618904,
        -0.0048923807812479,
        -0.00104496384499791
      ]
    },
    {
      "f": [
        -0.312946751473449,
        -0.344659353799216,
        0.581922647645122
      ],
      "link": "base_link",
      "p": [
        -0.0943507985577223,
        -0.00195960343512149,
        0.000604043552850132
      ]
    },
    {
      "f": [
        -0.137642698010511,
        0.203082311458285,
        0.306665375304594
      ],
      "link": "arm_motor_2",
      "p": [
        -0.023122257386568,
        -0.0798282382460139,
        0.000386669249390813
      ]
    },
    {
      "f": [
        -0.0746830306256011,
        0.204386565222981,
        0.272004776805116
      ],
      "link": "arm_motor_2",
      "p": [
        -0.0220471828348434,
        -0.0593899074792933,
        0.000455990446389769
      ]
    }
  ],
  "idx": 2480,
  "state": [
    -0.108971577858928,
    -0.00314630265146555,
    0.0493676390508788,
    0.82794863024191,
    0.035396059720926,
    0.292935475430191,
    -0.476903545668581,
    0.0460666138172875,
    0.0619550881031116,
    0.00694352115394653,
    -1.02217760373307,
    -0.402689680391396,
    -1.00127061319791,
    0.978143242618,
    0.095282354409538,
    -0.184503563773268,
    -0.0107473165899262,
    0.985789464673156,
    0.0652608529189,
    -0.0584919702649958,
    0.14331378799763,
    0.962463394076748,
    0.0628269370532533,
    -0.233851715688212,
    -0.122598393596546,
    0.876156998787465,
    -0.218472232037021,
    -0.357991725599073,
    -0.237614649605409,
    -0.213753926985757,
    0.744394816502796,
    -0.372230292339124,
    0.308741687526513,
    0.136939126313086,
    0.341718167885585,
    -0.284164674636315,
    -0.0720677675477239,
    -0.359823807831907,
    0.0603699201524085,
    -0.318104038256385,
    0.0021819637959394
  ],
  "t": 2.48100000000081,
  "thrust": [
    0.0,
    0.0,
    0.0,
    0.0
  ]
}