{
  "T_W_L": {
    "arm_motor_0": {
      "p": [
        -0.19564044827228,
        -0.0862001667833884,
        0.0464133844931207
      ],
      "q": [
        -0.606540435496561,
        -0.260072080332941,
        0.668950071383178,
        -0.342019027446398
      ]
    },
    "arm_motor_1": {
      "p": [
        -0.0753756470458083,
        0.120035346667895,
        0.0488876760068848
      ],
      "q": [
        -0.297088151161931,
        0.549896938231752,
        0.434413459975686,
        0.648565288582795
      ]
    },
    "arm_motor_2": {
      "p": [
        -0.0500255729351336,
        -0.0762486787838094,
        0.0372860807548562
      ],
      "q": [
        0.338054306598425,
        0.597785907301015,
        -0.324675485849251,
        0.650351538562886
      ]
    },
    "arm_motor_3": {
      "p": [
        -0.202590480181515,
        0.0887666611439122,
        0.0811869018272623
      ],
      "q": [
        -0.384418325722467,
        0.203117984461928,
        0.816589667183896,
        0.379666894376311
      ]
    },
    "base_link": {
      "p": [
        -0.129263299158163,
        0.0134077838171682,
        0.0354829061868999
      ],
      "q": [
        -0.0239105784041725,
        0.0210887425678916,
        -0.621383019834315,
        0.782858027894503
      ]
    },
    "connecting_link_0": {
      "p": [
        -0.151289054802572,
        -0.0328008618651367,
        0.0373874146536693
      ],
      "q": [
        0.0441302767468104,
        0.057945242001461,
        0.90190798675373,
        -0.425742705202891
      ]
    },
    "connecting_link_1": {
      "p": [
        -0.107237543513754,
        0.059616429499473,
        0.0335783977201305
      ],
      "q": [
        0.0971036570907432,
        -0.0697690596217129,
        0.517249749684294,
        0.847440767576496
      ]
    },
    "connecting_link_2": {
      "p": [
        -0.0890873982979947,
        -0.0182969992216851,
        0.0333140994796978
      ],
      "q": [
        0.0094602548760209,
        -0.0371695143226208,
        -0.468620730334105,
        0.882566451823222
      ]
    },
    "connecting_link_3": {
      "p": [
        -0.169439200018331,
        0.0451125668560214,
        0.037651712894102
      ],
      "q": [
        0.305591286181864,
        -0.124838931411553,
        0.849240896043334,
        0.4120911397995
      ]
    }
  },
  "contacts": [
    {
      "f": [
        -0.256846969127312,
        -0.149414957211934,
        0.37143134247069
      ],
      "link": "base_link",
      "p": [
        -0.119588128021138,
        0.0505488205293516,
        0.000508192147275009
      ]
    },
    {
      "f": [
        -0.153274332327961,
        0.277633980195871,
        0.396416857435893
      ],
      "link": "base_link",
      "p": [
        -0.101253078548294,
        -0.00987804947496576,
        0.000207166285128214
      ]
    },
    {
      "f": [
        -0.352476543453256,
        -0.083960284869206,
        0.45292287409129
      ],
      "link": "base_link",
      "p": [
        -0.115572499457614,
        0.0473141749350189,
        9.41542518174202e-05
      ]
    },
    {
      "f": [
        0.220795211244413,
        0.0637207051821626,
        0.287257652142901
      ],
      "link": "base_link",
      "p": [
        -0.100654197027133,
        -0.0144506619301397,
        0.000425484695714198
      ]
    },
    {
      "f": [
        -0.449203011949711,
        -0.118560812003178,
        0.580732312590568
      ],
      "link": "base_link",
      "p": [
        -0.102022821805891,
        -0.0107736237424036,
        -0.00010191656604161
      ]
    },
    {
      "f": [
        0.164715977481285,
        0.042839303698,
        0.212744562132857
      ],
      "link": "base_link",
      "p": [
        -0.120052960410503,
        0.0509630777537195,
        0.000897993868482973
      ]
    },
    {
      "f": [
        0.124555868868516,
        0.0468107012130978,
        0.166327079019271
      ],
      "link": "base_link",
      "p": [
        -0.116284657860677,
        0.0513796452042419,
        0.000667345841961459
      ]
    }
  ],
  "idx": 3352,
  "state": [
    -0.129263299158163,
    0.0134077838171682,
    0.0354829061868999,
    0.782858027894503,
    -0.0239105784041725,
    0.0210887425678916,
    -0.621383019834315,
    -0.0722386049877062,
    -0.0193841290407535,
    -0.0430934826986055,
    2.12778280059329,
    0.0766908455745492,
    0.00152805791720452,
    0.995388867504333,
    0.0513613369413886,
    -0.0438832175505399,
    -0.0680975677498617,
    0.990393614692245,
    0.0266079979679922,
    -0.128310991162215,
    0.0441451239429025,
    0.975636572660035,
    0.0450868195375681,
    -0.051826252253766,
    -0.208361456055328,
    0.936288429082616,
    -0.0598001568148159,
    -0.30941996148385,
    -0.155071616507548,
    -0.0887503435217812,
    0.292532752101238,
    -0.15346103916107,
    0.218548567538243,
    0.749657005796951,
    0.1958912917804,
    -0.153394008276775,
    0.671208094395231,
    -0.282425522005136,
    0.27837855082182,
    0.29641726665827,
    0.186506209207101
  ],
  "t": 3.35300000000265,
  "thrust": [
    0.0,
    0.0,
    0.0,
    0.0
  ]
}