{
  "T_W_L": {
    "arm_motor_0": {
      "p": [
        -0.200212389846552,
        -0.0759410304231965,
        0.00885780465662036
      ],
      "q": [
        0.7936990060448,
        0.236114600162339,
        -0.506865121569841,
        0.239540251168078
      ]
    },
    "arm_motor_1": {
      "p": [
        -0.0745781890159391,
        0.114199877525943,
        0.00561870109899448
      ],
      "q": [
        -0.406767060989851,
        0.734690336532727,
        0.255218327352623,
        0.479201703755774
      ]
    },
    "arm_motor_2": {
      "p": [
        -0.0543171438106705,
        -0.0710685240893668,
        0.00807284728415086
      ],
      "q": [
        0.438114780851642,
        0.706024565599548,
        -0.234990119177114,
        0.504345511984011
      ]
    },
    "arm_motor_3": {
      "p": [
        -0.204668600054388,
        0.101517168094154,
        0.0100253250760612
      ],
      "q": [
        0.74866907571144,
        -0.337857763821092,
        -0.465979261012874,
        -0.328952997866085
      ]
    },
    "base_link": {
      "p": [
        -0.130571063596945,
        0.0140454080627542,
        0.0346038813153126
      ],
      "q": [
        -0.00223657276478268,
        -0.0012697116949669,
        -0.614519671472102,
        0.788897305704804
      ]
    },
    "connecting_link_0": {
      "p": [
        -0.151808874887953,
        -0.0325688743546232,
        0.0348569549815058
      ],
      "q": [
        -0.202822184786322,
        0.00242230105613665,
        0.919637714004279,
        -0.336338770880017
      ]
    },
    "connecting_link_1": {
      "p": [
        -0.109333252305937,
        0.0606596904801315,
        0.0343508076491195
      ],
      "q": [
        -0.107161137235118,
        0.180657744752663,
        0.468094357143374,
        0.858351293316373
      ]
    },
    "connecting_link_2": {
      "p": [
        -0.089755018512972,
        -0.016906721251764,
        0.0347309820644505
      ],
      "q": [
        0.143630825696282,
        0.142608626434831,
        -0.475957039260226,
        0.855860889604622
      ]
    },
    "connecting_link_3": {
      "p": [
        -0.171387108680918,
        0.0449975373772723,
        0.0344767805661748
      ],
      "q": [
        -0.199891884945725,
        0.00629662039166416,
        0.858886075654724,
        0.47150641135717
      ]
    }
  },
  "contacts": [
    {
      "f": [
        -0.0918330511156016,
        0.166627751067143,
        0.237822533306397
      ],
      "link": "base_link",
      "p": [
        -0.119446501842319,
        0.0516103674543356,
        0.000524354933387206
      ]
    },
    {
      "f": [
        -0.0308964415116159,
        0.0392939113042694,
        0.062482517100642
      ],
      "link": "base_link",
      "p": [
        -0.100006816351104,
        -0.00846921244132937,
        0.000986936626774959
      ]
    },
    {
      "f": [
        -0.0726723866243039,
        0.25389489918388,
        0.33011336975269
      ],
      "link": "base_link",
      "p": [
        -0.115353481609209,
        0.0484524017741249,
        0.00033977326049462
      ]
    },
    {
      "f": [
        -0.0603198371770843,
        0.0995190139265394,
        0.145465400149296
      ],
      "link": "base_link",
      "p": [
        -0.145793034738365,
        -0.0207611923687781,
        0.000714724802506811
      ]
    },
    {
      "f": [
        -0.0841294908157474,
        0.175203698634511,
        0.242944525689924
      ],
      "link": "base_link",
      "p": [
        -0.100739200399402,
        -0.00937636118753427,
        0.000625294651807926
      ]
    },
    {
      "f": [
        -0.0297100216707203,
        0.0339690052142827,
        0.0564105860926529
      ],
      "link": "base_link",
      "p": [
        -0.119942152965919,
        0.052013247542335,
        0.000887178827814694
      ]
    },
    {
      "f": [
        -0.0281926485004436,
        0.0323123480132651,
        0.053603189964543
      ],
      "link": "base_link",
      "p": [
        -0.116175202910627,
        0.0524999577384928,
        0.000892793620070914
      ]
    },
    {
      "f": [
        -0.0046871284639578,
        0.00469754006851104,
        0.00829495855295083
      ],
      "link": "base_link",
      "p": [
        -0.161324280420658,
        0.0413086092464708,
        0.000983410082894098
      ]
    },
    {
      "f": [
        0.2847302119996,
        0.0583266466105206,
        0.363303616419358
      ],
      "link": "arm_motor_0",
      "p": [
        -0.221155712124831,
        -0.0542681666887298,
        0.000273392767161283
      ]
    },
    {
      "f": [
        0.0190591134671615,
        0.0195204461011486,
        0.0341022731587918
      ],
      "link": "arm_motor_1",
      "p": [
        -0.099482658384627,
        0.132861955229253,
        0.000951195151252075
      ]
    },
    {
      "f": [
        -0.171276050693605,
        0.238182737943523,
        0.366713661704093
      ],
      "link": "arm_motor_1",
      "p": [
        -0.0674534408507386,
        0.0992511600021676,
        0.000316512112421626
      ]
    },
    {
      "f": [
        -0.0415829920624002,
        0.236713187588883,
        0.300422302786405
      ],
      "link": "arm_motor_2",
      "p": [
        -0.0789324952288346,
        -0.0888793866550703,
        0.000399155394427191
      ]
    },
    {
      "f": [
        0.0129047368999273,
        0.0787247524167949,
        0.0997192847254701
      ],
      "link": "arm_motor_2",
      "p": [
        -0.0700979935991479,
        -0.0704219651287783,
        0.00080056143054906
      ]
    },
    {
      "f": [
        0.00137778158154377,
        0.198811346692362,
        0.248520150892352
      ],
      "link": "arm_motor_3",
      "p": [
        -0.230779999440863,
        0.0867587559097998,
        0.000502959698215295
      ]
    }
  ],
  "idx": 5206,
  "state": [
    -0.130571063596945,
    0.0140454080627542,
    0.0346038813153126,
    0.788897305704804,
    -0.00223657276478268,
    -0.0012697116949669,
    -0.614519671472102,
    0.000924691781052722,
    -0.000487014253317455,
    1.45876717069891e-05,
    -0.0227142292728883,
    0.0199803033144466,
    0.000101026748144601,
    0.965481762220532,
    0.100901351122601,
    0.177322296832595,
    -0.1619280309495,
    0.978048249582518,
    -0.00300280838023222,
    0.207704174111641,
    -0.0164797053069624,
    0.951179276325746,
    0.102583633919534,
    0.177146127019626,
    -0.230984484375553,
    0.953403695957947,
    -0.0491126047339217,
    0.192896415822846,
    -0.226716380865336,
    -0.00426962810247297,
    0.0302964191160761,
    -0.212613422137354,
    -0.00328518095083191,
    0.00526678352783204,
    -0.0248393490976682,
    -0.00151915170508944,
    -0.0525568979649367,
    -0.225121647166318,
    0.00697103499034558,
    0.0813369998228015,
    0.191819341799063
  ],
  "t": 5.2070000000012,
  "thrust": [
    0.0,
    0.0,
    0.0,
    0.0
  ]
}