{
  "T_W_L": {
    "arm_motor_0": {
      "p": [
        -0.0531010649369704,
        -0.0736419100222251,
        0.0226437450125438
      ],
      "q": [
        0.102745105928363,
        0.861330851784305,
        -0.393995669055245,
        0.303842096718021
      ]
    },
    "arm_motor_1": {
      "p": [
        -0.138532542824436,
        0.100806960914062,
        0.165538551903974
      ],
      "q": [
        -0.145095545524653,
        0.386593556365578,
        0.90957559115976,
        0.0465290104331929
      ]
    },
    "arm_motor_2": {
      "p": [
        -0.0278292692738123,
        0.0692187934357473,
        0.0156282582333248
      ],
      "q": [
        -0.0345107088617886,
        0.868372051689034,
        0.20734828947346,
        0.449161082098243
      ]
    },
    "arm_motor_3": {
      "p": [
        -0.143932807190513,
        -0.0517899095883884,
        0.181190514313635
      ],
      "q": [
        -0.147768739217679,
        -0.290118884365393,
        0.945288592824162,
        -0.0206133190222635
      ]
    },
    "base_link": {
      "p": [
        -0.103323596477781,
        0.0144359443701904,
        0.0886979766310119
      ],
      "q": [
        -0.0349607536881552,
        0.490894614825738,
        -0.0434616987127099,
        0.869431597988969
      ]
    },
    "connecting_link_0": {
      "p": [
        -0.0840729072680034,
        -0.0217608621126992,
        0.0579863800364227
      ],
      "q": [
        -0.205945248211419,
        0.394204079142616,
        -0.351248770482771,
        0.823901693141118
      ]
    },
    "connecting_link_1": {
      "p": [
        -0.122574285687559,
        0.0506327508530801,
        0.119409573225601
      ],
      "q": [
        0.540569024350385,
        0.240461946469914,
        0.745765112671272,
        0.306263904068334
      ]
    },
    "connecting_link_2": {
      "p": [
        -0.0814329164267436,
        0.0418409076724607,
        0.051364799518632
      ],
      "q": [
        0.122214625294389,
        0.296426919345436,
        0.17102013781384,
        0.931636613338946
      ]
    },
    "connecting_link_3": {
      "p": [
        -0.125214276528819,
        -0.0129690189320798,
        0.126031153743392
      ],
      "q": [
        0.563931696616046,
        -0.190569212821641,
        0.772908251712461,
        -0.21972084814845
      ]
    }
  },
  "contacts": [
    {
      "f": [
        -0.715940554005805,
        1.25495672740699,
        1.80601740047949
      ],
      "link": "arm_motor_0",
      "p": [
        -0.0407540903916572,
        -0.0558681372541841,
        -0.000202186171803578
      ]
    },
    {
      "f": [
        0.00264318931567099,
        -0.00196997458482937,
        0.00412068896381247
      ],
      "link": "arm_motor_2",
      "p": [
        -0.018687922032059,
        0.0430608778512059,
        0.000991758622072375
      ]
    }
  ],
  "idx": 586,
  "state": [
    -0.103323596477781,
    0.0144359443701904,
    0.0886979766310119,
    0.869431597988969,
    -0.0349607536881552,
    0.490894614825738,
    -0.0434616987127099,
    -0.350987672364805,
    0.0219853519356436,
    -0.288696982700601,
    0.131813190045762,
    -3.1489942120191,
    -0.167573362507547,
    0.997914781890392,
    0.0270018920161398,
    -0.0520122505425341,
    0.0270501701602869,
    0.99169902347696,
    0.0917270471299836,
    -0.0747387744569131,
    0.0503320102155401,
    0.971281544467765,
    -0.037848312105214,
    -0.201104013461628,
    -0.121395397016215,
    0.990923829477853,
    -0.0984093261388632,
    -0.079907359842066,
    -0.0447256363276377,
    0.208311370712566,
    -0.996005566181602,
    0.237804059288743,
    0.35976688385555,
    -0.559975334732641,
    0.381657726925885,
    -0.160770908146338,
    -1.04736740374879,
    -0.375996750247804,
    -0.269086933920148,
    -0.492213038009131,
    -0.465761003484261
  ],
  "t": 0.586999999999952,
  "thrust": [
    0.0,
    0.0,
    0.0,
    0.0
  ]
}