{
  "T_W_L": {
    "arm_motor_0": {
      "p": [
        -0.200228773336207,
        -0.0759176202700725,
        0.00885104649723949
      ],
      "q": [
        0.79375390704921,
        0.23603082047397,
        -0.506910493584244,
        0.239344810523808
      ]
    },
    "arm_motor_1": {
      "p": [
        -0.0745751283639844,
        0.114197612944165,
        0.00561785321304169
      ],
      "q": [
        -0.406745328297549,
        0.73470730949938,
        0.25521724476008,
        0.479194704951313
      ]
    },
    "arm_motor_2": {
      "p": [
        -0.0543428975116002,
        -0.071087366659581,
        0.00806963274362821
      ],
      "q": [
        0.438215378852983,
        0.70596317953926,
        -0.235174265706437,
        0.504258203325433
      ]
    },
    "arm_motor_3": {
      "p": [
        -0.204686097267355,
        0.101499765705452,
        0.0100165569957588
      ],
      "q": [
        0.748750286778118,
        -0.337803047488112,
        -0.466010702557306,
        -0.328779765587051
      ]
    },
    "base_link": {
      "p": [
        -0.130569250681492,
        0.0140445000131835,
        0.0346039182676645
      ],
      "q": [
        -0.00224232643980335,
        -0.00124006974735104,
        -0.614519665525087,
        0.788897341155422
      ]
    },
    "connecting_link_0": {
      "p": [
        -0.151807052743841,
        -0.0325697873230834,
        0.0348568603409696
      ],
      "q": [
        -0.202828922799774,
        0.00234334483702521,
        0.919708617735852,
        -0.336141332289362
      ]
    },
    "connecting_link_1": {
      "p": [
        -0.109331448619144,
        0.0606587873494504,
        0.0343509761943594
      ],
      "q": [
        -0.107146535409546,
        0.180674695354575,
        0.468078224300744,
        0.858358346114095
      ]
    },
    "connecting_link_2": {
      "p": [
        -0.0897532017535505,
        -0.0169076365832342,
        0.0347279748216104
      ],
      "q": [
        0.143571747965588,
        0.142626956479868,
        -0.476158384048764,
        0.855755746560586
      ]
    },
    "connecting_link_3": {
      "p": [
        -0.171385299609434,
        0.0449966366096012,
        0.0344798617137186
      ],
      "q": [
        -0.199927077312401,
        0.00638042382079833,
        0.858965733079958,
        0.471345227347853
      ]
    }
  },
  "contacts": [
    {
      "f": [
        -0.143406837177082,
        0.124746806997814,
        0.237589742272802
      ],
      "link": "base_link",
      "p": [
        -0.119446520234017,
        0.0516103905327509,
        0.000524820515454397
      ]
    },
    {
      "f": [
        -0.0392414085808802,
        0.0314858936084449,
        0.0628894074414301
      ],
      "link": "base_link",
      "p": [
        -0.100006815572106,
        -0.00846920381138737,
        0.000984712199940979
      ]
    },
    {
      "f": [
        -0.163891424023813,
        0.207002280127197,
        0.330033953855536
      ],
      "link": "base_link",
      "p": [
        -0.115353510244777,
        0.0484524295198566,
        0.000339932092288928
      ]
    },
    {
      "f": [
        -0.0882769884140739,
        0.074947527576058,
        0.144751719404849
      ],
      "link": "base_link",
      "p": [
        -0.145793049716603,
        -0.0207611720067331,
        0.000714629305507988
      ]
    },
    {
      "f": [
        -0.132504999312484,
        0.142615194227196,
        0.243338333355222
      ],
      "link": "base_link",
      "p": [
        -0.100739219176499,
        -0.00937634259671811,
        0.00062308484419888
      ]
    },
    {
      "f": [
        -0.036917425833997,
        0.0256037657983467,
        0.0561589423153336
      ],
      "link": "base_link",
      "p": [
        -0.119942151784006,
        0.052013260742574,
        0.000887682115369333
      ]
    },
    {
      "f": [
        -0.035036030160202,
        0.024507975239824,
        0.053446296932973
      ],
      "link": "base_link",
      "p": [
        -0.116175201385639,
        0.0524999704327049,
        0.000893107406134054
      ]
    },
    {
      "f": [
        -0.00484104965043779,
        0.00293362887907429,
        0.00707570006674941
      ],
      "link": "base_link",
      "p": [
        -0.161324275014424,
        0.0413086236882964,
        0.000985848599866501
      ]
    },
    {
      "f": [
        0.284694115003235,
        0.0591614044775523,
        0.363470276675995
      ],
      "link": "arm_motor_0",
      "p": [
        -0.221164472542925,
        -0.0542348498087543,
        0.000273059446648009
      ]
    },
    {
      "f": [
        0.0196273355525011,
        0.0197627442703097,
        0.0348164464097101
      ],
      "link": "arm_motor_1",
      "p": [
        -0.0994789629546715,
        0.132860789453744,
        0.000951353907939892
      ]
    },
    {
      "f": [
        -0.278377240719299,
        0.0934791805013291,
        0.367066592514412
      ],
      "link": "arm_motor_1",
      "p": [
        -0.067451221023205,
        0.0992486134794313,
        0.00031532935398431
      ]
    },
    {
      "f": [
        -0.0416096994119914,
        0.235457731400045,
        0.298882581358288
      ],
      "link": "arm_motor_2",
      "p": [
        -0.0789671198216362,
        -0.0888886751217195,
        0.000402234837283424
      ]
    },
    {
      "f": [
        0.0133287898768868,
        0.078864167168729,
        0.0999782281205469
      ],
      "link": "arm_motor_2",
      "p": [
        -0.0701247484278452,
        -0.0704349445607376,
        0.000800043543758906
      ]
    },
    {
      "f": [
        -0.0635394701331341,
        0.190012627842813,
        0.250443553409904
      ],
      "link": "arm_motor_3",
      "p": [
        -0.230793287308593,
        0.0867307360684907,
        0.000499112893180192
      ]
    }
  ],
  "idx": 5208,
  "state": [
    -0.130569250681492,
    0.0140445000131835,
    0.0346039182676645,
    0.788897341155422,
    -0.00224232643980335,
    -0.00124006974735104,
    -0.614519665525087,
    0.000925580306081241,
    -0.000474719948903036,
    2.51937780023789e-05,
    -0.0227358430927368,
    0.0198451615198543,
    0.000103769809697162,
    0.965442361918457,
    0.100864326830465,
    0.177373704865995,
    -0.162129584618167,
    0.978046750551583,
    -0.00301111109706474,
    0.207709221625157,
    -0.0165035207553722,
    0.951136690811092,
    0.102530414188305,
    0.17712038429299,
    -0.231203112062109,
    0.953431925333436,
    -0.0490501915168502,
    0.192981268197565,
    -0.226538898628903,
    -0.00441258150346418,
    0.0301647391340039,
    -0.212763456610816,
    -0.00332444441257284,
    0.00526354270224241,
    -0.0252380629598121,
    -0.00160775188858667,
    -0.0508488823396993,
    -0.224119786369489,
    0.00736019291301009,
    0.0808130868994615,
    0.191794918799293
  ],
  "t": 5.2090000000012,
  "thrust": [
    0.0,
    0.0,
    0.0,
    0.0
  ]
}