{
  "T_W_L": {
    "arm_motor_0": {
      "p": [
        -0.20128684728436,
        -0.0874020596131216,
        0.0296378502580269
      ],
      "q": [
        0.680475017501111,
        0.250884839423071,
        -0.596035997829873,
        0.344603594286929
      ]
    },
    "arm_motor_1": {
      "p": [
        -0.0834167150644304,
        0.119448044610762,
        0.0575968685182622
      ],
      "q": [
        -0.327703367491391,
        0.506846349317058,
        0.414723087264884,
        0.680971395881102
      ]
    },
    "arm_motor_2": {
      "p": [
        -0.0550841728199588,
        -0.0767589374799344,
        0.0438248508314517
      ],
      "q": [
        0.373935163419689,
        0.572354034104453,
        -0.278432532100395,
        0.674580371987513
      ]
    },
    "arm_motor_3": {
      "p": [
        -0.214457513740375,
        0.0884694099519519,
        0.0696313663101949
      ],
      "q": [
        -0.453285509488588,
        0.173468597076281,
        0.778154470927854,
        0.398643339454015
      ]
    },
    "base_link": {
      "p": [
        -0.134659475930083,
        0.0125701046062403,
        0.0359364113565138
      ],
      "q": [
        0.0340858611947546,
        -0.0323730767288837,
        -0.620904415235182,
        0.782475459750129
      ]
    },
    "connecting_link_0": {
      "p": [
        -0.15660839687514,
        -0.033637785068825,
        0.0332763735513936
      ],
      "q": [
        -0.0597074034062762,
        0.0662691670885942,
        0.902629595199864,
        -0.421073909594497
      ]
    },
    "connecting_link_1": {
      "p": [
        -0.112710554985027,
        0.0587779942813056,
        0.0385964491616339
      ],
      "q": [
        0.0615322339487898,
        -0.123125001199859,
        0.52497478069045,
        0.839913982443334
      ]
    },
    "connecting_link_2": {
      "p": [
        -0.0945618044178972,
        -0.0191333548341922,
        0.0392631813830808
      ],
      "q": [
        0.0675305582270321,
        -0.0722849367329792,
        -0.461293621329292,
        0.88171577424245
      ]
    },
    "connecting_link_3": {
      "p": [
        -0.17475714744227,
        0.0442735640466728,
        0.0326096413299468
      ],
      "q": [
        0.229717045630736,
        -0.15922258728723,
        0.870759560776696,
        0.40454422991834
      ]
    }
  },
  "contacts": [
    {
      "f": [
        -0.535182920470936,
        -0.106000340097078,
        0.68197419130109
      ],
      "link": "base_link",
      "p": [
        -0.147218137435131,
        -0.0213241311027184,
        8.75121392826528e-05
      ]
    },
    {
      "f": [
        0.300423015244466,
        -0.016814313035802,
        0.376116482147325
      ],
      "link": "base_link",
      "p": [
        -0.146522920799674,
        -0.0253905918966057,
        0.000674314611637764
      ]
    },
    {
      "f": [
        0.249379153140482,
        -0.119970012563968,
        0.345919892134686
      ],
      "link": "base_link",
      "p": [
        -0.14541379704885,
        -0.0253340366521521,
        0.00057395212022366
      ]
    },
    {
      "f": [
        -0.0400369221471713,
        0.895680584112697,
        1.12071870348024
      ],
      "link": "base_link",
      "p": [
        -0.161659856133041,
        0.0410087364301308,
        0.000136938475465052
      ]
    }
  ],
  "idx": 3439,
  "state": [
    -0.134659475930083,
    0.0125701046062403,
    0.0359364113565138,
    0.782475459750128,
    0.0340858611947546,
    -0.0323730767288837,
    -0.620904415235182,
    -0.0513159316578517,
    -0.00641039172037179,
    0.0198370403064757,
    1.44438817139639,
    -0.146300614439698,
    0.00990188799627364,
    0.996155090891121,
    0.0531352931564398,
    -0.0125371966559826,
    -0.068516379157768,
    0.992450112079057,
    0.0311704268226376,
    -0.109358166144138,
    0.0459561859117292,
    0.977789980757892,
    0.048028250913204,
    -0.0218540625759389,
    -0.20283599432208,
    0.940485265109298,
    -0.0559382972725361,
    -0.293981213693335,
    -0.161038563722905,
    0.0458567219859078,
    0.880222743712848,
    0.146137584883637,
    0.0315349954624347,
    0.329100010518289,
    -0.201848151280407,
    -0.0337777677207753,
    0.531701402671064,
    0.292507327825696,
    -0.167780326840794,
    0.579346255951291,
    -0.261016965226478
  ],
  "t": 3.44000000000284,
  "thrust": [
    0.0,
    0.0,
    0.0,
    0.0
  ]
}