{
  "T_W_L": {
    "arm_motor_0": {
      "p": [
        -0.135310666760942,
        -0.130370743784003,
        0.0185755354258393
      ],
      "q": [
        0.581492803629833,
        0.418873783465076,
        -0.410657358502773,
        0.563712166588494
      ]
    },
    "arm_motor_1": {
      "p": [
        -0.17595031921898,
        0.0660543970573654,
        0.127946203760272
      ],
      "q": [
        -0.353804310502279,
        0.149598254501722,
        0.711296428896427,
        0.588642728961494
      ]
    },
    "arm_motor_2": {
      "p": [
        -0.0436234106316434,
        -0.0637562412522501,
        0.0818108442480034
      ],
      "q": [
        0.354385155222801,
        0.404571639778938,
        0.0348382963623799,
        0.842329652304168
      ]
    },
    "arm_motor_3": {
      "p": [
        -0.245355360096013,
        -0.0325999698037665,
        0.0918002487090887
      ],
      "q": [
        -0.314960952828913,
        -0.281395485369872,
        0.840456641502556,
        0.339483155341767
      ]
    },
    "base_link": {
      "p": [
        -0.143991602192619,
        -0.0191987142209685,
        0.0495411074449865
      ],
      "q": [
        0.307108209957519,
        0.0651834840583699,
        -0.347628438255979,
        0.883510118616878
      ]
    },
    "connecting_link_0": {
      "p": [
        -0.134936859659752,
        -0.0603976000324963,
        0.0204780132265077
      ],
      "q": [
        0.120798901716367,
        -0.102416202882664,
        -0.701556107599298,
        0.694793188381506
      ]
    },
    "connecting_link_1": {
      "p": [
        -0.153046344725487,
        0.0220001715905593,
        0.0786042016634654
      ],
      "q": [
        0.252785101137246,
        -0.310451325132989,
        0.753139955475631,
        0.522015205556666
      ]
    },
    "connecting_link_2": {
      "p": [
        -0.0930614515540113,
        -0.0239382059470695,
        0.0523082312418024
      ],
      "q": [
        0.275222542012715,
        -0.309541659175336,
        -0.225953750807064,
        0.881692359102232
      ]
    },
    "connecting_link_3": {
      "p": [
        -0.194921752831228,
        -0.0144592224948676,
        0.0467739836481706
      ],
      "q": [
        0.371581564945428,
        -0.439027497141086,
        0.817003616054029,
        0.0410741853404535
      ]
    }
  },
  "contacts": [
    {
      "f": [
        -0.280192429636653,
        -0.123070006738087,
        0.382536812330289
      ],
      "link": "base_link",
      "p": [
        -0.133436588107043,
        -0.0295315671496585,
        0.000822460130150734
      ]
    },
    {
      "f": [
        0.86358484864974,
        0.0557991449001424,
        1.08173207128442
      ],
      "link": "base_link",
      "p": [
        -0.130527623887431,
        -0.0323457516148729,
        -0.000168529105291144
      ]
    },
    {
      "f": [
        -0.763240937666322,
        0.280356763244389,
        1.0163788691559
      ],
      "link": "base_link",
      "p": [
        -0.129655047526559,
        -0.031723785194054,
        0.000140007579434491
      ]
    }
  ],
  "idx": 2039,
  "state": [
    -0.143991602192619,
    -0.0191987142209685,
    0.0495411074449865,
    0.883510118616878,
    0.307108209957519,
    0.0651834840583699,
    -0.347628438255979,
    0.0886812234030171,
    0.0202502874390212,
    0.00886080025266564,
    -1.26462195524485,
    0.70596483942642,
    -1.08709170171784,
    0.950273143928846,
    0.094949381625289,
    -0.295384554179566,
    0.0267120199292454,
    0.983986325844014,
    0.056661567716197,
    -0.108422165056992,
    0.129634144500188,
    0.935845613880684,
    -0.0290822630114333,
    -0.317728368974263,
    -0.149652572672087,
    0.889100626771558,
    -0.168514784793013,
    -0.379440528135091,
    -0.192685568710143,
    -0.546847827818709,
    -0.561465696881258,
    -0.836549719163923,
    -0.058384260635844,
    -0.151527077291491,
    -0.18070341480021,
    0.878189365272012,
    0.530017397425377,
    0.21243789262738,
    -0.600089854261066,
    0.159946219480922,
    -0.467664639076636
  ],
  "t": 2.03999999999988,
  "thrust": [
    0.0,
    0.0,
    0.0,
    0.0
  ]
}