{
  "T_W_L": {
    "arm_motor_0": {
      "p": [
        -0.197555327767864,
        -0.0794297143028497,
        0.00976248861236497
      ],
      "q": [
        0.785168161639734,
        0.249102615728084,
        -0.499072824055202,
        0.26904490531187
      ]
    },
    "arm_motor_1": {
      "p": [
        -0.0752511253249578,
        0.11469149774099,
        0.00574346586750406
      ],
      "q": [
        -0.410498668552409,
        0.731574521404193,
        0.257226325316482,
        0.479712601786846
      ]
    },
    "arm_motor_2": {
      "p": [
        -0.0503314892812405,
        -0.0681527047303363,
        0.00887860345018031
      ],
      "q": [
        0.421436922689292,
        0.713766170115484,
        -0.207244638098953,
        0.519594490513601
      ]
    },
    "arm_motor_3": {
      "p": [
        -0.20439336505636,
        0.103946323928649,
        0.0148008162457532
      ],
      "q": [
        0.723370001152966,
        -0.336948533296582,
        -0.488006853799046,
        -0.353625279054533
      ]
    },
    "base_link": {
      "p": [
        -0.130839497107903,
        0.0141633877809854,
        0.0345105887125802
      ],
      "q": [
        -0.00118169870289135,
        -0.00546228668769208,
        -0.614511729246604,
        0.788887889139303
      ]
    },
    "connecting_link_0": {
      "p": [
        -0.152078245470186,
        -0.0324504967570003,
        0.034758250342506
      ],
      "q": [
        -0.202299953271877,
        0.0141013281970811,
        0.908095509662585,
        -0.366385625782351
      ]
    },
    "connecting_link_1": {
      "p": [
        -0.10960074874562,
        0.0607772723189712,
        0.0342629270826544
      ],
      "q": [
        -0.108379913270476,
        0.178093271284087,
        0.472152871132439,
        0.856509338772329
      ]
    },
    "connecting_link_2": {
      "p": [
        -0.0900254690588213,
        -0.0167866326665653,
        0.0350685750071807
      ],
      "q": [
        0.151456816911668,
        0.137300111360873,
        -0.444544994840311,
        0.872117686779545
      ]
    },
    "connecting_link_3": {
      "p": [
        -0.171653525156985,
        0.0451134082285361,
        0.0339526024179797
      ],
      "q": [
        -0.166426877535365,
        -0.0117922400135709,
        0.856572788709001,
        0.48830942562332
      ]
    }
  },
  "contacts": [
    {
      "f": [
        -0.242445171768099,
        -0.050364963361587,
        0.309526581168921
      ],
      "link": "base_link",
      "p": [
        -0.119445987494896,
        0.0516096379549429,
        0.000389298388975522
      ]
    },
    {
      "f": [
        -0.271810464150705,
        -0.144206630110008,
        0.384619293485264
      ],
      "link": "base_link",
      "p": [
        -0.115351607918183,
        0.0484511957226857,
        0.000248121877863904
      ]
    },
    {
      "f": [
        -0.158076828628233,
        0.0076265556487426,
        0.197825870797018
      ],
      "link": "base_link",
      "p": [
        -0.145792580227571,
        -0.0207617708733366,
        0.00062369793802363
      ]
    },
    {
      "f": [
        -0.0926644775188819,
        0.0105509910511798,
        0.116579029029194
      ],
      "link": "base_link",
      "p": [
        -0.100739546179067,
        -0.00937569043383294,
        0.000850992173430841
      ]
    },
    {
      "f": [
        -0.103745891107564,
        0.00953637080815369,
        0.130229078753395
      ],
      "link": "base_link",
      "p": [
        -0.119944497033376,
        0.0520137633307522,
        0.000746781955970541
      ]
    },
    {
      "f": [
        -0.0925058170475353,
        0.00958868214708731,
        0.116251807868671
      ],
      "link": "base_link",
      "p": [
        -0.116177713471326,
        0.0525006264784017,
        0.000780500380179697
      ]
    },
    {
      "f": [
        -0.178771082023795,
        0.00393704079916528,
        0.223518036388471
      ],
      "link": "base_link",
      "p": [
        -0.161325998757769,
        0.0413080282422191,
        0.000552963927223059
      ]
    },
    {
      "f": [
        0.299627995324924,
        0.0872593471650347,
        0.390094398131122
      ],
      "link": "arm_motor_0",
      "p": [
        -0.219613414927407,
        -0.0593198660505776,
        0.000219811203737756
      ]
    },
    {
      "f": [
        -0.190523099131124,
        0.150765136200398,
        0.303699012171314
      ],
      "link": "arm_motor_1",
      "p": [
        -0.0679607845977532,
        0.0998198746032647,
        0.000449586627925998
      ]
    },
    {
      "f": [
        -0.0381716301314457,
        0.298039547224242,
        0.375592542392441
      ],
      "link": "arm_motor_2",
      "p": [
        -0.0734854566100002,
        -0.087425702545233,
        0.000248814915215119
      ]
    }
  ],
  "idx": 4894,
  "state": [
    -0.130839497107903,
    0.0141633877809854,
    0.0345105887125802,
    0.788887889139303,
    -0.00118169870289135,
    -0.00546228668769208,
    -0.614511729246604,
    0.000562473590566481,
    -0.000252527498556465,
    -0.000176830735954034,
    -0.0139475969593282,
    0.011194522682901,
    9.75949626921738e-05,
    0.970860890278685,
    0.106773916021123,
    0.170072318553058,
    -0.130781761139617,
    0.978353141436876,
    -0.00114914740100822,
    0.206638493771691,
    -0.0111509189134282,
    0.957787490764459,
    0.110237348692117,
    0.17804210165025,
    -0.196956491460463,
    0.956276382939288,
    -0.0560929794979456,
    0.151811623066146,
    -0.243602726145703,
    -0.005742230813536,
    -0.0119556754966546,
    -0.222443540296047,
    -0.0150373513204806,
    0.0247486365893018,
    -0.113105230547617,
    -0.00108153068659198,
    -0.0197157779302459,
    -0.235400968616034,
    -0.123316053972931,
    0.560291166354941,
    0.00837547599740542
  ],
  "t": 4.89500000000193,
  "thrust": [
    0.0,
    0.0,
    0.0,
    0.0
  ]
}