{
  "T_W_L": {
    "arm_motor_0": {
      "p": [
        -0.0327412955428873,
        -0.0699241929485548,
        0.0384092090872608
      ],
      "q": [
        0.0573140807077811,
        0.899686250757373,
        -0.388776643035155,
        0.190085423378752
      ]
    },
    "arm_motor_1": {
      "p": [
        -0.0812903848997764,
        0.1032180084535,
        0.199782005311877
      ],
      "q": [
        -0.0582125274529781,
        0.397555262518809,
        0.915579500179608,
        0.0165919782423903
      ]
    },
    "arm_motor_2": {
      "p": [
        -0.0214292823086482,
        0.0787138933792465,
        0.0234722602334791
      ],
      "q": [
        -0.00582227192176947,
        0.935501213468694,
        0.261608985888637,
        0.237411708326675
      ]
    },
    "arm_motor_3": {
      "p": [
        -0.083630408074104,
        -0.052831983187582,
        0.214598882707424
      ],
      "q": [
        -0.0506824552709335,
        -0.311851986537181,
        0.948557227266576,
        0.0204649412622718
      ]
    },
    "base_link": {
      "p": [
        -0.0641581430437635,
        0.016346766100282,
        0.117286746912636
      ],
      "q": [
        -0.0328786427838797,
        0.598645405189762,
        -0.0368757354485793,
        0.799489120519474
      ]
    },
    "connecting_link_0": {
      "p": [
        -0.0535641767810729,
        -0.0194301729173813,
        0.0821900445981539
      ],
      "q": [
        -0.234379425531155,
        0.501763556975008,
        -0.315433775783045,
        0.77058494072667
      ]
    },
    "connecting_link_1": {
      "p": [
        -0.0747521093064542,
        0.0521237051179454,
        0.152383449227118
      ],
      "q": [
        0.606250000380382,
        0.269381721694954,
        0.6885749462044,
        0.292846322351942
      ]
    },
    "connecting_link_2": {
      "p": [
        -0.0523098918696043,
        0.0442574014805472,
        0.0759997589287212
      ],
      "q": [
        0.180868519983396,
        0.493623822961083,
        0.189102455898986,
        0.829374680742832
      ]
    },
    "connecting_link_3": {
      "p": [
        -0.0760063942179228,
        -0.0115638692799831,
        0.158573734896551
      ],
      "q": [
        0.634893339934444,
        -0.234983553150073,
        0.706569155552966,
        -0.2060417556638
      ]
    }
  },
  "contacts": [
    {
      "f": [
        -0.404477970884038,
        0.204330679550042,
        0.566449268933032
      ],
      "link": "arm_motor_2",
      "p": [
        0.00524492000908877,
        0.0644828864871807,
        -0.000132898537866064
      ]
    },
    {
      "f": [
        0.4572749368567,
        -0.176644663985612,
        0.612759772963537
      ],
      "link": "arm_motor_2",
      "p": [
        0.00579314748837238,
        0.0684093527037454,
        -0.000225519545927075
      ]
    }
  ],
  "idx": 484,
  "state": [
    -0.0641581430437635,
    0.016346766100282,
    0.117286746912636,
    0.799489120519474,
    -0.0328786427838797,
    0.598645405189762,
    -0.0368757354485793,
    -0.379062126433242,
    -0.0256886971343906,
    -0.225776332092257,
    0.118030530235952,
    -2.03136453263003,
    -0.24357583097393,
    0.997572029179853,
    0.0300097231346671,
    -0.0508077979423937,
    0.0369869001623114,
    0.996030240600337,
    0.0643649361006089,
    -0.0514584382151898,
    0.0336592327133607,
    0.990883804206509,
    -0.00142195421236648,
    -0.109167998864142,
    -0.0789278951414119,
    0.993712051136457,
    -0.0925430264243728,
    -0.0552908392194092,
    -0.0302501369386432,
    -0.0958658306019317,
    0.28217582938532,
    -0.266364223593879,
    0.61375191167671,
    -0.428238521894855,
    0.277941891053056,
    -0.794528795680283,
    -1.63269369704414,
    -0.799489450577136,
    -0.121000347513502,
    -0.437722808478827,
    -0.264533876385117
  ],
  "t": 0.484999999999963,
  "thrust": [
    0.0,
    0.0,
    0.0,
    0.0
  ]
}