{
  "T_W_L": {
    "arm_motor_0": {
      "p": [
        -0.136374696269801,
        -0.130026671193212,
        0.0202500805674612
      ],
      "q": [
        0.566332612516317,
        0.428123944222726,
        -0.445600202106263,
        0.545360174807876
      ]
    },
    "arm_motor_1": {
      "p": [
        -0.167030317194498,
        0.0680736347264252,
        0.128952817451305
      ],
      "q": [
        -0.333042796551036,
        0.174982815141851,
        0.719386354555634,
        0.583906484764173
      ]
    },
    "arm_motor_2": {
      "p": [
        -0.0377616108328478,
        -0.0622271336642136,
        0.0755192397439314
      ],
      "q": [
        0.353914097687834,
        0.43356656728839,
        0.0355066034167852,
        0.82795176447748
      ]
    },
    "arm_motor_3": {
      "p": [
        -0.239071027234335,
        -0.0298627960029357,
        0.0991229502658152
      ],
      "q": [
        -0.28843217039198,
        -0.259656941577572,
        0.848888096591681,
        0.358851160285858
      ]
    },
    "base_link": {
      "p": [
        -0.14076227530596,
        -0.0184268292963948,
        0.0497905950775947
      ],
      "q": [
        0.289588120211866,
        0.0902098097706392,
        -0.359534690078704,
        0.882460037329347
      ]
    },
    "connecting_link_0": {
      "p": [
        -0.133732031414776,
        -0.0600788395845255,
        0.0208132641137545
      ],
      "q": [
        0.0853707061099467,
        -0.0828985336475093,
        -0.715544555324816,
        0.688357221943951
      ]
    },
    "connecting_link_1": {
      "p": [
        -0.147792519197144,
        0.0232251809917359,
        0.0787679260414349
      ],
      "q": [
        0.27318614973279,
        -0.289152699777631,
        0.744179789465928,
        0.536615770133461
      ]
    },
    "connecting_link_2": {
      "p": [
        -0.0897769997009587,
        -0.023359028094968,
        0.0493721616976718
      ],
      "q": [
        0.275362018485496,
        -0.278872447331999,
        -0.225148098379675,
        0.892028166982787
      ]
    },
    "connecting_link_3": {
      "p": [
        -0.191747550910961,
        -0.0134946304978216,
        0.0502090284575177
      ],
      "q": [
        0.396302185971996,
        -0.437351273046451,
        0.804206873165041,
        0.0701409047031302
      ]
    }
  },
  "contacts": [
    {
      "f": [
        -0.249827992015009,
        -0.114222554876506,
        0.343376655521964
      ],
      "link": "base_link",
      "p": [
        -0.133377174702074,
        -0.0295047574420741,
        0.000653821015293446
      ]
    },
    {
      "f": [
        0.872570083539624,
        -0.0186195596218728,
        1.09096090005616
      ],
      "link": "base_link",
      "p": [
        -0.130547707183443,
        -0.0323461230353039,
        -0.000479546456724017
      ]
    },
    {
      "f": [
        -0.350079347807769,
        -0.770231733067749,
        1.05757126856927
      ],
      "link": "base_link",
      "p": [
        -0.129654947946891,
        -0.0317237966347236,
        -0.000236405722392329
      ]
    }
  ],
  "idx": 2076,
  "state": [
    -0.14076227530596,
    -0.0184268292963948,
    0.0497905950775947,
    0.882460037329347,
    0.289588120211866,
    0.0902098097706392,
    -0.359534690078704,
    0.0861161979369627,
    0.0218049314327751,
    0.00453779848583688,
    -1.23769580850592,
    0.635642103809115,
    -1.04964054754997,
    0.949617830634911,
    0.0919166332647914,
    -0.299385046432299,
    0.0120790000514015,
    0.98421428025895,
    0.0562602302385853,
    -0.109296239655577,
    0.127323874528735,
    0.939584999009346,
    -0.0147965585365733,
    -0.310753826770597,
    -0.142804589000182,
    0.887139777849158,
    -0.174083818364421,
    -0.3761155747164,
    -0.203014564002589,
    -0.263437689086632,
    -0.0507072493673781,
    -0.547114041947655,
    -0.0319875845435743,
    0.0307746374739583,
    -0.0702045237329363,
    0.715232064443492,
    0.516472014558378,
    0.0929902608944017,
    -0.4822642847682,
    0.146963203475873,
    -0.293364163949074
  ],
  "t": 2.07699999999996,
  "thrust": [
    0.0,
    0.0,
    0.0,
    0.0
  ]
}