{
  "T_W_L": {
    "arm_motor_0": {
      "p": [
        -0.203210560415148,
        -0.0879655155918938,
        0.013377466168949
      ],
      "q": [
        0.757181563230451,
        0.225269672061189,
        -0.497319081598265,
        0.358613142859535
      ]
    },
    "arm_motor_1": {
      "p": [
        -0.0924289700375001,
        0.118076417501962,
        0.0697626102668193
      ],
      "q": [
        -0.356001111488011,
        0.463699069190363,
        0.357004216374729,
        0.728556361129294
      ]
    },
    "arm_motor_2": {
      "p": [
        -0.0575075476571681,
        -0.0720435310657093,
        0.0568544969197901
      ],
      "q": [
        0.393758537756611,
        0.544087817776884,
        -0.174975210712781,
        0.719934952705161
      ]
    },
    "arm_motor_3": {
      "p": [
        -0.224873234089602,
        0.0942544606709929,
        0.0480190178872734
      ],
      "q": [
        -0.577332089623592,
        0.161850042531785,
        0.666567287902955,
        0.442922422915136
      ]
    },
    "base_link": {
      "p": [
        -0.141867023615631,
        0.0121614248097506,
        0.0391777156275602
      ],
      "q": [
        0.110803554160009,
        -0.105504399400554,
        -0.607185039098682,
        0.779690786393792
      ]
    },
    "connecting_link_0": {
      "p": [
        -0.161801895979533,
        -0.0342662522781445,
        0.030747314447482
      ],
      "q": [
        -0.183750522938083,
        0.0942880724284609,
        0.887065912961282,
        -0.412867497848734
      ]
    },
    "connecting_link_1": {
      "p": [
        -0.121932151251729,
        0.0585891018976457,
        0.0476081168076384
      ],
      "q": [
        0.000709302267639311,
        -0.187282387176723,
        0.504170902353881,
        0.843051899685514
      ]
    },
    "connecting_link_2": {
      "p": [
        -0.102700927251431,
        -0.0190279929910736,
        0.0500053244511112
      ],
      "q": [
        0.154703174163247,
        -0.12434270156001,
        -0.402155490232351,
        0.893799072582061
      ]
    },
    "connecting_link_3": {
      "p": [
        -0.181033119979831,
        0.0433508426105747,
        0.0283501068040092
      ],
      "q": [
        0.0630988138238637,
        -0.198748186173312,
        0.879569684962747,
        0.427638711392425
      ]
    }
  },
  "contacts": [
    {
      "f": [
        -0.450106388354107,
        -0.115348116418567,
        0.580814283999317
      ],
      "link": "base_link",
      "p": [
        -0.14593047590788,
        -0.02081492096089,
        0.000606589856281932
      ]
    },
    {
      "f": [
        0.0562817777294542,
        1.06601292009936,
        1.33437203414375
      ],
      "link": "base_link",
      "p": [
        -0.161362005703491,
        0.0412660438349284,
        -0.000725234068837739
      ]
    },
    {
      "f": [
        0.411843669436985,
        0.231964771238905,
        0.590845346663414
      ],
      "link": "arm_motor_0",
      "p": [
        -0.226124751662501,
        -0.0714392636678662,
        -0.000181690693326828
      ]
    }
  ],
  "idx": 3688,
  "state": [
    -0.141867023615631,
    0.0121614248097506,
    0.0391777156275602,
    0.779690786393792,
    0.110803554160009,
    -0.105504399400554,
    -0.607185039098682,
    0.00572264489924544,
    0.00326042348119033,
    -0.00984677371336986,
    -0.108649371953201,
    -0.00754883484061572,
    0.0673885287080492,
    0.995184882889125,
    0.0629066355806783,
    0.00800714320952188,
    -0.0747374720371352,
    0.997188738106501,
    0.0276141062448333,
    -0.0687099759768945,
    0.0114464374858416,
    0.984108122642788,
    0.0683745910023571,
    0.0222520869423984,
    -0.162360595220808,
    0.953755416638958,
    -0.0584334532572909,
    -0.208823282591751,
    -0.208156127509811,
    -0.0219605264142663,
    -0.417142382580398,
    -0.23966175945049,
    -0.227243391732494,
    0.157255325376489,
    -0.404854953531927,
    0.0755225079641448,
    0.277823322693781,
    0.473388705431198,
    -0.459042530523083,
    0.773338044729544,
    -0.426440244534862
  ],
  "t": 3.68900000000336,
  "thrust": [
    0.0,
    0.0,
    0.0,
    0.0
  ]
}