{
  "T_W_L": {
    "arm_motor_0": {
      "p": [
        -0.192135032587905,
        -0.0881168436720558,
        0.0230485485368913
      ],
      "q": [
        0.711884638613144,
        0.286974241143422,
        -0.544717544423958,
        0.337859205917973
      ]
    },
    "arm_motor_1": {
      "p": [
        -0.0693088810728924,
        0.11830685750375,
        0.031528639484822
      ],
      "q": [
        -0.333615812338971,
        0.638603518128182,
        0.324983484724736,
        0.612594295637728
      ]
    },
    "arm_motor_2": {
      "p": [
        -0.039973850205247,
        -0.0643868272711863,
        0.0199653992392139
      ],
      "q": [
        0.35239408989712,
        0.692173402615162,
        -0.182773137412841,
        0.602750666825012
      ]
    },
    "arm_motor_3": {
      "p": [
        -0.204103507239576,
        0.105584412523896,
        0.0468331835419169
      ],
      "q": [
        -0.57227480413346,
        0.300280161183268,
        0.63546372239657,
        0.422515361699022
      ]
    },
    "base_link": {
      "p": [
        -0.130159582437361,
        0.0140401028840879,
        0.0348659482275611
      ],
      "q": [
        -0.00763844822264466,
        0.00420407970977775,
        -0.614736631251951,
        0.788684254958565
      ]
    },
    "connecting_link_0": {
      "p": [
        -0.151420349764145,
        -0.0325597081002699,
        0.0355273020651407
      ],
      "q": [
        -0.118204985892423,
        0.0359811036525233,
        0.888551924879354,
        -0.441823967529278
      ]
    },
    "connecting_link_1": {
      "p": [
        -0.108898815110577,
        0.0606399138684457,
        0.0342045943899816
      ],
      "q": [
        -0.00610397739344952,
        0.0183912975963892,
        0.465700029038441,
        0.884730458719658
      ]
    },
    "connecting_link_2": {
      "p": [
        -0.0893658231248492,
        -0.0169385204771335,
        0.0344253851827318
      ],
      "q": [
        0.119940125732955,
        0.0632314228694679,
        -0.378420375499675,
        0.915649590622827
      ]
    },
    "connecting_link_3": {
      "p": [
        -0.170953341749872,
        0.0450187262453093,
        0.0353065112723905
      ],
      "q": [
        0.044681312599687,
        -0.0864333391843872,
        0.854000102009633,
        0.511093615641344
      ]
    }
  },
  "contacts": [
    {
      "f": [
        -0.0394338606423578,
        0.174438818667452,
        0.223550647306912
      ],
      "link": "base_link",
      "p": [
        -0.119533245225188,
        0.0515366594817539,
        0.000552898705386176
      ]
    },
    {
      "f": [
        -0.607764351163738,
        0.245093657516911,
        0.819153915158516
      ],
      "link": "base_link",
      "p": [
        -0.100126533830832,
        -0.00855473634952745,
        0.000826712810986945
      ]
    },
    {
      "f": [
        0.249335793037644,
        0.136299647158258,
        0.35519785750598
      ],
      "link": "base_link",
      "p": [
        -0.115445507834984,
        0.0483756836743995,
        0.00031151263692121
      ]
    },
    {
      "f": [
        0.152184964250077,
        0.756755405407914,
        0.964882608596356
      ],
      "link": "base_link",
      "p": [
        -0.100864926369629,
        -0.00946205065039202,
        0.000477932969116128
      ]
    },
    {
      "f": [
        -0.0291812504624,
        0.0104332055633708,
        0.0387378439980868
      ],
      "link": "base_link",
      "p": [
        -0.120023043302623,
        0.0519405138296,
        0.000922524312003827
      ]
    },
    {
      "f": [
        -0.0483469725453338,
        0.0194385236873188,
        0.0651355072790768
      ],
      "link": "base_link",
      "p": [
        -0.116256141712995,
        0.052424761831717,
        0.000869728985441846
      ]
    }
  ],
  "idx": 4088,
  "state": [
    -0.130159582437361,
    0.0140401028840879,
    0.0348659482275611,
    0.788684254958565,
    -0.00763844822264466,
    0.00420407970977775,
    -0.614736631251951,
    0.0280856261527247,
    -0.00125703655749615,
    0.0106588839984902,
    -0.784565806786174,
    0.232024573640245,
    0.0064656460927944,
    0.989762922964543,
    0.0942998287337722,
    0.0923322560697628,
    -0.0543291184774176,
    0.999432042238275,
    -0.00112059570405213,
    0.0117882836850072,
    -0.0315495416838391,
    0.983078056108143,
    0.106347191751826,
    0.088696616705242,
    -0.119919642220022,
    0.959018291817182,
    -0.0795539640989232,
    -0.0630416402642993,
    -0.264538908951005,
    0.143578984304516,
    0.340987761876165,
    -0.229812698498207,
    -0.0909949938906117,
    0.804350591552686,
    0.242775597567012,
    0.203540030919174,
    0.765365411289684,
    -0.238438991472871,
    -0.101387502162465,
    0.462181962131054,
    0.293427181263914
  ],
  "t": 4.08900000000381,
  "thrust": [
    0.0,
    0.0,
    0.0,
    0.0
  ]
}