{
  "T_W_L": {
    "arm_motor_0": {
      "p": [
        -0.179611694017083,
        -0.0885582517291464,
        0.128427989053166
      ],
      "q": [
        0.394719351132536,
        0.0354552475794035,
        -0.0590269648842021,
        0.91621797443466
      ]
    },
    "arm_motor_1": {
      "p": [
        -0.261367266345867,
        0.0980693293568061,
        0.0187329133224103
      ],
      "q": [
        0.7991509053022,
        -0.0845141888587472,
        -0.454303102328958,
        -0.384478703767201
      ]
    },
    "arm_motor_2": {
      "p": [
        -0.185004499704596,
        0.0180023447507762,
        0.17203855696728
      ],
      "q": [
        0.0264684836946826,
        -0.0703304107326951,
        0.0364104669823383,
        0.996507566750601
      ]
    },
    "arm_motor_3": {
      "p": [
        -0.287870335004786,
        -0.0263006237581846,
        0.00590459002100958
      ],
      "q": [
        0.753200756519698,
        0.100068754230868,
        -0.646505351966776,
        0.0685980661764699
      ]
    },
    "base_link": {
      "p": [
        -0.197993077589625,
        0.00602185404893271,
        0.0597796192690112
      ],
      "q": [
        0.133050934041985,
        -0.485292213195291,
        -0.126434677896042,
        0.854870276116731
      ]
    },
    "connecting_link_0": {
      "p": [
        -0.180897684994944,
        -0.037634402526536,
        0.0804164507566832
      ],
      "q": [
        0.237370362708891,
        -0.622793296775707,
        -0.32084709699385,
        0.672934588759795
      ]
    },
    "connecting_link_1": {
      "p": [
        -0.215088470184306,
        0.0496781106244014,
        0.0391427877813391
      ],
      "q": [
        -0.243844219959662,
        -0.212106942607101,
        0.886325828701446,
        0.331628054704102
      ]
    },
    "connecting_link_2": {
      "p": [
        -0.175327551778332,
        0.0220534977839766,
        0.10282912958969
      ],
      "q": [
        0.044462132417616,
        -0.75436836830578,
        0.00703004380114466,
        0.654906147600332
      ]
    },
    "connecting_link_3": {
      "p": [
        -0.220658603400918,
        -0.0100097896861112,
        0.0167301089483325
      ],
      "q": [
        -0.0754450440808133,
        -0.0222531369318715,
        0.989741680979019,
        -0.119265452471202
      ]
    }
  },
  "contacts": [
    {
      "f": [
        0.953260361223212,
        0.0895454407883689,
        1.19682111644073
      ],
      "link": "arm_motor_1",
      "p": [
        -0.277305358005616,
        0.0798706935222797,
        -0.00139364223288145
      ]
    },
    {
      "f": [
        -0.186450494739785,
        -0.924499596370888,
        1.17889201867066
      ],
      "link": "arm_motor_3",
      "p": [
        -0.284483699529963,
        -0.0108692264374699,
        -0.00135778403734132
      ]
    }
  ],
  "idx": 1434,
  "state": [
    -0.197993077589625,
    0.00602185404893271,
    0.0597796192690112,
    0.854870276116731,
    0.133050934041985,
    -0.485292213195291,
    -0.126434677896042,
    0.111786951650469,
    -0.0609174784264806,
    -0.19880898155982,
    0.0709033324529262,
    1.38568056633771,
    -0.935621338141392,
    0.962145019478799,
    0.117273688091149,
    -0.187942278945928,
    0.158749939711016,
    0.96673736065345,
    0.139838327720776,
    -0.163281338590381,
    0.138576051629391,
    0.924249093001887,
    -0.0767705863795494,
    -0.315117383178395,
    -0.201422257883605,
    0.890938897438812,
    -0.124475038869743,
    -0.418740327555384,
    -0.124057985666784,
    0.249201633854967,
    -0.441737824684942,
    0.458377443142026,
    0.233573295755458,
    -0.500848483253381,
    0.195768195739432,
    -0.270003521778659,
    -0.749055560050453,
    0.0634703033325004,
    0.234302990373019,
    -1.57156568840845,
    -0.395723759393923
  ],
  "t": 1.43499999999986,
  "thrust": [
    0.0,
    0.0,
    0.0,
    0.0
  ]
}