{
  "T_W_L": {
    "arm_motor_0": {
      "p": [
        -0.202414397916032,
        -0.0884177953994064,
        0.0125744136323704
      ],
      "q": [
        0.761137008670557,
        0.238603406389972,
        -0.487688725701252,
        0.354821892384091
      ]
    },
    "arm_motor_1": {
      "p": [
        -0.0928035626723431,
        0.118155318587576,
        0.0699870463025539
      ],
      "q": [
        -0.358699133910514,
        0.461843893037076,
        0.368353151974879,
        0.722738614733138
      ]
    },
    "arm_motor_2": {
      "p": [
        -0.0603047396391475,
        -0.075113877046207,
        0.0564121555626679
      ],
      "q": [
        0.40343764789025,
        0.539749064991133,
        -0.200406408880783,
        0.711158408784913
      ]
    },
    "arm_motor_3": {
      "p": [
        -0.225530250969467,
        0.0917815536648279,
        0.0530672709311119
      ],
      "q": [
        -0.556022951891115,
        0.15067275826379,
        0.694044172763491,
        0.431785691217894
      ]
    },
    "base_link": {
      "p": [
        -0.141667956620424,
        0.0118633043225785,
        0.0397565486873481
      ],
      "q": [
        0.105355038259453,
        -0.100195293653222,
        -0.612787078949229,
        0.776758144415599
      ]
    },
    "connecting_link_0": {
      "p": [
        -0.162299326323908,
        -0.0343172783007565,
        0.031650972043611
      ],
      "q": [
        -0.193357135191413,
        0.0821788795456749,
        0.883053145294576,
        -0.419615052890793
      ]
    },
    "connecting_link_1": {
      "p": [
        -0.12103658691694,
        0.0580438869459135,
        0.0478621253310853
      ],
      "q": [
        0.00682642163900983,
        -0.184480426887063,
        0.514103601626742,
        0.837626324119285
      ]
    },
    "connecting_link_2": {
      "p": [
        -0.102724123076522,
        -0.0198030623921202,
        0.0499848940078306
      ],
      "q": [
        0.1435647658963,
        -0.121204709355318,
        -0.426982227321992,
        0.884525157343975
      ]
    },
    "connecting_link_3": {
      "p": [
        -0.180611790164327,
        0.0435296710372773,
        0.0295282033668657
      ],
      "q": [
        0.0975957412265038,
        -0.198776861171086,
        0.883930940781641,
        0.411860319387901
      ]
    }
  },
  "contacts": [
    {
      "f": [
        -0.637457806722691,
        -0.631915357765542,
        1.12198866049003
      ],
      "link": "base_link",
      "p": [
        -0.161421311274308,
        0.0412000953376163,
        0.000151798435164018
      ]
    },
    {
      "f": [
        -0.953516186806276,
        -0.323631426794112,
        1.25867639985322
      ],
      "link": "arm_motor_0",
      "p": [
        -0.2255858416087,
        -0.0720365345321267,
        -0.000720938472336577
      ]
    }
  ],
  "idx": 3612,
  "state": [
    -0.141667956620424,
    0.0118633043225785,
    0.0397565486873481,
    0.776758144415599,
    0.105355038259453,
    -0.100195293653222,
    -0.612787078949229,
    -0.0107511686110359,
    0.00945721093366584,
    -0.00369876354374153,
    0.628296046376432,
    -0.0267136221046288,
    0.169411340188456,
    0.995678580294373,
    0.0612959826294399,
    0.0293544251229278,
    -0.0632873208642648,
    0.996252382781637,
    0.0302857078425388,
    -0.0757917751558219,
    0.028628177048424,
    0.981573276307407,
    0.0603634395386986,
    0.0155521674761771,
    -0.180633021601791,
    0.951122957124744,
    -0.0561442922466763,
    -0.239538642377847,
    -0.186639164395314,
    0.0566310356818583,
    -0.684043358207866,
    -0.333969322687441,
    0.0031897467279816,
    0.261573560870363,
    -0.381563946152438,
    0.213821464686254,
    0.283597669060756,
    0.37209826978737,
    -0.214836571549315,
    0.754552411747531,
    -0.392567631235525
  ],
  "t": 3.6130000000032,
  "thrust": [
    0.0,
    0.0,
    0.0,
    0.0
  ]
}