{
  "T_W_L": {
    "arm_motor_0": {
      "p": [
        -0.00255203584941515,
        -0.0768365877920466,
        0.0405329135524136
      ],
      "q": [
        0.00776533643227034,
        0.929274190089378,
        -0.367676278322568,
        0.0346890983262722
      ]
    },
    "arm_motor_1": {
      "p": [
        -0.00753708310066933,
        0.0848941988560857,
        0.220661335440949
      ],
      "q": [
        0.00661667833221117,
        0.381334682339053,
        0.924362117705942,
        -0.00973421611682566
      ]
    },
    "arm_motor_2": {
      "p": [
        -0.00264808043553529,
        0.0821247880673966,
        0.0393999220163518
      ],
      "q": [
        0.0184772148531806,
        0.931928651998971,
        0.361400342727395,
        0.0236087354844009
      ]
    },
    "arm_motor_3": {
      "p": [
        -0.00752434817902866,
        -0.0771993561099877,
        0.221672890837738
      ],
      "q": [
        0.00949294469600548,
        -0.375520447264069,
        0.926614307716354,
        0.0167392479799375
      ]
    },
    "base_link": {
      "p": [
        -0.00726949311865673,
        0.00328580492218599,
        0.131232076380888
      ],
      "q": [
        -0.00222566613775211,
        0.701733247981711,
        -0.00221556367208279,
        0.712432864461556
      ]
    },
    "connecting_link_0": {
      "p": [
        -0.0066653133747984,
        -0.0289647850339223,
        0.0914384284666782
      ],
      "q": [
        -0.254495467633867,
        0.632567184734082,
        -0.265477311732774,
        0.68162497805359
      ]
    },
    "connecting_link_1": {
      "p": [
        -0.00787367286251505,
        0.0355363948782942,
        0.171025724295097
      ],
      "q": [
        0.658301419819465,
        0.276527470009305,
        0.648944023584192,
        0.262761209557819
      ]
    },
    "connecting_link_2": {
      "p": [
        -0.00666318646977041,
        0.0350339525901236,
        0.0910364608003006
      ],
      "q": [
        0.268613996985809,
        0.642279172454251,
        0.242483269145559,
        0.675666966366769
      ]
    },
    "connecting_link_3": {
      "p": [
        -0.00787579976754305,
        -0.0284623427457516,
        0.171427691961475
      ],
      "q": [
        0.661927786098687,
        -0.277369490493206,
        0.648502734962738,
        -0.253696618976052
      ]
    }
  },
  "contacts": [],
  "idx": 302,
  "state": [
    -0.00726949311865673,
    0.00328580492218599,
    0.131232076380888,
    0.712432864461556,
    -0.00222566613775211,
    0.701733247981711,
    -0.00221556367208279,
    -0.294024937866729,
    0.131478118174582,
    0.49654262986765,
    0.00237160114263309,
    -1.06943502950414,
    -0.474460278460975,
    0.999422471743429,
    0.0152844046137144,
    -0.0235757544580089,
    0.0191126594589969,
    0.99981727636009,
    0.0168691682748491,
    -0.00771374603581303,
    0.00461986749822122,
    0.999440964406631,
    0.0133559920532283,
    -0.0233935872908209,
    -0.0198019245500327,
    0.999661067306267,
    -0.0244025217410851,
    -0.00780905190680785,
    -0.00461369191517194,
    0.842767613623598,
    -1.34849139766546,
    1.03767246186728,
    1.01680536972332,
    -0.839731173500067,
    0.600562228233296,
    0.701552936036369,
    -1.33678903060652,
    -1.09194934459026,
    -1.94782686597906,
    -0.862422808535592,
    -0.592824947467159
  ],
  "t": 0.302999999999983,
  "thrust": [
    0.0,
    0.0,
    0.0,
    0.0
  ]
}