{
  "T_W_L": {
    "arm_motor_0": {
      "p": [
        -0.145830157888562,
        -0.0755665512631652,
        0.12418098431217
      ],
      "q": [
        0.372988084911544,
        0.272342253705672,
        -0.179088487184552,
        0.868698393643319
      ]
    },
    "arm_motor_1": {
      "p": [
        -0.257267599565988,
        0.105760624884516,
        0.0112061793634015
      ],
      "q": [
        0.793762247126218,
        -0.276380671860355,
        -0.45472011750942,
        -0.294592657735006
      ]
    },
    "arm_motor_2": {
      "p": [
        -0.127903110267108,
        0.05615790583591,
        0.151748258081218
      ],
      "q": [
        -0.104804703948312,
        0.237967798605497,
        0.0827085150300967,
        0.962053326172035
      ]
    },
    "arm_motor_3": {
      "p": [
        -0.286599851911124,
        -0.0376258641627947,
        0.00728634130564577
      ],
      "q": [
        0.810728536955471,
        0.161032544918259,
        -0.539434173616746,
        0.16061921173262
      ]
    },
    "base_link": {
      "p": [
        -0.193867460985571,
        0.0160262959699681,
        0.0620750455144073
      ],
      "q": [
        0.0232769505855981,
        -0.344794166817444,
        -0.0995221770385246,
        0.93309726308548
      ]
    },
    "connecting_link_0": {
      "p": [
        -0.169600114791653,
        -0.0233762995238981,
        0.084041642361695
      ],
      "q": [
        0.137107720422099,
        -0.421687470552144,
        -0.390377087863374,
        0.80683757934996
      ]
    },
    "connecting_link_1": {
      "p": [
        -0.21813480717949,
        0.0554288914638342,
        0.0401084486671197
      ],
      "q": [
        -0.239738988959966,
        -0.0128778187108399,
        0.882810346225676,
        0.403739113233542
      ]
    },
    "connecting_link_2": {
      "p": [
        -0.158740836170501,
        0.0392865510167673,
        0.0912140359612154
      ],
      "q": [
        -0.0156243650224491,
        -0.512005786701338,
        0.132591868701751,
        0.848543074897301
      ]
    },
    "connecting_link_3": {
      "p": [
        -0.228994085800641,
        -0.00723395907683119,
        0.0329360550675992
      ],
      "q": [
        -0.1918340840145,
        -0.000292270698454979,
        0.954709208350825,
        -0.227442138308402
      ]
    }
  },
  "contacts": [
    {
      "f": [
        -0.739403264722622,
        0.0415245224026595,
        0.925710431441746
      ],
      "link": "arm_motor_1",
      "p": [
        -0.280130388320893,
        0.0870648449294349,
        0.000341003215160979
      ]
    },
    {
      "f": [
        0.250747374933768,
        -0.0036072695683969,
        0.3134666510121
      ],
      "link": "arm_motor_3",
      "p": [
        -0.302460651925574,
        -0.0114979182983938,
        0.0003730666979758
      ]
    },
    {
      "f": [
        0.325017834909874,
        0.0119015004441141,
        0.406544583045488
      ],
      "link": "arm_motor_3",
      "p": [
        -0.284808786766605,
        -0.0218547014695256,
        0.000186910833909024
      ]
    }
  ],
  "idx": 1005,
  "state": [
    -0.193867460985571,
    0.0160262959699681,
    0.0620750455144073,
    0.93309726308548,
    0.0232769505855981,
    -0.344794166817444,
    -0.0995221770385246,
    -0.182417732049286,
    -0.00797009089281932,
    0.245804628744049,
    0.527756659214596,
    -3.12973439373783,
    -0.22849881229737,
    0.99172224956891,
    0.057636262546892,
    -0.0959731406523176,
    0.0628824078970895,
    0.984920534520854,
    0.142222639716729,
    -0.0196406869975407,
    0.09653240308531,
    0.968359850948187,
    -0.0126819526235059,
    -0.193525186624402,
    -0.157055306472754,
    0.98247388570127,
    -0.129318484248371,
    -0.114748199367957,
    -0.0696752774559478,
    0.264650229897851,
    0.10164150143475,
    0.479893217204988,
    -0.178200921661031,
    -0.207227002750271,
    0.109089526112276,
    0.0119299658534234,
    -0.166648897669321,
    -0.150423148142337,
    -0.0256717893197659,
    -1.32521736121206,
    -0.473436354206049
  ],
  "t": 1.00599999999991,
  "thrust": [
    0.0,
    0.0,
    0.0,
    0.0
  ]
}