{
  "T_W_L": {
    "arm_motor_0": {
      "p": [
        -0.203604239118251,
        -0.0877012959916363,
        0.013912422691955
      ],
      "q": [
        0.754494592276697,
        0.223583207706459,
        -0.503148090823276,
        0.35719806572517
      ]
    },
    "arm_motor_1": {
      "p": [
        -0.0914541125260501,
        0.117917480676661,
        0.0689201967079156
      ],
      "q": [
        -0.354634981911138,
        0.467746730113151,
        0.352000641304495,
        0.729069663745905
      ]
    },
    "arm_motor_2": {
      "p": [
        -0.05648666117065,
        -0.0713241510054249,
        0.0561064700998413
      ],
      "q": [
        0.389625428151885,
        0.549145744676458,
        -0.171046839997996,
        0.719287116086405
      ]
    },
    "arm_motor_3": {
      "p": [
        -0.224026596358838,
        0.0952443642184453,
        0.0469253794184598
      ],
      "q": [
        -0.581507501047103,
        0.167344860707622,
        0.658481112491482,
        0.447490053870118
      ]
    },
    "base_link": {
      "p": [
        -0.14167921883242,
        0.0122240025378738,
        0.0388826257128177
      ],
      "q": [
        0.108901954350231,
        -0.104164682760928,
        -0.607243005003985,
        0.780093594434505
      ]
    },
    "connecting_link_0": {
      "p": [
        -0.161637975713573,
        -0.0342213697633782,
        0.0306076383679876
      ],
      "q": [
        -0.177728815605229,
        0.0944799721723081,
        0.889287669529635,
        -0.410674376829664
      ]
    },
    "connecting_link_1": {
      "p": [
        -0.121720461951266,
        0.0586693748391258,
        0.0471576130576478
      ],
      "q": [
        -0.00186276010691285,
        -0.184783218451282,
        0.499666841003756,
        0.846276987932968
      ]
    },
    "connecting_link_2": {
      "p": [
        -0.102455557673019,
        -0.0189386437201872,
        0.0495781333420736
      ],
      "q": [
        0.154558401905796,
        -0.120308117484353,
        -0.396455162832024,
        0.896917477325273
      ]
    },
    "connecting_link_3": {
      "p": [
        -0.18090287999182,
        0.0433866487959347,
        0.0281871180835618
      ],
      "q": [
        0.0544285626247387,
        -0.198092565802016,
        0.876804357227238,
        0.434753937408171
      ]
    }
  },
  "contacts": [
    {
      "f": [
        0.246326480412612,
        -0.531996127216934,
        0.732820550943281
      ],
      "link": "base_link",
      "p": [
        -0.145906232250774,
        -0.0208081126874882,
        0.000376853554874115
      ]
    },
    {
      "f": [
        -0.312642530549712,
        -0.125694154851274,
        0.42120432332536
      ],
      "link": "base_link",
      "p": [
        -0.145260492711445,
        -0.0248786229734833,
        0.000991453554023108
      ]
    },
    {
      "f": [
        0.864690246467937,
        -0.721968222477272,
        1.40808343625063
      ],
      "link": "base_link",
      "p": [
        -0.161362067619729,
        0.0412664072541054,
        -0.000973399698586931
      ]
    },
    {
      "f": [
        0.168412019709974,
        0.0779303109272601,
        0.2319608727243
      ],
      "link": "arm_motor_0",
      "p": [
        -0.226550691149352,
        -0.0710711532782122,
        0.0005360782545514
      ]
    }
  ],
  "idx": 3714,
  "state": [
    -0.14167921883242,
    0.0122240025378738,
    0.0388826257128177,
    0.780093594434505,
    0.108901954350231,
    -0.104164682760928,
    -0.607243005003985,
    0.00917684859986972,
    0.00224086706252196,
    -0.0113430435897,
    -0.241440074622702,
    0.000489757559363592,
    0.00229968243278934,
    0.995051811773435,
    0.0617911894859544,
    0.00411354969558329,
    -0.0776969722525783,
    0.997477512146687,
    0.0245273654728507,
    -0.0663023599139923,
    0.006404543266522,
    0.984893899186235,
    0.0697252031564387,
    0.0255148190090414,
    -0.156433364093037,
    0.954323931996272,
    -0.0612907207672075,
    -0.198382194198019,
    -0.214834320796725,
    -0.0579961152413375,
    -0.214205628543163,
    -0.171792281281784,
    -0.261647650849582,
    0.206126265165942,
    -0.34913272551535,
    0.0544209630782559,
    0.305916603568746,
    0.408648266608364,
    -0.47038070546036,
    0.74843234898366,
    -0.356657649675788
  ],
  "t": 3.71500000000342,
  "thrust": [
    0.0,
    0.0,
    0.0,
    0.0
  ]
}