{
  "T_W_L": {
    "arm_motor_0": {
      "p": [
        -0.192412968505849,
        -0.0845913581869224,
        0.0224554720205076
      ],
      "q": [
        0.733072818880347,
        0.279768963640785,
        -0.538005055409093,
        0.30803267611804
      ]
    },
    "arm_motor_1": {
      "p": [
        -0.0731214105905777,
        0.119533653764014,
        0.0142646949049516
      ],
      "q": [
        -0.380046061790068,
        0.700514873919653,
        0.315046501872718,
        0.515353862887392
      ]
    },
    "arm_motor_2": {
      "p": [
        -0.0439161812049929,
        -0.0650810810802552,
        0.00834426814736067
      ],
      "q": [
        0.382968285803934,
        0.730521192008939,
        -0.198863607277291,
        0.52927057899991
      ]
    },
    "arm_motor_3": {
      "p": [
        -0.205304970401811,
        0.105192718329724,
        0.0431083926250227
      ],
      "q": [
        -0.60471500406859,
        0.315569760123786,
        0.627437149795687,
        0.375577040573577
      ]
    },
    "base_link": {
      "p": [
        -0.12808152702762,
        0.0146553650577756,
        0.0359176604551132
      ],
      "q": [
        -0.0327431378365535,
        0.0223323694637876,
        -0.614428295398823,
        0.787976536460348
      ]
    },
    "connecting_link_0": {
      "p": [
        -0.149262322509267,
        -0.0319055083305044,
        0.0386487723322019
      ],
      "q": [
        -0.137933738341417,
        0.0199854627541738,
        0.898787784326245,
        -0.415638525466038
      ]
    },
    "connecting_link_1": {
      "p": [
        -0.106900731545972,
        0.0612162384460556,
        0.0331865485780245
      ],
      "q": [
        -0.0459616295916993,
        0.130928606512269,
        0.491504665318298,
        0.859749028828983
      ]
    },
    "connecting_link_2": {
      "p": [
        -0.0873840699319836,
        -0.0163655714680515,
        0.0335898969341676
      ],
      "q": [
        0.130181666634359,
        0.142305673176634,
        -0.41141727710834,
        0.890807304163367
      ]
    },
    "connecting_link_3": {
      "p": [
        -0.168778984123256,
        0.0456763015836028,
        0.0382454239760588
      ],
      "q": [
        0.0160669833267397,
        -0.0424315549266104,
        0.871263143451041,
        0.488714589568492
      ]
    }
  },
  "contacts": [
    {
      "f": [
        0.315893754394789,
        -0.104127668746834,
        0.415766302041119
      ],
      "link": "base_link",
      "p": [
        -0.119516235025594,
        0.0515425112718809,
        0.00038921574050111
      ]
    },
    {
      "f": [
        0.179569462344927,
        0.0122111252074642,
        0.224980219219652
      ],
      "link": "base_link",
      "p": [
        -0.100123625674742,
        -0.00855384562705129,
        0.000550039561560696
      ]
    },
    {
      "f": [
        -0.449534871997008,
        -0.126025812360744,
        0.583582827404548
      ],
      "link": "base_link",
      "p": [
        -0.115449869080581,
        0.0483738922171043,
        -3.99154130486939e-05
      ]
    },
    {
      "f": [
        0.0739743085076244,
        0.0092183556088271,
        0.0931830892593982
      ],
      "link": "base_link",
      "p": [
        -0.0994414090126955,
        -0.0131123766582239,
        0.000813633821481204
      ]
    },
    {
      "f": [
        -0.121587947878217,
        -0.278074527684509,
        0.379368455495855
      ],
      "link": "base_link",
      "p": [
        -0.100881386604494,
        -0.00946634471563204,
        0.000261536621054742
      ]
    },
    {
      "f": [
        0.179461267594223,
        0.0184096442448297,
        0.22550381637481
      ],
      "link": "base_link",
      "p": [
        -0.119983220407928,
        0.051953171024006,
        0.000780248732294389
      ]
    },
    {
      "f": [
        0.253138906039385,
        -0.0030779779653693,
        0.316447022864738
      ],
      "link": "base_link",
      "p": [
        -0.116226150896805,
        0.0524328002925384,
        0.000495265376008032
      ]
    },
    {
      "f": [
        -0.0298275992829733,
        0.162076123751065,
        0.205997404296283
      ],
      "link": "arm_motor_2",
      "p": [
        -0.0655105289086892,
        -0.0864247553235169,
        0.000588005191407434
      ]
    },
    {
      "f": [
        0.0698231293571644,
        0.000904946605315453,
        0.0872862417708414
      ],
      "link": "arm_motor_2",
      "p": [
        -0.0594926662119578,
        -0.0668642104831283,
        0.000825427516458317
      ]
    }
  ],
  "idx": 4344,
  "state": [
    -0.12808152702762,
    0.0146553650577756,
    0.0359176604551132,
    0.787976536460348,
    -0.0327431378365535,
    0.0223323694637876,
    -0.614428295398823,
    -0.00955271453337928,
    -0.00173457355081466,
    -0.00631333876256515,
    0.272005322143855,
    -0.0176768490440097,
    -0.00295589249138352,
    0.98056917810515,
    0.108761614493326,
    0.141544994074655,
    -0.0813634611813103,
    0.994248816185228,
    -0.00145472537926332,
    0.107083019166551,
    0.00063426691551925,
    0.969337349292459,
    0.120490410931806,
    0.151089397369138,
    -0.151786554552061,
    0.968801755327783,
    -0.0717087562339798,
    -0.00847997971842604,
    -0.237084590594069,
    0.0711904475188286,
    0.304784679861801,
    -0.155757431355292,
    0.00578838359323403,
    0.791506762597548,
    0.180133334957365,
    -0.013589293883647,
    0.131910910697269,
    -0.406559345080201,
    -0.00687795649600738,
    0.507401523517241,
    0.275195735972266
  ],
  "t": 4.34500000000321,
  "thrust": [
    0.0,
    0.0,
    0.0,
    0.0
  ]
}