{
  "T_W_L": {
    "arm_motor_0": {
      "p": [
        -0.198407711372523,
        -0.0866570937863591,
        0.0395164957058527
      ],
      "q": [
        -0.63233087712725,
        -0.255388425438528,
        0.64672010274685,
        -0.341595554254759
      ]
    },
    "arm_motor_1": {
      "p": [
        -0.0785801363440121,
        0.119836146459984,
        0.051411539926638
      ],
      "q": [
        -0.309562860134108,
        0.533706511684757,
        0.429936634468858,
        0.659153006025513
      ]
    },
    "arm_motor_2": {
      "p": [
        -0.052450327748446,
        -0.0770335178155808,
        0.038380091816711
      ],
      "q": [
        0.356287228724738,
        0.587102400047651,
        -0.309859671954232,
        0.657538718405502
      ]
    },
    "arm_motor_3": {
      "p": [
        -0.207588462490397,
        0.0877551367245085,
        0.0766214863028404
      ],
      "q": [
        -0.408683376782473,
        0.187434244858411,
        0.806422035984391,
        0.384096083389068
      ]
    },
    "base_link": {
      "p": [
        -0.131283944731005,
        0.0129255145129994,
        0.034665635186638
      ],
      "q": [
        -0.000175087892709986,
        0.00251149753094709,
        -0.621696354699824,
        0.783254303708146
      ]
    },
    "connecting_link_0": {
      "p": [
        -0.153369495900229,
        -0.0332938194605093,
        0.0346256777481611
      ],
      "q": [
        0.0101747190116418,
        0.0609576453725787,
        0.904425621352274,
        -0.422131420300855
      ]
    },
    "connecting_link_1": {
      "p": [
        -0.109198393561782,
        0.059144848486508,
        0.0347055926251149
      ],
      "q": [
        0.0851171121091212,
        -0.0887040668244284,
        0.522905107317782,
        0.843479053975847
      ]
    },
    "connecting_link_2": {
      "p": [
        -0.0910404199724857,
        -0.0187666371376701,
        0.0344082662658802
      ],
      "q": [
        0.0328292402263482,
        -0.049805998352651,
        -0.471036990736501,
        0.880094175001834
      ]
    },
    "connecting_link_3": {
      "p": [
        -0.171527469489525,
        0.0446176661636689,
        0.0349230041073958
      ],
      "q": [
        0.281243703061722,
        -0.139060919625641,
        0.859209277223929,
        0.404132970757565
      ]
    }
  },
  "contacts": [
    {
      "f": [
        0.0609885880931245,
        0.0127819135853365,
        0.0778920044887453
      ],
      "link": "base_link",
      "p": [
        -0.11958743309958,
        0.0505499664823021,
        0.000844215991022509
      ]
    },
    {
      "f": [
        0.0900332033052797,
        0.0237054626289503,
        0.116377125758394
      ],
      "link": "base_link",
      "p": [
        -0.101248000587769,
        -0.00987627421647459,
        0.000767245748483213
      ]
    },
    {
      "f": [
        0.0211700438491994,
        0.150251195240051,
        0.189669088594291
      ],
      "link": "base_link",
      "p": [
        -0.115553467922328,
        0.0473193658040077,
        0.000620661822811418
      ]
    },
    {
      "f": [
        0.0173366798888951,
        0.00330065071625517,
        0.0220601013115568
      ],
      "link": "base_link",
      "p": [
        -0.100661558651748,
        -0.0144518189623245,
        0.000955879797376886
      ]
    },
    {
      "f": [
        -0.82757003297596,
        -0.0597667363784962,
        1.03715673708308
      ],
      "link": "base_link",
      "p": [
        -0.147251949776848,
        -0.0213277809577606,
        0.000556731181543507
      ]
    },
    {
      "f": [
        -0.239580772335813,
        0.00240020488117301,
        0.299490993855868
      ],
      "link": "base_link",
      "p": [
        -0.101998041864796,
        -0.0107670073347525,
        0.000401018012288264
      ]
    },
    {
      "f": [
        0.576074508813376,
        0.0738989666193148,
        0.725993819890164
      ],
      "link": "base_link",
      "p": [
        -0.145407335909639,
        -0.0253335787167658,
        0.000906866290965563
      ]
    }
  ],
  "idx": 3380,
  "state": [
    -0.131283944731005,
    0.0129255145129994,
    0.034665635186638,
    0.783254303708146,
    -0.000175087892709986,
    0.00251149753094709,
    -0.621696354699824,
    -0.0684166695599267,
    -0.0083807906609341,
    0.0241634534254821,
    2.01165177038375,
    -0.216936680976196,
    0.00572791599840346,
    0.995479994073163,
    0.050853642136001,
    -0.0384378095999046,
    -0.0703990289333617,
    0.99137182283773,
    0.0288287072249292,
    -0.118649104069023,
    0.0476781357306907,
    0.975520762141166,
    0.0456662501421573,
    -0.0413522986380213,
    -0.211101453398183,
    0.937940096642712,
    -0.0567522830715863,
    -0.306245236442845,
    -0.152516912610006,
    -0.0356695210435245,
    0.712954899899042,
    -0.238206031124705,
    0.196194342594867,
    0.438110160603899,
    0.201775084867279,
    -0.0741422872800552,
    0.904740096737454,
    0.0212305381920841,
    0.0539572990190119,
    0.200375837186388,
    -0.0763546298811476
  ],
  "t": 3.38100000000271,
  "thrust": [
    0.0,
    0.0,
    0.0,
    0.0
  ]
}