{
  "T_W_L": {
    "arm_motor_0": {
      "p": [
        -0.201859161536515,
        -0.0886399690554306,
        0.0170263646917557
      ],
      "q": [
        0.735476686689487,
        0.249986523013753,
        -0.522470783482426,
        0.351575115807431
      ]
    },
    "arm_motor_1": {
      "p": [
        -0.0891286486245806,
        0.118526957124321,
        0.0645526723923901
      ],
      "q": [
        -0.346593992583529,
        0.478262370557227,
        0.388868311231893,
        0.707049606275009
      ]
    },
    "arm_motor_2": {
      "p": [
        -0.0585507406215219,
        -0.0762210295936994,
        0.0506727326068403
      ],
      "q": [
        0.392334903935382,
        0.552515303643932,
        -0.235750203693283,
        0.696578785100324
      ]
    },
    "arm_motor_3": {
      "p": [
        -0.221837602272711,
        0.0900578144820938,
        0.0595389076904973
      ],
      "q": [
        -0.513223785700955,
        0.158632981887026,
        0.732587278198102,
        0.418034451535645
      ]
    },
    "base_link": {
      "p": [
        -0.138983888299497,
        0.0120136950978876,
        0.0374492241817512
      ],
      "q": [
        0.0767400743583409,
        -0.0733806043859246,
        -0.617559524621909,
        0.779324374978863
      ]
    },
    "connecting_link_0": {
      "p": [
        -0.160366515943675,
        -0.0341539352384515,
        0.031505055261071
      ],
      "q": [
        -0.150617918590478,
        0.0718339828556086,
        0.889503186535022,
        -0.425368314112152
      ]
    },
    "connecting_link_1": {
      "p": [
        -0.117601260655319,
        0.0581813254342267,
        0.0433933931024315
      ],
      "q": [
        0.0298924573862991,
        -0.161777005824969,
        0.520050382334966,
        0.838142136639706
      ]
    },
    "connecting_link_2": {
      "p": [
        -0.0994835773835245,
        -0.019724342337813,
        0.0449607098717827
      ],
      "q": [
        0.110722103371251,
        -0.101868264659158,
        -0.444123238766512,
        0.883242900491095
      ]
    },
    "connecting_link_3": {
      "p": [
        -0.17848419921547,
        0.0437517325335882,
        0.0299377384917198
      ],
      "q": [
        0.155113413089497,
        -0.183424538238294,
        0.880921451360251,
        0.407765452662613
      ]
    }
  },
  "contacts": [
    {
      "f": [
        -0.324085738545265,
        -0.401737214359278,
        0.645203886537017
      ],
      "link": "base_link",
      "p": [
        -0.147173477602882,
        -0.0213116494769631,
        -0.000154429951715156
      ]
    },
    {
      "f": [
        0.272021625373794,
        -0.0362753573013702,
        0.343037138610619
      ],
      "link": "base_link",
      "p": [
        -0.146542922241869,
        -0.0253866658931995,
        0.000445909822163873
      ]
    },
    {
      "f": [
        0.208797737967682,
        -0.0300824322130132,
        0.263692079268935
      ],
      "link": "base_link",
      "p": [
        -0.14542981261334,
        -0.0253281308334179,
        0.000477329905743458
      ]
    },
    {
      "f": [
        0.0308932866685206,
        -1.02632726438303,
        1.28349014457233
      ],
      "link": "base_link",
      "p": [
        -0.16165928272481,
        0.0410074481969777,
        -0.000820441855013281
      ]
    }
  ],
  "idx": 3531,
  "state": [
    -0.138983888299497,
    0.0120136950978876,
    0.0374492241817512,
    0.779324374978863,
    0.0767400743583409,
    -0.0733806043859246,
    -0.617559524621909,
    -0.0430134643346202,
    -0.0059606469952171,
    0.0134570223902419,
    1.14277258537034,
    -0.0951408731682295,
    0.0120726832628795,
    0.996194497509074,
    0.0589734163250004,
    0.0244133008885824,
    -0.059351916896814,
    0.994563266698222,
    0.031405620712547,
    -0.0920325207236883,
    0.037250646322778,
    0.980253545112973,
    0.052657668748241,
    -0.000466837952529323,
    -0.190604142866244,
    0.946276711251665,
    -0.0558370569501789,
    -0.26642208899998,
    -0.174533318614993,
    0.0932948495867286,
    0.764395498796976,
    0.151413925608139,
    -0.0333384624668631,
    0.41038097613942,
    -0.192162262666949,
    0.0409543564375103,
    0.463903601810414,
    0.204051523655145,
    -0.184569020483465,
    0.640637794265696,
    -0.18528304797509
  ],
  "t": 3.53200000000303,
  "thrust": [
    0.0,
    0.0,
    0.0,
    0.0
  ]
}