{
  "T_W_L": {
    "arm_motor_0": {
      "p": [
        -0.196524970482565,
        -0.0807376965991553,
        0.0102000939517985
      ],
      "q": [
        0.781238425403484,
        0.254132937364886,
        -0.496759942050806,
        0.279843764970848
      ]
    },
    "arm_motor_1": {
      "p": [
        -0.0760393510939743,
        0.115270897796144,
        0.00603595173187029
      ],
      "q": [
        -0.412959398425507,
        0.728930363466914,
        0.262948556069226,
        0.478521804444839
      ]
    },
    "arm_motor_2": {
      "p": [
        -0.0487675401825386,
        -0.0669518337267509,
        0.00913161846467498
      ],
      "q": [
        0.414688704619698,
        0.716754276252919,
        -0.195971470443244,
        0.525254003798453
      ]
    },
    "arm_motor_3": {
      "p": [
        -0.205739157167353,
        0.104517290620665,
        0.0192489470795632
      ],
      "q": [
        0.704148083678364,
        -0.329419881406732,
        -0.514413274998119,
        -0.361990332041854
      ]
    },
    "base_link": {
      "p": [
        -0.130909769874422,
        0.0141576557733346,
        0.0344934605117153
      ],
      "q": [
        -0.000472405658795616,
        -0.00622087763843223,
        -0.614514257316198,
        0.788881046210024
      ]
    },
    "connecting_link_0": {
      "p": [
        -0.152149109311524,
        -0.0324562094230807,
        0.0346884777570854
      ],
      "q": [
        -0.201156664680343,
        0.0181803005500939,
        0.903681311972266,
        -0.377578547217228
      ]
    },
    "connecting_link_1": {
      "p": [
        -0.109670430437321,
        0.0607715209697499,
        0.0342984432663453
      ],
      "q": [
        -0.106073683881632,
        0.177065590151661,
        0.477939098081154,
        0.853797615888799
      ]
    },
    "connecting_link_2": {
      "p": [
        -0.090097065919476,
        -0.0167925928614148,
        0.0351300964619161
      ],
      "q": [
        0.154656439448537,
        0.135411141251624,
        -0.43180195078757,
        0.878232477114165
      ]
    },
    "connecting_link_3": {
      "p": [
        -0.171722473829369,
        0.0451079044080841,
        0.0338568245615146
      ],
      "q": [
        -0.134162769844934,
        -0.0230307865103964,
        0.861653000012034,
        0.488900850511133
      ]
    }
  },
  "contacts": [
    {
      "f": [
        0.133380371716007,
        0.21762527479163,
        0.319058879233208
      ],
      "link": "base_link",
      "p": [
        -0.119445598028604,
        0.0516102439755737,
        0.000402808309343895
      ]
    },
    {
      "f": [
        0.173180688867371,
        0.25666013299919,
        0.387027887536341
      ],
      "link": "base_link",
      "p": [
        -0.1153509435748,
        0.0484518156786519,
        0.000269512183582538
      ]
    },
    {
      "f": [
        0.061345944399404,
        0.175551889312387,
        0.232452248911615
      ],
      "link": "base_link",
      "p": [
        -0.145792812090805,
        -0.0207611270031209,
        0.000569185545607434
      ]
    },
    {
      "f": [
        0.0172648795810715,
        0.0642371161192423,
        0.0831459856429672
      ],
      "link": "base_link",
      "p": [
        -0.100740314316902,
        -0.00937522665134291,
        0.000891807509978609
      ]
    },
    {
      "f": [
        0.00315974139579634,
        0.0182208164465072,
        0.0231159481495466
      ],
      "link": "base_link",
      "p": [
        -0.143880569329451,
        -0.0247282906365146,
        0.000989365182818891
      ]
    },
    {
      "f": [
        0.0463275908952841,
        0.102525575438802,
        0.140633273630047
      ],
      "link": "base_link",
      "p": [
        -0.119944844951492,
        0.0520143040914902,
        0.000759335324748034
      ]
    },
    {
      "f": [
        0.0388249820243593,
        0.0885519131320435,
        0.120861623797998
      ],
      "link": "base_link",
      "p": [
        -0.116178137905916,
        0.0525011494419679,
        0.000800936977732758
      ]
    },
    {
      "f": [
        0.0975583420280487,
        0.193010954319425,
        0.270332141155089
      ],
      "link": "base_link",
      "p": [
        -0.161325885697415,
        0.0413087316259399,
        0.000477911890998481
      ]
    },
    {
      "f": [
        0.227561488261037,
        0.126674885486944,
        0.325554233079693
      ],
      "link": "arm_motor_0",
      "p": [
        -0.218993299732777,
        -0.0612401098352243,
        0.000348891533840615
      ]
    },
    {
      "f": [
        0.118461341750711,
        0.129401052302799,
        0.219294756785995
      ],
      "link": "arm_motor_1",
      "p": [
        -0.0685872577028773,
        0.100521018084192,
        0.000627925045008276
      ]
    },
    {
      "f": [
        -0.0630758944037912,
        0.343653574728675,
        0.436742823135501
      ],
      "link": "arm_motor_2",
      "p": [
        -0.071306060370957,
        -0.0867748280933894,
        0.000126514353728999
      ]
    }
  ],
  "idx": 4772,
  "state": [
    -0.130909769874422,
    0.0141576557733346,
    0.0344934605117153,
    0.788881046210024,
    -0.000472405658795616,
    -0.00622087763843223,
    -0.614514257316198,
    0.000184036261627711,
    -5.12121072996445e-05,
    -0.000386053254201913,
    -0.00516701912253245,
    0.00243538836080799,
    6.82154169438582e-05,
    0.972764128913372,
    0.109023230952841,
    0.166438043711037,
    -0.118921243760964,
    0.978714192693879,
    0.00115725466481608,
    0.205173038573316,
    -0.00460586840906587,
    0.960215262490908,
    0.113160067187228,
    0.177755587841254,
    -0.183260470000785,
    0.961283601949877,
    -0.0575739779219776,
    0.117035961640888,
    -0.242737836711342,
    -0.00730905997114594,
    0.0766010844807092,
    -0.188475717419251,
    -0.0149835151473435,
    0.0246098079476906,
    -0.111193821887453,
    -0.00515748124502057,
    0.013171914772255,
    -0.226500611584363,
    -0.116695399710117,
    0.568806740451706,
    0.0115353553433312
  ],
  "t": 4.77300000000221,
  "thrust": [
    0.0,
    0.0,
    0.0,
    0.0
  ]
}