{
  "T_W_L": {
    "arm_motor_0": {
      "p": [
        -0.203741168574549,
        -0.0875459706398619,
        0.0142401791241837
      ],
      "q": [
        0.752940115592637,
        0.223170339650799,
        -0.506341426718406,
        0.356222600939726
      ]
    },
    "arm_motor_1": {
      "p": [
        -0.0906930834456236,
        0.117855746891392,
        0.0681657918980699
      ],
      "q": [
        -0.353927039845627,
        0.471380752519312,
        0.348819890229699,
        0.728601757341128
      ]
    },
    "arm_motor_2": {
      "p": [
        -0.055761868873335,
        -0.070863703584989,
        0.0554331251693147
      ],
      "q": [
        0.387105775995419,
        0.553163451216961,
        -0.168821978591213,
        0.718093624796428
      ]
    },
    "arm_motor_3": {
      "p": [
        -0.223382405070452,
        0.095909152447105,
        0.0463005056200193
      ],
      "q": [
        -0.583852552684361,
        0.171489883313114,
        0.653574342098734,
        0.450053325724205
      ]
    },
    "base_link": {
      "p": [
        -0.141494318006894,
        0.0122789961526878,
        0.0386961442194915
      ],
      "q": [
        0.106908683298051,
        -0.102761964630584,
        -0.607465330224769,
        0.780382204202307
      ]
    },
    "connecting_link_0": {
      "p": [
        -0.161496665081792,
        -0.0341759162087022,
        0.0305815136677746
      ],
      "q": [
        -0.17437160513468,
        0.0940821562096045,
        0.890446517991193,
        -0.409692677263174
      ]
    },
    "connecting_link_1": {
      "p": [
        -0.121491970931995,
        0.0587339085140779,
        0.0468107747712084
      ],
      "q": [
        -0.00361130012595688,
        -0.181882716773124,
        0.496917119714292,
        0.84851577002757
      ]
    },
    "connecting_link_2": {
      "p": [
        -0.102223834739967,
        -0.0188726962393724,
        0.049250821149293
      ],
      "q": [
        0.154349953367664,
        -0.116623244160316,
        -0.393100285118018,
        0.89891449908045
      ]
    },
    "connecting_link_3": {
      "p": [
        -0.18076480127382,
        0.0434306885447481,
        0.0281414672896899
      ],
      "q": [
        0.0493007500913633,
        -0.19697409911955,
        0.874992948523739,
        0.439497417910736
      ]
    }
  },
  "contacts": [
    {
      "f": [
        0.278697692241046,
        -0.482073030161188,
        0.696045537830135
      ],
      "link": "base_link",
      "p": [
        -0.145906344933403,
        -0.0208074004637862,
        0.000257789084065457
      ]
    },
    {
      "f": [
        -0.219355136553761,
        -0.20858782608587,
        0.37837142202584
      ],
      "link": "base_link",
      "p": [
        -0.145258131155606,
        -0.0248771029642879,
        0.000875127853044499
      ]
    },
    {
      "f": [
        0.828315759867803,
        -0.796210523057694,
        1.43617231897911
      ],
      "link": "base_link",
      "p": [
        -0.161362001100588,
        0.0412668271171189,
        -0.00110786806753912
      ]
    },
    {
      "f": [
        0.00440381970977783,
        -0.000280324286822847,
        0.00551591585522216
      ],
      "link": "arm_motor_0",
      "p": [
        -0.226721333650321,
        -0.0708622864158921,
        0.000988968168289556
      ]
    }
  ],
  "idx": 3732,
  "state": [
    -0.141494318006894,
    0.0122789961526878,
    0.0386961442194915,
    0.780382204202307,
    0.106908683298051,
    -0.102761964630584,
    -0.607465330224769,
    0.0112250675182342,
    0.00349328470209435,
    -0.0107465293155886,
    -0.300779352039455,
    -0.0164886338868876,
    0.00803065457055811,
    0.994965951636265,
    0.0613949998369449,
    0.00314312956952483,
    -0.0791424653145942,
    0.997670753732965,
    0.0225083111348343,
    -0.0643007731490741,
    0.00344291274737111,
    0.985307789822838,
    0.0709481472455178,
    0.028087262217689,
    -0.152794062116227,
    0.954675821811952,
    -0.0631376356741809,
    -0.191471436463849,
    -0.218966671499613,
    -0.0112332987595309,
    -0.0299093604115524,
    -0.128142229021453,
    -0.231037170905002,
    0.234874461910881,
    -0.293296489385183,
    0.0921483682556065,
    0.345798650916938,
    0.363071117733265,
    -0.429175263330536,
    0.707902904029193,
    -0.321255132732184
  ],
  "t": 3.73300000000345,
  "thrust": [
    0.0,
    0.0,
    0.0,
    0.0
  ]
}