{
  "T_W_L": {
    "arm_motor_0": {
      "p": [
        -0.156570970878967,
        -0.074040441966349,
        0.101684191362705
      ],
      "q": [
        -0.365858051982424,
        -0.275859908799977,
        0.821094816088883,
        -0.340371120262073
      ]
    },
    "arm_motor_1": {
      "p": [
        -0.059048876273673,
        0.124989376634106,
        0.0197564779997851
      ],
      "q": [
        -0.230581369233168,
        0.6890080381963,
        0.460763258115878,
        0.509703222899252
      ]
    },
    "arm_motor_2": {
      "p": [
        -0.0278946898381871,
        -0.0654525838024816,
        0.0315112723007897
      ],
      "q": [
        0.155290032843974,
        0.665385095468028,
        -0.41601055617994,
        0.600069077336249
      ]
    },
    "arm_motor_3": {
      "p": [
        -0.150363952201865,
        0.101358133103211,
        0.108166681551856
      ],
      "q": [
        -0.179522114051964,
        0.329399182190657,
        0.848495685319909,
        0.373260045185577
      ]
    },
    "base_link": {
      "p": [
        -0.110500498947016,
        0.019597057369337,
        0.0423698800426496
      ],
      "q": [
        -0.230498718828389,
        0.157339329559566,
        -0.599202082961031,
        0.750380929773258
      ]
    },
    "connecting_link_0": {
      "p": [
        -0.127659654359076,
        -0.0248955901133891,
        0.0610773038503961
      ],
      "q": [
        0.321901002945098,
        0.0456163150874069,
        0.839302421962042,
        -0.43574113942734
      ]
    },
    "connecting_link_1": {
      "p": [
        -0.093341343534956,
        0.064089704852063,
        0.0236624562349031
      ],
      "q": [
        0.162763174535292,
        0.126787650795944,
        0.488854474135397,
        0.847616861405343
      ]
    },
    "connecting_link_2": {
      "p": [
        -0.0747491516711307,
        -0.013653707951004,
        0.0268705970408249
      ],
      "q": [
        -0.184357250045367,
        0.0461853993410848,
        -0.403970520594679,
        0.894811226870718
      ]
    },
    "connecting_link_3": {
      "p": [
        -0.146251846222901,
        0.052847822689678,
        0.0578691630444743
      ],
      "q": [
        0.473035748678146,
        -0.0310143136524023,
        0.726918357116323,
        0.496855104541035
      ]
    }
  },
  "contacts": [
    {
      "f": [
        -0.959873288628654,
        0.462274609851021,
        1.33173673328272
      ],
      "link": "base_link",
      "p": [
        -0.115670524383657,
        0.0472754904515338,
        -1.66779409711132e-05
      ]
    },
    {
      "f": [
        -0.843099199622656,
        0.312452737240092,
        1.12391821141848
      ],
      "link": "base_link",
      "p": [
        -0.116175804027318,
        0.0514061146363069,
        0.000198735674822342
      ]
    }
  ],
  "idx": 3029,
  "state": [
    -0.110500498947016,
    0.019597057369337,
    0.0423698800426496,
    0.750380929773258,
    -0.230498718828389,
    0.157339329559566,
    -0.599202082961031,
    -0.0526379842389362,
    -0.0271861902531723,
    -0.0277994993669187,
    1.27696371712765,
    0.373674835968854,
    0.0428933524206097,
    0.993132327293983,
    0.0560025130244999,
    -0.0874391232207217,
    -0.0539100987660864,
    0.983376831440333,
    0.0136842607984002,
    -0.172516846215115,
    0.0549607693247033,
    0.972100055088802,
    0.0486437477420358,
    -0.15380801028144,
    -0.170289062112695,
    0.90875863914812,
    -0.129662454163544,
    -0.350773861643297,
    -0.185210911508454,
    0.226097006179285,
    -0.450153404675675,
    0.0690259198562301,
    -0.611421511761726,
    -0.890192474378628,
    -1.00724345138994,
    -0.0873422601788793,
    0.204813074018938,
    -0.828234689224887,
    1.08894499126115,
    0.826296084922821,
    0.187169545546826
  ],
  "t": 3.03000000000197,
  "thrust": [
    0.0,
    0.0,
    0.0,
    0.0
  ]
}