{
  "T_W_L": {
    "arm_motor_0": {
      "p": [
        -0.136568083843718,
        -0.129803568085113,
        0.0209308267651064
      ],
      "q": [
        0.558943217085934,
        0.433800806300903,
        -0.460482978590694,
        0.5360548171172
      ]
    },
    "arm_motor_1": {
      "p": [
        -0.162391763554296,
        0.0693340114043312,
        0.129064069031268
      ],
      "q": [
        -0.323400699630869,
        0.188819250997772,
        0.722929555020984,
        0.580630809041397
      ]
    },
    "arm_motor_2": {
      "p": [
        -0.034887064020539,
        -0.0614802254897442,
        0.072046271156143
      ],
      "q": [
        0.353745104736368,
        0.44887280459843,
        0.0345081185302037,
        0.819869987206814
      ]
    },
    "arm_motor_3": {
      "p": [
        -0.235613717127919,
        -0.0283696795350527,
        0.102719458159546
      ],
      "q": [
        -0.275101218517116,
        -0.248201092145492,
        0.852808209675531,
        0.368013172234633
      ]
    },
    "base_link": {
      "p": [
        -0.139049610449843,
        -0.0179775918295948,
        0.0498563446061822
      ],
      "q": [
        0.279903110381329,
        0.103097319548649,
        -0.365792810337325,
        0.881601276885568
      ]
    },
    "connecting_link_0": {
      "p": [
        -0.133090088262536,
        -0.0598900752870992,
        0.0210149190914227
      ],
      "q": [
        0.0696219023172296,
        -0.0723045044517264,
        -0.720843175882148,
        0.685791488090847
      ]
    },
    "connecting_link_1": {
      "p": [
        -0.145009132637149,
        0.0239348916279096,
        0.0786977701209417
      ],
      "q": [
        0.28250956292605,
        -0.277052609639914,
        0.739867218424972,
        0.544083355238092
      ]
    },
    "connecting_link_2": {
      "p": [
        -0.0881184826199643,
        -0.0230452920929386,
        0.0477734062927636
      ],
      "q": [
        0.274536486989327,
        -0.262334623623492,
        -0.225734637751935,
        0.89713663166704
      ]
    },
    "connecting_link_3": {
      "p": [
        -0.189980738279721,
        -0.012909891566251,
        0.0519392829196008
      ],
      "q": [
        0.408500530986992,
        -0.435729285007067,
        0.797552405239262,
        0.0847199342990974
      ]
    }
  },
  "contacts": [
    {
      "f": [
        -0.236571002092565,
        -0.104969312716096,
        0.32351679738841
      ],
      "link": "base_link",
      "p": [
        -0.133340062797194,
        -0.0294877534779677,
        0.000595812609354769
      ]
    },
    {
      "f": [
        0.874958872022926,
        -0.00613807284876985,
        1.09372550234703
      ],
      "link": "base_link",
      "p": [
        -0.130556712935175,
        -0.032345881887297,
        -0.000607446399083118
      ]
    },
    {
      "f": [
        -0.797649792308991,
        0.328433490863978,
        1.07827535117693
      ],
      "link": "base_link",
      "p": [
        -0.12965487612816,
        -0.0317238477643693,
        -0.000399623052402161
      ]
    }
  ],
  "idx": 2096,
  "state": [
    -0.139049610449843,
    -0.0179775918295948,
    0.0498563446061822,
    0.881601276885568,
    0.279903110381329,
    0.103097319548649,
    -0.365792810337325,
    0.0852327503603205,
    0.0231416897037858,
    0.00201888945058421,
    -1.23685595556472,
    0.595581957264348,
    -1.03883120833492,
    0.950000680733459,
    0.0913756473843761,
    -0.298500082793089,
    0.00684822922870967,
    0.98436394238298,
    0.0559442586848912,
    -0.108701133820765,
    0.126814558953279,
    0.941363470995094,
    -0.00788101008910307,
    -0.306870466505817,
    -0.140011506464813,
    0.886315976824616,
    -0.176942655640642,
    -0.374366252520444,
    -0.207328711986698,
    -0.162617542486667,
    0.138565544989863,
    -0.435325757572556,
    -0.0284516060682159,
    0.0886815082227543,
    -0.0358939071822057,
    0.654857485287546,
    0.513266352363918,
    0.06716894896527,
    -0.451681793714956,
    0.135410529462276,
    -0.232590144498205
  ],
  "t": 2.097,
  "thrust": [
    0.0,
    0.0,
    0.0,
    0.0
  ]
}