{
  "T_W_L": {
    "arm_motor_0": {
      "p": [
        -0.139824994415615,
        -0.0759990205315064,
        0.102765282695153
      ],
      "q": [
        -0.348048821980544,
        -0.342487564887807,
        0.817407799892705,
        -0.305628490310939
      ]
    },
    "arm_motor_1": {
      "p": [
        -0.0732485715808177,
        0.138380681893255,
        0.0219337262198405
      ],
      "q": [
        -0.221570076583804,
        0.722925290198112,
        0.580913207053332,
        0.301372812021314
      ]
    },
    "arm_motor_2": {
      "p": [
        -0.0126130466699679,
        -0.0522425742140674,
        0.0229165058933835
      ],
      "q": [
        0.115388835408274,
        0.719802297198558,
        -0.353589948263351,
        0.586126452310355
      ]
    },
    "arm_motor_3": {
      "p": [
        -0.127732282401606,
        0.0972737810172948,
        0.126548494794477
      ],
      "q": [
        -0.099824179579634,
        0.30307631081543,
        0.842083464445258,
        0.434827922173398
      ]
    },
    "base_link": {
      "p": [
        -0.100190105555485,
        0.024162382477397,
        0.0490600036616109
      ],
      "q": [
        -0.236358530515852,
        0.218497303582037,
        -0.573351955144402,
        0.753432882818276
      ]
    },
    "connecting_link_0": {
      "p": [
        -0.114649653396334,
        -0.0219134305224311,
        0.0661462827370285
      ],
      "q": [
        0.331886916092476,
        -0.0260633015815642,
        0.82410228050534,
        -0.458287257626908
      ]
    },
    "connecting_link_1": {
      "p": [
        -0.0857305577146348,
        0.0702381954772251,
        0.0319737245861934
      ],
      "q": [
        0.254093964327806,
        0.298082615944808,
        0.567441371648667,
        0.724288134035868
      ]
    },
    "connecting_link_2": {
      "p": [
        -0.0659663234971195,
        -0.00714195140761778,
        0.0273166961478713
      ],
      "q": [
        -0.168433622186007,
        0.0945230964012898,
        -0.331618078166825,
        0.92343107452422
      ]
    },
    "connecting_link_3": {
      "p": [
        -0.13441388761385,
        0.0554667163624118,
        0.0708033111753505
      ],
      "q": [
        0.52485657372716,
        -0.093162457823474,
        0.666029282341446,
        0.521777087012658
      ]
    }
  },
  "contacts": [
    {
      "f": [
        0.534791540542533,
        -0.602220607791024,
        1.00675193404027
      ],
      "link": "arm_motor_1",
      "p": [
        -0.0380875618263478,
        0.118770311636983,
        -0.00101350386808054
      ]
    },
    {
      "f": [
        -0.959579698151586,
        -1.02787185453147,
        1.75771235667746
      ],
      "link": "arm_motor_1",
      "p": [
        -0.0538466892511279,
        0.135581775195417,
        -0.00251542471335493
      ]
    }
  ],
  "idx": 2871,
  "state": [
    -0.100190105555485,
    0.024162382477397,
    0.0490600036616109,
    0.753432882818276,
    -0.236358530515852,
    0.218497303582037,
    -0.573351955144402,
    -0.0479905025701141,
    0.0172438956839039,
    0.0670716501995752,
    -0.234542125972066,
    -1.03650162557981,
    -0.920785566391316,
    0.995723068793712,
    0.0506907966532126,
    -0.0612671455625631,
    -0.0470356277869293,
    0.981299708574919,
    0.0978908474441174,
    -0.0327776082498117,
    0.162461971965362,
    0.975769014221948,
    0.0443548476703698,
    -0.179368884297256,
    -0.117193351852497,
    0.876563033703512,
    -0.20087084831548,
    -0.378609963787105,
    -0.218958090881889,
    -0.0907273796653998,
    0.0925762355311689,
    -0.100115311305103,
    -1.27321041619241,
    -1.21789812142091,
    -0.959477427319708,
    -0.0906560503797999,
    0.249937737824244,
    -0.274385403566855,
    0.66960547099588,
    0.376116479701344,
    0.0720337841541078
  ],
  "t": 2.87200000000164,
  "thrust": [
    0.0,
    0.0,
    0.0,
    0.0
  ]
}