{
  "T_W_L": {
    "arm_motor_0": {
      "p": [
        -0.198244653778504,
        -0.0763067116958579,
        0.159613502487769
      ],
      "q": [
        0.376139975550475,
        0.0332441008479713,
        -0.062821407466163,
        0.923832787530118
      ]
    },
    "arm_motor_1": {
      "p": [
        -0.262435348713073,
        0.103574962903123,
        0.0197147242777939
      ],
      "q": [
        0.855062756399581,
        -0.127637350999994,
        -0.353731664565149,
        -0.357001818947782
      ]
    },
    "arm_motor_2": {
      "p": [
        -0.200282103337766,
        0.0416002641811095,
        0.193853713355371
      ],
      "q": [
        -0.0524216282868114,
        -0.0451687294572898,
        0.0507435054530821,
        0.99631162565801
      ]
    },
    "arm_motor_3": {
      "p": [
        -0.290032159062702,
        -0.0296227719732822,
        0.00696850617131742
      ],
      "q": [
        0.85034555348482,
        0.092767132722133,
        -0.501004365044544,
        0.131534501030803
      ]
    },
    "base_link": {
      "p": [
        -0.212853045187939,
        0.0135760641974643,
        0.0819648177367986
      ],
      "q": [
        0.0754340662597094,
        -0.533376666973663,
        -0.100653556609641,
        0.836473486918397
      ]
    },
    "connecting_link_0": {
      "p": [
        -0.199236182454676,
        -0.0273656680311248,
        0.109575605690531
      ],
      "q": [
        0.221549684164076,
        -0.629741299600967,
        -0.31039257061009,
        0.676755557889067
      ]
    },
    "connecting_link_1": {
      "p": [
        -0.226469907921203,
        0.0545177964260534,
        0.0543540297830662
      ],
      "q": [
        -0.354494614655782,
        -0.162185170649125,
        0.854746732124626,
        0.342691643498692
      ]
    },
    "connecting_link_2": {
      "p": [
        -0.193609397094019,
        0.0346091880571128,
        0.124524067127995
      ],
      "q": [
        -0.00118661203539397,
        -0.736437821574602,
        0.0729487656494958,
        0.672559591780942
      ]
    },
    "connecting_link_3": {
      "p": [
        -0.232096693281859,
        -0.00745705966218415,
        0.0394055683456021
      ],
      "q": [
        -0.247021523293887,
        0.027412669019817,
        0.955548691148002,
        -0.158605206257922
      ]
    }
  },
  "contacts": [
    {
      "f": [
        -0.14104415679156,
        -0.529573254250124,
        0.685042523522843
      ],
      "link": "arm_motor_1",
      "p": [
        -0.276970629805516,
        0.0841941118263259,
        -0.000370085047045686
      ]
    },
    {
      "f": [
        -0.128433188281603,
        -1.02121913402042,
        1.2865795274812
      ],
      "link": "arm_motor_3",
      "p": [
        -0.301104327986586,
        -0.00157861164576201,
        -0.00157315905496239
      ]
    },
    {
      "f": [
        -0.266737660847253,
        -0.147079796618216,
        0.380750587424694
      ],
      "link": "arm_motor_3",
      "p": [
        -0.285202141335121,
        -0.0143349555842655,
        0.000238498825150611
      ]
    }
  ],
  "idx": 1256,
  "state": [
    -0.212853045187939,
    0.0135760641974643,
    0.0819648177367986,
    0.836473486918397,
    0.0754340662597094,
    -0.533376666973663,
    -0.100653556609641,
    0.0324124629073635,
    -0.0227359202356504,
    -0.0436982177091759,
    0.481497038291017,
    -0.259490233659754,
    -0.362981519231191,
    0.977955654719734,
    0.0935300809261495,
    -0.141921397757043,
    0.121297890428202,
    0.978050410427648,
    0.127482553282187,
    -0.109392017319304,
    0.123284142604703,
    0.946545350340648,
    -0.0397568502628756,
    -0.256186480469913,
    -0.191936916277497,
    0.943818216845167,
    -0.132840320520369,
    -0.282947803358013,
    -0.10724347705166,
    0.310663987715561,
    -0.554978672105823,
    0.434610364957124,
    -0.0532493515221091,
    -0.719541845533891,
    0.314245157464682,
    -0.299223112608768,
    -0.742903727532688,
    -0.197233174836902,
    0.0293227650652636,
    -1.50715317708214,
    -0.555781570597668
  ],
  "t": 1.25699999999988,
  "thrust": [
    0.0,
    0.0,
    0.0,
    0.0
  ]
}