{
  "T_W_L": {
    "arm_motor_0": {
      "p": [
        -0.198342439862254,
        -0.0785772476675122,
        0.00956907224583151
      ],
      "q": [
        0.787090055604117,
        0.245238482556527,
        -0.50169101176565,
        0.262018052347619
      ]
    },
    "arm_motor_1": {
      "p": [
        -0.0750205484149618,
        0.114519238481917,
        0.00574064419037658
      ],
      "q": [
        -0.409521991273732,
        0.732211523229804,
        0.25593738837212,
        0.480264590768408
      ]
    },
    "arm_motor_2": {
      "p": [
        -0.0513384827466613,
        -0.0688690972709475,
        0.00862934526485806
      ],
      "q": [
        0.426042450846711,
        0.711950678618185,
        -0.213608362714452,
        0.515737848785684
      ]
    },
    "arm_motor_3": {
      "p": [
        -0.203535807063631,
        0.103448388014979,
        0.0121832190233715
      ],
      "q": [
        0.734754934326457,
        -0.340496456271607,
        -0.471771717160199,
        -0.348753203049261
      ]
    },
    "base_link": {
      "p": [
        -0.130817186867811,
        0.0141340524573679,
        0.0344994833712423
      ],
      "q": [
        -0.00104022683272699,
        -0.00493239189169604,
        -0.614513517513989,
        0.788890186420738
      ]
    },
    "connecting_link_0": {
      "p": [
        -0.152055766312135,
        -0.0324800432514206,
        0.0347204458998842
      ],
      "q": [
        -0.201807599242337,
        0.0118649475846735,
        0.911305832201998,
        -0.358684535631912
      ]
    },
    "connecting_link_1": {
      "p": [
        -0.109578607423487,
        0.0607481481661564,
        0.0342785208426003
      ],
      "q": [
        -0.108600714197573,
        0.178153384442602,
        0.470550839951775,
        0.857350082234849
      ]
    },
    "connecting_link_2": {
      "p": [
        -0.0900027980950377,
        -0.0168164202471683,
        0.0350033766840294
      ],
      "q": [
        0.150213584273501,
        0.138743422530364,
        -0.452301427860591,
        0.868106882912202
      ]
    },
    "connecting_link_3": {
      "p": [
        -0.171631575640584,
        0.0450845251619041,
        0.0339955900584552
      ],
      "q": [
        -0.185957216196515,
        -0.00583840163701953,
        0.853143176948513,
        0.487373108036303
      ]
    }
  },
  "contacts": [
    {
      "f": [
        -0.132320366474486,
        -0.198588746637002,
        0.29829245735833
      ],
      "link": "base_link",
      "p": [
        -0.119446275209792,
        0.0516101336591791,
        0.00040341508528334
      ]
    },
    {
      "f": [
        -0.141861402667018,
        -0.263826106266299,
        0.37443472377182
      ],
      "link": "base_link",
      "p": [
        -0.115351990000894,
        0.0484518184856141,
        0.000256765323487083
      ]
    },
    {
      "f": [
        -0.14266569593717,
        -0.105011528138863,
        0.22143326392821
      ],
      "link": "base_link",
      "p": [
        -0.145792706543806,
        -0.0207614678798258,
        0.000591973303259039
      ]
    },
    {
      "f": [
        -0.085375988508446,
        -0.0634242974966718,
        0.132945600521538
      ],
      "link": "base_link",
      "p": [
        -0.100739531921581,
        -0.00937556422038974,
        0.00079939012359017
      ]
    },
    {
      "f": [
        -0.0706484109903682,
        -0.0640601926294253,
        0.119209022409059
      ],
      "link": "base_link",
      "p": [
        -0.119944547914227,
        0.0520139459736543,
        0.000761581955181882
      ]
    },
    {
      "f": [
        -0.0623705706666617,
        -0.0553066867107101,
        0.104200210533929
      ],
      "link": "base_link",
      "p": [
        -0.116177742852303,
        0.0525007816509756,
        0.000793231738033487
      ]
    },
    {
      "f": [
        -0.123627120620494,
        -0.110297498473195,
        0.207097512970787
      ],
      "link": "base_link",
      "p": [
        -0.161326168853053,
        0.0413083602770085,
        0.000585804974058426
      ]
    },
    {
      "f": [
        0.291993928919643,
        0.0756245094472579,
        0.377035146229491
      ],
      "link": "arm_motor_0",
      "p": [
        -0.220120835149274,
        -0.0580636324345629,
        0.000245929707541018
      ]
    },
    {
      "f": [
        0.0277088929577458,
        0.0265420367232244,
        0.047962590603915
      ],
      "link": "arm_motor_1",
      "p": [
        -0.100017990380379,
        0.133028917377837,
        0.000964554485600323
      ]
    },
    {
      "f": [
        -0.162885137811803,
        -0.139111682464144,
        0.26775580151854
      ],
      "link": "arm_motor_1",
      "p": [
        -0.0677779268794674,
        0.099618030027241,
        0.00046448839696292
      ]
    },
    {
      "f": [
        -0.0393673938186793,
        0.317959521185122,
        0.400484177294237
      ],
      "link": "arm_motor_2",
      "p": [
        -0.074864288740399,
        -0.0877766133059873,
        0.000199031645411525
      ]
    },
    {
      "f": [
        0.000545640163014418,
        0.00135225910325023,
        0.00182274169771525
      ],
      "link": "arm_motor_2",
      "p": [
        -0.0669613770563294,
        -0.0689141050315592,
        0.00099635451660457
      ]
    }
  ],
  "idx": 4969,
  "state": [
    -0.130817186867811,
    0.0141340524573679,
    0.0344994833712423,
    0.788890186420738,
    -0.00104022683272699,
    -0.00493239189169604,
    -0.614513517513989,
    0.000311996633591196,
    -0.000261961427958325,
    -0.00019788090489422,
    -0.00655323601606009,
    0.00999876848820099,
    7.38696955066341e-05,
    0.969819889621758,
    0.105097718388765,
    0.170573807836032,
    -0.138954767330358,
    0.978251191540894,
    -0.00180853774009409,
    0.207004069942644,
    -0.0130633252751531,
    0.956093663326478,
    0.108514537865814,
    0.178580886758755,
    -0.205471090188328,
    0.952753745425159,
    -0.0554666792348859,
    0.172774917705902,
    -0.243582790616876,
    -0.00501015972015249,
    -0.00157381705262466,
    -0.224740168784144,
    -0.00350786371380217,
    0.00462277572147994,
    -0.0293339203186042,
    -0.00131552564722106,
    -0.0117526667105658,
    -0.232018628422743,
    -0.125446748413353,
    0.544660108519635,
    0.00627071134884672
  ],
  "t": 4.97000000000176,
  "thrust": [
    0.0,
    0.0,
    0.0,
    0.0
  ]
}