{
  "T_W_L": {
    "arm_motor_0": {
      "p": [
        -0.20206828577363,
        -0.0887513236915448,
        0.012908114023855
      ],
      "q": [
        0.759128609544468,
        0.243665066879205,
        -0.4886909695188,
        0.354305271855514
      ]
    },
    "arm_motor_1": {
      "p": [
        -0.092291949680049,
        0.118054105459301,
        0.0692853161884538
      ],
      "q": [
        -0.356974241772359,
        0.464653643829625,
        0.372205122037384,
        0.719812287416683
      ]
    },
    "arm_motor_2": {
      "p": [
        -0.0604134453334982,
        -0.0757194225725387,
        0.0555514443865802
      ],
      "q": [
        0.402385277055555,
        0.541969721065551,
        -0.208721596552941,
        0.707665320182814
      ]
    },
    "arm_motor_3": {
      "p": [
        -0.225142391409731,
        0.091205391704891,
        0.0547467208275123
      ],
      "q": [
        -0.547485631966524,
        0.151158243410458,
        0.702404403904094,
        0.428997344531892
      ]
    },
    "base_link": {
      "p": [
        -0.141366497506949,
        0.0117211400935086,
        0.0396254921123029
      ],
      "q": [
        0.100135456171582,
        -0.0951942581280132,
        -0.614332527276035,
        0.776856801197882
      ]
    },
    "connecting_link_0": {
      "p": [
        -0.162217638794072,
        -0.0344256976306829,
        0.0318989615143182
      ],
      "q": [
        -0.191228289150237,
        0.0782344392106176,
        0.88234168605298,
        -0.422828881467737
      ]
    },
    "connecting_link_1": {
      "p": [
        -0.120515356219827,
        0.0578679778177002,
        0.0473520227102877
      ],
      "q": [
        0.010769858718839,
        -0.18042440715877,
        0.515607672851162,
        0.837543892068703
      ]
    },
    "connecting_link_2": {
      "p": [
        -0.102349980355812,
        -0.0200169377781455,
        0.0493417569505928
      ],
      "q": [
        0.136940901752944,
        -0.117164481748584,
        -0.432117814358278,
        0.88362541167505
      ]
    },
    "connecting_link_3": {
      "p": [
        -0.180383014658087,
        0.0434592179651627,
        0.029909227274013
      ],
      "q": [
        0.109544114170148,
        -0.19646191248174,
        0.883805720101611,
        0.410231950377304
      ]
    }
  },
  "contacts": [
    {
      "f": [
        -0.239681160519881,
        -0.172671399139034,
        0.369252773324023
      ],
      "link": "base_link",
      "p": [
        -0.161626213379758,
        0.0410366337911965,
        0.000261494453351954
      ]
    },
    {
      "f": [
        -1.11571752011047,
        -0.572825851910887,
        1.56771880515273
      ],
      "link": "arm_motor_0",
      "p": [
        -0.225457801963588,
        -0.0724931270705755,
        -0.000154407670905278
      ]
    }
  ],
  "idx": 3593,
  "state": [
    -0.141366497506949,
    0.0117211400935086,
    0.0396254921123029,
    0.776856801197882,
    0.100135456171582,
    -0.0951942581280132,
    -0.614332527276035,
    -0.0231199189261933,
    0.00338515559778102,
    0.0246670288574604,
    0.862442012850973,
    -0.0681334835713781,
    0.091237864733281,
    0.995710328730568,
    0.0616444999509576,
    0.0348403921018843,
    -0.0595570647635313,
    0.995933932504908,
    0.0302858565375041,
    -0.0788331943012251,
    0.0313639355847598,
    0.981199994555136,
    0.0580268760927156,
    0.012714918294721,
    -0.183624026719489,
    0.950168584154872,
    -0.0562183044660568,
    -0.246064208517972,
    -0.182952368704292,
    0.018864358021627,
    -0.42304115676966,
    -0.314719288142184,
    -0.0193325237389314,
    0.357435071269165,
    -0.252440885581228,
    0.159212142546776,
    0.403675920835998,
    0.25907141089711,
    -0.19789770722792,
    0.683221067143782,
    -0.266722810692246
  ],
  "t": 3.59400000000316,
  "thrust": [
    0.0,
    0.0,
    0.0,
    0.0
  ]
}