{
  "T_W_L": {
    "arm_motor_0": {
      "p": [
        -0.197593842907523,
        -0.075647820991968,
        0.16059782119748
      ],
      "q": [
        0.37570222716616,
        0.0434913160492508,
        -0.0681576688772354,
        0.923206842535254
      ]
    },
    "arm_motor_1": {
      "p": [
        -0.262167846361931,
        0.103968511285393,
        0.0195245070870909
      ],
      "q": [
        0.856241690942156,
        -0.137984099246342,
        -0.349734123474094,
        -0.354254989979676
      ]
    },
    "arm_motor_2": {
      "p": [
        -0.198394907157662,
        0.0436134980397891,
        0.194209967127827
      ],
      "q": [
        -0.0603072605172854,
        -0.0314302614501058,
        0.0517125493599639,
        0.996343808749155
      ]
    },
    "arm_motor_3": {
      "p": [
        -0.290152623484877,
        -0.0303646916606936,
        0.00712318334049124
      ],
      "q": [
        0.85451144831083,
        0.0944065039092429,
        -0.491787198126817,
        0.137996190106599
      ]
    },
    "base_link": {
      "p": [
        -0.213358682405017,
        0.0140364097229098,
        0.0827274813537986
      ],
      "q": [
        0.0693136448842094,
        -0.529644972900731,
        -0.100095212224839,
        0.839435983147919
      ]
    },
    "connecting_link_0": {
      "p": [
        -0.199630071867589,
        -0.0266737022888286,
        0.110623933327183
      ],
      "q": [
        0.21746684268312,
        -0.622052814293346,
        -0.313856342389041,
        0.683558823295652
      ]
    },
    "connecting_link_1": {
      "p": [
        -0.227087292942444,
        0.0547465217346481,
        0.0548310293804139
      ],
      "q": [
        -0.35815493567897,
        -0.152926613410796,
        0.8527536763207,
        0.348065597956807
      ]
    },
    "connecting_link_2": {
      "p": [
        -0.19357414875514,
        0.0354288983028553,
        0.124857442908656
      ],
      "q": [
        -0.00607737854168169,
        -0.726746014565596,
        0.0792099671914307,
        0.682296912553924
      ]
    },
    "connecting_link_3": {
      "p": [
        -0.233143216054893,
        -0.00735607885703573,
        0.0405975197989406
      ],
      "q": [
        -0.256484777005922,
        0.0308225626999443,
        0.95197690239833,
        -0.164333520904624
      ]
    }
  },
  "contacts": [
    {
      "f": [
        -0.348714852279098,
        -0.377657103387707,
        0.642537615556507
      ],
      "link": "arm_motor_1",
      "p": [
        -0.277066319217064,
        0.0845801821806027,
        -0.000285075231113013
      ]
    },
    {
      "f": [
        -1.10784694511149,
        0.234377412053274,
        1.41546018636258
      ],
      "link": "arm_motor_3",
      "p": [
        -0.30134955715373,
        -0.00249929015451099,
        -0.00183092037272516
      ]
    },
    {
      "f": [
        -0.215341356173207,
        -0.114715121578154,
        0.30498836759889
      ],
      "link": "arm_motor_3",
      "p": [
        -0.285350751500505,
        -0.0150683317251893,
        0.000392447998665071
      ]
    }
  ],
  "idx": 1234,
  "state": [
    -0.213358682405017,
    0.0140364097229098,
    0.0827274813537986,
    0.839435983147919,
    0.0693136448842094,
    -0.529644972900731,
    -0.100095212224839,
    0.0133432560528281,
    -0.0191701454291372,
    -0.0258245085771109,
    0.50284098439433,
    -0.491385887877174,
    -0.320182409833113,
    0.979680370890658,
    0.090100716085597,
    -0.135988625046232,
    0.116684727837195,
    0.979222106859961,
    0.1276191978229,
    -0.101043835218,
    0.120944405196006,
    0.94913945972259,
    -0.0357376960474876,
    -0.249083758294197,
    -0.189246887511434,
    0.948934625186732,
    -0.133003777395195,
    -0.266608625244802,
    -0.103696254828236,
    0.315992213850651,
    -0.540721527417176,
    0.436587665236036,
    -0.0835068591188303,
    -0.730077554659384,
    0.323648840810909,
    -0.288263358608741,
    -0.720676925324724,
    -0.219759185861226,
    0.0121408760061809,
    -1.47000680497594,
    -0.554412257107621
  ],
  "t": 1.23499999999988,
  "thrust": [
    0.0,
    0.0,
    0.0,
    0.0
  ]
}