{
  "T_W_L": {
    "arm_motor_0": {
      "p": [
        -0.192092300544423,
        -0.0880724907161512,
        0.0231749193515331
      ],
      "q": [
        0.711654630240534,
        0.287292390703002,
        -0.545391661271408,
        0.336984725643429
      ]
    },
    "arm_motor_1": {
      "p": [
        -0.0692761221083815,
        0.118339290733709,
        0.0311603314666821
      ],
      "q": [
        -0.334021379747893,
        0.640314254584143,
        0.325230682682844,
        0.610452599543419
      ]
    },
    "arm_motor_2": {
      "p": [
        -0.0399639299037774,
        -0.0643733039215445,
        0.0194903178222122
      ],
      "q": [
        0.352968123822249,
        0.693856934436671,
        -0.182836634637229,
        0.600455513034961
      ]
    },
    "arm_motor_3": {
      "p": [
        -0.204025076413233,
        0.10556749344835,
        0.0469876289197673
      ],
      "q": [
        -0.57210852434593,
        0.300825878887832,
        0.635976906293756,
        0.421579175983717
      ]
    },
    "base_link": {
      "p": [
        -0.130049321566817,
        0.0140378687076133,
        0.0349069554166755
      ],
      "q": [
        -0.00859778662949095,
        0.00548760481028833,
        -0.614723515467911,
        0.788676716905788
      ]
    },
    "connecting_link_0": {
      "p": [
        -0.15130787104352,
        -0.0325619846776635,
        0.0356334116213423
      ],
      "q": [
        -0.117565672818278,
        0.0351377870093688,
        0.888865956993495,
        -0.441430582308144
      ]
    },
    "connecting_link_1": {
      "p": [
        -0.108790772090115,
        0.0606377220928901,
        0.0341804992120087
      ],
      "q": [
        -0.00621596150605267,
        0.0211153787767494,
        0.466161603855991,
        0.884425724236965
      ]
    },
    "connecting_link_2": {
      "p": [
        -0.0892571903742398,
        -0.0169407267453951,
        0.0343336696882758
      ],
      "q": [
        0.120301129696094,
        0.0660447784456114,
        -0.378871178098717,
        0.915217108581349
      ]
    },
    "connecting_link_3": {
      "p": [
        -0.170841452759395,
        0.0450164641606217,
        0.0354802411450753
      ],
      "q": [
        0.04516176597872,
        -0.0853854752271341,
        0.854245400257992,
        0.510817513063112
      ]
    }
  },
  "contacts": [
    {
      "f": [
        -0.0745116213656161,
        -0.158361196252762,
        0.218768749900503
      ],
      "link": "base_link",
      "p": [
        -0.119532980885991,
        0.0515366493775883,
        0.000562462500198993
      ]
    },
    {
      "f": [
        -0.522717012032276,
        0.268851785650875,
        0.734755866465622
      ],
      "link": "base_link",
      "p": [
        -0.100125505269377,
        -0.0085547644181515,
        0.00077019424954633
      ]
    },
    {
      "f": [
        0.29796904597151,
        -0.00876652298741161,
        0.372622472069714
      ],
      "link": "base_link",
      "p": [
        -0.115446038675127,
        0.04837568915291,
        0.000307774292668879
      ]
    },
    {
      "f": [
        -0.515827010927792,
        0.0613430294964884,
        0.64932714269093
      ],
      "link": "base_link",
      "p": [
        -0.0994550507182576,
        -0.013117237233795,
        0.000992543460018369
      ]
    },
    {
      "f": [
        0.699372118669659,
        0.07298858835885,
        0.878963073743631
      ],
      "link": "base_link",
      "p": [
        -0.100865011828376,
        -0.00946205609454938,
        0.000423723438169946
      ]
    },
    {
      "f": [
        -0.0264868336550912,
        -0.00146385397995571,
        0.0331590679892749
      ],
      "link": "base_link",
      "p": [
        -0.120021591954486,
        0.0519404797722683,
        0.00093368186402145
      ]
    },
    {
      "f": [
        -0.0524288625422639,
        -0.00183263571414203,
        0.0655761029874874
      ],
      "link": "base_link",
      "p": [
        -0.116254878768402,
        0.0524247311296726,
        0.000868847794025025
      ]
    }
  ],
  "idx": 4092,
  "state": [
    -0.130049321566817,
    0.0140378687076133,
    0.0349069554166755,
    0.788676716905788,
    -0.00859778662949095,
    0.00548760481028833,
    -0.614723515467911,
    0.0268040024837514,
    0.000109014960942199,
    0.010969270361505,
    -0.759301675642791,
    0.188967856673717,
    0.00325892410891372,
    0.98964340253166,
    0.0945828300755521,
    0.0930567150034802,
    -0.0547765631745772,
    0.99942805881598,
    -0.00124380412685871,
    0.0133789388181821,
    -0.0310324378468002,
    0.982838905733128,
    0.106896331422352,
    0.0902363979995433,
    -0.120242472453866,
    0.959211678258923,
    -0.0795457279616776,
    -0.0620966235047536,
    -0.264063331047793,
    0.148342250165455,
    0.360812678870615,
    -0.264068758389366,
    -0.0901470452042004,
    0.782544363777065,
    0.276256457027623,
    0.204594661194848,
    0.804311438595284,
    -0.223934865533816,
    -0.0965489867114908,
    0.419756400900579,
    0.29021817610444
  ],
  "t": 4.0930000000038,
  "thrust": [
    0.0,
    0.0,
    0.0,
    0.0
  ]
}