{
  "T_W_L": {
    "arm_motor_0": {
      "p": [
        -0.133427279426797,
        -0.114417197150536,
        0.0542054306607029
      ],
      "q": [
        -0.405585470067728,
        -0.491055296313179,
        0.688330357691393,
        -0.347226786284059
      ]
    },
    "arm_motor_1": {
      "p": [
        -0.0839644936075558,
        0.114932014091396,
        0.0840388176630176
      ],
      "q": [
        -0.198374475091812,
        0.526287575776407,
        0.722324374066543,
        0.402388436519761
      ]
    },
    "arm_motor_2": {
      "p": [
        -0.0104891898126921,
        -0.0548709339496084,
        0.00990335306165503
      ],
      "q": [
        0.27305517277347,
        0.709331298998419,
        -0.160142337396223,
        0.629797120234874
      ]
    },
    "arm_motor_3": {
      "p": [
        -0.148150756900845,
        0.0300559444473462,
        0.147420296827749
      ],
      "q": [
        -0.0609165215918064,
        0.0652965609889312,
        0.882130544906996,
        0.462462147923763
      ]
    },
    "base_link": {
      "p": [
        -0.105882731904755,
        0.0015779212628623,
        0.0496597387264893
      ],
      "q": [
        -0.0137186244135105,
        0.295784036558748,
        -0.495985110283978,
        0.816285718016556
      ]
    },
    "connecting_link_0": {
      "p": [
        -0.118213585930458,
        -0.0473798201575675,
        0.0409943135201226
      ],
      "q": [
        -0.199930827384521,
        0.101702114769547,
        -0.77351529985577,
        0.592754945151688
      ]
    },
    "connecting_link_1": {
      "p": [
        -0.0935518778790518,
        0.0505356626832921,
        0.0583251639328559
      ],
      "q": [
        0.370488526567039,
        0.0876099215515509,
        0.651032399670523,
        0.656673105819902
      ]
    },
    "connecting_link_2": {
      "p": [
        -0.0669101860240753,
        -0.0148920672333062,
        0.0207827557380538
      ],
      "q": [
        0.0798414315782516,
        0.056239157139806,
        -0.306316897034118,
        0.946906786119484
      ]
    },
    "connecting_link_3": {
      "p": [
        -0.144855277785435,
        0.0180479097590308,
        0.0785367217149247
      ],
      "q": [
        0.580686004691658,
        -0.280838479775555,
        0.666834975699384,
        0.373181761902423
      ]
    }
  },
  "contacts": [
    {
      "f": [
        -0.263681590344559,
        -0.320472859043071,
        0.518758786777806
      ],
      "link": "base_link",
      "p": [
        -0.0935192259106329,
        -0.000846896891294153,
        0.000543099053232084
      ]
    },
    {
      "f": [
        -0.256613062519554,
        -0.96071572831349,
        1.24299598657122
      ],
      "link": "base_link",
      "p": [
        -0.0922650596004641,
        -0.00489251719553962,
        -0.00129405360518103
      ]
    },
    {
      "f": [
        -0.290492616958905,
        -0.387119387063291,
        0.604988869148499
      ],
      "link": "base_link",
      "p": [
        -0.0942153172411522,
        -0.00179163555249414,
        0.00020692070531244
      ]
    },
    {
      "f": [
        0.112046482821598,
        -0.0341694208777092,
        0.146425981919027
      ],
      "link": "arm_motor_2",
      "p": [
        -0.0238295083615943,
        -0.0611800633836437,
        0.000707148036161946
      ]
    }
  ],
  "idx": 2555,
  "state": [
    -0.105882731904755,
    0.0015779212628623,
    0.0496597387264893,
    0.816285718016556,
    -0.0137186244135105,
    0.295784036558748,
    -0.495985110283978,
    0.0386028712180691,
    0.0627623872818208,
    0.000429947814185234,
    -0.926616488714213,
    -0.530014677251363,
    -0.918376003841812,
    0.983018758283808,
    0.0907219819716908,
    -0.158183842822753,
    -0.0205308236345778,
    0.983770068310332,
    0.0770004801450742,
    -0.049733896390456,
    0.154252774055886,
    0.962203222157431,
    0.0572986296286677,
    -0.229789178763275,
    -0.134457278106594,
    0.873852326490813,
    -0.217314619730553,
    -0.365864898876948,
    -0.235158124052135,
    -0.165801714684925,
    0.628342800740545,
    -0.20703278013944,
    0.397770835870839,
    0.270114661259921,
    0.171413237699805,
    -0.177276342706289,
    0.160372701773338,
    -0.197999139683047,
    0.092418224839776,
    -0.0968361084212785,
    -0.0244913133991351
  ],
  "t": 2.55600000000097,
  "thrust": [
    0.0,
    0.0,
    0.0,
    0.0
  ]
}