{
  "T_W_L": {
    "arm_motor_0": {
      "p": [
        -0.196114424758758,
        -0.0813381156391892,
        0.0106746214253764
      ],
      "q": [
        0.778687063224177,
        0.255987738997064,
        -0.496809246712608,
        0.285126826923262
      ]
    },
    "arm_motor_1": {
      "p": [
        -0.0764714673566442,
        0.115586318634626,
        0.00621336865092307
      ],
      "q": [
        -0.414307891784207,
        0.727603091671198,
        0.26607534181472,
        0.477646966151801
      ]
    },
    "arm_motor_2": {
      "p": [
        -0.0479930299622502,
        -0.066443007247521,
        0.00954002543875845
      ],
      "q": [
        0.411007098062617,
        0.717287229029836,
        -0.191296968260384,
        0.529129158473837
      ]
    },
    "arm_motor_3": {
      "p": [
        -0.206320373553808,
        0.1047527425266,
        0.021722588902409
      ],
      "q": [
        0.693454609336888,
        -0.325511239052898,
        -0.528125733435303,
        -0.366396435194304
      ]
    },
    "base_link": {
      "p": [
        -0.130933069425286,
        0.0141639063854919,
        0.0345498337589076
      ],
      "q": [
        -0.000328982893067754,
        -0.00654554901590235,
        -0.614514599253358,
        0.788878225623462
      ]
    },
    "connecting_link_0": {
      "p": [
        -0.152172630141231,
        -0.0324498850196955,
        0.0347382785183096
      ],
      "q": [
        -0.199317715521388,
        0.0206044466702057,
        0.901912090134719,
        -0.382625778961078
      ]
    },
    "connecting_link_1": {
      "p": [
        -0.10969350870934,
        0.0607776977906794,
        0.0343613889995055
      ],
      "q": [
        -0.104816241275998,
        0.176745671353882,
        0.481103598283432,
        0.852240488912121
      ]
    },
    "connecting_link_2": {
      "p": [
        -0.0901208746145297,
        -0.0167863075381286,
        0.0352199179409601
      ],
      "q": [
        0.155358522678535,
        0.133047847625124,
        -0.425893289633226,
        0.881349479785887
      ]
    },
    "connecting_link_3": {
      "p": [
        -0.171745264236041,
        0.0451141203091125,
        0.0338797495768551
      ],
      "q": [
        -0.11690516927596,
        -0.0289101994417302,
        0.863787744138404,
        0.48925260841521
      ]
    }
  },
  "contacts": [
    {
      "f": [
        -0.0652549630663054,
        -0.279750321163266,
        0.359075315036187
      ],
      "link": "base_link",
      "p": [
        -0.119445352890316,
        0.0516105838556751,
        0.000460614319380173
      ]
    },
    {
      "f": [
        0.334691529128019,
        -0.0594027538641331,
        0.424902758795862
      ],
      "link": "base_link",
      "p": [
        -0.115350613860686,
        0.0484521249826771,
        0.000330683234545923
      ]
    },
    {
      "f": [
        -0.137054305435589,
        -0.0644676826520094,
        0.189324311471051
      ],
      "link": "base_link",
      "p": [
        -0.145792818154818,
        -0.0207607084175332,
        0.000621351377057898
      ]
    },
    {
      "f": [
        -0.00749823078632713,
        -0.00775734208323911,
        0.0134860935968209
      ],
      "link": "base_link",
      "p": [
        -0.100740530725725,
        -0.00937483609649698,
        0.000973027812806358
      ]
    },
    {
      "f": [
        -0.0824516846193608,
        -0.118992436901011,
        0.180958732934696
      ],
      "link": "base_link",
      "p": [
        -0.119944844387356,
        0.052014706479221,
        0.000816727685490945
      ]
    },
    {
      "f": [
        -0.0759972590533848,
        -0.110695647214831,
        0.167840650320185
      ],
      "link": "base_link",
      "p": [
        -0.116178165918741,
        0.0525015520199778,
        0.000860838835087877
      ]
    },
    {
      "f": [
        -0.188923085704685,
        -0.0541703299085478,
        0.245669865350906
      ],
      "link": "base_link",
      "p": [
        -0.161325702683272,
        0.041309162338897,
        0.000508660269298189
      ]
    },
    {
      "f": [
        -0.0506685221161306,
        0.111867584340909,
        0.153509240151974
      ],
      "link": "arm_motor_0",
      "p": [
        -0.218774548215282,
        -0.0621309928010103,
        0.000692981519696052
      ]
    },
    {
      "f": [
        0.172890863416818,
        0.310290278827354,
        0.444007509416666
      ],
      "link": "arm_motor_1",
      "p": [
        -0.0689337158242941,
        0.100902906573776,
        0.000743532075638778
      ]
    },
    {
      "f": [
        -0.0220663552627314,
        0.250207293602961,
        0.313973062655011
      ],
      "link": "arm_motor_2",
      "p": [
        -0.070221544634138,
        -0.0865395077109002,
        0.000372053874689977
      ]
    }
  ],
  "idx": 4709,
  "state": [
    -0.130933069425286,
    0.0141639063854919,
    0.0345498337589076,
    0.788878225623462,
    -0.000328982893067754,
    -0.00654554901590235,
    -0.614514599253358,
    0.00141383697512489,
    0.00164117183186011,
    0.000484361565594158,
    -0.0517394864889184,
    -0.0364605805424165,
    0.000996675413555314,
    0.973782496815682,
    0.10990435177339,
    0.163537588223369,
    -0.113684385888172,
    0.978893786418418,
    0.0024217318578269,
    0.204352771143414,
    -0.00101737516640438,
    0.961612910868078,
    0.114347840442755,
    0.17597384545294,
    -0.176800415028941,
    0.963362637146256,
    -0.0584772564325507,
    0.0985210257558346,
    -0.242500406834196,
    -0.00806764409018855,
    0.0844750373440378,
    -0.204971814685436,
    -0.0149372967678069,
    0.0259033125422641,
    -0.112627907220236,
    -0.00517646199527253,
    0.056846237338756,
    -0.16797558030461,
    -0.106999361896213,
    0.562386365790676,
    -0.0335499346358567
  ],
  "t": 4.71000000000236,
  "thrust": [
    0.0,
    0.0,
    0.0,
    0.0
  ]
}