{
  "T_W_L": {
    "arm_motor_0": {
      "p": [
        -0.05544869877962,
        -0.0718834510691707,
        0.0193907828198675
      ],
      "q": [
        0.117177805308797,
        0.834307550532785,
        -0.385351689595547,
        0.376436380272757
      ]
    },
    "arm_motor_1": {
      "p": [
        -0.159416533306076,
        0.102069766056327,
        0.148956071468653
      ],
      "q": [
        -0.189938117529717,
        0.382180990754854,
        0.902053311345838,
        0.064506009835638
      ]
    },
    "arm_motor_2": {
      "p": [
        -0.0316278259995692,
        0.0694646233878774,
        0.0137482342441757
      ],
      "q": [
        -0.0482143387688905,
        0.835636661949303,
        0.198078239682243,
        0.510050740326577
      ]
    },
    "arm_motor_3": {
      "p": [
        -0.166102482811312,
        -0.0489596844404679,
        0.165359795314767
      ],
      "q": [
        -0.193591416134598,
        -0.277456479135973,
        0.940341696051959,
        -0.0360244424050621
      ]
    },
    "base_link": {
      "p": [
        -0.115988555881315,
        0.0156959999294029,
        0.0766091239025269
      ],
      "q": [
        -0.0379448082303778,
        0.438346534417673,
        -0.0458540179116445,
        0.896833271201361
      ]
    },
    "connecting_link_0": {
      "p": [
        -0.0930959656533329,
        -0.0206977972325275,
        0.0487627445904877
      ],
      "q": [
        -0.189627572116298,
        0.323763809400686,
        -0.355342013593112,
        0.856125243753055
      ]
    },
    "connecting_link_1": {
      "p": [
        -0.138881146109297,
        0.0520897970913333,
        0.104455503214566
      ],
      "q": [
        0.503541482533352,
        0.224630133221284,
        0.772154544355492,
        0.315855407185416
      ]
    },
    "connecting_link_2": {
      "p": [
        -0.0899611901404373,
        0.0428487756403965,
        0.0418340897001129
      ],
      "q": [
        0.1059697805909,
        0.230224013038301,
        0.174155152378716,
        0.951544687506584
      ]
    },
    "connecting_link_3": {
      "p": [
        -0.142015921622193,
        -0.0114567757815906,
        0.111384158104941
      ],
      "q": [
        0.528032186782519,
        -0.170718230368106,
        0.801811793039081,
        -0.221664485394274
      ]
    }
  },
  "contacts": [
    {
      "f": [
        0.830145780280127,
        -0.730420420039697,
        1.38217220714345
      ],
      "link": "arm_motor_0",
      "p": [
        -0.0402800428663587,
        -0.053943087825839,
        -0.00154594555385167
      ]
    },
    {
      "f": [
        0.504098929291117,
        -0.200266260699121,
        0.678028283064739
      ],
      "link": "arm_motor_2",
      "p": [
        -0.0207291398910773,
        0.0430842323397128,
        0.000812952753346745
      ]
    }
  ],
  "idx": 622,
  "state": [
    -0.115988555881315,
    0.0156959999294029,
    0.0766091239025269,
    0.896833271201361,
    -0.0379448082303778,
    0.438346534417673,
    -0.0458540179116445,
    -0.342979985624352,
    0.0426235496750182,
    -0.372054209959041,
    0.0677189877508068,
    -3.43156313151528,
    -0.299710288422182,
    0.996215005761821,
    0.0337482601820987,
    -0.072752211156936,
    0.0335236185611542,
    0.990182905067185,
    0.0964032736538479,
    -0.0843339708148726,
    0.055964316382215,
    0.968147878570094,
    -0.0403970734767139,
    -0.213148584109055,
    -0.125001771055646,
    0.989271720649202,
    -0.103918077022593,
    -0.0884690956356224,
    -0.052112523534263,
    0.449061645460601,
    -1.21868903146395,
    0.467372537995203,
    0.182387063810648,
    -0.470126873496821,
    0.315281611397294,
    -0.0293786487615733,
    -0.618034933788405,
    -0.179110595517533,
    -0.371240514403475,
    -0.407349725953388,
    -0.403689906771423
  ],
  "t": 0.622999999999948,
  "thrust": [
    0.0,
    0.0,
    0.0,
    0.0
  ]
}