{
  "T_W_L": {
    "arm_motor_0": {
      "p": [
        -0.195849185868761,
        -0.086241785139038,
        0.0458997795092429
      ],
      "q": [
        -0.608335589783578,
        -0.259784952404591,
        0.667449864860526,
        -0.341979921346966
      ]
    },
    "arm_motor_1": {
      "p": [
        -0.0755964180174265,
        0.120017441796851,
        0.0490424357841069
      ],
      "q": [
        -0.297948116633477,
        0.548787057810194,
        0.434127576631485,
        0.649301880624621
      ]
    },
    "arm_motor_2": {
      "p": [
        -0.0502054913844345,
        -0.0763150939596812,
        0.0373296883930049
      ],
      "q": [
        0.33940308957621,
        0.597019764859463,
        -0.323691530591625,
        0.65084309643456
      ]
    },
    "arm_motor_3": {
      "p": [
        -0.202958993714171,
        0.0886811182757127,
        0.0808502831062345
      ],
      "q": [
        -0.38614222276484,
        0.201950192797347,
        0.815934696866441,
        0.379948514771162
      ]
    },
    "base_link": {
      "p": [
        -0.129408011311444,
        0.0133689367687681,
        0.0353961584889764
      ],
      "q": [
        -0.0221925404411332,
        0.0198233306486179,
        -0.62142710118498,
        0.782906689602022
      ]
    },
    "connecting_link_0": {
      "p": [
        -0.151442268124698,
        -0.0328413067459593,
        0.0371582370902893
      ],
      "q": [
        0.0418001047718367,
        0.0581206199185716,
        0.902116546318008,
        -0.425512022909593
      ]
    },
    "connecting_link_1": {
      "p": [
        -0.107373754498191,
        0.0595791802834954,
        0.0336340798876636
      ],
      "q": [
        0.0962934196229134,
        -0.0710747128218455,
        0.517655687049498,
        0.847176812831849
      ]
    },
    "connecting_link_2": {
      "p": [
        -0.0892240915422187,
        -0.0183343180660744,
        0.0333574763515465
      ],
      "q": [
        0.0111097499010131,
        -0.0380588427428035,
        -0.468878702488994,
        0.882372291211852
      ]
    },
    "connecting_link_3": {
      "p": [
        -0.16959193108067,
        0.0450721916036105,
        0.0374348406264064
      ],
      "q": [
        0.303909172940186,
        -0.125863820507512,
        0.849996741379115,
        0.411464522085381
      ]
    }
  },
  "contacts": [
    {
      "f": [
        -0.265287453329292,
        -0.140116150638164,
        0.37502076726579
      ],
      "link": "base_link",
      "p": [
        -0.11958813140659,
        0.050548823461982,
        0.000503148431459051
      ]
    },
    {
      "f": [
        0.117510821159546,
        0.293283329657855,
        0.394936514963143
      ],
      "link": "base_link",
      "p": [
        -0.101253096348717,
        -0.00987809026120726,
        0.000210126970073714
      ]
    },
    {
      "f": [
        -0.349928690703702,
        -0.0810038701795774,
        0.448977511201976
      ],
      "link": "base_link",
      "p": [
        -0.115570889705012,
        0.0473145511496363,
        0.000102044977596048
      ]
    },
    {
      "f": [
        0.220161115385401,
        0.0654374729284172,
        0.287100210050322
      ],
      "link": "base_link",
      "p": [
        -0.100655202680173,
        -0.0144509575407689,
        0.000425799579899355
      ]
    },
    {
      "f": [
        -0.451146952454588,
        -0.115788180100798,
        0.582210866224758
      ],
      "link": "base_link",
      "p": [
        -0.102021575768045,
        -0.0107733009379703,
        -0.000103125940974419
      ]
    },
    {
      "f": [
        0.168075221385864,
        0.0447933612820476,
        0.217427161865658
      ],
      "link": "base_link",
      "p": [
        -0.120054558514837,
        0.0509626553143341,
        0.000891494321962734
      ]
    },
    {
      "f": [
        0.121096314423067,
        0.0452184825173873,
        0.161579259421004
      ],
      "link": "base_link",
      "p": [
        -0.116285329981044,
        0.0513793944149391,
        0.000676841481157993
      ]
    }
  ],
  "idx": 3354,
  "state": [
    -0.129408011311444,
    0.0133689367687681,
    0.0353961584889764,
    0.782906689602022,
    -0.0221925404411332,
    0.0198233306486179,
    -0.62142710118498,
    -0.0724582421232894,
    -0.0194562003837599,
    -0.0436558010507994,
    2.1390770440337,
    0.0772234023791259,
    0.00180803663661343,
    0.995395634555612,
    0.0513002714998487,
    -0.0435790406713698,
    -0.0682398715256395,
    0.990475109685333,
    0.0267662261103843,
    -0.127563026910766,
    0.0443880659524482,
    0.975618883084565,
    0.0450926969947909,
    -0.0511265780291763,
    -0.208615715289113,
    0.936425673161321,
    -0.0595514741003682,
    -0.309174538021391,
    -0.15482792259828,
    -0.0875038967249873,
    0.290612135913787,
    -0.154828281669578,
    0.218843603509236,
    0.751832914906221,
    0.1977875177549,
    -0.151526027882724,
    0.671758648093084,
    -0.28484698675895,
    0.278371742185144,
    0.296049485347126,
    0.187954590589166
  ],
  "t": 3.35500000000266,
  "thrust": [
    0.0,
    0.0,
    0.0,
    0.0
  ]
}