{
  "T_W_L": {
    "arm_motor_0": {
      "p": [
        -0.189492152738766,
        -0.0849177780710282,
        0.0593504017268405
      ],
      "q": [
        -0.558680751203598,
        -0.26665104121535,
        0.706408858616545,
        -0.343161135505497
      ]
    },
    "arm_motor_1": {
      "p": [
        -0.0698820303629819,
        0.12040812210434,
        0.0447054713993299
      ],
      "q": [
        -0.274828443559838,
        0.577647374339107,
        0.440857004469049,
        0.629633178239671
      ]
    },
    "arm_motor_2": {
      "p": [
        -0.045445521804678,
        -0.0745362807569237,
        0.035999667208624
      ],
      "q": [
        0.303406761458326,
        0.615940158003687,
        -0.348599584164103,
        0.637997169884302
      ]
    },
    "arm_motor_3": {
      "p": [
        -0.192673599885466,
        0.0909715718792737,
        0.0892841110947373
      ],
      "q": [
        -0.339664007969834,
        0.232371789259959,
        0.831807731217668,
        0.372461557120342
      ]
    },
    "base_link": {
      "p": [
        -0.125444612060301,
        0.0144118546980063,
        0.0374983251042777
      ],
      "q": [
        -0.0676045762029539,
        0.0535898445413276,
        -0.619251816000545,
        0.780438939455536
      ]
    },
    "connecting_link_0": {
      "p": [
        -0.147050766660544,
        -0.0317062730611566,
        0.0430021760633711
      ],
      "q": [
        0.104459546523549,
        0.0541008065017846,
        0.894553441912467,
        -0.43120232540944
      ]
    },
    "connecting_link_1": {
      "p": [
        -0.103838457460057,
        0.0605299824571691,
        0.0319944741451842
      ],
      "q": [
        0.117399921289546,
        -0.036759514463523,
        0.506066033497758,
        0.853676265523096
      ]
    },
    "connecting_link_2": {
      "p": [
        -0.085653606749327,
        -0.0173758014251315,
        0.0320009789682571
      ],
      "q": [
        -0.0319561513962164,
        -0.0155966626734947,
        -0.461038108366279,
        0.886667587732536
      ]
    },
    "connecting_link_3": {
      "p": [
        -0.165235617371274,
        0.0461995108211441,
        0.0429956712402982
      ],
      "q": [
        0.347998164026939,
        -0.0990584248289257,
        0.828355610747881,
        0.427681760713263
      ]
    }
  },
  "contacts": [
    {
      "f": [
        0.273612841138456,
        0.0485307289244332,
        0.347354327573523
      ],
      "link": "base_link",
      "p": [
        -0.119581329380921,
        0.050549343430098,
        0.000674419946084082
      ]
    },
    {
      "f": [
        0.331621275289758,
        -0.0975643900032827,
        0.432094246847401
      ],
      "link": "base_link",
      "p": [
        -0.101253121680897,
        -0.00987795154256623,
        0.000135811506305199
      ]
    },
    {
      "f": [
        -0.41283738707775,
        -0.111843677314752,
        0.534649003325532
      ],
      "link": "base_link",
      "p": [
        -0.115624791304002,
        0.047300909605519,
        -6.9298006651064e-05
      ]
    },
    {
      "f": [
        0.243504007638277,
        0.0562656225097944,
        0.312400039043284
      ],
      "link": "base_link",
      "p": [
        -0.100625008118588,
        -0.014443158350276,
        0.000417710115176127
      ]
    },
    {
      "f": [
        -0.451543185669102,
        -0.150523706207455,
        0.594964067526651
      ],
      "link": "base_link",
      "p": [
        -0.102049236427544,
        -0.0107811776313312,
        -6.53702591339664e-05
      ]
    },
    {
      "f": [
        0.212260813223649,
        0.0361335571505506,
        0.26914298820143
      ],
      "link": "base_link",
      "p": [
        -0.116281201019979,
        0.0513814633925072,
        0.00046171402359714
      ]
    }
  ],
  "idx": 3297,
  "state": [
    -0.125444612060301,
    0.0144118546980063,
    0.0374983251042777,
    0.780438939455536,
    -0.0676045762029539,
    0.0535898445413276,
    -0.619251816000545,
    -0.066563110843185,
    -0.0173614491904878,
    -0.0311892042551262,
    1.84733564327954,
    0.0532979682770508,
    -0.000439908517311132,
    0.99506789047535,
    0.0534675919722537,
    -0.0531239581337413,
    -0.0644899606592423,
    0.988048885309471,
    0.022268441270814,
    -0.147700560352033,
    0.0380533997663378,
    0.975672645894148,
    0.0456006995940685,
    -0.0711779726222536,
    -0.202279906228548,
    0.932600122847715,
    -0.0667270556471449,
    -0.315971806146904,
    -0.161140710651756,
    -0.118910322223118,
    0.350639390998434,
    -0.133337533246685,
    0.2073518879748,
    0.663915530159418,
    0.155313690466679,
    -0.195268392974883,
    0.671748263921471,
    -0.212170517822427,
    0.273113646108256,
    0.285358609390878,
    0.140312276572993
  ],
  "t": 3.29800000000254,
  "thrust": [
    0.0,
    0.0,
    0.0,
    0.0
  ]
}