{
  "T_W_L": {
    "arm_motor_0": {
      "p": [
        -0.187950758609453,
        -0.0744816988673917,
        0.158295659217465
      ],
      "q": [
        0.376544015742492,
        0.101043561623585,
        -0.0962641506570399,
        0.91582641158749
      ]
    },
    "arm_motor_1": {
      "p": [
        -0.260486598988825,
        0.105060305731371,
        0.0177854213507707
      ],
      "q": [
        0.850798882179277,
        -0.182955963441476,
        -0.354639541743887,
        -0.341905210482935
      ]
    },
    "arm_motor_2": {
      "p": [
        -0.18311016641556,
        0.0496902686228103,
        0.190116791279331
      ],
      "q": [
        -0.0848214034379853,
        0.0395167842412986,
        0.0574738780920777,
        0.993951963939452
      ]
    },
    "arm_motor_3": {
      "p": [
        -0.289986590495685,
        -0.0331804272578888,
        0.00756046688628835
      ],
      "q": [
        0.857196363295511,
        0.107361800648447,
        -0.478616103099282,
        0.156889975360222
      ]
    },
    "base_link": {
      "p": [
        -0.211416892885621,
        0.0152052920539725,
        0.0816934176570538
      ],
      "q": [
        0.049176220910097,
        -0.495756441292358,
        -0.100009668484913,
        0.861281206356946
      ]
    },
    "connecting_link_0": {
      "p": [
        -0.195831452772795,
        -0.0248410830340173,
        0.109574986816654
      ],
      "q": [
        0.198187793231974,
        -0.576138478403978,
        -0.334325860661486,
        0.719035653642534
      ]
    },
    "connecting_link_1": {
      "p": [
        -0.227002332998446,
        0.0552516671419622,
        0.0538118484974535
      ],
      "q": [
        -0.350837634170909,
        -0.112394090447512,
        0.852373683858893,
        0.371132895263483
      ]
    },
    "connecting_link_2": {
      "p": [
        -0.187926554258178,
        0.0375691269508197,
        0.121342665819845
      ],
      "q": [
        -0.0193376206207623,
        -0.674887587767566,
        0.100617958500756,
        0.730772759982981
      ]
    },
    "connecting_link_3": {
      "p": [
        -0.234907231513063,
        -0.00715854284287477,
        0.0420441694942621
      ],
      "q": [
        -0.267696669208122,
        0.0350217081984883,
        0.944562053381285,
        -0.186854222756318
      ]
    }
  },
  "contacts": [
    {
      "f": [
        -0.315933583894246,
        0.43694929117655,
        0.674002402272184
      ],
      "link": "arm_motor_1",
      "p": [
        -0.277570261646872,
        0.0858348362554838,
        -0.000348004804544368
      ]
    },
    {
      "f": [
        -0.740239345427618,
        1.01318584818057,
        1.56848845004539
      ],
      "link": "arm_motor_3",
      "p": [
        -0.302156787505388,
        -0.00597980618506165,
        -0.00213697690009077
      ]
    },
    {
      "f": [
        -0.0848961908561645,
        -0.0883107926193435,
        0.153124537320439
      ],
      "link": "arm_motor_3",
      "p": [
        -0.285686687257387,
        -0.0177954201364833,
        0.000693750925359123
      ]
    }
  ],
  "idx": 1152,
  "state": [
    -0.211416892885621,
    0.0152052920539725,
    0.0816934176570538,
    0.861281206356946,
    0.049176220910097,
    -0.495756441292358,
    -0.100009668484913,
    -0.0617337389892683,
    -0.00973306560961298,
    0.0482361346859559,
    0.549169253319636,
    -1.37537788582924,
    -0.211397720058953,
    0.985360152087428,
    0.0773267306091124,
    -0.115576989607338,
    0.0986301520066367,
    0.982762516308596,
    0.130253545008429,
    -0.0687790886639238,
    0.111719682751494,
    0.957927699163402,
    -0.022793607179073,
    -0.224321340320344,
    -0.177580716645025,
    0.964780438095846,
    -0.132679448099258,
    -0.208493265357019,
    -0.0901411594136209,
    0.317758203727425,
    -0.453672759759075,
    0.462931669793805,
    -0.160852485510945,
    -0.753166532422838,
    0.351534066873155,
    -0.228968818023459,
    -0.621369645335356,
    -0.282476061179947,
    -0.0051160552270062,
    -1.33779898652473,
    -0.51552305501581
  ],
  "t": 1.15299999999989,
  "thrust": [
    0.0,
    0.0,
    0.0,
    0.0
  ]
}