{
  "T_W_L": {
    "arm_motor_0": {
      "p": [
        -0.192186691478988,
        -0.088151161259145,
        0.0229179407008461
      ],
      "q": [
        0.712177110382445,
        0.286553545228804,
        -0.544001306596131,
        0.338752723362952
      ]
    },
    "arm_motor_1": {
      "p": [
        -0.0693558173285237,
        0.11828445102636,
        0.03189257577898
      ],
      "q": [
        -0.333300616049612,
        0.636815261720808,
        0.324732183296982,
        0.614756887648755
      ]
    },
    "arm_motor_2": {
      "p": [
        -0.03998545149441,
        -0.0643899680247957,
        0.0204511735043794
      ],
      "q": [
        0.351779821204765,
        0.690480901019882,
        -0.182684507876626,
        0.605073097486403
      ]
    },
    "arm_motor_3": {
      "p": [
        -0.204186100330975,
        0.105606745301859,
        0.0466634439609274
      ],
      "q": [
        -0.57244609272123,
        0.299730323946401,
        0.634944574008415,
        0.423453175419025
      ]
    },
    "base_link": {
      "p": [
        -0.13027415968104,
        0.0140477374138545,
        0.0348205086737965
      ],
      "q": [
        -0.00669990482361351,
        0.00281965211327079,
        -0.614749241764705,
        0.788689121636044
      ]
    },
    "connecting_link_0": {
      "p": [
        -0.15153706361534,
        -0.0325519198449203,
        0.0354212246178702
      ],
      "q": [
        -0.118918251288801,
        0.03691039283102,
        0.888252277025734,
        -0.442158302839687
      ]
    },
    "connecting_link_1": {
      "p": [
        -0.10901125574674,
        0.0606473946726292,
        0.0342197927297228
      ],
      "q": [
        -0.00605879690352592,
        0.0155976258882983,
        0.465299454661143,
        0.88499515396344
      ]
    },
    "connecting_link_2": {
      "p": [
        -0.0894791886568716,
        -0.0169309942737107,
        0.0345229819235912
      ],
      "q": [
        0.119568442721191,
        0.060392437044771,
        -0.37792335139577,
        0.916095017737141
      ]
    },
    "connecting_link_3": {
      "p": [
        -0.171069130705209,
        0.0450264691014196,
        0.0351180354240018
      ],
      "q": [
        0.0441930999320292,
        -0.0874852672640281,
        0.853754127985878,
        0.51136795644351
      ]
    }
  },
  "contacts": [
    {
      "f": [
        -0.160166140073248,
        0.0947181084548282,
        0.232596460148875
      ],
      "link": "base_link",
      "p": [
        -0.119533310063453,
        0.0515366822167306,
        0.00053480707970225
      ]
    },
    {
      "f": [
        -0.661093450561759,
        0.0860408647450396,
        0.833336273644349
      ],
      "link": "base_link",
      "p": [
        -0.100127682016569,
        -0.0085546568534861,
        0.000886720583617127
      ]
    },
    {
      "f": [
        0.276582367874983,
        -0.0131108529339566,
        0.346116176043149
      ],
      "link": "base_link",
      "p": [
        -0.115444792946919,
        0.0483756518239273,
        0.000307767647913702
      ]
    },
    {
      "f": [
        -0.296264688990567,
        0.726732011923804,
        0.981000910340985
      ],
      "link": "base_link",
      "p": [
        -0.100864907176498,
        -0.00946204825718827,
        0.000535679184272511
      ]
    },
    {
      "f": [
        -0.03866688372369,
        0.00440976673534062,
        0.0486469092601453
      ],
      "link": "base_link",
      "p": [
        -0.120024338772112,
        0.0519406186451239,
        0.000902706181479709
      ]
    },
    {
      "f": [
        -0.0546648403883869,
        0.00649277310634802,
        0.0688113462357673
      ],
      "link": "base_link",
      "p": [
        -0.116257281448046,
        0.0524248538763075,
        0.000862377307528465
      ]
    }
  ],
  "idx": 4084,
  "state": [
    -0.13027415968104,
    0.0140477374138545,
    0.0348205086737965,
    0.788689121636044,
    -0.00669990482361351,
    0.00281965211327079,
    -0.614749241764705,
    0.029232329428192,
    -0.0026996757137585,
    0.0119373519767755,
    -0.807395330157137,
    0.284206322199895,
    0.00687779138638761,
    0.989872115494271,
    0.0940283450333287,
    0.0916587491342943,
    -0.0539494115290144,
    0.999436044557585,
    -0.000992501597511526,
    0.0101419296938397,
    -0.0319960785371057,
    0.983311465636167,
    0.105815902731144,
    0.0872304810824951,
    -0.119550823701732,
    0.958815228256263,
    -0.0795730507601903,
    -0.0640815773904078,
    -0.265018941013211,
    0.133311106369725,
    0.313936567331818,
    -0.188582312720478,
    -0.0945375743231297,
    0.837253701111853,
    0.201854850916639,
    0.199899152246841,
    0.719142854323034,
    -0.261413622663784,
    -0.109426344499773,
    0.516750618659708,
    0.302049540494789
  ],
  "t": 4.08500000000382,
  "thrust": [
    0.0,
    0.0,
    0.0,
    0.0
  ]
}