{
  "T_W_L": {
    "arm_motor_0": {
      "p": [
        -0.185454162000875,
        -0.0853930811475244,
        0.137267571042448
      ],
      "q": [
        0.389154565327401,
        0.0237408333762376,
        -0.0543661760483304,
        0.919260254779529
      ]
    },
    "arm_motor_1": {
      "p": [
        -0.261993229037862,
        0.0994136376206216,
        0.0189625979381146
      ],
      "q": [
        0.816353169467367,
        -0.0868760042328331,
        -0.427797739601947,
        -0.378165514795553
      ]
    },
    "arm_motor_2": {
      "p": [
        -0.191354204750559,
        0.0233161782457867,
        0.178499465973155
      ],
      "q": [
        0.0102886312667736,
        -0.0773421689278557,
        0.0409707029137508,
        0.996109298458229
      ]
    },
    "arm_motor_3": {
      "p": [
        -0.28843455909716,
        -0.0265029723387083,
        0.00597300129717968
      ],
      "q": [
        0.780292252166965,
        0.0964907892289765,
        -0.612539312725181,
        0.0814194028984284
      ]
    },
    "base_link": {
      "p": [
        -0.201623759421869,
        0.00793029162281869,
        0.0659340233109619
      ],
      "q": [
        0.121718532795238,
        -0.504375773378936,
        -0.117906262280671,
        0.846692264826824
      ]
    },
    "connecting_link_0": {
      "p": [
        -0.185547564251008,
        -0.0351295778997553,
        0.0885482574462862
      ],
      "q": [
        0.236731140321753,
        -0.633227855558521,
        -0.313616523823665,
        0.666802464101236
      ]
    },
    "connecting_link_1": {
      "p": [
        -0.217699954592731,
        0.0509901611453927,
        0.0433197891756377
      ],
      "q": [
        -0.274750179324693,
        -0.20597278820741,
        0.87974754462232,
        0.328834011638265
      ]
    },
    "connecting_link_2": {
      "p": [
        -0.180627443785787,
        0.0251946092476592,
        0.109351739357049
      ],
      "q": [
        0.0362458227981562,
        -0.75904481186335,
        0.0216955009224291,
        0.649666467622226
      ]
    },
    "connecting_link_3": {
      "p": [
        -0.222620075057952,
        -0.00933402600202186,
        0.0225163072648753
      ],
      "q": [
        -0.118619241043262,
        -0.0106570794762128,
        0.984880644585908,
        -0.12580150329549
      ]
    }
  },
  "contacts": [
    {
      "f": [
        -0.0976251446055305,
        0.982797723267417,
        1.23454320608302
      ],
      "link": "arm_motor_1",
      "p": [
        -0.277098445868963,
        0.0808483460902304,
        -0.00146908641216603
      ]
    },
    {
      "f": [
        -0.819962902581755,
        0.397244101325284,
        1.1389016348329
      ],
      "link": "arm_motor_3",
      "p": [
        -0.284565049098089,
        -0.0111305246694774,
        -0.0011722170407262
      ]
    }
  ],
  "idx": 1401,
  "state": [
    -0.201623759421869,
    0.00793029162281869,
    0.0659340233109619,
    0.846692264826824,
    0.121718532795238,
    -0.504375773378936,
    -0.117906262280671,
    0.107495046719791,
    -0.05442252599092,
    -0.173618271048291,
    0.174834177390435,
    1.10936721165077,
    -0.801094417136181,
    0.965184802674094,
    0.113433645148957,
    -0.180415081597299,
    0.15166246459632,
    0.968997147120329,
    0.135871042980159,
    -0.155170866668082,
    0.1360352553187,
    0.928313524755336,
    -0.0698105352746652,
    -0.304554484180059,
    -0.201511922939581,
    0.901852284355881,
    -0.12713019102513,
    -0.394244295975194,
    -0.122767287267482,
    0.258711421183929,
    -0.47958068021578,
    0.447880525656863,
    0.180890883099256,
    -0.521295492548761,
    0.200829457372141,
    -0.286041547480939,
    -0.761930417430826,
    0.0143541185352077,
    0.187502517333548,
    -1.5763915277497,
    -0.415413080878555
  ],
  "t": 1.40199999999986,
  "thrust": [
    0.0,
    0.0,
    0.0,
    0.0
  ]
}