{
  "T_W_L": {
    "arm_motor_0": {
      "p": [
        -0.174495150298615,
        -0.0747225379083906,
        0.150337937106689
      ],
      "q": [
        0.377763633325587,
        0.159316086701343,
        -0.123902882625708,
        0.903637702584316
      ]
    },
    "arm_motor_1": {
      "p": [
        -0.25874432732336,
        0.105530277776106,
        0.0156965429173681
      ],
      "q": [
        0.837037558395005,
        -0.220098965193305,
        -0.377735944879493,
        -0.328998673710034
      ]
    },
    "arm_motor_2": {
      "p": [
        -0.16481106297902,
        0.0527537762978135,
        0.180985947830901
      ],
      "q": [
        -0.0971391073964355,
        0.107791989921407,
        0.0645529797990024,
        0.987308357871074
      ]
    },
    "arm_motor_3": {
      "p": [
        -0.289208110327577,
        -0.0350464994658302,
        0.00790481949866842
      ],
      "q": [
        0.847128867364723,
        0.123372503213682,
        -0.490318374855244,
        0.163523083408625
      ]
    },
    "base_link": {
      "p": [
        -0.206357116795532,
        0.0155843052229791,
        0.0772186084872036
      ],
      "q": [
        0.0374129239837334,
        -0.451323833881828,
        -0.100767487510912,
        0.885862846918152
      ]
    },
    "connecting_link_0": {
      "p": [
        -0.188097273021801,
        -0.0241683721303052,
        0.103870114047014
      ],
      "q": [
        0.179506658296992,
        -0.526314861974579,
        -0.35473179532339,
        0.751621832491827
      ]
    },
    "connecting_link_1": {
      "p": [
        -0.224616960569262,
        0.0553369825762635,
        0.050567102927393
      ],
      "q": [
        -0.324775285526742,
        -0.0770037223614175,
        0.858974581771136,
        0.388270664002074
      ]
    },
    "connecting_link_2": {
      "p": [
        -0.178832526900311,
        0.0383527397518996,
        0.11393366452968
      ],
      "q": [
        -0.0230418717967551,
        -0.621911987941772,
        0.114333571320101,
        0.77435288200381
      ]
    },
    "connecting_link_3": {
      "p": [
        -0.233881706690752,
        -0.00718412930594135,
        0.0405035524447272
      ],
      "q": [
        -0.252303118851964,
        0.0283907475244191,
        0.945718014452986,
        -0.202865814793126
      ]
    }
  },
  "contacts": [
    {
      "f": [
        -0.241122395627215,
        0.511664967022984,
        0.707041644980643
      ],
      "link": "arm_motor_1",
      "p": [
        -0.278012754870132,
        0.0865706687718306,
        -0.000414083289961287
      ]
    },
    {
      "f": [
        -0.500593413610544,
        1.06080214336975,
        1.46623185897138
      ],
      "link": "arm_motor_3",
      "p": [
        -0.302566564309082,
        -0.00827445671774246,
        -0.00141383557119393
      ]
    },
    {
      "f": [
        0.036308513473334,
        -0.0310817225732025,
        0.0597440063515894
      ],
      "link": "arm_motor_3",
      "p": [
        -0.285638288474375,
        -0.0195463421764803,
        0.000880511987296821
      ]
    }
  ],
  "idx": 1094,
  "state": [
    -0.206357116795532,
    0.0155843052229791,
    0.0772186084872036,
    0.885862846918152,
    0.0374129239837334,
    -0.451323833881828,
    -0.100767487510912,
    -0.11143970688362,
    -0.00356143963802455,
    0.11166391030945,
    0.558156374210834,
    -2.03189480285577,
    -0.175397020357331,
    0.988576019863275,
    0.0687844525345573,
    -0.103778014281686,
    0.0849486656314075,
    0.984392314488499,
    0.133996491749987,
    -0.0453784659879734,
    0.104678107545227,
    0.963135478884983,
    -0.0163932008725154,
    -0.209135193222839,
    -0.168415507699839,
    0.973096670698107,
    -0.131769308608886,
    -0.170608962679894,
    -0.0813160540009566,
    0.309133224916524,
    -0.34343750624031,
    0.483359867616141,
    -0.233368959389853,
    -0.764132304713397,
    0.371874603075755,
    -0.151598929825227,
    -0.517295071314406,
    -0.301649588327035,
    -0.0295847701410271,
    -1.23147198486966,
    -0.45398967459782
  ],
  "t": 1.0949999999999,
  "thrust": [
    0.0,
    0.0,
    0.0,
    0.0
  ]
}