{
  "T_W_L": {
    "arm_motor_0": {
      "p": [
        -0.191964282070275,
        -0.0876383324831111,
        0.0239833159506223
      ],
      "q": [
        0.711196528919858,
        0.287748392507421,
        -0.548933038696271,
        0.331772329903234
      ]
    },
    "arm_motor_1": {
      "p": [
        -0.0692944055406219,
        0.118674153422097,
        0.0288154699334649
      ],
      "q": [
        -0.338036124043046,
        0.650161833021884,
        0.326499355446986,
        0.597008660419831
      ]
    },
    "arm_motor_2": {
      "p": [
        -0.0399791523546299,
        -0.0641494936149789,
        0.0167366945295156
      ],
      "q": [
        0.356258689483906,
        0.704253312139789,
        -0.18289893913068,
        0.586220945183827
      ]
    },
    "arm_motor_3": {
      "p": [
        -0.203623164761171,
        0.10554475294305,
        0.0477578220741399
      ],
      "q": [
        -0.571498342421545,
        0.304194345477119,
        0.638891271806548,
        0.415539874859905
      ]
    },
    "base_link": {
      "p": [
        -0.129428938392845,
        0.0141054515819032,
        0.0351898858710713
      ],
      "q": [
        -0.0148765049676292,
        0.0119982811865348,
        -0.614656503015666,
        0.788563322853067
      ]
    },
    "connecting_link_0": {
      "p": [
        -0.150673757673178,
        -0.0324909424374051,
        0.0363872655699785
      ],
      "q": [
        -0.114737614276095,
        0.031129624667111,
        0.891046162435036,
        -0.438067303902163
      ]
    },
    "connecting_link_1": {
      "p": [
        -0.108184119112512,
        0.0607018456012116,
        0.033992506172164
      ],
      "q": [
        -0.0081577273072544,
        0.0375849687884909,
        0.469897543886456,
        0.881882713208409
      ]
    },
    "connecting_link_2": {
      "p": [
        -0.0886555711846528,
        -0.016878005106141,
        0.033941711938487
      ],
      "q": [
        0.122583855059573,
        0.0834614870740597,
        -0.381242015321832,
        0.912503098300202
      ]
    },
    "connecting_link_3": {
      "p": [
        -0.170202305601038,
        0.0450889082699475,
        0.0364380598036555
      ],
      "q": [
        0.0476539973721623,
        -0.078733178881374,
        0.855874704098454,
        0.508928947852322
      ]
    }
  },
  "contacts": [
    {
      "f": [
        -0.157529913471952,
        -0.06365997322713,
        0.21238329821104
      ],
      "link": "base_link",
      "p": [
        -0.119529945018527,
        0.0515379342146249,
        0.000590531240295268
      ]
    },
    {
      "f": [
        0.367146576689613,
        -0.216808345353712,
        0.532978756890689
      ],
      "link": "base_link",
      "p": [
        -0.100125457988811,
        -0.00855479759722585,
        0.000563314286662439
      ]
    },
    {
      "f": [
        0.37243318811939,
        -0.107318413874353,
        0.484483812889553
      ],
      "link": "base_link",
      "p": [
        -0.115448434863853,
        0.0483761123365809,
        0.000268367417349293
      ]
    },
    {
      "f": [
        -0.325996509881003,
        -0.0879150920620679,
        0.422053735964978
      ],
      "link": "base_link",
      "p": [
        -0.0994513839020083,
        -0.0131169026897495,
        0.000782238749137305
      ]
    },
    {
      "f": [
        0.534490862366034,
        0.0506675800535067,
        0.67110879057216
      ],
      "link": "base_link",
      "p": [
        -0.100871132245365,
        -0.00946267641318992,
        0.000231929135159688
      ]
    },
    {
      "f": [
        -0.0117397835882409,
        -0.00299169893297913,
        0.0151437271050342
      ],
      "link": "base_link",
      "p": [
        -0.120011774410949,
        0.0519425149286508,
        0.000969712545789932
      ]
    },
    {
      "f": [
        -0.151853509721836,
        -0.0379909421132966,
        0.195667128440975
      ],
      "link": "base_link",
      "p": [
        -0.116246808383248,
        0.0524262887524434,
        0.000836203154089707
      ]
    }
  ],
  "idx": 4118,
  "state": [
    -0.129428938392845,
    0.0141054515819032,
    0.0351898858710713,
    0.788563322853067,
    -0.0148765049676292,
    0.0119982811865348,
    -0.614656503015666,
    0.0215049513976873,
    0.00347414350131705,
    0.00965254116850249,
    -0.625103221320072,
    0.0563504635351459,
    -0.000663018644079279,
    0.988723344628468,
    0.0965104746183848,
    0.0983992986006011,
    -0.0585615412240812,
    0.999373702117359,
    -0.00192387111452105,
    0.0230734916945455,
    -0.0267603478527735,
    0.981156942574696,
    0.110680197263394,
    0.101235312868336,
    -0.121788174301368,
    0.960358830035723,
    -0.0795711774578235,
    -0.0571757902147273,
    -0.260979451880246,
    0.157129965189843,
    0.397976642797376,
    -0.325402049996823,
    -0.0682417187302249,
    0.734470429581649,
    0.336849315835649,
    0.209605571229187,
    0.875309144126281,
    -0.190643030427057,
    -0.0671951722070863,
    0.333238278589748,
    0.278372960514459
  ],
  "t": 4.11900000000374,
  "thrust": [
    0.0,
    0.0,
    0.0,
    0.0
  ]
}