{
  "T_W_L": {
    "arm_motor_0": {
      "p": [
        -0.00185365443676276,
        -0.0779033697496121,
        0.036880583200979
      ],
      "q": [
        0.00555188405622609,
        0.928630130973316,
        -0.370093195386638,
        0.0254220998427733
      ]
    },
    "arm_motor_1": {
      "p": [
        -0.0052582739780676,
        0.0838912004226979,
        0.216997067696163
      ],
      "q": [
        0.00563827633003757,
        0.381752452097535,
        0.92420767555889,
        -0.00857015726686753
      ]
    },
    "arm_motor_2": {
      "p": [
        -0.0019232395650149,
        0.0819474335909156,
        0.0362756474331064
      ],
      "q": [
        0.0152689872010832,
        0.930050874946597,
        0.366736876377392,
        0.0166220199096311
      ]
    },
    "arm_motor_3": {
      "p": [
        -0.00525087771235686,
        -0.078590820881738,
        0.217521023929053
      ],
      "q": [
        0.00732063098923706,
        -0.378745996762027,
        0.925385455491109,
        0.0126347561975608
      ]
    },
    "base_link": {
      "p": [
        -0.00520042332479884,
        0.00236069293891604,
        0.127509428237309
      ],
      "q": [
        -0.00115007913042526,
        0.704190697891862,
        -0.00113595904916539,
        0.71000904777165
      ]
    },
    "connecting_link_0": {
      "p": [
        -0.00487107631217845,
        -0.0297684531219093,
        0.0876144473005118
      ],
      "q": [
        -0.257769633264371,
        0.638664523634557,
        -0.265621182993409,
        0.67461680201621
      ]
    },
    "connecting_link_1": {
      "p": [
        -0.00552977033741923,
        0.0344898389997414,
        0.167404409174107
      ],
      "q": [
        0.657500378039521,
        0.275999763931997,
        0.649526651185175,
        0.263879731293523
      ]
    },
    "connecting_link_2": {
      "p": [
        -0.00487150304148143,
        0.0342312124032149,
        0.0874075355073772
      ],
      "q": [
        0.270118936589363,
        0.645891737528102,
        0.24852532780589,
        0.669398823518338
      ]
    },
    "connecting_link_3": {
      "p": [
        -0.00552934360811625,
        -0.0295098265253828,
        0.167611320967241
      ],
      "q": [
        0.659522798604219,
        -0.276747984443621,
        0.649169862974111,
        -0.258879740871753
      ]
    }
  },
  "contacts": [],
  "idx": 295,
  "state": [
    -0.00520042332479884,
    0.00236069293891604,
    0.127509428237309,
    0.71000904777165,
    -0.00115007913042526,
    0.704190697891862,
    -0.00113595904916539,
    -0.297194192795376,
    0.132860308812621,
    0.567108226630335,
    -0.000948838306599851,
    -0.887643942080547,
    -0.389501120357279,
    0.99964481551943,
    0.0120306282124934,
    -0.0183841009870326,
    0.0150841513130934,
    0.999900664376012,
    0.0129775745388672,
    -0.00483206603609348,
    0.00262584792400412,
    0.99965589707769,
    0.0106453826204387,
    -0.0182364018949952,
    -0.015562676909471,
    0.999833736085711,
    -0.0173748870481459,
    -0.00486571679446331,
    -0.00263406245717382,
    1.02523070628551,
    -1.63636452695222,
    1.28152347075153,
    1.21924165474111,
    -0.785748004448014,
    0.537909779872245,
    0.85929354530765,
    -1.62945019322969,
    -1.34371718988231,
    -2.06499286012104,
    -0.798251937141539,
    -0.536352986240255
  ],
  "t": 0.295999999999984,
  "thrust": [
    0.0,
    0.0,
    0.0,
    0.0
  ]
}