{
  "T_W_L": {
    "arm_motor_0": {
      "p": [
        -0.191004471763254,
        -0.0852438843582469,
        0.0564825373946306
      ],
      "q": [
        -0.569738716336236,
        -0.265313085062514,
        0.698172114409803,
        -0.342873826155766
      ]
    },
    "arm_motor_1": {
      "p": [
        -0.0710873324965096,
        0.120337745709872,
        0.0456776239791117
      ],
      "q": [
        -0.279839254575582,
        0.571518608556628,
        0.439573318181606,
        0.633902018938961
      ]
    },
    "arm_motor_2": {
      "p": [
        -0.0464641247314482,
        -0.0749207788772114,
        0.0363067367746967
      ],
      "q": [
        0.31117981676832,
        0.612133443134184,
        -0.343430816065175,
        0.640714479319401
      ]
    },
    "arm_motor_3": {
      "p": [
        -0.194973488614642,
        0.0904742163121762,
        0.0875546058990534
      ],
      "q": [
        -0.34977681169821,
        0.225929811887524,
        0.828663875157348,
        0.374069624679565
      ]
    },
    "base_link": {
      "p": [
        -0.126318813224389,
        0.0141846690834974,
        0.0370756543296752
      ],
      "q": [
        -0.0578638695348207,
        0.0462952646494867,
        -0.619888421583781,
        0.781182991276602
      ]
    },
    "connecting_link_0": {
      "p": [
        -0.148051523733511,
        -0.031962307596132,
        0.0417815907143297
      ],
      "q": [
        0.0908161267086508,
        0.0548437259808931,
        0.896548346360393,
        -0.430053089151347
      ]
    },
    "connecting_link_1": {
      "p": [
        -0.104586102715266,
        0.0603316457631269,
        0.0323697179450207
      ],
      "q": [
        0.112949039562303,
        -0.0441117325148911,
        0.508701508667468,
        0.852361099884275
      ]
    },
    "connecting_link_2": {
      "p": [
        -0.0864108877940819,
        -0.0175763725703623,
        0.0323223690541154
      ],
      "q": [
        -0.0228049003028489,
        -0.0202098444999053,
        -0.462879617513381,
        0.885897261762408
      ]
    },
    "connecting_link_3": {
      "p": [
        -0.166226738654696,
        0.0459457107373571,
        0.041828939605235
      ],
      "q": [
        0.338624289994469,
        -0.104750666188958,
        0.833283400901698,
        0.424263670304696
      ]
    }
  },
  "contacts": [
    {
      "f": [
        0.301092158141123,
        0.0432903130780544,
        0.380235410018573
      ],
      "link": "base_link",
      "p": [
        -0.11958554813823,
        0.0505485823549176,
        0.000625344048305089
      ]
    },
    {
      "f": [
        0.339796701108502,
        -0.0392809326252862,
        0.427574536177855
      ],
      "link": "base_link",
      "p": [
        -0.101253154060686,
        -0.00987793275233169,
        0.00014485092764429
      ]
    },
    {
      "f": [
        -0.404491774320718,
        -0.105207344441599,
        0.522437467576228
      ],
      "link": "base_link",
      "p": [
        -0.11561273491895,
        0.0473040186093696,
        -4.48749351524558e-05
      ]
    },
    {
      "f": [
        0.239065201447926,
        0.057924337708354,
        0.307478148213131
      ],
      "link": "base_link",
      "p": [
        -0.100632130986663,
        -0.0144449270720557,
        0.000413178889546666
      ]
    },
    {
      "f": [
        -0.456658445112183,
        -0.137657277519521,
        0.596194260427079
      ],
      "link": "base_link",
      "p": [
        -0.102044347177205,
        -0.0107797324405171,
        -8.06727623812453e-05
      ]
    },
    {
      "f": [
        0.171992016077316,
        0.105332990153066,
        0.252104555470436
      ],
      "link": "base_link",
      "p": [
        -0.116281270025038,
        0.0513813348809455,
        0.000495790889059128
      ]
    }
  ],
  "idx": 3310,
  "state": [
    -0.126318813224389,
    0.0141846690834974,
    0.0370756543296752,
    0.781182991276602,
    -0.0578638695348207,
    0.0462952646494867,
    -0.619888421583781,
    -0.0679591978462009,
    -0.0175908407091675,
    -0.0338741978412269,
    1.90824497463787,
    0.0521292868400745,
    -0.00170149018018603,
    0.995167023331944,
    0.0529072500877551,
    -0.050789942528905,
    -0.0652977817287836,
    0.988613893559288,
    0.0232903365566389,
    -0.143347515235844,
    0.039390602436796,
    0.975741793632614,
    0.0453762388227446,
    -0.0665862327212602,
    -0.203556436206032,
    0.93345134164035,
    -0.0650739063611914,
    -0.314468506827384,
    -0.159823457960592,
    -0.113723977999079,
    0.341014318891253,
    -0.141204771949276,
    0.21102684536901,
    0.682205711864045,
    0.168199434096968,
    -0.186738916321669,
    0.676238166223067,
    -0.22635095888098,
    0.272305765634583,
    0.283790494204663,
    0.150065785291122
  ],
  "t": 3.31100000000256,
  "thrust": [
    0.0,
    0.0,
    0.0,
    0.0
  ]
}