{
  "T_W_L": {
    "arm_motor_0": {
      "p": [
        -0.000128565464612064,
        -0.0812178720109973,
        0.0315737334743239
      ],
      "q": [
        0.000301959229287263,
        0.924400246408778,
        -0.381420249740543,
        0.00163900819888574
      ]
    },
    "arm_motor_1": {
      "p": [
        -0.000299740589111837,
        0.0816317100782846,
        0.210711769393069
      ],
      "q": [
        0.000463017949545979,
        0.382662079828268,
        0.92388794172887,
        -0.000767726432161495
      ]
    },
    "arm_motor_2": {
      "p": [
        -0.000127368069959837,
        0.081525314124975,
        0.0315989725560051
      ],
      "q": [
        0.00136277565860504,
        0.924325255266258,
        0.381601944483529,
        0.000959836372317059
      ]
    },
    "arm_motor_3": {
      "p": [
        -0.00029990857671076,
        -0.0813683037838886,
        0.210696103563505
      ],
      "q": [
        0.00045823310339907,
        -0.382751568819427,
        0.923850883683645,
        0.000755847628690566
      ]
    },
    "base_link": {
      "p": [
        -0.000321527645639196,
        0.000140295202087054,
        0.121208998626183
      ],
      "q": [
        3.45289291151535e-05,
        0.70713277210429,
        3.26130666190807e-05,
        0.707080787718237
      ]
    },
    "connecting_link_0": {
      "p": [
        -0.000324555135169832,
        -0.0318559065247221,
        0.0812059604179218
      ],
      "q": [
        -0.269491327654734,
        0.65249072895431,
        -0.269918362492076,
        0.654808636578015
      ]
    },
    "connecting_link_1": {
      "p": [
        -0.00031850015610856,
        0.0321364969288962,
        0.161212036834445
      ],
      "q": [
        0.653614831784901,
        0.271125816115794,
        0.652960025521031,
        0.270040086983239
      ]
    },
    "connecting_link_2": {
      "p": [
        -0.00032438150771024,
        0.0321440931865279,
        0.081212037411279
      ],
      "q": [
        0.270796950567711,
        0.652917949213063,
        0.26886969474884,
        0.654275362828452
      ]
    },
    "connecting_link_3": {
      "p": [
        -0.000318673783568152,
        -0.0318635027823538,
        0.161205959841088
      ],
      "q": [
        0.653585244392668,
        -0.271180694805797,
        0.652937204923112,
        -0.270111764838215
      ]
    }
  },
  "contacts": [
    {
      "f": [
        -9.73470297907008,
        21.4892425926798,
        29.4891926521861
      ],
      "link": "arm_motor_0",
      "p": [
        0.0146978142224541,
        -0.0669247950748885,
        -0.00378497721050494
      ]
    },
    {
      "f": [
        21.22122378805,
        9.81431979835254,
        29.2259840554716
      ],
      "link": "arm_motor_0",
      "p": [
        0.014684432759731,
        -0.0572430708450238,
        -0.00173585617862207
      ]
    },
    {
      "f": [
        4.17743806209158,
        22.3834194390982,
        28.4623779792403
      ],
      "link": "arm_motor_0",
      "p": [
        0.00884364409564175,
        -0.0781972975618401,
        -0.00195748472395203
      ]
    },
    {
      "f": [
        20.5014536040612,
        4.63732596832305,
        26.274226677962
      ],
      "link": "arm_motor_0",
      "p": [
        0.0147027167262976,
        -0.0884120906546929,
        -0.000727949287574345
      ]
    },
    {
      "f": [
        -13.4860007427111,
        18.7836400560879,
        28.9044046651272
      ],
      "link": "arm_motor_0",
      "p": [
        0.0147036599209952,
        -0.0749454293193095,
        -0.00387547453107508
      ]
    },
    {
      "f": [
        -11.8489611433123,
        18.9507622971167,
        27.9376893678577
      ],
      "link": "arm_motor_0",
      "p": [
        0.0151506125464534,
        -0.080819325217419,
        -0.00298150608713052
      ]
    },
    {
      "f": [
        -12.9779300292499,
        18.6070468991316,
        28.3573420318318
      ],
      "link": "arm_motor_0",
      "p": [
        0.01470482871492,
        -0.0788794615212421,
        -0.00339895368360021
      ]
    },
    {
      "f": [
        25.9992023078094,
        5.13431933287922,
        33.1266451396752
      ],
      "link": "arm_motor_2",
      "p": [
        0.0145425597077071,
        0.058230971868539,
        -0.00203170302400753
      ]
    },
    {
      "f": [
        -15.3279360574281,
        23.8011887829337,
        35.3871933769269
      ],
      "link": "arm_motor_2",
      "p": [
        0.0146077949533346,
        0.0779305658540192,
        -0.00363156679007076
      ]
    },
    {
      "f": [
        -11.2178308284527,
        25.932470639902,
        35.3184787413305
      ],
      "link": "arm_motor_2",
      "p": [
        0.0146199528643653,
        0.0818310065164355,
        -0.00291554738099853
      ]
    },
    {
      "f": [
        -8.40397756372581,
        26.5299733338408,
        34.7865438241281
      ],
      "link": "arm_motor_2",
      "p": [
        0.0145755362371101,
        0.0679474283276416,
        -0.00391086570639362
      ]
    },
    {
      "f": [
        24.202949906377,
        -5.71821670573841,
        31.0865924290617
      ],
      "link": "arm_motor_2",
      "p": [
        0.0145165023910837,
        0.0508937012428106,
        0.000960824950978462
      ]
    }
  ],
  "idx": 278,
  "state": [
    -0.000321527645639196,
    0.000140295202087054,
    0.121208998626183,
    0.707080787718237,
    3.45289291151535e-05,
    0.70713277210429,
    3.26130666190807e-05,
    -0.226362555506276,
    0.12288169853449,
    -0.634311445041187,
    0.00245323361712825,
    0.0166408716466587,
    0.069880673916885,
    0.999997680534071,
    0.00093112620814958,
    -0.00142571862185393,
    0.00131880888435372,
    0.999999622930697,
    0.000861436039607959,
    -0.000107068020386069,
    -2.45530621124454e-05,
    0.999997858075663,
    0.000864739415608916,
    -0.001433392912441,
    -0.00121715019092109,
    0.999999635234986,
    -0.000846724771622127,
    -0.000109028082429457,
    2.64562469934817e-05,
    1.6403015906269,
    -1.9964708589998,
    1.7514461964966,
    1.23470662279164,
    -0.17558531174841,
    -0.00925187620470194,
    1.55298848452464,
    -1.98323725036254,
    -1.73471185750848,
    -1.23672144359059,
    -0.179123002812542,
    0.0126820996937816
  ],
  "t": 0.278999999999986,
  "thrust": [
    0.0,
    0.0,
    0.0,
    0.0
  ]
}