{
  "T_W_L": {
    "arm_motor_0": {
      "p": [
        -0.136496590517481,
        -0.12991746106585,
        0.0206055473338185
      ],
      "q": [
        0.562581121586872,
        0.430921592110347,
        -0.45331500246141,
        0.540661235553793
      ]
    },
    "arm_motor_1": {
      "p": [
        -0.164698265486022,
        0.0686895857818598,
        0.129043668942278
      ],
      "q": [
        -0.328111038229889,
        0.181887487191959,
        0.721223372322991,
        0.582320303449701
      ]
    },
    "arm_motor_2": {
      "p": [
        -0.0363008355937308,
        -0.0618495349306248,
        0.0737877122186976
      ],
      "q": [
        0.353842111474336,
        0.441250685729576,
        0.0351085668626785,
        0.823930203975683
      ]
    },
    "arm_motor_3": {
      "p": [
        -0.237348657683037,
        -0.0291205709158873,
        0.100949131162373
      ],
      "q": [
        -0.281695671054664,
        -0.253918595722483,
        0.850897410615412,
        0.363519589930683
      ]
    },
    "base_link": {
      "p": [
        -0.139903637562045,
        -0.0182056115970967,
        0.0498297675203192
      ],
      "q": [
        0.284772176831144,
        0.0967053429746169,
        -0.362674738276105,
        0.882054373697774
      ]
    },
    "connecting_link_0": {
      "p": [
        -0.133410449823522,
        -0.0599861973020102,
        0.0209122785016187
      ],
      "q": [
        0.0772628137875514,
        -0.0775976460438543,
        -0.71834703829567,
        0.687012805925714
      ]
    },
    "connecting_link_1": {
      "p": [
        -0.146396825300569,
        0.0235749741078167,
        0.0787472565390198
      ],
      "q": [
        0.277972397205304,
        -0.283148759785477,
        0.74199147743433,
        0.540376510998307
      ]
    },
    "connecting_link_2": {
      "p": [
        -0.0889384075635259,
        -0.0232026015875513,
        0.0485746092700188
      ],
      "q": [
        0.275029662199211,
        -0.270595282373024,
        -0.225378650786528,
        0.894617986538218
      ]
    },
    "connecting_link_3": {
      "p": [
        -0.190868867560565,
        -0.0132086216066422,
        0.0510849257706196
      ],
      "q": [
        0.402486409906584,
        -0.436594728038872,
        0.80086424837388,
        0.0774996062294058
      ]
    }
  },
  "contacts": [
    {
      "f": [
        -0.240550111877591,
        -0.115433319513643,
        0.3335163217011
      ],
      "link": "base_link",
      "p": [
        -0.133359041506029,
        -0.0294965092362903,
        0.000622383306719522
      ]
    },
    {
      "f": [
        0.870502954803291,
        -0.080102971049094,
        1.09272586358907
      ],
      "link": "base_link",
      "p": [
        -0.13055235809302,
        -0.0323460538493159,
        -0.000546543730146822
      ]
    },
    {
      "f": [
        0.42697380196351,
        -0.740298423936641,
        1.06825528319417
      ],
      "link": "base_link",
      "p": [
        -0.129654909291953,
        -0.0317238290771726,
        -0.00032104738340076
      ]
    }
  ],
  "idx": 2086,
  "state": [
    -0.139903637562045,
    -0.0182056115970967,
    0.0498297675203192,
    0.882054373697774,
    0.284772176831144,
    0.0967053429746169,
    -0.362674738276105,
    0.0856053518871947,
    0.0224781775205013,
    0.00329161715302209,
    -1.23635209507903,
    0.615701002080492,
    -1.04363823605137,
    0.949754852192366,
    0.0915711645425002,
    -0.299156279404508,
    0.00927162629959241,
    0.984286970200161,
    0.0561120281118557,
    -0.109068107223148,
    0.127022630196837,
    0.940489585211812,
    -0.0112770642743062,
    -0.308821436066555,
    -0.141355893245587,
    0.886714371395591,
    -0.175516058536667,
    -0.375235183440013,
    -0.205256653643711,
    -0.209357869645216,
    0.0501026162522227,
    -0.487906495240389,
    -0.0297899355427975,
    0.0623129301708567,
    -0.051377390934192,
    0.683079560236056,
    0.514601499689426,
    0.0778157730910608,
    -0.465090133508952,
    0.141348679338179,
    -0.260647968690011
  ],
  "t": 2.08699999999998,
  "thrust": [
    0.0,
    0.0,
    0.0,
    0.0
  ]
}