{
  "T_W_L": {
    "arm_motor_0": {
      "p": [
        -0.195847130353936,
        -0.0817715311290625,
        0.0107010775606006
      ],
      "q": [
        0.777187873813383,
        0.257435760430291,
        -0.496487511895433,
        0.288454482684865
      ]
    },
    "arm_motor_1": {
      "p": [
        -0.0764054790509757,
        0.115995456582148,
        0.00723124484663645
      ],
      "q": [
        -0.412677809954836,
        0.723427993672885,
        0.269986778395308,
        0.483172953126546
      ]
    },
    "arm_motor_2": {
      "p": [
        -0.0476156432325521,
        -0.0662458009794452,
        0.00969661872045968
      ],
      "q": [
        0.409529020337674,
        0.716919197930007,
        -0.188607545443355,
        0.531733052332177
      ]
    },
    "arm_motor_3": {
      "p": [
        -0.206801328110246,
        0.104767731917357,
        0.0232153247696083
      ],
      "q": [
        0.686833045351491,
        -0.321746978718758,
        -0.537035266299334,
        -0.369232138700508
      ]
    },
    "base_link": {
      "p": [
        -0.130982544612946,
        0.0141219978969664,
        0.0344423251202894
      ],
      "q": [
        0.000603851680650659,
        -0.00673272820470963,
        -0.61451893268428,
        0.78887311217118
      ]
    },
    "connecting_link_0": {
      "p": [
        -0.152222349903579,
        -0.0324919558528398,
        0.0345422602337251
      ],
      "q": [
        -0.198485129393701,
        0.021933548849951,
        0.900624502265095,
        -0.3860026926903
      ]
    },
    "connecting_link_1": {
      "p": [
        -0.109742739322312,
        0.0607359516467727,
        0.0343423900068538
      ],
      "q": [
        -0.100897796030246,
        0.169885968384565,
        0.48271675969831,
        0.853195711667986
      ]
    },
    "connecting_link_2": {
      "p": [
        -0.0901713550433529,
        -0.0168290929106675,
        0.0351328204007672
      ],
      "q": [
        0.156215073007507,
        0.130946379334025,
        -0.422946421739399,
        0.882930473504232
      ]
    },
    "connecting_link_3": {
      "p": [
        -0.171793734182538,
        0.0450730887046004,
        0.0337518298398117
      ],
      "q": [
        -0.105923025374465,
        -0.0335770786288233,
        0.865405582447629,
        0.488596019585459
      ]
    }
  },
  "contacts": [
    {
      "f": [
        0.0959072861980233,
        -0.283396275413033,
        0.37398123378689
      ],
      "link": "base_link",
      "p": [
        -0.119445691734671,
        0.0516109588016279,
        0.000416232151895256
      ]
    },
    {
      "f": [
        0.211672783963595,
        -0.283952331678978,
        0.442708803378465
      ],
      "link": "base_link",
      "p": [
        -0.115350769274428,
        0.0484526568237714,
        0.000288283250877985
      ]
    },
    {
      "f": [
        0.119584248942024,
        -0.192467774273571,
        0.283240833724285
      ],
      "link": "base_link",
      "p": [
        -0.145793353516987,
        -0.0207604329582471,
        0.000449109246835833
      ]
    },
    {
      "f": [
        -0.0299830442984915,
        -0.109493448661658,
        0.141905548722273
      ],
      "link": "base_link",
      "p": [
        -0.100741621228816,
        -0.00937508189955349,
        0.000879883579019365
      ]
    },
    {
      "f": [
        -0.00804295388555139,
        -0.0588753336363587,
        0.0742777096652915
      ],
      "link": "base_link",
      "p": [
        -0.143882018649739,
        -0.024728051915175,
        0.000869120482241789
      ]
    },
    {
      "f": [
        -0.0567699733008736,
        -0.145700618896846,
        0.195462193497177
      ],
      "link": "base_link",
      "p": [
        -0.119945696226867,
        0.0520146397359317,
        0.000772126505689349
      ]
    },
    {
      "f": [
        -0.0611093733121302,
        -0.127167692097676,
        0.17636068076198
      ],
      "link": "base_link",
      "p": [
        -0.116179085329276,
        0.0525014237892135,
        0.000822273206613863
      ]
    },
    {
      "f": [
        0.0880302221187699,
        -0.238548921255095,
        0.317841617000142
      ],
      "link": "base_link",
      "p": [
        -0.161326066150869,
        0.04130955600504,
        0.000391099672770998
      ]
    },
    {
      "f": [
        0.0798136855894606,
        -0.121192812202249,
        0.181391850254768
      ],
      "link": "arm_motor_0",
      "p": [
        -0.218632824285674,
        -0.0627568329574176,
        0.000637216299490463
      ]
    },
    {
      "f": [
        -0.127869035159427,
        0.262357851519688,
        0.364824727623223
      ],
      "link": "arm_motor_2",
      "p": [
        -0.0696767810819553,
        -0.0864675294766059,
        0.000400609287953164
      ]
    }
  ],
  "idx": 4668,
  "state": [
    -0.130982544612946,
    0.0141219978969664,
    0.0344423251202894,
    0.78887311217118,
    0.000603851680650659,
    -0.00673272820470963,
    -0.61451893268428,
    0.00102973181910101,
    0.000335118055912663,
    -0.000936545606259355,
    -0.031870819201267,
    -0.001684753443895,
    0.000242779289678066,
    0.974516827119624,
    0.110453895225679,
    0.161269906760412,
    -0.110040482840019,
    0.980333256776927,
    0.00274465598339712,
    0.197330098912482,
    -6.77042652398672e-05,
    0.962417464580323,
    0.114831035946609,
    0.174311034202795,
    -0.173730021612165,
    0.964752453102418,
    -0.059122734696658,
    0.0866128788780671,
    -0.241361587016883,
    -0.00718064481000879,
    0.0754087193109706,
    -0.181501199327849,
    0.00470779903177665,
    0.512269259508312,
    -0.0279461304917939,
    -0.00713430641149269,
    0.0605774318365493,
    -0.165316899675028,
    -0.112437032309977,
    0.594571601441374,
    -0.0277100133652286
  ],
  "t": 4.66900000000246,
  "thrust": [
    0.0,
    0.0,
    0.0,
    0.0
  ]
}