{
  "T_W_L": {
    "arm_motor_0": {
      "p": [
        -0.191806919740591,
        -0.0858037776539778,
        0.0251569949207402
      ],
      "q": [
        0.717803190902873,
        0.285567397071572,
        -0.551408134187596,
        0.314895078416883
      ]
    },
    "arm_motor_1": {
      "p": [
        -0.0708564446684696,
        0.11956452509944,
        0.0195697131562768
      ],
      "q": [
        -0.359628464568192,
        0.685385070900107,
        0.324728219873886,
        0.543568077868004
      ]
    },
    "arm_motor_2": {
      "p": [
        -0.0415917972366586,
        -0.0636126821532632,
        0.00859631065360398
      ],
      "q": [
        0.372190805753138,
        0.733359716056202,
        -0.185496372789504,
        0.537818395613924
      ]
    },
    "arm_motor_3": {
      "p": [
        -0.203477642444205,
        0.105484204065978,
        0.0475173062596674
      ],
      "q": [
        -0.582247061683816,
        0.314938587829846,
        0.640035808478784,
        0.390072056062997
      ]
    },
    "base_link": {
      "p": [
        -0.127824205095583,
        0.0144619052547776,
        0.0360746381341785
      ],
      "q": [
        -0.0328418494060022,
        0.02684839165579,
        -0.61422893819514,
        0.787986921386873
      ]
    },
    "connecting_link_0": {
      "p": [
        -0.148983894696421,
        -0.0321142147771968,
        0.0387076172004213
      ],
      "q": [
        -0.117659072959293,
        0.0207378023557474,
        0.897467934730234,
        -0.424591088265948
      ]
    },
    "connecting_link_1": {
      "p": [
        -0.106664515494744,
        0.061038025286752,
        0.0334416590679357
      ],
      "q": [
        -0.0246781996884136,
        0.100279757460486,
        0.483913252319336,
        0.869001105254492
      ]
    },
    "connecting_link_2": {
      "p": [
        -0.0871441994388772,
        -0.016543754052555,
        0.0332842563165723
      ],
      "q": [
        0.132012899558362,
        0.138268593686906,
        -0.394344385728295,
        0.898858662857856
      ]
    },
    "connecting_link_3": {
      "p": [
        -0.168504210752288,
        0.0454675645621102,
        0.0388650199517847
      ],
      "q": [
        0.0408628147349942,
        -0.0531273848817252,
        0.864284506020131,
        0.498517807105323
      ]
    }
  },
  "contacts": [
    {
      "f": [
        -0.197545566900839,
        -0.16761823004108,
        0.32384439271691
      ],
      "link": "base_link",
      "p": [
        -0.119517344337197,
        0.0515409593760989,
        0.000684865931620933
      ]
    },
    {
      "f": [
        -0.202176615049125,
        -0.143396484687884,
        0.309833462054529
      ],
      "link": "base_link",
      "p": [
        -0.100123115931821,
        -0.00855431862941404,
        0.000380333075890943
      ]
    },
    {
      "f": [
        0.452636378393915,
        -0.0690410844417932,
        0.572339445808902
      ],
      "link": "base_link",
      "p": [
        -0.115454146141297,
        0.048374929807241,
        0.000209146003559174
      ]
    },
    {
      "f": [
        -0.122374994256391,
        -0.0939258920092654,
        0.192831339877738
      ],
      "link": "base_link",
      "p": [
        -0.0994389328673414,
        -0.0131141697473678,
        0.000614337320244525
      ]
    },
    {
      "f": [
        0.215302509668519,
        0.292303411832467,
        0.453797268953989
      ],
      "link": "base_link",
      "p": [
        -0.100882934244768,
        -0.00946528733388338,
        9.24054620920212e-05
      ]
    },
    {
      "f": [
        -0.18896147425705,
        -0.161544094458248,
        0.310752446711339
      ],
      "link": "base_link",
      "p": [
        -0.116226592001435,
        0.0524308439872628,
        0.000771866411447789
      ]
    },
    {
      "f": [
        -0.0616556937396155,
        0.209163164324443,
        0.272576405230966
      ],
      "link": "arm_motor_2",
      "p": [
        -0.0622932948933185,
        -0.0856851189337159,
        0.000454847189538067
      ]
    },
    {
      "f": [
        0.0714396443868489,
        0.00406021623177011,
        0.089443663711161
      ],
      "link": "arm_motor_2",
      "p": [
        -0.0569776768070451,
        -0.0659243694678599,
        0.000832921466039284
      ]
    }
  ],
  "idx": 4244,
  "state": [
    -0.127824205095583,
    0.0144619052547776,
    0.0360746381341785,
    0.787986921386873,
    -0.0328418494060022,
    0.02684839165579,
    -0.61422893819514,
    0.00540898489350745,
    0.00452433598207413,
    0.00260555893088243,
    -0.176922397764885,
    -0.0852953668635502,
    -0.00743573645192558,
    0.984189780322722,
    0.104248977871338,
    0.123282053378866,
    -0.0728296796353246,
    0.99749795634852,
    -0.00230149289671619,
    0.0699363619751126,
    -0.0100715184881748,
    0.973038972456953,
    0.123142979792098,
    0.142587094261198,
    -0.133040915353092,
    0.965386905917803,
    -0.0762734401360418,
    -0.0311845384630406,
    -0.247463146292759,
    0.11496946404403,
    0.436205084856642,
    -0.234465323952599,
    -0.0182955123161912,
    0.673925423609338,
    0.238769215928751,
    -0.0117790509840332,
    0.118371952080786,
    -0.376450378221393,
    -0.026700039527353,
    0.388731362619731,
    0.194022594490419
  ],
  "t": 4.24500000000345,
  "thrust": [
    0.0,
    0.0,
    0.0,
    0.0
  ]
}