{
  "T_W_L": {
    "arm_motor_0": {
      "p": [
        -0.166745867951141,
        -0.0952260231312768,
        0.113494408561147
      ],
      "q": [
        0.40849420255123,
        0.0734652133118711,
        -0.0721792605318928,
        0.906931917656527
      ]
    },
    "arm_motor_1": {
      "p": [
        -0.259564209916114,
        0.0956085984718764,
        0.0253547251574177
      ],
      "q": [
        0.755704400618336,
        -0.0857789112043598,
        -0.510820906092137,
        -0.400767812053169
      ]
    },
    "arm_motor_2": {
      "p": [
        -0.169182761234199,
        0.00688678346872098,
        0.162530307442829
      ],
      "q": [
        0.0603847551782034,
        -0.0397016543247269,
        0.0254865369576991,
        0.997059625308262
      ]
    },
    "arm_motor_3": {
      "p": [
        -0.286721389387066,
        -0.0261434211998963,
        0.013129577805055
      ],
      "q": [
        -0.685518554521766,
        -0.112337196437556,
        0.718218629598148,
        -0.040083235910996
      ]
    },
    "base_link": {
      "p": [
        -0.191139405939047,
        0.00222824811352795,
        0.0519743938257199
      ],
      "q": [
        0.155260844030001,
        -0.432820536120398,
        -0.14895572607979,
        0.875427121747771
      ]
    },
    "connecting_link_0": {
      "p": [
        -0.171945907175699,
        -0.0426169497972527,
        0.0676114597130367
      ],
      "q": [
        0.237810576116234,
        -0.589349958535309,
        -0.339887465282498,
        0.69324545956359
      ]
    },
    "connecting_link_1": {
      "p": [
        -0.210332904702394,
        0.0470734460243086,
        0.0363373279384031
      ],
      "q": [
        -0.173158779580134,
        -0.22273078778869,
        0.895568632919348,
        0.344040487379493
      ]
    },
    "connecting_link_2": {
      "p": [
        -0.163856332673515,
        0.0154574517360765,
        0.0932614630447962
      ],
      "q": [
        0.0607201729785478,
        -0.733100931300129,
        -0.0246767667550465,
        0.676954313305452
      ]
    },
    "connecting_link_3": {
      "p": [
        -0.218422479204578,
        -0.0110009555090206,
        0.0106873246066436
      ],
      "q": [
        0.0231224448318191,
        -0.051091265455916,
        0.992592081894901,
        -0.107777521305047
      ]
    }
  },
  "contacts": [
    {
      "f": [
        1.84785072186215,
        -0.822211585801666,
        2.5281490827385
      ],
      "link": "base_link",
      "p": [
        -0.186939475001357,
        -0.000443043656968179,
        -0.000889614252324276
      ]
    }
  ],
  "idx": 1501,
  "state": [
    -0.191139405939047,
    0.00222824811352795,
    0.0519743938257199,
    0.875427121747771,
    0.155260844030001,
    -0.432820536120398,
    -0.14895572607979,
    0.0899893441001882,
    -0.053461962981584,
    -0.0218150510647407,
    -0.0746442476341937,
    1.67980947224969,
    -1.04608346056161,
    0.955963497179691,
    0.127343648662247,
    -0.199698903514533,
    0.173313978491218,
    0.963673598588098,
    0.144644064284869,
    -0.173659791161594,
    0.142315027263925,
    0.916588969201849,
    -0.0884504456661048,
    -0.335233000091272,
    -0.199148225823796,
    0.868899375557552,
    -0.120326310465154,
    -0.463429827362517,
    -0.125571689788292,
    0.426973691600062,
    -0.188814384381123,
    0.254749813463243,
    -0.0304826516567035,
    -0.0415051033379579,
    0.100558369447556,
    -0.0949530150020744,
    -0.466713090989174,
    0.0501854332375118,
    0.0646798591640494,
    -0.846976734565465,
    -0.236723833280604
  ],
  "t": 1.50199999999985,
  "thrust": [
    0.0,
    0.0,
    0.0,
    0.0
  ]
}