{
  "T_W_L": {
    "arm_motor_0": {
      "p": [
        -0.191875097896775,
        -0.0864592703398805,
        0.0251468270635768
      ],
      "q": [
        0.713510990984847,
        0.286345086142439,
        -0.553235672418232,
        0.320684967140412
      ]
    },
    "arm_motor_1": {
      "p": [
        -0.0700729241669538,
        0.119388657790578,
        0.0229292483257113
      ],
      "q": [
        -0.350932413099899,
        0.672573624683792,
        0.326879264992716,
        0.563596581726158
      ]
    },
    "arm_motor_2": {
      "p": [
        -0.0406798672811438,
        -0.0634464099509509,
        0.010659614589047
      ],
      "q": [
        0.366515585546406,
        0.726277167032946,
        -0.181261463058191,
        0.55256862398093
      ]
    },
    "arm_motor_3": {
      "p": [
        -0.203315754528771,
        0.105499566132148,
        0.0481689496136259
      ],
      "q": [
        -0.575538065122129,
        0.311031394023151,
        0.642070906875871,
        0.399700335340224
      ]
    },
    "base_link": {
      "p": [
        -0.128274425908654,
        0.0143362656364166,
        0.0357000574205399
      ],
      "q": [
        -0.0275576854428874,
        0.0229657264873586,
        -0.614397454601489,
        0.788180764266136
      ]
    },
    "connecting_link_0": {
      "p": [
        -0.14946725432989,
        -0.032247271243525,
        0.0378996290295507
      ],
      "q": [
        -0.113331764615288,
        0.0242819627188058,
        0.89572515573775,
        -0.429235067060336
      ]
    },
    "connecting_link_1": {
      "p": [
        -0.107081597487418,
        0.0609198025163582,
        0.033500485811529
      ],
      "q": [
        -0.0170081441354735,
        0.0770584060690008,
        0.479285233946722,
        0.874104335653249
      ]
    },
    "connecting_link_2": {
      "p": [
        -0.0875634625776386,
        -0.016662459499238,
        0.0333133222813027
      ],
      "q": [
        0.13099444625418,
        0.122830488742116,
        -0.387336865646664,
        0.904280530917786
      ]
    },
    "connecting_link_3": {
      "p": [
        -0.168985389239669,
        0.0453349907720712,
        0.0380867925597771
      ],
      "q": [
        0.0470458235756823,
        -0.0626984096859349,
        0.860979560933367,
        0.502563225437284
      ]
    }
  },
  "contacts": [
    {
      "f": [
        -0.0780210400320747,
        -0.196974378975412,
        0.264829510783694
      ],
      "link": "base_link",
      "p": [
        -0.11951994805679,
        0.0515404634880595,
        0.000550335565352354
      ]
    },
    {
      "f": [
        0.0420570346074382,
        -0.373114236205444,
        0.469346333044598
      ],
      "link": "base_link",
      "p": [
        -0.100125443507887,
        -0.00855487424818737,
        0.000276748414677064
      ]
    },
    {
      "f": [
        0.421875510694696,
        -0.0421483582163113,
        0.529969678708487
      ],
      "link": "base_link",
      "p": [
        -0.115451171497946,
        0.0483758285654005,
        0.000114703403444348
      ]
    },
    {
      "f": [
        -0.216050934297389,
        -0.178028854142475,
        0.349938117560755
      ],
      "link": "base_link",
      "p": [
        -0.0994444244114449,
        -0.013115583604697,
        0.000503132658224277
      ]
    },
    {
      "f": [
        0.477511656237034,
        -0.0822082082280196,
        0.605670562453169
      ],
      "link": "base_link",
      "p": [
        -0.10088159486761,
        -0.00946475202011199,
        -2.39968618401601e-05
      ]
    },
    {
      "f": [
        -0.0452746895449542,
        -0.0229189565179912,
        0.0634315093386357
      ],
      "link": "base_link",
      "p": [
        -0.119989051588015,
        0.0519476000079172,
        0.000942515767798018
      ]
    },
    {
      "f": [
        -0.143733281555659,
        -0.138282422662837,
        0.2493155776454
      ],
      "link": "base_link",
      "p": [
        -0.116230527267282,
        0.0524297737756268,
        0.000682065296143584
      ]
    }
  ],
  "idx": 4191,
  "state": [
    -0.128274425908654,
    0.0143362656364166,
    0.0357000574205399,
    0.788180764266136,
    -0.0275576854428873,
    0.0229657264873586,
    -0.614397454601489,
    0.0101457973199849,
    0.00249399199243678,
    0.00432367580952506,
    -0.295611785220526,
    0.00201589205741919,
    0.000446070631256423,
    0.986111663704561,
    0.101246619878361,
    0.112638053868388,
    -0.0681584733527092,
    0.998593872860979,
    -0.00253264235535523,
    0.0505473061370777,
    -0.0157744302431258,
    0.975848276165806,
    0.120892612989342,
    0.130902706179433,
    -0.126370880916988,
    0.963518542052619,
    -0.0782000181350227,
    -0.0430282975134986,
    -0.252319919739935,
    0.120297247581768,
    0.354115811013549,
    -0.254959790598027,
    -0.0236836221881621,
    0.76721136210539,
    0.268958458479895,
    0.199894875313608,
    0.789854580219735,
    -0.2134325372394,
    -0.0259833744753593,
    0.402916509937453,
    0.279817746245384
  ],
  "t": 4.19200000000357,
  "thrust": [
    0.0,
    0.0,
    0.0,
    0.0
  ]
}