{
  "T_W_L": {
    "arm_motor_0": {
      "p": [
        -0.134114250376624,
        -0.106447542399894,
        0.0663957010616946
      ],
      "q": [
        -0.385689249539609,
        -0.463563949753266,
        0.727749807197298,
        -0.326699380781509
      ]
    },
    "arm_motor_1": {
      "p": [
        -0.0794194546725099,
        0.124587461310227,
        0.0674420798624779
      ],
      "q": [
        -0.197479146228599,
        0.586373928599149,
        0.700181850628229,
        0.356248478894791
      ]
    },
    "arm_motor_2": {
      "p": [
        -0.0113117641519686,
        -0.0550768107305442,
        0.0083321806397296
      ],
      "q": [
        0.238162037488778,
        0.72668028292681,
        -0.217793470068892,
        0.606449185587676
      ]
    },
    "arm_motor_3": {
      "p": [
        -0.138112792337498,
        0.0483020168283898,
        0.145232302876928
      ],
      "q": [
        -0.0572560624545911,
        0.132330892675529,
        0.876863244522665,
        0.458607815634534
      ]
    },
    "base_link": {
      "p": [
        -0.102663752433035,
        0.00784096848294743,
        0.0491724995660939
      ],
      "q": [
        -0.0766170857424402,
        0.290225798593799,
        -0.518190906237502,
        0.800860158014921
      ]
    },
    "connecting_link_0": {
      "p": [
        -0.116020759345134,
        -0.0415767204321617,
        0.0473063836426731
      ],
      "q": [
        -0.241873339896204,
        0.0967778648241034,
        -0.787320307456619,
        0.558800559944205
      ]
    },
    "connecting_link_1": {
      "p": [
        -0.0893067455209361,
        0.0572586573980565,
        0.0510386154895146
      ],
      "q": [
        0.355464491201794,
        0.162723266009555,
        0.634742178084139,
        0.666534696437354
      ]
    },
    "connecting_link_2": {
      "p": [
        -0.0657471982372004,
        -0.0126988955534299,
        0.020202135197085
      ],
      "q": [
        0.0144027521456571,
        0.0850162242380021,
        -0.322409231313383,
        0.942664887386211
      ]
    },
    "connecting_link_3": {
      "p": [
        -0.13958030662887,
        0.0283808325193247,
        0.0781428639351027
      ],
      "q": [
        0.579549796349532,
        -0.230712624768993,
        0.660522096400896,
        0.417856767911665
      ]
    }
  },
  "contacts": [
    {
      "f": [
        -0.473766262318327,
        -0.24951623580362,
        0.669319644350568
      ],
      "link": "base_link",
      "p": [
        -0.0934227458375804,
        -0.000731982052835761,
        5.74445162033199e-05
      ]
    },
    {
      "f": [
        0.48514539847073,
        0.803101112255626,
        1.17282874799799
      ],
      "link": "base_link",
      "p": [
        -0.0923280780123629,
        -0.00499204235355873,
        -0.00134565749599599
      ]
    },
    {
      "f": [
        -0.470807941475479,
        0.256425544364492,
        0.670137786157402
      ],
      "link": "base_link",
      "p": [
        -0.0941482859530174,
        -0.0016978345184189,
        -0.000118085297841568
      ]
    }
  ],
  "idx": 2651,
  "state": [
    -0.102663752433035,
    0.00784096848294743,
    0.0491724995660939,
    0.800860158014921,
    -0.0766170857424402,
    0.290225798593799,
    -0.518190906237502,
    0.0296195287781249,
    0.0687943225709241,
    -0.0104197450220159,
    -0.84761556435433,
    -0.756116520084039,
    -0.968016711429763,
    0.987961286693653,
    0.0826508771279199,
    -0.127785122273285,
    -0.0277901246886143,
    0.981631874591874,
    0.0926435155057963,
    -0.0343679915356428,
    0.163201969895515,
    0.965819491961401,
    0.0567985626203323,
    -0.211142247375191,
    -0.139232121311997,
    0.873369246126383,
    -0.214303297577965,
    -0.370173390620389,
    -0.232963339271328,
    -0.263089396117704,
    0.626289350535917,
    -0.146638806613359,
    0.354952120465229,
    0.277022148946684,
    0.125449243594468,
    -0.030459145022925,
    0.581135477937882,
    -0.0147979088798634,
    0.0755182575190717,
    -0.0619531035120651,
    0.0156405233674244
  ],
  "t": 2.65200000000117,
  "thrust": [
    0.0,
    0.0,
    0.0,
    0.0
  ]
}