{
  "T_W_L": {
    "arm_motor_0": {
      "p": [
        -0.0809644532200719,
        -0.0694605909830667,
        0.0516988948731978
      ],
      "q": [
        0.252797704132432,
        0.572927797955744,
        -0.32308377495692,
        0.709551924438613
      ]
    },
    "arm_motor_1": {
      "p": [
        -0.244348405504061,
        0.104268744019318,
        0.0565103503116353
      ],
      "q": [
        -0.520235314453241,
        0.323663741850066,
        0.771050778196195,
        0.173429228362447
      ]
    },
    "arm_motor_2": {
      "p": [
        -0.0549224309288993,
        0.0674521885794511,
        0.054635402795323
      ],
      "q": [
        -0.102676592924457,
        0.574071552083222,
        0.139312162009349,
        0.800307123466027
      ]
    },
    "arm_motor_3": {
      "p": [
        -0.261567497184409,
        -0.0394857359120906,
        0.0687073039358179
      ],
      "q": [
        -0.523876214006166,
        -0.211926567301622,
        0.81627700780669,
        -0.119719208970295
      ]
    },
    "base_link": {
      "p": [
        -0.161246075941784,
        0.0191324873996812,
        0.0378335384678553
      ],
      "q": [
        -0.0308039271166545,
        0.0450644968072347,
        -0.0735923044549292,
        0.995793393192943
      ]
    },
    "connecting_link_0": {
      "p": [
        -0.126443059127398,
        -0.0184338427347688,
        0.0366003065971043
      ],
      "q": [
        -0.0496997573029533,
        -0.0966078463097256,
        -0.40720969902382,
        0.906850108439291
      ]
    },
    "connecting_link_1": {
      "p": [
        -0.196049092756171,
        0.0566988175341311,
        0.0390667703386062
      ],
      "q": [
        0.177353315239091,
        0.106231843255357,
        0.913077152564297,
        0.35149781011743
      ]
    },
    "connecting_link_2": {
      "p": [
        -0.117240554539767,
        0.0447514744875294,
        0.032249490945737
      ],
      "q": [
        0.0259052593325554,
        -0.159972706670395,
        0.171111889584583,
        0.97183248139906
      ]
    },
    "connecting_link_3": {
      "p": [
        -0.205251597343801,
        -0.00648649968816708,
        0.0434175859899735
      ],
      "q": [
        0.20675858412068,
        -0.065200448351379,
        0.94763143097287,
        -0.234508977353749
      ]
    }
  },
  "contacts": [
    {
      "f": [
        0.615373816205259,
        -0.177680909844627,
        0.800639821676075
      ],
      "link": "base_link",
      "p": [
        -0.132230025567441,
        0.0368180695392765,
        0.000197527502329049
      ]
    },
    {
      "f": [
        0.171357319382403,
        0.343100860181245,
        0.479390125515993
      ],
      "link": "base_link",
      "p": [
        -0.127757927733755,
        0.0356818408993538,
        4.12197489680147e-05
      ]
    },
    {
      "f": [
        -0.65932668276567,
        -0.179849280146392,
        0.854270008340416
      ],
      "link": "base_link",
      "p": [
        -0.131710338475665,
        0.0357741257565476,
        -0.000163300524773237
      ]
    }
  ],
  "idx": 806,
  "state": [
    -0.161246075941784,
    0.0191324873996812,
    0.0378335384678553,
    0.995793393192943,
    -0.0308039271166545,
    0.0450644968072347,
    -0.0735923044549292,
    -0.199237288276242,
    0.0011563910809308,
    -0.160475119083586,
    0.931737770306289,
    -5.06653686689992,
    -0.485056300457494,
    0.991008043074772,
    0.0526601140676731,
    -0.116930729262997,
    0.0381729682041496,
    0.982303726994819,
    0.122161212927776,
    -0.0992775448759746,
    0.101488891369947,
    0.966184150741847,
    -0.0237659232089658,
    -0.213625872754124,
    -0.142433683654256,
    0.982237342909048,
    -0.124651240796585,
    -0.12237178515751,
    -0.0685347835789239,
    -0.183765354167638,
    0.353143203663349,
    -0.367378157212213,
    0.329851004146999,
    0.132857647327242,
    0.444030499819,
    0.10247552201753,
    0.831537190615762,
    -0.0861808420580677,
    -0.0554576604114641,
    -0.197763140615889,
    -0.00442783041609796
  ],
  "t": 0.806999999999927,
  "thrust": [
    0.0,
    0.0,
    0.0,
    0.0
  ]
}