{
  "T_W_L": {
    "arm_motor_0": {
      "p": [
        -0.136268249923737,
        -0.116134959353898,
        0.0773958903687646
      ],
      "q": [
        0.493358362343938,
        0.202476671417722,
        -0.0910399405052178,
        0.841018699595742
      ]
    },
    "arm_motor_1": {
      "p": [
        -0.245899235078677,
        0.0866005486002035,
        0.0579511618161602
      ],
      "q": [
        0.649947025043541,
        -0.0824785388418937,
        -0.5951183687641,
        -0.465403354550774
      ]
    },
    "arm_motor_2": {
      "p": [
        -0.123321211137186,
        -0.0267772786470865,
        0.145710330932365
      ],
      "q": [
        0.168131603150226,
        0.0981218958529663,
        0.00776581613243726,
        0.980838187305201
      ]
    },
    "arm_motor_3": {
      "p": [
        -0.279184563498084,
        -0.0316952195130229,
        0.032768287079924
      ],
      "q": [
        -0.574106317748223,
        -0.195080243338129,
        0.79343142371808,
        0.0530302784964827
      ]
    },
    "base_link": {
      "p": [
        -0.175471063339906,
        -0.0090422516511986,
        0.0476278445551499
      ],
      "q": [
        0.224769937831368,
        -0.279786712023805,
        -0.214054027316077,
        0.908503574132738
      ]
    },
    "connecting_link_0": {
      "p": [
        -0.15382023905515,
        -0.0554649692105136,
        0.0472117890315977
      ],
      "q": [
        0.284482084278429,
        -0.451517398197289,
        -0.413232002858548,
        0.737862652980393
      ]
    },
    "connecting_link_1": {
      "p": [
        -0.197121887624663,
        0.0373804659081164,
        0.0480439000787022
      ],
      "q": [
        -0.038769714658539,
        -0.270768733872358,
        0.880394182982082,
        0.38741100210728
      ]
    },
    "connecting_link_2": {
      "p": [
        -0.136977844558314,
        -0.00379657261057104,
        0.0810157908716758
      ],
      "q": [
        0.124378257967984,
        -0.624174675549716,
        -0.113395735470596,
        0.762939991430741
      ]
    },
    "connecting_link_3": {
      "p": [
        -0.213964282121498,
        -0.0142879306918262,
        0.0142398982386241
      ],
      "q": [
        0.155086269715744,
        -0.175440632472987,
        0.966995210519358,
        -0.100444493406839
      ]
    }
  },
  "contacts": [
    {
      "f": [
        0.453670493923441,
        -1.92210657750347,
        2.46865050822902
      ],
      "link": "base_link",
      "p": [
        -0.186939487277038,
        -0.000442958046541634,
        -0.00349852800910622
      ]
    }
  ],
  "idx": 1687,
  "state": [
    -0.175471063339906,
    -0.0090422516511986,
    0.0476278445551499,
    0.908503574132738,
    0.224769937831368,
    -0.279786712023805,
    -0.214054027316077,
    0.0829332848151349,
    -0.0709383616118534,
    -0.0349232952703294,
    0.208561830251771,
    1.67495568223847,
    -1.30681621799723,
    0.951680203008503,
    0.158247822761497,
    -0.189624051775933,
    0.182496950059497,
    0.970050708527395,
    0.11766936413069,
    -0.148234525821224,
    0.152256589299559,
    0.91341171550538,
    -0.0947944102910762,
    -0.342244281695303,
    -0.198901758167072,
    0.870133942022487,
    -0.122208764433979,
    -0.459813463594466,
    -0.128466024820523,
    0.286420391049981,
    0.122834967486439,
    -0.0236857260940767,
    -0.359066771702691,
    0.584056638584662,
    0.0963766286671753,
    -0.0613886872286549,
    0.0298471215898691,
    0.00587719473580043,
    -0.0915350469888371,
    0.476917435816309,
    0.152900306175209
  ],
  "t": 1.68799999999983,
  "thrust": [
    0.0,
    0.0,
    0.0,
    0.0
  ]
}