{
  "T_W_L": {
    "arm_motor_0": {
      "p": [
        -0.197359903671405,
        -0.0796415474979309,
        0.00979342121198963
      ],
      "q": [
        0.784726508224216,
        0.2500521445235,
        -0.498349898701151,
        0.27078702105895
      ]
    },
    "arm_motor_1": {
      "p": [
        -0.0753748218529532,
        0.114784105607859,
        0.0057805685688804
      ],
      "q": [
        -0.410923047882824,
        0.731175678699115,
        0.258072499760215,
        0.479502826336919
      ]
    },
    "arm_motor_2": {
      "p": [
        -0.0500821956077209,
        -0.0679640763174005,
        0.00893378765188674
      ],
      "q": [
        0.420333001380348,
        0.714239306703747,
        -0.205517321083829,
        0.520523785666386
      ]
    },
    "arm_motor_3": {
      "p": [
        -0.204610104836469,
        0.104056242057501,
        0.0154763353106075
      ],
      "q": [
        0.720443325993872,
        -0.335895742488971,
        -0.492109488469747,
        -0.35491367340061
      ]
    },
    "base_link": {
      "p": [
        -0.130851038364827,
        0.0141673272007782,
        0.0345128123369445
      ],
      "q": [
        -0.00112109844109113,
        -0.00563190545921493,
        -0.61451146494962,
        0.788886990781732
      ]
    },
    "connecting_link_0": {
      "p": [
        -0.152089853593463,
        -0.0324465374817462,
        0.0347584686886697
      ],
      "q": [
        -0.202498842566971,
        0.0146617718052831,
        0.907272028117397,
        -0.368288905890893
      ]
    },
    "connecting_link_1": {
      "p": [
        -0.10961222313619,
        0.0607811918833026,
        0.0342671559852193
      ],
      "q": [
        -0.108081659085577,
        0.17795958054587,
        0.473051288322,
        0.856078980747771
      ]
    },
    "connecting_link_2": {
      "p": [
        -0.0900371925623706,
        -0.0167826139510252,
        0.0350882543524953
      ],
      "q": [
        0.151897624242871,
        0.136977558546603,
        -0.442543007022207,
        0.873109355773792
      ]
    },
    "connecting_link_3": {
      "p": [
        -0.171664884167282,
        0.0451172683525815,
        0.0339373703213937
      ],
      "q": [
        -0.161456404887657,
        -0.0134477079117572,
        0.857404317654059,
        0.48847602248304
      ]
    }
  },
  "contacts": [
    {
      "f": [
        0.129868870964799,
        0.210847815241863,
        0.30954282023539
      ],
      "link": "base_link",
      "p": [
        -0.119445869576687,
        0.0516097308194174,
        0.000391195978498633
      ]
    },
    {
      "f": [
        0.257196994909863,
        0.167887201317022,
        0.383927903707044
      ],
      "link": "base_link",
      "p": [
        -0.115351440815863,
        0.0484512742922885,
        0.000251776651392449
      ]
    },
    {
      "f": [
        -0.0400387009833265,
        0.144661485080848,
        0.187625136751402
      ],
      "link": "base_link",
      "p": [
        -0.145792515157106,
        -0.0207616615042529,
        0.000624749726497197
      ]
    },
    {
      "f": [
        -0.0586619908334493,
        0.0575389157403257,
        0.102712858198201
      ],
      "link": "base_link",
      "p": [
        -0.100739565563584,
        -0.00937553768456999,
        0.000866171984150045
      ]
    },
    {
      "f": [
        -0.0688131515518264,
        0.078337131075683,
        0.130335839826289
      ],
      "link": "base_link",
      "p": [
        -0.119944501528318,
        0.0520138963401261,
        0.000748463369513702
      ]
    },
    {
      "f": [
        -0.0650426854314287,
        0.0667325491400041,
        0.116483529165976
      ],
      "link": "base_link",
      "p": [
        -0.116177729895633,
        0.0525007647783291,
        0.000783415495081034
      ]
    },
    {
      "f": [
        -0.0202574376433342,
        0.182198676099967,
        0.229151701091678
      ],
      "link": "base_link",
      "p": [
        -0.16132593070763,
        0.0413081230957642,
        0.000541696597816645
      ]
    },
    {
      "f": [
        0.308290513357666,
        0.0941838170426756,
        0.402945467811444
      ],
      "link": "arm_motor_0",
      "p": [
        -0.219484936305154,
        -0.059632448686622,
        0.000194109064377113
      ]
    },
    {
      "f": [
        -0.246188538177702,
        -0.0258816480904533,
        0.309431575730887
      ],
      "link": "arm_motor_1",
      "p": [
        -0.0680588400525119,
        0.0999307058897298,
        0.000470923836736234
      ]
    },
    {
      "f": [
        -0.0396011642396833,
        0.298379661247862,
        0.376245171180657
      ],
      "link": "arm_motor_2",
      "p": [
        -0.0731400271194197,
        -0.0873267434523088,
        0.000247509657638686
      ]
    }
  ],
  "idx": 4875,
  "state": [
    -0.130851038364827,
    0.0141673272007782,
    0.0345128123369445,
    0.788886990781732,
    -0.00112109844109113,
    -0.00563190545921493,
    -0.61451146494962,
    0.000671232167326529,
    -0.000140023674354586,
    -2.70351762511917e-05,
    -0.0181780606025794,
    0.00870799530699451,
    0.000128167400787171,
    0.971113284163551,
    0.107196290740967,
    0.169919267248494,
    -0.128745435609168,
    0.978412975864615,
    -0.000785820398316061,
    0.20640977653485,
    -0.0101210324020645,
    0.958184564049464,
    0.110688411196259,
    0.17800743746321,
    -0.194791604161904,
    0.957122338176392,
    -0.056289157928198,
    0.146416886843997,
    -0.243537380519711,
    -0.00639002631417665,
    -0.00369168566791532,
    -0.219039080046985,
    -0.015214616181153,
    0.0244686095182575,
    -0.114704587127428,
    -0.000962576503515669,
    -0.0273008195557082,
    -0.235010443886873,
    -0.121602484535433,
    0.563346745293921,
    0.00468426353123765
  ],
  "t": 4.87600000000197,
  "thrust": [
    0.0,
    0.0,
    0.0,
    0.0
  ]
}