{
  "T_W_L": {
    "arm_motor_0": {
      "p": [
        -0.192603185894295,
        -0.0844327096306796,
        0.0212946537190839
      ],
      "q": [
        0.737437614973378,
        0.278670935912091,
        -0.53331445242053,
        0.306763701144131
      ]
    },
    "arm_motor_1": {
      "p": [
        -0.0736474616401699,
        0.119402861495401,
        0.013508013965844
      ],
      "q": [
        -0.384271834998128,
        0.702321998344961,
        0.312446636657646,
        0.511327748815999
      ]
    },
    "arm_motor_2": {
      "p": [
        -0.0444577035785071,
        -0.0653961267973048,
        0.00838850132851935
      ],
      "q": [
        0.386391953969965,
        0.728870418629625,
        -0.199782154771489,
        0.528711888828698
      ]
    },
    "arm_motor_3": {
      "p": [
        -0.205909067035389,
        0.104990965152878,
        0.0418062450113633
      ],
      "q": [
        -0.61094239720891,
        0.314082629437619,
        0.623308521153946,
        0.373614743599692
      ]
    },
    "base_link": {
      "p": [
        -0.128312982935201,
        0.0146088691140548,
        0.0357688269746922
      ],
      "q": [
        -0.0302233143208384,
        0.0201679943323761,
        -0.614519100136824,
        0.788064768177782
      ]
    },
    "connecting_link_0": {
      "p": [
        -0.149511184477195,
        -0.0319553434693746,
        0.0383006954290481
      ],
      "q": [
        -0.144336872438362,
        0.0198645847978573,
        0.898557404061057,
        -0.41396480180394
      ]
    },
    "connecting_link_1": {
      "p": [
        -0.107114781393206,
        0.0611730816974842,
        0.0332369585203363
      ],
      "q": [
        -0.0507880848066231,
        0.135053329009565,
        0.492654355885725,
        0.858179966202854
      ]
    },
    "connecting_link_2": {
      "p": [
        -0.0876012569817437,
        -0.0164093816340476,
        0.0336656174229666
      ],
      "q": [
        0.131953054449102,
        0.141533453734565,
        -0.414487687247062,
        0.889244977504006
      ]
    },
    "connecting_link_3": {
      "p": [
        -0.169024708888657,
        0.0456271198621572,
        0.0378720365264178
      ],
      "q": [
        0.0087441700985279,
        -0.0420955616223737,
        0.872747194060099,
        0.486275475878857
      ]
    }
  },
  "contacts": [
    {
      "f": [
        0.0833430347398569,
        -0.331271770905446,
        0.426993573646166
      ],
      "link": "base_link",
      "p": [
        -0.119516278267972,
        0.051542552746349,
        0.000345428392862654
      ]
    },
    {
      "f": [
        0.177986468869858,
        0.0136842159934997,
        0.223139673425489
      ],
      "link": "base_link",
      "p": [
        -0.10012520169985,
        -0.00855415297138163,
        0.000553720653149022
      ]
    },
    {
      "f": [
        -0.440038068019317,
        -0.121300591617306,
        0.570563502755283
      ],
      "link": "base_link",
      "p": [
        -0.115447205740804,
        0.0483744601959624,
        -6.13524090836703e-05
      ]
    },
    {
      "f": [
        0.0727931523482482,
        0.0114765452970294,
        0.0921153668704193
      ],
      "link": "base_link",
      "p": [
        -0.0994447229733025,
        -0.0131130328663869,
        0.000815769266259161
      ]
    },
    {
      "f": [
        -0.272113265019287,
        -0.122118733334801,
        0.372824133369946
      ],
      "link": "base_link",
      "p": [
        -0.100881067378351,
        -0.00946626503314979,
        0.000259087282940169
      ]
    },
    {
      "f": [
        0.189239349881055,
        0.0298132556350914,
        0.239466730971417
      ],
      "link": "base_link",
      "p": [
        -0.119985801718487,
        0.0519527032356418,
        0.00073394851531388
      ]
    },
    {
      "f": [
        0.240824085573883,
        0.00805725527773825,
        0.301198542169207
      ],
      "link": "base_link",
      "p": [
        -0.116226954093743,
        0.0524326696022346,
        0.000474087242916088
      ]
    },
    {
      "f": [
        -0.0313469729358309,
        0.175560585321572,
        0.222921482220663
      ],
      "link": "arm_motor_2",
      "p": [
        -0.066198246690909,
        -0.0865621309707346,
        0.000554157035558674
      ]
    },
    {
      "f": [
        0.063446990807645,
        -0.000472239052382793,
        0.0793109352905936
      ],
      "link": "arm_motor_2",
      "p": [
        -0.0600350293142189,
        -0.0670475669002537,
        0.000841378129418813
      ]
    }
  ],
  "idx": 4365,
  "state": [
    -0.128312982935201,
    0.0146088691140548,
    0.0357688269746922,
    0.788064768177782,
    -0.0302233143208384,
    0.0201679943323761,
    -0.614519100136824,
    -0.0125065340021022,
    -0.00268473098404162,
    -0.00790660898779012,
    0.361028741481868,
    -0.0123133467130569,
    -0.00267348030700449,
    0.979897786198635,
    0.109517814410457,
    0.144783358501124,
    -0.0827282057759315,
    0.993322871009983,
    -0.0012050667897966,
    0.115334083059559,
    0.00250420193430924,
    0.968488215663362,
    0.119915993728849,
    0.152972585374478,
    -0.15572449612398,
    0.969509516455621,
    -0.070539444294748,
    -0.00309620295499304,
    -0.234661240574233,
    0.0711847460753444,
    0.301181504575806,
    -0.156545581260681,
    0.00438071716188892,
    0.789580865298304,
    0.182094289175395,
    -0.0132159304120693,
    0.133054644555692,
    -0.405525595748647,
    -0.00651367368378545,
    0.506524180682816,
    0.275999361113458
  ],
  "t": 4.36600000000316,
  "thrust": [
    0.0,
    0.0,
    0.0,
    0.0
  ]
}