{
  "T_W_L": {
    "arm_motor_0": {
      "p": [
        -0.132018878650014,
        -0.119743550562637,
        0.044492533669137
      ],
      "q": [
        -0.420848403979697,
        -0.508819196456802,
        0.652751649416125,
        -0.371355530952919
      ]
    },
    "arm_motor_1": {
      "p": [
        -0.0894346221567414,
        0.106471856528414,
        0.0951779634351709
      ],
      "q": [
        -0.202300159686108,
        0.480068034133428,
        0.732694430227726,
        0.437913461665098
      ]
    },
    "arm_motor_2": {
      "p": [
        -0.00964561121812378,
        -0.0536482332920117,
        0.0113143724082016
      ],
      "q": [
        0.300280067321412,
        0.695086719283532,
        -0.102169372798485,
        0.645172653719195
      ]
    },
    "arm_motor_3": {
      "p": [
        -0.158392119827546,
        0.0165598100975745,
        0.146316624519788
      ],
      "q": [
        -0.0749564184706377,
        0.0134018857348909,
        0.883035373165009,
        0.463087955498884
      ]
    },
    "base_link": {
      "p": [
        -0.109064067523708,
        -0.00326998001689209,
        0.0493533203596213
      ],
      "q": [
        0.0367280157012801,
        0.292740618762034,
        -0.476359256867021,
        0.828272806137306
      ]
    },
    "connecting_link_0": {
      "p": [
        -0.120012945271044,
        -0.0513651772473106,
        0.0355339832032656
      ],
      "q": [
        -0.163980357427266,
        0.0972014900445545,
        -0.759149878038425,
        0.622377518380434
      ]
    },
    "connecting_link_1": {
      "p": [
        -0.0981151897763725,
        0.0448252172135264,
        0.0631726575159771
      ],
      "q": [
        0.375045385402471,
        0.029807784050376,
        0.661141014900807,
        0.649110940682908
      ]
    },
    "connecting_link_2": {
      "p": [
        -0.0681336236125452,
        -0.0165833646060632,
        0.021578285669887
      ],
      "q": [
        0.140085415522738,
        0.0352945742371322,
        -0.284574728193509,
        0.947706491199059
      ]
    },
    "connecting_link_3": {
      "p": [
        -0.149994511434872,
        0.010043404572279,
        0.0771283550493557
      ],
      "q": [
        0.571398108598527,
        -0.317976069335247,
        0.677402492186616,
        0.336929197902904
      ]
    }
  },
  "contacts": [
    {
      "f": [
        -1.04462198256219,
        -0.168945771748719,
        1.32274440100162
      ],
      "link": "base_link",
      "p": [
        -0.0922647602623184,
        -0.00489237540520455,
        -0.00103266613018944
      ]
    },
    {
      "f": [
        -0.308268406058672,
        -0.336309478512909,
        0.570270598476585
      ],
      "link": "base_link",
      "p": [
        -0.0943550086784723,
        -0.00196428943052092,
        0.000619323516759737
      ]
    },
    {
      "f": [
        -0.148073653034374,
        0.221273668606256,
        0.332809637643595
      ],
      "link": "arm_motor_2",
      "p": [
        -0.0230446778004291,
        -0.0797620743604177,
        0.000334380724712809
      ]
    },
    {
      "f": [
        -0.0754281247221,
        0.200431318098917,
        0.267693024032315
      ],
      "link": "arm_motor_2",
      "p": [
        -0.0219914717530363,
        -0.0593229023718497,
        0.00046461395193537
      ]
    }
  ],
  "idx": 2478,
  "state": [
    -0.109064067523708,
    -0.00326998001689209,
    0.0493533203596213,
    0.828272806137306,
    0.0367280157012801,
    0.292740618762034,
    -0.476359256867021,
    0.0464855447942825,
    0.0617330047826137,
    0.00737260294847297,
    -1.02713894773107,
    -0.393795867220836,
    -1.00319253342998,
    0.97798891803858,
    0.0954150353258557,
    -0.185270589443099,
    -0.0104142169604807,
    0.985850519601754,
    0.0649978632330337,
    -0.0586480012443847,
    0.142949091379172,
    0.962506684209507,
    0.0630266686882861,
    -0.23383870230211,
    -0.122180126009686,
    0.876257741969664,
    -0.218446955414583,
    -0.357698543044324,
    -0.237707908182064,
    -0.214532918993836,
    0.746603497134606,
    -0.373598162510412,
    0.305290541756962,
    0.135819216516515,
    0.343941734292307,
    -0.287102592259467,
    -0.0743873251848283,
    -0.361046488743951,
    0.0577025925336031,
    -0.320613748165005,
    0.00337931355734498
  ],
  "t": 2.47900000000081,
  "thrust": [
    0.0,
    0.0,
    0.0,
    0.0
  ]
}