{
  "T_W_L": {
    "arm_motor_0": {
      "p": [
        -0.0435490519132796,
        -0.0725352038943085,
        0.0309769191264964
      ],
      "q": [
        0.0763458439589221,
        0.887461377166622,
        -0.395064742832475,
        0.224738659599173
      ]
    },
    "arm_motor_1": {
      "p": [
        -0.104869345056366,
        0.101956393136919,
        0.186364315109351
      ],
      "q": [
        -0.0884292106126095,
        0.395406318698021,
        0.913862944860206,
        0.0262418721805851
      ]
    },
    "arm_motor_2": {
      "p": [
        -0.0245960134284255,
        0.0737897061199965,
        0.0179817274281504
      ],
      "q": [
        -0.0201586947153015,
        0.915926839633844,
        0.236195004953697,
        0.323857331398653
      ]
    },
    "arm_motor_3": {
      "p": [
        -0.10839414946608,
        -0.0528419778478395,
        0.202001339237992
      ],
      "q": [
        -0.085762584383949,
        -0.303361937211515,
        0.948996380466959,
        0.00470999274661469
      ]
    },
    "base_link": {
      "p": [
        -0.0811286531523376,
        0.0149972328975478,
        0.105701375738495
      ],
      "q": [
        -0.0346786103293456,
        0.560066036891048,
        -0.0404215346362631,
        0.8267342546698
      ]
    },
    "connecting_link_0": {
      "p": [
        -0.06724899799295,
        -0.021048445020915,
        0.0720552128658152
      ],
      "q": [
        -0.225368294685799,
        0.46861572763832,
        -0.333337622643327,
        0.786444188033021
      ]
    },
    "connecting_link_1": {
      "p": [
        -0.0950083083117251,
        0.0510429108160107,
        0.139347538611176
      ],
      "q": [
        0.58366979090661,
        0.261038683505458,
        0.708727579864909,
        0.298150295045302
      ]
    },
    "connecting_link_2": {
      "p": [
        -0.0654575668943164,
        0.0425884821500641,
        0.0654876962229477
      ],
      "q": [
        0.15276073995209,
        0.418656364206889,
        0.181269439418208,
        0.876659794544821
      ]
    },
    "connecting_link_3": {
      "p": [
        -0.0967997394103587,
        -0.0125940163549685,
        0.145915055254043
      ],
      "q": [
        0.610398470959702,
        -0.21783975076662,
        0.73168508093965,
        -0.211178815145679
      ]
    }
  },
  "contacts": [
    {
      "f": [
        0.348802648600532,
        -0.0602440733295229,
        0.44245874815145
      ],
      "link": "arm_motor_2",
      "p": [
        0.00534362751894443,
        0.0578009899064891,
        0.0001150825036971
      ]
    },
    {
      "f": [
        -0.0367708205658218,
        0.550061834236074,
        0.689111877174433
      ],
      "link": "arm_motor_2",
      "p": [
        -0.0185315227007878,
        0.0485763365757646,
        0.000388096579661781
      ]
    },
    {
      "f": [
        -0.0696537213255789,
        -0.408467427590347,
        0.517954631665471
      ],
      "link": "arm_motor_2",
      "p": [
        0.00603264529238827,
        0.0617033898045221,
        -3.5909263330941e-05
      ]
    }
  ],
  "idx": 527,
  "state": [
    -0.0811286531523376,
    0.0149972328975478,
    0.105701375738495,
    0.8267342546698,
    -0.0346786103293456,
    0.560066036891048,
    -0.0404215346362631,
    -0.416092720754518,
    -0.0362603461594358,
    -0.276178221267421,
    0.178415581409861,
    -2.40134504707113,
    -0.136741207098876,
    0.998213790122753,
    0.0273995899516432,
    -0.0434089960748317,
    0.0305638796461554,
    0.994403216664881,
    0.0768778816974446,
    -0.0605853066669223,
    0.0397675069413086,
    0.983765563475556,
    -0.020145078079442,
    -0.14858212117288,
    -0.0986044888256291,
    0.992758189977179,
    -0.0946257671505015,
    -0.0650687402356304,
    -0.0352590338574814,
    -0.159464828909035,
    0.421857968934274,
    -0.375166429009764,
    0.587665561306794,
    -0.454086830345976,
    0.324146252353994,
    -0.825282523748957,
    -2.28976806186249,
    -0.901366601723344,
    -0.082742762758796,
    -0.474886345196554,
    -0.293617175630492
  ],
  "t": 0.527999999999958,
  "thrust": [
    0.0,
    0.0,
    0.0,
    0.0
  ]
}