{
  "T_W_L": {
    "arm_motor_0": {
      "p": [
        -0.0638235768039581,
        -0.067795772771568,
        0.0312162990237294
      ],
      "q": [
        0.182731094668868,
        0.691142300110913,
        -0.352031112880555,
        0.604157068652343
      ]
    },
    "arm_motor_1": {
      "p": [
        -0.216809830328414,
        0.104773183913757,
        0.092092080726235
      ],
      "q": [
        -0.377111703313919,
        0.354233313189566,
        0.846112703040903,
        0.128057865058086
      ]
    },
    "arm_motor_2": {
      "p": [
        -0.0411489233823505,
        0.0688451058386501,
        0.0279253680683609
      ],
      "q": [
        -0.0836622902102695,
        0.69007940807887,
        0.161913342486279,
        0.700410666157512
      ]
    },
    "arm_motor_3": {
      "p": [
        -0.229091757900373,
        -0.0409499271304703,
        0.109244666320994
      ],
      "q": [
        -0.377058899383798,
        -0.233170770458155,
        0.89210661485467,
        -0.0871995752969584
      ]
    },
    "base_link": {
      "p": [
        -0.145882741989774,
        0.0188868970591171,
        0.046167586498757
      ],
      "q": [
        -0.0438862505072964,
        0.221273801706561,
        -0.0610583060736636,
        0.972308482403682
      ]
    },
    "connecting_link_0": {
      "p": [
        -0.113275983365906,
        -0.0182775101912573,
        0.0327658654983375
      ],
      "q": [
        -0.11971319093249,
        0.0615078470274363,
        -0.378133983280485,
        0.915914967319153
      ]
    },
    "connecting_link_1": {
      "p": [
        -0.178489500613643,
        0.0560513043094915,
        0.0595693074991765
      ],
      "q": [
        0.331633787290221,
        0.159930193111676,
        0.864950272646383,
        0.341031362645365
      ]
    },
    "connecting_link_2": {
      "p": [
        -0.106919934543605,
        0.0449987624840484,
        0.0255746236244406
      ],
      "q": [
        0.0553318496993495,
        -0.00730530264559541,
        0.173648195173906,
        0.983224960665132
      ]
    },
    "connecting_link_3": {
      "p": [
        -0.184845549435944,
        -0.00722496836581421,
        0.0667605493730734
      ],
      "q": [
        0.364193732244093,
        -0.103217221956387,
        0.897435541566133,
        -0.22653604397452
      ]
    }
  },
  "contacts": [
    {
      "f": [
        0.425749842306625,
        -0.010978565595887,
        0.532364209691453
      ],
      "link": "base_link",
      "p": [
        -0.132087253096438,
        0.0368113880568778,
        0.000785019085651963
      ]
    },
    {
      "f": [
        -0.768562408493726,
        0.0677815058692236,
        0.964431915274136
      ],
      "link": "base_link",
      "p": [
        -0.127939863131775,
        0.0357265523547704,
        -0.000928863830548271
      ]
    },
    {
      "f": [
        0.203285945402306,
        0.521954817220426,
        0.700180787834602
      ],
      "link": "base_link",
      "p": [
        -0.131714569397948,
        0.0357726121820904,
        0.000263347059528636
      ]
    }
  ],
  "idx": 733,
  "state": [
    -0.145882741989774,
    0.0188868970591171,
    0.046167586498757,
    0.972308482403682,
    -0.0438862505072964,
    0.221273801706561,
    -0.0610583060736636,
    -0.216893138113133,
    0.00617010938220811,
    -0.0712969128967103,
    0.589738175778293,
    -4.63961192262187,
    -0.40034665417696,
    0.989922591300237,
    0.0545489108493235,
    -0.121988873007639,
    0.0468657062349706,
    0.985155105744054,
    0.10973001917033,
    -0.10203621450437,
    0.0837696332146619,
    0.961843333624782,
    -0.0331160394682018,
    -0.23405028962704,
    -0.137772244726596,
    0.983768025025013,
    -0.120377317886633,
    -0.114542776797768,
    -0.0677475206945762,
    0.0692406865104662,
    -0.158786154207382,
    -0.115199780034141,
    0.467378572591539,
    0.0123588662499393,
    0.502507621517353,
    0.183365536390721,
    0.35453401922628,
    -0.230929474986111,
    -0.161617440175442,
    -0.302107620380856,
    -0.107887274522304
  ],
  "t": 0.733999999999935,
  "thrust": [
    0.0,
    0.0,
    0.0,
    0.0
  ]
}