{
  "T_W_L": {
    "arm_motor_0": {
      "p": [
        -0.131105829702342,
        -0.122559953901586,
        0.0382092840508601
      ],
      "q": [
        -0.433701637839377,
        -0.513471090819013,
        0.626604044249886,
        -0.394484093416022
      ]
    },
    "arm_motor_1": {
      "p": [
        -0.0949290437466306,
        0.100964155305078,
        0.101080489776068
      ],
      "q": [
        -0.209490051682597,
        0.448637687890658,
        0.736061348388,
        0.461575383506733
      ]
    },
    "arm_motor_2": {
      "p": [
        -0.00921159264753028,
        -0.0525034044154996,
        0.0138628613349815
      ],
      "q": [
        0.315861553047075,
        0.678893886358953,
        -0.0603446831616002,
        0.660070518645737
      ]
    },
    "arm_motor_3": {
      "p": [
        -0.167294218730618,
        0.00870731772864227,
        0.143227818723034
      ],
      "q": [
        -0.0931851952965922,
        -0.0203294871527401,
        0.882504143461878,
        0.460531940371413
      ]
    },
    "base_link": {
      "p": [
        -0.111875005953708,
        -0.00618411900153465,
        0.0484286939099537
      ],
      "q": [
        0.0708763085346011,
        0.282081360688651,
        -0.462437986719927,
        0.837590450804549
      ]
    },
    "connecting_link_0": {
      "p": [
        -0.121417406550819,
        -0.0535635495675671,
        0.0314542380988598
      ],
      "q": [
        -0.136402599680074,
        0.0841365127366812,
        -0.749749337935946,
        0.642021267786075
      ]
    },
    "connecting_link_1": {
      "p": [
        -0.102332605356598,
        0.0411953115644978,
        0.0654031497210477
      ],
      "q": [
        0.372342134678584,
        -0.00914833230305372,
        0.668605806950353,
        0.64361783510973
      ]
    },
    "connecting_link_2": {
      "p": [
        -0.0692796110541248,
        -0.0175792094297203,
        0.0223560214830238
      ],
      "q": [
        0.18067771140358,
        0.013310130954783,
        -0.266017980747822,
        0.946790810546227
      ]
    },
    "connecting_link_3": {
      "p": [
        -0.154470400853292,
        0.00521097142665098,
        0.0745013663368837
      ],
      "q": [
        0.558132780766707,
        -0.340020376213373,
        0.689916547767533,
        0.311270139765878
      ]
    }
  },
  "contacts": [
    {
      "f": [
        -0.473830783059864,
        0.611393073594165,
        0.966887000098483
      ],
      "link": "base_link",
      "p": [
        -0.092245194819989,
        -0.00491376374262234,
        -0.000933774000196966
      ]
    },
    {
      "f": [
        -0.0823354611572478,
        -0.0561230367021782,
        0.124554979154856
      ],
      "link": "base_link",
      "p": [
        -0.0944621321414458,
        -0.00209969343633929,
        0.000750890041690287
      ]
    },
    {
      "f": [
        -0.397799022715624,
        0.669636205081547,
        0.973602130644817
      ],
      "link": "arm_motor_2",
      "p": [
        -0.0210875529498268,
        -0.0781303056862337,
        0.000288937946704201
      ]
    }
  ],
  "idx": 2426,
  "state": [
    -0.111875005953708,
    -0.00618411900153465,
    0.0484286939099537,
    0.837590450804549,
    0.0708763085346011,
    0.282081360688651,
    -0.462437986719927,
    0.0636068005526272,
    0.0459903810152151,
    0.0420330773241985,
    -1.19332782954583,
    0.0625794764170597,
    -1.00568069382353,
    0.973840892330675,
    0.0986630290991656,
    -0.204670402247141,
    -0.00309023584305403,
    0.987091460551608,
    0.0593824040376092,
    -0.064031723313199,
    0.134253927340501,
    0.963036670900556,
    0.0682785764180572,
    -0.235263158298076,
    -0.112025233098225,
    0.878472355270576,
    -0.216761485252491,
    -0.351885400759061,
    -0.239744539602335,
    -0.140819790926977,
    0.655538890055711,
    -0.210749653869787,
    0.256147066790249,
    0.343565927658865,
    0.219898551802207,
    -0.236940201641776,
    0.162085684407059,
    -0.286046917232164,
    -0.037924348666232,
    -0.0869863793042032,
    0.0450564710645541
  ],
  "t": 2.4270000000007,
  "thrust": [
    0.0,
    0.0,
    0.0,
    0.0
  ]
}