{
  "T_W_L": {
    "arm_motor_0": {
      "p": [
        -0.131995070743709,
        -0.125416650554809,
        0.0292063194965224
      ],
      "q": [
        -0.465870573695927,
        -0.50572009415384,
        0.58341952779884,
        -0.432242350442708
      ]
    },
    "arm_motor_1": {
      "p": [
        -0.107818120020273,
        0.0923603315611157,
        0.1097311451018
      ],
      "q": [
        -0.230847173109698,
        0.383425209858183,
        0.732905405211341,
        0.512390825566257
      ]
    },
    "arm_motor_2": {
      "p": [
        -0.0112362742542693,
        -0.0531809594999973,
        0.0265241493937915
      ],
      "q": [
        0.321252541334547,
        0.624510861454774,
        -0.0254115966923609,
        0.711433229027613
      ]
    },
    "arm_motor_3": {
      "p": [
        -0.185223512804271,
        -0.00205218256950339,
        0.134247180204387
      ],
      "q": [
        -0.131661090924236,
        -0.0811522096533208,
        0.876487392075887,
        0.455905173843239
      ]
    },
    "base_link": {
      "p": [
        -0.118091500345999,
        -0.00972992834403068,
        0.0465852782759601
      ],
      "q": [
        0.127252120967436,
        0.242959176228771,
        -0.441686138572862,
        0.854219580311831
      ]
    },
    "connecting_link_0": {
      "p": [
        -0.124546462029605,
        -0.0559184147119633,
        0.0253966682058662
      ],
      "q": [
        -0.0831196625675558,
        0.0519566108444286,
        -0.741960146198871,
        0.663239605072531
      ]
    },
    "connecting_link_1": {
      "p": [
        -0.111636538662394,
        0.036458558023902,
        0.067773888346054
      ],
      "q": [
        0.355008780469601,
        -0.0911924614070779,
        0.681475983516825,
        0.63343759334427
      ]
    },
    "connecting_link_2": {
      "p": [
        -0.0722950676737809,
        -0.0189622223661222,
        0.025574530988236
      ],
      "q": [
        0.209191138109123,
        -0.0614633955475438,
        -0.245128562793016,
        0.944655125666191
      ]
    },
    "connecting_link_3": {
      "p": [
        -0.163887933018218,
        -0.000497634321939147,
        0.0675960255636842
      ],
      "q": [
        0.526671728350426,
        -0.379756917756722,
        0.712868628772318,
        0.264990362248451
      ]
    }
  },
  "contacts": [
    {
      "f": [
        -0.975955334595044,
        0.266764115035597,
        1.26469605303214
      ],
      "link": "base_link",
      "p": [
        -0.0922725332100805,
        -0.00492917279438318,
        0.000390795834905866
      ]
    },
    {
      "f": [
        0.301812293051509,
        -0.173191846379033,
        0.434967807517817
      ],
      "link": "base_link",
      "p": [
        -0.130626627492291,
        -0.032312110695791,
        0.000130064384964365
      ]
    },
    {
      "f": [
        0.446939478357601,
        -0.0968988333706637,
        0.571653688356148
      ],
      "link": "base_link",
      "p": [
        -0.12971139163653,
        -0.0317367518266942,
        -0.000143307376712296
      ]
    }
  ],
  "idx": 2336,
  "state": [
    -0.118091500345999,
    -0.00972992834403068,
    0.0465852782759601,
    0.854219580311831,
    0.127252120967436,
    0.242959176228771,
    -0.441686138572862,
    0.0814801792844416,
    0.0445907663240296,
    0.0309699493310458,
    -1.68007001844308,
    0.241922734572833,
    -1.07051425772168,
    0.968781434448591,
    0.0966326366865691,
    -0.228283972478725,
    0.00333072125301525,
    0.987399920092946,
    0.0480882594282075,
    -0.0854594065985926,
    0.124199866865572,
    0.958326401965358,
    0.0496365050775261,
    -0.259565484598897,
    -0.10850107771243,
    0.877122107537343,
    -0.217629853957309,
    -0.35440201668783,
    -0.240194224958407,
    0.163089540719306,
    0.767397571295085,
    -0.0365879406354269,
    0.211030988179521,
    0.273455948348356,
    -0.0604257849602549,
    0.542196285358392,
    0.508528910394202,
    0.0686604352777922,
    -0.2848587839694,
    0.101350806622733,
    -0.172708710258469
  ],
  "t": 2.33700000000051,
  "thrust": [
    0.0,
    0.0,
    0.0,
    0.0
  ]
}