{
  "T_W_L": {
    "arm_motor_0": {
      "p": [
        -0.121580309183312,
        -0.132579043355711,
        0.0227065346140207
      ],
      "q": [
        0.619332947596625,
        0.36616347442419,
        -0.180328753568411,
        0.670695572264605
      ]
    },
    "arm_motor_1": {
      "p": [
        -0.211941540045968,
        0.0648882741710208,
        0.109686789306371
      ],
      "q": [
        -0.482167017310027,
        0.0805702613598642,
        0.659575747190634,
        0.570949414677581
      ]
    },
    "arm_motor_2": {
      "p": [
        -0.0724831120906022,
        -0.0687537085104842,
        0.108454929111966
      ],
      "q": [
        0.334185704950598,
        0.286676131630749,
        0.00440058963714927,
        0.89784037833612
      ]
    },
    "arm_motor_3": {
      "p": [
        -0.265297148867925,
        -0.0423740424077989,
        0.0608236286940227
      ],
      "q": [
        -0.439674593606611,
        -0.325549681537908,
        0.806748010013387,
        0.22329645077087
      ]
    },
    "base_link": {
      "p": [
        -0.157092283491819,
        -0.0231368894517806,
        0.0491604532306814
      ],
      "q": [
        0.334227142779845,
        -0.0591635872018698,
        -0.299011913705861,
        0.891842902332349
      ]
    },
    "connecting_link_0": {
      "p": [
        -0.140326404738545,
        -0.0651811297438939,
        0.0251773932113772
      ],
      "q": [
        0.310422842566685,
        -0.215336711471922,
        -0.565446211548967,
        0.733170063048266
      ]
    },
    "connecting_link_1": {
      "p": [
        -0.173858162245093,
        0.0189073508403327,
        0.0731435132499856
      ],
      "q": [
        0.12544691594027,
        -0.346750424663475,
        0.807334051149093,
        0.46069398100254
      ]
    },
    "connecting_link_2": {
      "p": [
        -0.108723514979275,
        -0.0269239659050228,
        0.06559578968958
      ],
      "q": [
        0.239416664919822,
        -0.432158383264136,
        -0.233193291372527,
        0.837579656624996
      ]
    },
    "connecting_link_3": {
      "p": [
        -0.205461052004363,
        -0.0193498129985383,
        0.0327251167717828
      ],
      "q": [
        0.259560101934545,
        -0.388092821983546,
        0.881353875243893,
        -0.0723039528736057
      ]
    }
  },
  "contacts": [
    {
      "f": [
        0.124057867771138,
        0.676221802381523,
        0.859384118653473
      ],
      "link": "arm_motor_0",
      "p": [
        -0.161562312711484,
        -0.13294397820851,
        -0.000718768237306947
      ]
    },
    {
      "f": [
        -0.137779186969863,
        -0.832311443901274,
        1.05454777334521
      ],
      "link": "arm_motor_0",
      "p": [
        -0.140015328747995,
        -0.141238934330225,
        -0.00110909554669042
      ]
    }
  ],
  "idx": 1898,
  "state": [
    -0.157092283491819,
    -0.0231368894517806,
    0.0491604532306814,
    0.891842902332348,
    0.334227142779845,
    -0.0591635872018698,
    -0.299011913705861,
    0.10122900641853,
    0.00834647479563439,
    0.151349980441071,
    -0.160972151120599,
    1.71356144372895,
    -1.40836950528174,
    0.956503673451584,
    0.151656903718633,
    -0.20219119408221,
    0.145669582493096,
    0.9814359693854,
    0.0652689912914427,
    -0.0913240640961921,
    0.155509845634583,
    0.918206486835906,
    -0.085685795522847,
    -0.334917829435771,
    -0.193351595556154,
    0.895414289389311,
    -0.142067189303091,
    -0.399916265933701,
    -0.134599941762988,
    -1.6442587903003,
    -1.45162747322504,
    -1.536210986445,
    -0.294704218177139,
    0.0997083535967428,
    -0.28271118456886,
    0.771016804063314,
    0.325286788860043,
    0.234385672766577,
    -0.605361737107441,
    0.525165357943698,
    -0.396369958186598
  ],
  "t": 1.89899999999981,
  "thrust": [
    0.0,
    0.0,
    0.0,
    0.0
  ]
}