{
  "T_W_L": {
    "arm_motor_0": {
      "p": [
        -0.199139892653541,
        -0.087441019650553,
        0.0167295727896819
      ],
      "q": [
        0.742153964395981,
        0.244894741322284,
        -0.514466192270635,
        0.352928598748494
      ]
    },
    "arm_motor_1": {
      "p": [
        -0.0795360796287065,
        0.118672035501085,
        0.0520561775341491
      ],
      "q": [
        -0.349595417841761,
        0.543835645526673,
        0.326926203122885,
        0.689307690505689
      ]
    },
    "arm_motor_2": {
      "p": [
        -0.0464521896387311,
        -0.0662527364248932,
        0.0412102235579563
      ],
      "q": [
        0.364743859140314,
        0.617242289610213,
        -0.16319583298099,
        0.677746997952639
      ]
    },
    "arm_motor_3": {
      "p": [
        -0.214111915013943,
        0.102309124984275,
        0.0432041370516125
      ],
      "q": [
        -0.59015247250802,
        0.234096365699636,
        0.626886671272702,
        0.451588365815069
      ]
    },
    "base_link": {
      "p": [
        -0.136901665821326,
        0.0134556222943068,
        0.0364046826321298
      ],
      "q": [
        0.0576293195010283,
        -0.065592021463577,
        -0.612270944788104,
        0.785812215750336
      ]
    },
    "connecting_link_0": {
      "p": [
        -0.157786305379156,
        -0.0331325803206403,
        0.0322368045571189
      ],
      "q": [
        -0.16099956766309,
        0.0763914731838134,
        0.888564634154666,
        -0.422724937715638
      ]
    },
    "connecting_link_1": {
      "p": [
        -0.116017026263496,
        0.0600438249092539,
        0.0405725607071406
      ],
      "q": [
        -0.0160295554518908,
        -0.102864269477737,
        0.478373025803416,
        0.871964015083484
      ]
    },
    "connecting_link_2": {
      "p": [
        -0.0966855099613194,
        -0.0175417769027676,
        0.0431738813188921
      ],
      "q": [
        0.142515976032022,
        -0.0427832895626434,
        -0.373309736356512,
        0.915695706799628
      ]
    },
    "connecting_link_3": {
      "p": [
        -0.177117821681333,
        0.0444530214913812,
        0.0296354839453674
      ],
      "q": [
        0.0259750010479614,
        -0.153790068135448,
        0.860576631536818,
        0.484852323410125
      ]
    }
  },
  "contacts": [
    {
      "f": [
        0.48154554031168,
        0.0507128985799003,
        0.605260668891464
      ],
      "link": "base_link",
      "p": [
        -0.145926992102031,
        -0.0208094923503816,
        -0.000148404407040621
      ]
    },
    {
      "f": [
        -0.198665730339373,
        -0.0592269601707795,
        0.259132884655572
      ],
      "link": "base_link",
      "p": [
        -0.145214193545192,
        -0.024860780347937,
        0.00051699057207362
      ]
    },
    {
      "f": [
        -0.249638072899091,
        -0.0576299823040768,
        0.320254738209337
      ],
      "link": "base_link",
      "p": [
        -0.144101678011771,
        -0.0247857067575879,
        0.000507002382534913
      ]
    },
    {
      "f": [
        0.56056420341424,
        -0.90806968212231,
        1.33394549512618
      ],
      "link": "base_link",
      "p": [
        -0.161362793625151,
        0.0412667212746411,
        -0.00164232210872989
      ]
    }
  ],
  "idx": 3929,
  "state": [
    -0.136901665821326,
    0.0134556222943068,
    0.0364046826321298,
    0.785812215750336,
    0.0576293195010283,
    -0.065592021463577,
    -0.612270944788104,
    0.0370438528427721,
    0.00856363278932228,
    -0.0178381077334719,
    -1.02186541102495,
    0.00740273973250031,
    0.00640110092898056,
    0.993243706669135,
    0.0779782584410027,
    0.0486069866083187,
    -0.0708780024092417,
    0.999341637134707,
    0.00662254378483622,
    -0.0313644854279219,
    -0.016991270010883,
    0.985798392694574,
    0.091569409441246,
    0.0618537463688735,
    -0.126454285318893,
    0.957054549913227,
    -0.0765104356286319,
    -0.123174759024606,
    -0.251039280730205,
    0.190355539202129,
    0.716624131808159,
    0.15331370565173,
    -0.141230189165132,
    0.34390417218442,
    -0.191857228618681,
    0.149567396730685,
    0.382237857071382,
    0.229511018878868,
    -0.308953246204849,
    0.645011954686043,
    -0.238204535468347
  ],
  "t": 3.93000000000387,
  "thrust": [
    0.0,
    0.0,
    0.0,
    0.0
  ]
}