{
  "T_W_L": {
    "arm_motor_0": {
      "p": [
        -0.199497119684772,
        -0.0874285434650303,
        0.0165199811569419
      ],
      "q": [
        0.7431373899919,
        0.243134873641153,
        -0.513759920889034,
        0.353104795356308
      ]
    },
    "arm_motor_1": {
      "p": [
        -0.0801714519829985,
        0.118624073793743,
        0.0531339915244637
      ],
      "q": [
        -0.350091822412271,
        0.539294032446984,
        0.327501473565447,
        0.692344168213748
      ]
    },
    "arm_motor_2": {
      "p": [
        -0.0469489514326756,
        -0.0664718482822013,
        0.0421759161547916
      ],
      "q": [
        0.366105866225033,
        0.613394313067524,
        -0.162587850507334,
        0.680646091797671
      ]
    },
    "arm_motor_3": {
      "p": [
        -0.214686008476453,
        0.102010705745529,
        0.0432223512585756
      ],
      "q": [
        -0.590777839221885,
        0.230230955234665,
        0.627191111389915,
        0.4523345683557
      ]
    },
    "base_link": {
      "p": [
        -0.137228841993098,
        0.0133797946938402,
        0.0365608922723171
      ],
      "q": [
        0.0611502046059917,
        -0.0683731296164993,
        -0.61199325895049,
        0.785525313801058
      ]
    },
    "connecting_link_0": {
      "p": [
        -0.158065223320048,
        -0.0332039773403565,
        0.0321114657627681
      ],
      "q": [
        -0.162194363854044,
        0.0777604773713399,
        0.888760611779045,
        -0.421605113160528
      ]
    },
    "connecting_link_1": {
      "p": [
        -0.116392460666147,
        0.059963566728037,
        0.041010318781866
      ],
      "q": [
        -0.0159737888589592,
        -0.1082227888622,
        0.479130814472387,
        0.870899723655602
      ]
    },
    "connecting_link_2": {
      "p": [
        -0.0970661620828498,
        -0.0176231896954536,
        0.0436159685571062
      ],
      "q": [
        0.143908969007615,
        -0.0475541887869439,
        -0.373842912272177,
        0.915024745409565
      ]
    },
    "connecting_link_3": {
      "p": [
        -0.177391521903345,
        0.044382779083134,
        0.029505815987528
      ],
      "q": [
        0.0257480716752051,
        -0.157050970963918,
        0.861234104252267,
        0.482646710334893
      ]
    }
  },
  "contacts": [
    {
      "f": [
        0.482093258201022,
        0.0515962359211668,
        0.606058063900582
      ],
      "link": "base_link",
      "p": [
        -0.145925845658047,
        -0.020809506566744,
        -0.000142466902898451
      ]
    },
    {
      "f": [
        -0.200232400789817,
        -0.0603045187788341,
        0.261395441905078
      ],
      "link": "base_link",
      "p": [
        -0.145217942721943,
        -0.0248620448658467,
        0.000520536466144507
      ]
    },
    {
      "f": [
        -0.245680589864007,
        -0.0571069676145101,
        0.315287958623866
      ],
      "link": "base_link",
      "p": [
        -0.144105400108486,
        -0.0247867086536333,
        0.000520444977465458
      ]
    },
    {
      "f": [
        0.563547435502376,
        -0.909572189814989,
        1.33750425264869
      ],
      "link": "base_link",
      "p": [
        -0.161362614384469,
        0.0412663891320072,
        -0.00163959791410168
      ]
    }
  ],
  "idx": 3920,
  "state": [
    -0.137228841993098,
    0.0133797946938402,
    0.0365608922723171,
    0.785525313801058,
    0.0611502046059917,
    -0.0683731296164993,
    -0.61199325895049,
    0.0356755876238297,
    0.00826120534464608,
    -0.0168871227625623,
    -0.980288838806452,
    0.0069364278741348,
    0.00603762120693496,
    0.993411969872376,
    0.0768715192370998,
    0.0455417150905007,
    -0.0717591794203439,
    0.999301411550011,
    0.00721025498253201,
    -0.0329356074334425,
    -0.0161228676181687,
    0.985835439705098,
    0.0906186577087979,
    0.0603331646111774,
    -0.127579990376675,
    0.957064312507542,
    -0.0760359544209555,
    -0.126221568372343,
    -0.24962882653529,
    0.188358985644849,
    0.705537582233271,
    0.147963747478301,
    -0.143961110741818,
    0.347351869409532,
    -0.189950821688629,
    0.151957350216028,
    0.384307109959708,
    0.225970852636814,
    -0.310418023613549,
    0.645391429364311,
    -0.233326325438006
  ],
  "t": 3.92100000000385,
  "thrust": [
    0.0,
    0.0,
    0.0,
    0.0
  ]
}