{
  "T_W_L": {
    "arm_motor_0": {
      "p": [
        -0.136132865397978,
        -0.128863826238482,
        0.0227870206319269
      ],
      "q": [
        0.534480438881623,
        0.455684843545123,
        -0.50186974232511,
        0.504785841277955
      ]
    },
    "arm_motor_1": {
      "p": [
        -0.146225857635867,
        0.0747616948942009,
        0.127280323086076
      ],
      "q": [
        -0.293846466031424,
        0.240171628339619,
        0.731850558606599,
        0.566009366714675
      ]
    },
    "arm_motor_2": {
      "p": [
        -0.0259006382271733,
        -0.0589260841291501,
        0.0592302678656093
      ],
      "q": [
        0.351136707816195,
        0.502202348412375,
        0.0252810903800408,
        0.789845985077025
      ]
    },
    "arm_motor_3": {
      "p": [
        -0.222612163852691,
        -0.0224649201179087,
        0.114097827478038
      ],
      "q": [
        -0.230542887156879,
        -0.206261333747523,
        0.864070601886422,
        0.397099778818497
      ]
    },
    "base_link": {
      "p": [
        -0.132966358671104,
        -0.016102855638028,
        0.0496479039579621
      ],
      "q": [
        0.242610389516019,
        0.146691438993512,
        -0.387968355471241,
        0.876984820722593
      ]
    },
    "connecting_link_0": {
      "p": [
        -0.130782582973387,
        -0.0590748632186333,
        0.0218515428976638
      ],
      "q": [
        0.0230592446743268,
        -0.0347196484599109,
        -0.732810240815188,
        0.679155334369285
      ]
    },
    "connecting_link_1": {
      "p": [
        -0.13515013436882,
        0.0268691519425772,
        0.0774442650182604
      ],
      "q": [
        0.309715664047367,
        -0.230402074371491,
        0.725277321564411,
        0.57005604846661
      ]
    },
    "connecting_link_2": {
      "p": [
        -0.0826761860681879,
        -0.0218754066999995,
        0.0418008539513754
      ],
      "q": [
        0.266167577663868,
        -0.203394766050734,
        -0.230414716776834,
        0.913616138231132
      ]
    },
    "connecting_link_3": {
      "p": [
        -0.183256531274019,
        -0.0103303045760566,
        0.0574949539645488
      ],
      "q": [
        0.447971743154877,
        -0.426640734199693,
        0.774008620880785,
        0.134943158620782
      ]
    }
  },
  "contacts": [
    {
      "f": [
        -0.184381452934721,
        -0.0924837943211507,
        0.257844952194978
      ],
      "link": "base_link",
      "p": [
        -0.133178543408004,
        -0.0294087736770044,
        0.000509423202474039
      ]
    },
    {
      "f": [
        0.840295784840844,
        -0.243899441034637,
        1.09372067343419
      ],
      "link": "base_link",
      "p": [
        -0.130579517165164,
        -0.0323419408219969,
        -0.000906684063436379
      ]
    },
    {
      "f": [
        -0.205128788542566,
        0.894710185462026,
        1.14740477264076
      ],
      "link": "base_link",
      "p": [
        -0.129654405246827,
        -0.0317242765304473,
        -0.000828675208194851
      ]
    }
  ],
  "idx": 2168,
  "state": [
    -0.132966358671104,
    -0.016102855638028,
    0.0496479039579621,
    0.876984820722593,
    0.242610389516019,
    0.146691438993512,
    -0.387968355471241,
    0.0844927440902993,
    0.0291551927489398,
    -0.00815332155734632,
    -1.29174746306235,
    0.467908217241327,
    -1.04861736246159,
    0.953984817485311,
    0.0926047335377485,
    -0.285186208943478,
    -0.00248144360561842,
    0.985040957735072,
    0.0541540160191869,
    -0.103462960255125,
    0.126716494540416,
    0.947061298786269,
    0.0135844073474973,
    -0.29249346177272,
    -0.131673592791013,
    0.88381953147471,
    -0.187614044377039,
    -0.368350714373503,
    -0.219047386099092,
    0.0180049575800993,
    0.525300960197151,
    -0.173101328099745,
    -0.0394807507183539,
    0.194324665358525,
    0.0032324430411867,
    0.515810799537447,
    0.497740233197611,
    0.0708486918724407,
    -0.427764230437752,
    0.103547388428403,
    -0.111785898118983
  ],
  "t": 2.16900000000015,
  "thrust": [
    0.0,
    0.0,
    0.0,
    0.0
  ]
}