{
  "T_W_L": {
    "arm_motor_0": {
      "p": [
        -0.0089380873826762,
        -0.0707553021667642,
        0.05476169730565
      ],
      "q": [
        0.0242200853857014,
        0.925337140522882,
        -0.366136559775053,
        0.0954388989298134
      ]
    },
    "arm_motor_1": {
      "p": [
        -0.0273462011059807,
        0.0936866025721454,
        0.231235490692792
      ],
      "q": [
        -0.001694298754008,
        0.383767223311822,
        0.923420381808793,
        -0.00382702539443474
      ]
    },
    "arm_motor_2": {
      "p": [
        -0.00888658118038196,
        0.0841389215893413,
        0.0482457443793179
      ],
      "q": [
        0.0251597881040398,
        0.940712239653357,
        0.329921357751381,
        0.0746951466188394
      ]
    },
    "arm_motor_3": {
      "p": [
        -0.0275207055912706,
        -0.0656628913723816,
        0.23729501073753
      ],
      "q": [
        0.0092845958678307,
        -0.34887975991868,
        0.936518261700924,
        0.0336192638131098
      ]
    },
    "base_link": {
      "p": [
        -0.0234909885968092,
        0.0105374014681575,
        0.143286685194493
      ],
      "q": [
        -0.0134462242491038,
        0.675149953518542,
        -0.0141585444398787,
        0.737422046684731
      ]
    },
    "connecting_link_0": {
      "p": [
        -0.0200604292552464,
        -0.022999720790558,
        0.104718658369052
      ],
      "q": [
        -0.241771457640107,
        0.58682667432525,
        -0.276023830874401,
        0.721797659569747
      ]
    },
    "connecting_link_1": {
      "p": [
        -0.026921547938372,
        0.044074523726873,
        0.181854712019935
      ],
      "q": [
        0.651758763724553,
        0.274070521609099,
        0.654154864001183,
        0.268658290392743
      ]
    },
    "connecting_link_2": {
      "p": [
        -0.0198860157970512,
        0.0409514772475587,
        0.102225898967268
      ],
      "q": [
        0.251080286105857,
        0.612366559108169,
        0.215498972542691,
        0.718001448499978
      ]
    },
    "connecting_link_3": {
      "p": [
        -0.0270959613965672,
        -0.0198766743112437,
        0.184347471421718
      ],
      "q": [
        0.668783614252481,
        -0.270467653477983,
        0.655653212855041,
        -0.222922834636484
      ]
    }
  },
  "contacts": [],
  "idx": 359,
  "state": [
    -0.0234909885968092,
    0.0105374014681575,
    0.143286685194493,
    0.737422046684731,
    -0.0134462242491038,
    0.675149953518542,
    -0.0141585444398787,
    -0.277375513653286,
    0.123899135095136,
    -0.072125489443202,
    0.0289032445065725,
    -1.34226004941381,
    -0.605326157689042,
    0.99783374807388,
    0.0295236649926312,
    -0.0465387138913911,
    0.0359209203608583,
    0.998855105222569,
    0.0343529743085399,
    -0.0276598197401023,
    0.0185279869093485,
    0.997922913305318,
    0.0251002855263178,
    -0.0456057540509697,
    -0.0379466726362986,
    0.997354911529556,
    -0.0642620134370021,
    -0.0289556100545822,
    -0.017752372327699,
    0.297890680403806,
    -0.488974108545261,
    0.336303335719585,
    0.369844869782701,
    -0.491620125132982,
    0.333514212329516,
    0.24740786707425,
    -0.455961532762456,
    -0.376297277176807,
    -0.924908285345234,
    -0.540203892332346,
    -0.29950394539735
  ],
  "t": 0.359999999999977,
  "thrust": [
    0.0,
    0.0,
    0.0,
    0.0
  ]
}