{
  "T_W_L": {
    "arm_motor_0": {
      "p": [
        -0.169756650403367,
        -0.0936295002245147,
        0.115792622764148
      ],
      "q": [
        0.404359928228448,
        0.0632572553584658,
        -0.0697720619056192,
        0.909738109273782
      ]
    },
    "arm_motor_1": {
      "p": [
        -0.260104655253546,
        0.0961222729953389,
        0.0223347498539372
      ],
      "q": [
        0.765951116509457,
        -0.0851215805970887,
        -0.498922624578173,
        -0.396420759192296
      ]
    },
    "arm_motor_2": {
      "p": [
        -0.17308497076772,
        0.00947456184722433,
        0.163452096776864
      ],
      "q": [
        0.0523268925816906,
        -0.0489395084620063,
        0.0276118140518188,
        0.997047846669862
      ]
    },
    "arm_motor_3": {
      "p": [
        -0.287042440908272,
        -0.0261092308664174,
        0.0102111214675782
      ],
      "q": [
        -0.700536191923969,
        -0.108275685853501,
        0.703773698727037,
        -0.0472017016397152
      ]
    },
    "base_link": {
      "p": [
        -0.192595621942429,
        0.00307809179933327,
        0.0523641522884911
      ],
      "q": [
        0.150200031256221,
        -0.446068623141543,
        -0.143436119838062,
        0.87056809818936
      ]
    },
    "connecting_link_0": {
      "p": [
        -0.173863481795408,
        -0.0415109686251873,
        0.0692438032318846
      ],
      "q": [
        0.236589349179611,
        -0.5985523519481,
        -0.335261945401273,
        0.68801162039454
      ]
    },
    "connecting_link_1": {
      "p": [
        -0.211327762089451,
        0.0476671522238538,
        0.0354845013450975
      ],
      "q": [
        -0.188817657414628,
        -0.220121760162473,
        0.894400799667861,
        0.340501853893511
      ]
    },
    "connecting_link_2": {
      "p": [
        -0.166455944013545,
        0.0169678832322759,
        0.0941707418614706
      ],
      "q": [
        0.0565252015398366,
        -0.739624751849126,
        -0.0174761996260304,
        0.670413835246284
      ]
    },
    "connecting_link_3": {
      "p": [
        -0.218735299871313,
        -0.0108116996336094,
        0.0105575627155115
      ],
      "q": [
        0.00228926301458724,
        -0.043185828391648,
        0.992997046566665,
        -0.109939115017622
      ]
    }
  },
  "contacts": [
    {
      "f": [
        -1.02559507156948,
        1.99569553116872,
        2.80475207904883
      ],
      "link": "base_link",
      "p": [
        -0.186939466602426,
        -0.000443062542259744,
        -0.00031400208837027
      ]
    }
  ],
  "idx": 1485,
  "state": [
    -0.192595621942429,
    0.00307809179933327,
    0.0523641522884911,
    0.87056809818936,
    0.150200031256221,
    -0.446068623141543,
    -0.143436119838062,
    0.0921707903589118,
    -0.0528202485585824,
    -0.0295280648741496,
    -0.0973573960073181,
    1.72268423177578,
    -1.04414410999518,
    0.957208352657526,
    0.124215659658392,
    -0.198149002698313,
    0.170468801333145,
    0.963916090305343,
    0.144655803913684,
    -0.17281273294579,
    0.141690608638519,
    0.918024192266515,
    -0.0866242965578202,
    -0.331439991200216,
    -0.199688121560789,
    0.872777140225583,
    -0.120903463204606,
    -0.456095501278856,
    -0.1249772371193,
    0.432749193577742,
    -0.294683922611492,
    0.379678429684023,
    0.0355785684913952,
    -0.153395082815096,
    0.0878518047546845,
    -0.123470249896346,
    -0.634301413873459,
    0.0729677382386456,
    0.107225061068876,
    -1.1711614930321,
    -0.3024709499065
  ],
  "t": 1.48599999999985,
  "thrust": [
    0.0,
    0.0,
    0.0,
    0.0
  ]
}