{
  "T_W_L": {
    "arm_motor_0": {
      "p": [
        -0.138005315687541,
        -0.0795430205890477,
        0.0962131829279907
      ],
      "q": [
        -0.351696435765504,
        -0.361307042044418,
        0.808960454261183,
        -0.302241330529916
      ]
    },
    "arm_motor_1": {
      "p": [
        -0.0749123546278818,
        0.138877152429197,
        0.0247440748079885
      ],
      "q": [
        -0.216128162213058,
        0.709901993268376,
        0.606983058346639,
        0.284428100461529
      ]
    },
    "arm_motor_2": {
      "p": [
        -0.0110986698175097,
        -0.0515001117812634,
        0.0175043444324067
      ],
      "q": [
        0.12625334761771,
        0.726567908784567,
        -0.334639096445904,
        0.586665016231249
      ]
    },
    "arm_motor_3": {
      "p": [
        -0.12634128768056,
        0.092201286219374,
        0.127761714392199
      ],
      "q": [
        -0.08838083541779,
        0.282168539510452,
        0.845801500994384,
        0.444060315899811
      ]
    },
    "base_link": {
      "p": [
        -0.0991384700246995,
        0.0231016890540197,
        0.0468220057556234
      ],
      "q": [
        -0.219708928404477,
        0.231587320315577,
        -0.567137917628397,
        0.759242966537414
      ]
    },
    "connecting_link_0": {
      "p": [
        -0.113462393462521,
        -0.02374177753227,
        0.0618058255465372
      ],
      "q": [
        0.323334488270905,
        -0.041765765147513,
        0.82070835756876,
        -0.469199553892609
      ]
    },
    "connecting_link_1": {
      "p": [
        -0.0848145465868777,
        0.0699451556403093,
        0.0318381859647096
      ],
      "q": [
        0.276376147516019,
        0.30085547482156,
        0.582027525728497,
        0.703097552014271
      ]
    },
    "connecting_link_2": {
      "p": [
        -0.0648590433137295,
        -0.00709120867883227,
        0.0236420611728428
      ],
      "q": [
        -0.147350976099053,
        0.0989262840320641,
        -0.325900172595023,
        0.928595906556128
      ]
    },
    "connecting_link_3": {
      "p": [
        -0.13341789673567,
        0.0532945867868716,
        0.0700019503384041
      ],
      "q": [
        0.535577288840037,
        -0.114474772903252,
        0.660566664941741,
        0.513521348353942
      ]
    }
  },
  "contacts": [
    {
      "f": [
        -0.109497616478938,
        -0.512776688704489,
        0.655421692134762
      ],
      "link": "arm_motor_1",
      "p": [
        -0.0399658997767565,
        0.121601882099402,
        -0.000310843384269524
      ]
    },
    {
      "f": [
        0.626984840017531,
        0.797952145719195,
        1.26851144091564
      ],
      "link": "arm_motor_1",
      "p": [
        -0.0563053819012061,
        0.137918508691673,
        -0.000452938231769798
      ]
    }
  ],
  "idx": 2842,
  "state": [
    -0.0991384700246995,
    0.0231016890540197,
    0.0468220057556234,
    0.759242966537414,
    -0.219708928404477,
    0.231587320315577,
    -0.567137917628397,
    -0.0252943879499983,
    0.0525551045776614,
    0.105532262526945,
    -0.452025097766762,
    -1.28972248947745,
    -1.12586161847093,
    0.995479791495863,
    0.052769450736783,
    -0.0647428608848088,
    -0.0452076515287224,
    0.978255413027186,
    0.109809079731148,
    -0.0182649331344389,
    0.17499915745284,
    0.975305445040858,
    0.0448942068436452,
    -0.183018849793204,
    -0.115186369358127,
    0.873115209797198,
    -0.208721225757357,
    -0.380491685179266,
    -0.22210663621014,
    -0.263327397566675,
    0.403315158590869,
    -0.188580870197282,
    -0.824111145802227,
    -0.697702178039768,
    -0.575743649802275,
    -0.108249569977775,
    0.277930789981338,
    0.0328985361823255,
    0.479790858980032,
    0.141964112433419,
    0.0625029261869884
  ],
  "t": 2.84300000000158,
  "thrust": [
    0.0,
    0.0,
    0.0,
    0.0
  ]
}