{
  "T_W_L": {
    "arm_motor_0": {
      "p": [
        -0.193677042306996,
        -0.0837845956465485,
        0.0136226734537559
      ],
      "q": [
        0.762843827499575,
        0.271876593076346,
        -0.503307123673081,
        0.301387379037223
      ]
    },
    "arm_motor_1": {
      "p": [
        -0.0762571351858514,
        0.11860205053158,
        0.0116530788359045
      ],
      "q": [
        -0.404658036657942,
        0.703150623384744,
        0.298552075975046,
        0.502690493378157
      ]
    },
    "arm_motor_2": {
      "p": [
        -0.0471485651455307,
        -0.0667912264651438,
        0.0091765772381225
      ],
      "q": [
        0.406229781964555,
        0.716774592150032,
        -0.196318898319157,
        0.531667601472892
      ]
    },
    "arm_motor_3": {
      "p": [
        -0.209218003721326,
        0.103718595288098,
        0.0343821480123346
      ],
      "q": [
        0.643599322757046,
        -0.300691384727572,
        -0.59844762719174,
        -0.370438983377646
      ]
    },
    "base_link": {
      "p": [
        -0.130112664210798,
        0.0141470145411062,
        0.0346190320418954
      ],
      "q": [
        -0.00918163900823731,
        0.00390889155724361,
        -0.614939683927071,
        0.788511003857011
      ]
    },
    "connecting_link_0": {
      "p": [
        -0.151396404071954,
        -0.0324397457489327,
        0.0354413356361363
      ],
      "q": [
        -0.183520163242518,
        0.0208672768710805,
        0.895303923579983,
        -0.405358842091441
      ]
    },
    "connecting_link_1": {
      "p": [
        -0.108828924349642,
        0.060733774831145,
        0.0337967284476546
      ],
      "q": [
        -0.0750282443231888,
        0.141746717285195,
        0.497244639241742,
        0.852658430696607
      ]
    },
    "connecting_link_2": {
      "p": [
        -0.0893354994378874,
        -0.0168538407714227,
        0.0342069604770766
      ],
      "q": [
        0.148429409270522,
        0.130890408352841,
        -0.426066257823618,
        0.882781941030178
      ]
    },
    "connecting_link_3": {
      "p": [
        -0.170889828983709,
        0.045147869853635,
        0.0350311036067143
      ],
      "q": [
        -0.0319270701162983,
        -0.0493189999769448,
        0.878259820860855,
        0.474560834347424
      ]
    }
  },
  "contacts": [
    {
      "f": [
        0.290076126254585,
        0.235423520283788,
        0.466985667816873
      ],
      "link": "base_link",
      "p": [
        -0.119516167224772,
        0.0515418026680209,
        0.000185904979308059
      ]
    },
    {
      "f": [
        0.154685324546734,
        0.0403524438081206,
        0.199827540298097
      ],
      "link": "base_link",
      "p": [
        -0.100139961918107,
        -0.00855863145445494,
        0.000600344919403806
      ]
    },
    {
      "f": [
        -0.405394949479865,
        -0.113509964223022,
        0.526233041653265
      ],
      "link": "base_link",
      "p": [
        -0.115430404059241,
        0.0483780468538499,
        -5.24660833065294e-05
      ]
    },
    {
      "f": [
        0.0630314056213125,
        0.0167352159590871,
        0.0815190310199452
      ],
      "link": "base_link",
      "p": [
        -0.0994722465849972,
        -0.0131207883226982,
        0.00083696193796011
      ]
    },
    {
      "f": [
        -0.279620435833603,
        -0.102845697798679,
        0.372417830055066
      ],
      "link": "base_link",
      "p": [
        -0.10087931881139,
        -0.00946653668732974,
        0.000255164339889868
      ]
    },
    {
      "f": [
        0.228976358257904,
        0.0630238125943439,
        0.296864272424545
      ],
      "link": "base_link",
      "p": [
        -0.120005228384701,
        0.0519469443555876,
        0.000555097307023793
      ]
    },
    {
      "f": [
        0.1953276116648,
        0.0506009936022193,
        0.252219325538951
      ],
      "link": "base_link",
      "p": [
        -0.116238157875311,
        0.0524290919543332,
        0.000495561348922098
      ]
    },
    {
      "f": [
        0.00127557095293543,
        0.263387693967296,
        0.329238478382943
      ],
      "link": "arm_motor_2",
      "p": [
        -0.0693508667902041,
        -0.0870650400443602,
        0.000341523043234114
      ]
    }
  ],
  "idx": 4458,
  "state": [
    -0.130112664210798,
    0.0141470145411062,
    0.0346190320418954,
    0.788511003857011,
    -0.00918163900823731,
    0.00390889155724361,
    -0.614939683927071,
    -0.0261845192175971,
    -0.00706246719942834,
    -0.0169236392733365,
    0.788454130912713,
    0.0130381912774385,
    -0.00272413760312333,
    0.976881476653798,
    0.112789563220538,
    0.15824390438417,
    -0.0891064628658899,
    0.988339998319722,
    -0.000406597519677753,
    0.15184398841674,
    0.0112820911858195,
    0.964230826028478,
    0.11739569964765,
    0.162380001392006,
    -0.173522041794723,
    0.97232271722,
    -0.0655567246776969,
    0.0205761505067932,
    -0.223310258290504,
    0.0768409570507484,
    0.268723833291,
    -0.169449346342466,
    -0.0132207162200991,
    0.791077739795325,
    0.20259124733316,
    -0.0162635640074558,
    0.178391785986445,
    -0.434118751742844,
    -0.0176946206947281,
    0.491099094711892,
    0.294943278488606
  ],
  "t": 4.45900000000295,
  "thrust": [
    0.0,
    0.0,
    0.0,
    0.0
  ]
}