{
  "T_W_L": {
    "arm_motor_0": {
      "p": [
        -0.195764271227282,
        -0.075070527381113,
        0.160981381191546
      ],
      "q": [
        0.375598866796233,
        0.0584752724337955,
        -0.075682662786047,
        0.921834187003711
      ]
    },
    "arm_motor_1": {
      "p": [
        -0.261750890243747,
        0.104366406890399,
        0.0192250150163971
      ],
      "q": [
        0.856165973430425,
        -0.151203387412749,
        -0.347950829347391,
        -0.35078138766375
      ]
    },
    "arm_motor_2": {
      "p": [
        -0.194945323716468,
        0.0457695325333468,
        0.19395022250814
      ],
      "q": [
        -0.0689278086655116,
        -0.0122860517770859,
        0.0530871595284615,
        0.996132402654136
      ]
    },
    "arm_motor_3": {
      "p": [
        -0.290212087003669,
        -0.0312633498350705,
        0.00736328510484052
      ],
      "q": [
        0.85746789230281,
        0.0972535191111291,
        -0.484019942076083,
        0.1449664180524
      ]
    },
    "base_link": {
      "p": [
        -0.213400550682621,
        0.0144888303186145,
        0.0831295534294698
      ],
      "q": [
        0.0624715723131618,
        -0.522351891424623,
        -0.0997972695582783,
        0.844562791725135
      ]
    },
    "connecting_link_0": {
      "p": [
        -0.199331216825619,
        -0.0259773657338561,
        0.11121052246302
      ],
      "q": [
        0.21207278164333,
        -0.610486943090245,
        -0.319104229791868,
        0.69318346642958
      ]
    },
    "connecting_link_1": {
      "p": [
        -0.227469884539623,
        0.0549550263710851,
        0.055048584395919
      ],
      "q": [
        -0.359362374682812,
        -0.141122957353133,
        0.851439156584858,
        0.354956838508996
      ]
    },
    "connecting_link_2": {
      "p": [
        -0.19271964349741,
        0.0362482736442475,
        0.124636501090738
      ],
      "q": [
        -0.011201030423205,
        -0.713059527401974,
        0.0862776114162193,
        0.695684426350801
      ]
    },
    "connecting_link_3": {
      "p": [
        -0.234081457867832,
        -0.00727061300701838,
        0.0416226057682016
      ],
      "q": [
        -0.264067578025535,
        0.0337381143914412,
        0.948575144568571,
        -0.171275360106911
      ]
    }
  },
  "contacts": [
    {
      "f": [
        -0.443968456474086,
        -0.148562163998136,
        0.585206569986979
      ],
      "link": "arm_motor_1",
      "p": [
        -0.277209470675105,
        0.0849978496857229,
        -0.000170413139973957
      ]
    },
    {
      "f": [
        1.18340290276216,
        -0.101467887205808,
        1.48468123809451
      ],
      "link": "arm_motor_3",
      "p": [
        -0.301625608531092,
        -0.00361084337609174,
        -0.00196936247618903
      ]
    },
    {
      "f": [
        -0.17608636325991,
        -0.101828539788828,
        0.254261979934162
      ],
      "link": "arm_motor_3",
      "p": [
        -0.285501184265524,
        -0.0159497494622587,
        0.000607514306030038
      ]
    }
  ],
  "idx": 1208,
  "state": [
    -0.213400550682621,
    0.0144888303186145,
    0.0831295534294698,
    0.844562791725135,
    0.0624715723131618,
    -0.522351891424623,
    -0.0997972695582783,
    -0.0103345332259329,
    -0.015728270869991,
    -0.00480016881213829,
    0.521882679978674,
    -0.765182695947271,
    -0.279125476235131,
    0.981608820881465,
    0.0860325804215389,
    -0.12919030376928,
    0.111141276246553,
    0.980476797143722,
    0.128148972628621,
    -0.0910456893193762,
    0.118126091670629,
    0.952078574941735,
    -0.0312728527025763,
    -0.24093162893986,
    -0.185796517720715,
    0.954486430399161,
    -0.133005173637295,
    -0.247762132377612,
    -0.0993941835787126,
    0.317111204935388,
    -0.520575750079072,
    0.444197760290507,
    -0.111587272657703,
    -0.730164432218216,
    0.328136274510378,
    -0.274583064320099,
    -0.694312255972723,
    -0.242990324275651,
    -0.000466323545396376,
    -1.4191094311479,
    -0.547889761068985
  ],
  "t": 1.20899999999988,
  "thrust": [
    0.0,
    0.0,
    0.0,
    0.0
  ]
}