{
  "T_W_L": {
    "arm_motor_0": {
      "p": [
        -0.191841980904962,
        -0.0860527387142643,
        0.0252420953324836
      ],
      "q": [
        0.71601633306072,
        0.28592377420536,
        -0.552478465638058,
        0.316758190329248
      ]
    },
    "arm_motor_1": {
      "p": [
        -0.0705760168398132,
        0.11950381164357,
        0.0207949461855986
      ],
      "q": [
        -0.356535208893183,
        0.681119712723167,
        0.32569362576636,
        0.550347384744006
      ]
    },
    "arm_motor_2": {
      "p": [
        -0.0412393577575745,
        -0.0633630668453036,
        0.00894350149957893
      ],
      "q": [
        0.371080257188146,
        0.73239651395378,
        -0.181836595897562,
        0.541137913535835
      ]
    },
    "arm_motor_3": {
      "p": [
        -0.203450777832503,
        0.105438839447614,
        0.0478800920583835
      ],
      "q": [
        -0.579824859062571,
        0.313248038633753,
        0.641078271812011,
        0.393315965243851
      ]
    },
    "base_link": {
      "p": [
        -0.127969139867153,
        0.0143956702803883,
        0.0360016456064718
      ],
      "q": [
        -0.0308680130063464,
        0.0258255069936051,
        -0.61427536498373,
        0.788064708596742
      ]
    },
    "connecting_link_0": {
      "p": [
        -0.149139893816913,
        -0.0321848314786158,
        0.0384625464736616
      ],
      "q": [
        -0.115638735035351,
        0.0218032247351291,
        0.89696127405977,
        -0.426160504021252
      ]
    },
    "connecting_link_1": {
      "p": [
        -0.106798385917393,
        0.0609761720393923,
        0.033540744739282
      ],
      "q": [
        -0.0218082925715056,
        0.0924699999056165,
        0.482408635308759,
        0.870778735427153
      ]
    },
    "connecting_link_2": {
      "p": [
        -0.0872785748513722,
        -0.0166055749349813,
        0.0333182310292848
      ],
      "q": [
        0.133815476195143,
        0.135240253315778,
        -0.39097125624923,
        0.900524829752434
      ]
    },
    "connecting_link_3": {
      "p": [
        -0.168659704882933,
        0.0453969154957578,
        0.0386850601836588
      ],
      "q": [
        0.0433127035259475,
        -0.0566165738615469,
        0.863308883013303,
        0.499616198484172
      ]
    }
  },
  "contacts": [
    {
      "f": [
        -0.0830814106969197,
        0.0782563972831677,
        0.142667579747967
      ],
      "link": "base_link",
      "p": [
        -0.119518759880649,
        0.0515402019539189,
        0.000714664840504066
      ]
    },
    {
      "f": [
        -0.244914187107831,
        -0.0460587087354918,
        0.311509338987891
      ],
      "link": "base_link",
      "p": [
        -0.100124219115894,
        -0.0085547981095271,
        0.000376981322024218
      ]
    },
    {
      "f": [
        0.286993209252084,
        0.0880585647914168,
        0.375248694597027
      ],
      "link": "base_link",
      "p": [
        -0.115453711148085,
        0.0483749791873599,
        0.000249502610805946
      ]
    },
    {
      "f": [
        -0.15513606443049,
        -0.029342640979126,
        0.197358291988403
      ],
      "link": "base_link",
      "p": [
        -0.0994410456816741,
        -0.0131150896443582,
        0.000605283416023193
      ]
    },
    {
      "f": [
        -0.00294014467155768,
        0.36627125339344,
        0.45785381727054
      ],
      "link": "base_link",
      "p": [
        -0.100882878352738,
        -0.00946521531996209,
        8.42923654589198e-05
      ]
    },
    {
      "f": [
        -0.0732249373495277,
        0.00428394262909453,
        0.0916876799102839
      ],
      "link": "base_link",
      "p": [
        -0.116228375025397,
        0.0524298571363231,
        0.000816624640179432
      ]
    },
    {
      "f": [
        0.227220066269773,
        -0.393732184626831,
        0.568240144721315
      ],
      "link": "arm_motor_2",
      "p": [
        -0.0617385884857178,
        -0.0855496709238605,
        0.000602995699076792
      ]
    }
  ],
  "idx": 4225,
  "state": [
    -0.127969139867153,
    0.0143956702803883,
    0.0360016456064718,
    0.788064708596742,
    -0.0308680130063464,
    0.0258255069936051,
    -0.61427536498373,
    0.00927372470969986,
    0.00177724682484996,
    0.00749252818188826,
    -0.264490427943655,
    0.0133800265058768,
    0.00276267309989516,
    0.984940652309696,
    0.103130231673378,
    0.119062607638448,
    -0.0712752566118116,
    0.99790765360596,
    -0.00238081036315708,
    0.0634893708040921,
    -0.0119894291591198,
    0.973644776884772,
    0.123647388593343,
    0.141005190886962,
    -0.129787163779705,
    0.964852324067494,
    -0.0769223126866613,
    -0.035287343913965,
    -0.248792592156575,
    0.106317281199479,
    0.417477688647146,
    -0.159509493454611,
    -0.00504428295385525,
    0.712663449329841,
    0.167389378771432,
    -0.00813353299218792,
    0.191872646642094,
    -0.360972290509923,
    -0.0343102876482468,
    0.47514620160796,
    0.18696755726215
  ],
  "t": 4.22600000000349,
  "thrust": [
    0.0,
    0.0,
    0.0,
    0.0
  ]
}