{
  "T_W_L": {
    "arm_motor_0": {
      "p": [
        -0.18913966564598,
        -0.0848397975653658,
        0.0599965978323909
      ],
      "q": [
        -0.556152696109563,
        -0.266936832257735,
        0.708260117312367,
        -0.343229533139185
      ]
    },
    "arm_motor_1": {
      "p": [
        -0.0696119702180512,
        0.12042372042199,
        0.0444812884584352
      ],
      "q": [
        -0.273698351186205,
        0.57902664810896,
        0.441134492238444,
        0.628663433877926
      ]
    },
    "arm_motor_2": {
      "p": [
        -0.0452156001505809,
        -0.0744486730254851,
        0.0359288636249952
      ],
      "q": [
        0.30164467857184,
        0.616780728619322,
        -0.349754881402543,
        0.637388063606624
      ]
    },
    "arm_motor_3": {
      "p": [
        -0.192146872464259,
        0.0910851600342324,
        0.0896673218413298
      ],
      "q": [
        -0.337368431036051,
        0.233823242623034,
        0.832496530336343,
        0.372100470205929
      ]
    },
    "base_link": {
      "p": [
        -0.125245462909747,
        0.0144638793745204,
        0.0375910049781782
      ],
      "q": [
        -0.0698086972690045,
        0.0552368300934345,
        -0.619095689479938,
        0.780253911014994
      ]
    },
    "connecting_link_0": {
      "p": [
        -0.146820441919246,
        -0.0316469736336163,
        0.043275150965193
      ],
      "q": [
        0.107556189001301,
        0.0539470861483103,
        0.894074874589807,
        -0.431452774624111
      ]
    },
    "connecting_link_1": {
      "p": [
        -0.103670483900248,
        0.0605747323826572,
        0.0319068589911635
      ],
      "q": [
        0.118395230753745,
        -0.0350985078135398,
        0.50546315100043,
        0.853965846544665
      ]
    },
    "connecting_link_2": {
      "p": [
        -0.085483376721274,
        -0.0173305226828369,
        0.0319259807279599
      ],
      "q": [
        -0.0340190506658503,
        -0.014571586311704,
        -0.46060904611982,
        0.886831257735509
      ]
    },
    "connecting_link_3": {
      "p": [
        -0.16500754909822,
        0.0462582814318777,
        0.0432560292283966
      ],
      "q": [
        0.350108436571243,
        -0.0977767653075412,
        0.827219447258958,
        0.42845276622309
      ]
    }
  },
  "contacts": [
    {
      "f": [
        0.267031239446483,
        0.0510732725806984,
        0.339839488794957
      ],
      "link": "base_link",
      "p": [
        -0.11958010806132,
        0.0505495929101398,
        0.000685433585682266
      ]
    },
    {
      "f": [
        0.333173079158019,
        -0.0947186654400439,
        0.432969265397344
      ],
      "link": "base_link",
      "p": [
        -0.101253114293511,
        -0.00987795513281715,
        0.000134061469205311
      ]
    },
    {
      "f": [
        -0.415252107642211,
        -0.111388520866118,
        0.537415277453747
      ],
      "link": "base_link",
      "p": [
        -0.115627495509465,
        0.0473002107055576,
        -7.48305549074929e-05
      ]
    },
    {
      "f": [
        0.244112364060263,
        0.0577128831126885,
        0.313552286220609
      ],
      "link": "base_link",
      "p": [
        -0.100623358549756,
        -0.014442744958107,
        0.000419032036349208
      ]
    },
    {
      "f": [
        -0.452314436492541,
        -0.147482304327534,
        0.594689230225182
      ],
      "link": "base_link",
      "p": [
        -0.102050263520173,
        -0.0107814831375006,
        -6.15923454399606e-05
      ]
    },
    {
      "f": [
        0.210789988203079,
        0.0572555106794495,
        0.273034489092664
      ],
      "link": "base_link",
      "p": [
        -0.116281189441416,
        0.0513814926289626,
        0.000453931021814673
      ]
    }
  ],
  "idx": 3294,
  "state": [
    -0.125245462909747,
    0.0144638793745204,
    0.0375910049781782,
    0.780253911014994,
    -0.0698086972690045,
    0.0552368300934345,
    -0.619095689479938,
    -0.0662373542152754,
    -0.0173155157829435,
    -0.0305995854474572,
    1.83384108915929,
    0.0536529689015089,
    -0.0001113834652303,
    0.995042929308868,
    0.0536014410025535,
    -0.0536709540149536,
    -0.0643108315138425,
    0.987917396750898,
    0.0220337836647575,
    -0.148687971716321,
    0.0377573389055817,
    0.975650887763869,
    0.0456617440651449,
    -0.072234317781366,
    -0.201996419941457,
    0.932403608208254,
    -0.0671122241661245,
    -0.316319015181735,
    -0.161436493402704,
    -0.120070227204611,
    0.352635548655466,
    -0.131581431283557,
    0.20636448123033,
    0.65960892772258,
    0.152352251488442,
    -0.197181127278655,
    0.670696988920081,
    -0.209090496076907,
    0.273367496682018,
    0.285709161981151,
    0.13818636711011
  ],
  "t": 3.29500000000253,
  "thrust": [
    0.0,
    0.0,
    0.0,
    0.0
  ]
}