{
  "T_W_L": {
    "arm_motor_0": {
      "p": [
        -0.193163151438129,
        -0.084073521914918,
        0.0176131596690309
      ],
      "q": [
        0.750153822793211,
        0.275374514706297,
        -0.518798189303587,
        0.303787026672179
      ]
    },
    "arm_motor_1": {
      "p": [
        -0.0750244401250747,
        0.119005804483505,
        0.0121871538118894
      ],
      "q": [
        -0.395088571856485,
        0.704250666080979,
        0.305355560717734,
        0.504672172059901
      ]
    },
    "arm_motor_2": {
      "p": [
        -0.0458616309075157,
        -0.0661619491666881,
        0.00872286459666865
      ],
      "q": [
        0.396257217115922,
        0.723174518738555,
        -0.199473545853676,
        0.529347842005015
      ]
    },
    "arm_motor_3": {
      "p": [
        -0.207610272123625,
        0.104366669298993,
        0.0380857920792708
      ],
      "q": [
        0.627820196452991,
        -0.308185544868544,
        -0.611091365310768,
        -0.370716622371357
      ]
    },
    "base_link": {
      "p": [
        -0.129141294452508,
        0.0144081026811811,
        0.0352439670446269
      ],
      "q": [
        -0.0207528425562321,
        0.012640636624896,
        -0.614770788390673,
        0.788331409733917
      ]
    },
    "connecting_link_0": {
      "p": [
        -0.150389897849278,
        -0.0321684100572841,
        0.0370118230371704
      ],
      "q": [
        -0.163593137306223,
        0.020090679881619,
        0.897284572753959,
        -0.409529053311174
      ]
    },
    "connecting_link_1": {
      "p": [
        -0.107892691055739,
        0.0609846154196462,
        0.0334761110520834
      ],
      "q": [
        -0.063450820672499,
        0.141123306501303,
        0.49528879598556,
        0.854837536780703
      ]
    },
    "connecting_link_2": {
      "p": [
        -0.0883891563281822,
        -0.0166002568070638,
        0.033923027930356
      ],
      "q": [
        0.139147068376319,
        0.137056157493139,
        -0.421245262257239,
        0.885667054869561
      ]
    },
    "connecting_link_3": {
      "p": [
        -0.169893432576835,
        0.0454164621694259,
        0.0365649061588978
      ],
      "q": [
        -0.0118290699419902,
        -0.0442161489371412,
        0.876042766613571,
        0.480056326217578
      ]
    }
  },
  "contacts": [
    {
      "f": [
        -0.0666209208119896,
        0.36824569302496,
        0.467779390981459
      ],
      "link": "base_link",
      "p": [
        -0.119516203984492,
        0.0515418736461277,
        0.000247726473025754
      ]
    },
    {
      "f": [
        0.164076046969241,
        0.0505373155837019,
        0.214603447721967
      ],
      "link": "base_link",
      "p": [
        -0.100131137488859,
        -0.00855626358932661,
        0.000570793104556065
      ]
    },
    {
      "f": [
        -0.422709526602663,
        -0.0914006635220233,
        0.540597795808194
      ],
      "link": "base_link",
      "p": [
        -0.1154384626762,
        0.0483758874872757,
        -8.1195591616387e-05
      ]
    },
    {
      "f": [
        0.0681144799183078,
        0.0194939947459667,
        0.088561403536767
      ],
      "link": "base_link",
      "p": [
        -0.0994566895420969,
        -0.0131166013234751,
        0.000822877192926466
      ]
    },
    {
      "f": [
        -0.289770882310184,
        0.104230588425413,
        0.384933394803427
      ],
      "link": "base_link",
      "p": [
        -0.100879797191165,
        -0.00946663967394434,
        0.000253280593465612
      ]
    },
    {
      "f": [
        0.221015686460196,
        0.0667824578679039,
        0.288606106842522
      ],
      "link": "base_link",
      "p": [
        -0.119994767585376,
        0.0519498398754854,
        0.000627415840288061
      ]
    },
    {
      "f": [
        0.205676225772682,
        0.0675405162446646,
        0.270602427415118
      ],
      "link": "base_link",
      "p": [
        -0.116230880513028,
        0.0524310386159098,
        0.000458795145169763
      ]
    },
    {
      "f": [
        0.0253895583645162,
        0.208449406778952,
        0.26248745464201
      ],
      "link": "arm_motor_2",
      "p": [
        -0.0678937423421578,
        -0.086864294618546,
        0.00047502509071598
      ]
    },
    {
      "f": [
        0.00366535768785741,
        -0.000698857572796816,
        0.00466423374048978
      ],
      "link": "arm_motor_2",
      "p": [
        -0.0613808407553496,
        -0.0674683626502799,
        0.00099067153251902
      ]
    }
  ],
  "idx": 4416,
  "state": [
    -0.129141294452508,
    0.0144081026811811,
    0.0352439670446269,
    0.788331409733917,
    -0.0207528425562321,
    0.012640636624896,
    -0.614770788390673,
    -0.0200332609493605,
    -0.00521538391213677,
    -0.0128677948995317,
    0.591714406344132,
    0.00473042851430197,
    -0.00283203276066105,
    0.978248121784462,
    0.111319147754196,
    0.152377722331743,
    -0.0861376184105487,
    0.990772946835298,
    -0.000684365904225195,
    0.135339422764761,
    0.00719305973214242,
    0.966285102189527,
    0.118544708970192,
    0.157781146550198,
    -0.165364334289632,
    0.97111198610566,
    -0.0677335924338552,
    0.00993003827983822,
    -0.228593668411191,
    0.0714079743177244,
    0.281406209807275,
    -0.161382724702337,
    -0.00320662258382805,
    0.793330754736159,
    0.191193088684471,
    -0.0146713274866188,
    0.15959225418936,
    -0.41761939919039,
    -0.0104130937352216,
    0.502104799412204,
    0.288167902125898
  ],
  "t": 4.41700000000304,
  "thrust": [
    0.0,
    0.0,
    0.0,
    0.0
  ]
}