{
  "T_W_L": {
    "arm_motor_0": {
      "p": [
        -0.194630974247535,
        -0.0829095365595049,
        0.0102556551558701
      ],
      "q": [
        0.777357289800808,
        0.263035701837642,
        -0.487828728757811,
        0.297575192095813
      ]
    },
    "arm_motor_1": {
      "p": [
        -0.0769877143041873,
        0.117794278199396,
        0.0115215308473692
      ],
      "q": [
        -0.413127673139242,
        0.704375181037025,
        0.284853416720294,
        0.502035517676179
      ]
    },
    "arm_motor_2": {
      "p": [
        -0.0476912018474197,
        -0.0665928321218048,
        0.0111348992016961
      ],
      "q": [
        0.411549316744821,
        0.711236561166213,
        -0.187709834772764,
        0.538084316698519
      ]
    },
    "arm_motor_3": {
      "p": [
        -0.209466794491118,
        0.10395210376026,
        0.0286108579346484
      ],
      "q": [
        0.667368932233727,
        -0.302212660213918,
        -0.569283051032565,
        -0.373099214824551
      ]
    },
    "base_link": {
      "p": [
        -0.131259079006871,
        0.0140536830463377,
        0.0347089634511641
      ],
      "q": [
        0.00389800781266447,
        -0.0093034932976213,
        -0.614519316703287,
        0.788837283567454
      ]
    },
    "connecting_link_0": {
      "p": [
        -0.152498769591489,
        -0.0325601301956145,
        0.034541754258545
      ],
      "q": [
        -0.204727608860686,
        0.0244231077802791,
        0.894621613185209,
        -0.396411764707398
      ]
    },
    "connecting_link_1": {
      "p": [
        -0.110019388422253,
        0.0606674962882898,
        0.0348761726437832
      ],
      "q": [
        -0.0907035965654998,
        0.143075748065458,
        0.493547161779655,
        0.853061185956107
      ]
    },
    "connecting_link_2": {
      "p": [
        -0.0904546757164954,
        -0.0168992258841114,
        0.0356671392490698
      ],
      "q": [
        0.158278415599725,
        0.122437126240777,
        -0.423740209726181,
        0.883403264616083
      ]
    },
    "connecting_link_3": {
      "p": [
        -0.172063482297247,
        0.0450065919767867,
        0.0337507876532585
      ],
      "q": [
        -0.069357191736,
        -0.0501243634601296,
        0.874445003335388,
        0.477517606255504
      ]
    }
  },
  "contacts": [
    {
      "f": [
        0.223969305809266,
        -0.173773105475704,
        0.354346542356831
      ],
      "link": "base_link",
      "p": [
        -0.119447003723027,
        0.0516117698364782,
        0.000853961444177521
      ]
    },
    {
      "f": [
        0.285591322759183,
        -0.131478681850742,
        0.393003354423798
      ],
      "link": "base_link",
      "p": [
        -0.115351163349834,
        0.04845368745855,
        0.000752770577280744
      ]
    },
    {
      "f": [
        0.189681954723979,
        0.269995030133241,
        0.412455604134705
      ],
      "link": "base_link",
      "p": [
        -0.145793714062982,
        -0.0207592317952656,
        0.000525808064380871
      ]
    },
    {
      "f": [
        0.117966628730407,
        -0.0936412989899625,
        0.188268501624613
      ],
      "link": "base_link",
      "p": [
        -0.143885826873985,
        -0.0247277206695138,
        0.000953210835817633
      ]
    },
    {
      "f": [
        -0.0763668587177369,
        0.461901354986155,
        0.585214649253348
      ],
      "link": "base_link",
      "p": [
        -0.161325748636245,
        0.0413109273994069,
        0.000468394277227252
      ]
    },
    {
      "f": [
        0.447975963700036,
        0.203661499122122,
        0.6151225364176
      ],
      "link": "arm_motor_0",
      "p": [
        -0.21768630369322,
        -0.0644562013992399,
        -0.0002302450728352
      ]
    }
  ],
  "idx": 4542,
  "state": [
    -0.131259079006871,
    0.0140536830463377,
    0.0347089634511641,
    0.788837283567454,
    0.00389800781266447,
    -0.0093034932976213,
    -0.614519316703287,
    -0.000955055027877718,
    0.00134286112305939,
    -0.00447477408194902,
    0.0173949034424597,
    -0.0450571454136267,
    0.000577540098741704,
    0.975296094419622,
    0.113103285597778,
    0.162387770839268,
    -0.0981600065132083,
    0.985082846114927,
    0.00134267849989007,
    0.171797871116227,
    0.00977113015437361,
    0.962992688509789,
    0.115711120820847,
    0.16899863375797,
    -0.17520125622555,
    0.970585134840943,
    -0.0619049345419008,
    0.0447299832489307,
    -0.228323243897117,
    -0.0125270377902822,
    -0.0710434674345542,
    -0.201170943589297,
    0.0917279303550871,
    0.288035413675584,
    -0.247906918039042,
    -0.122140454080381,
    0.164123136444798,
    0.21109319692555,
    -0.0935065395098784,
    0.708688701766273,
    -0.340404907966794
  ],
  "t": 4.54300000000275,
  "thrust": [
    0.0,
    0.0,
    0.0,
    0.0
  ]
}