{
  "T_W_L": {
    "arm_motor_0": {
      "p": [
        -0.131243128694144,
        -0.124214189513574,
        0.033108135124619
      ],
      "q": [
        -0.449559330096674,
        -0.510903251769414,
        0.603381647328047,
        -0.415698043923904
      ]
    },
    "arm_motor_1": {
      "p": [
        -0.101204330168383,
        0.0966117462455798,
        0.105263313110653
      ],
      "q": [
        -0.21952175234458,
        0.416223809977571,
        0.734605499911132,
        0.488797196959676
      ]
    },
    "arm_motor_2": {
      "p": [
        -0.00974411397233527,
        -0.0523622933258065,
        0.0199053112767922
      ],
      "q": [
        0.317757138292584,
        0.65168771643607,
        -0.0390185303916766,
        0.687612591214357
      ]
    },
    "arm_motor_3": {
      "p": [
        -0.176399278364522,
        0.00313916476581692,
        0.138599446410639
      ],
      "q": [
        -0.112128392678237,
        -0.0500916692310539,
        0.879874672743829,
        0.459062750060361
      ]
    },
    "base_link": {
      "p": [
        -0.115055623907499,
        -0.00805501525160396,
        0.0471047689759511
      ],
      "q": [
        0.0989929906582906,
        0.262806673234006,
        -0.451263813477568,
        0.84705018207299
      ]
    },
    "connecting_link_0": {
      "p": [
        -0.123000717346272,
        -0.0548931083378202,
        0.0279457364769935
      ],
      "q": [
        -0.108768803612132,
        0.0673202480718351,
        -0.744541705326212,
        0.655206059640986
      ]
    },
    "connecting_link_1": {
      "p": [
        -0.107110530468727,
        0.0387830778346123,
        0.0662638014749087
      ],
      "q": [
        0.364219210783289,
        -0.0513171340687216,
        0.674669850184901,
        0.639946491121605
      ]
    },
    "connecting_link_2": {
      "p": [
        -0.0707435507648297,
        -0.0182132544567053,
        0.0234986182933294
      ],
      "q": [
        0.19709795982523,
        -0.0254027225690043,
        -0.252278494689005,
        0.947028329584846
      ]
    },
    "connecting_link_3": {
      "p": [
        -0.159367697050169,
        0.0021032239534974,
        0.0707109196585728
      ],
      "q": [
        0.542878600865127,
        -0.360026542552059,
        0.701452094517785,
        0.289186224563595
      ]
    }
  },
  "contacts": [
    {
      "f": [
        1.36676363585813,
        0.223571200519144,
        1.73116061051074
      ],
      "link": "base_link",
      "p": [
        -0.0922716072275405,
        -0.00493016984122016,
        -0.000798471529243963
      ]
    },
    {
      "f": [
        -0.589887802229376,
        -0.338013144873738,
        0.84983500726468
      ],
      "link": "base_link",
      "p": [
        -0.0946213692151211,
        -0.00219316800233781,
        0.000832275307538446
      ]
    }
  ],
  "idx": 2377,
  "state": [
    -0.115055623907499,
    -0.00805501525160396,
    0.0471047689759511,
    0.84705018207299,
    0.0989929906582906,
    0.262806673234006,
    -0.451263813477568,
    0.0659044746686024,
    0.0376878177655947,
    0.0171801457575967,
    -1.22289596347947,
    0.227522172148585,
    -0.951931563172057,
    0.971239068744038,
    0.0987283534787093,
    -0.21666788731761,
    0.00155247219661572,
    0.987473708235538,
    0.0528407002634321,
    -0.0766228664416097,
    0.12740671990714,
    0.960706397222236,
    0.0604762264308233,
    -0.248491943880004,
    -0.107877700196546,
    0.877278548483029,
    -0.21812235613535,
    -0.352715743042588,
    -0.24165386555027,
    -0.0122143164441953,
    0.442160665779873,
    -0.272759061405128,
    0.374669123217316,
    0.500572394784205,
    0.256315718136589,
    0.394501626658254,
    0.71519860841991,
    -0.260864074671301,
    0.110401078852814,
    0.0543515788428805,
    0.065274383950925
  ],
  "t": 2.37800000000059,
  "thrust": [
    0.0,
    0.0,
    0.0,
    0.0
  ]
}