{
  "T_W_L": {
    "arm_motor_0": {
      "p": [
        -0.13420017020706,
        -0.105277486445257,
        0.0679710230037456
      ],
      "q": [
        -0.383192856314806,
        -0.459484408391913,
        0.732654351616757,
        -0.324430137889597
      ]
    },
    "arm_motor_1": {
      "p": [
        -0.0789728243808655,
        0.125720347930968,
        0.0651150955921783
      ],
      "q": [
        -0.197693677801247,
        0.594049181464082,
        0.696479055886644,
        0.350627586579437
      ]
    },
    "arm_motor_2": {
      "p": [
        -0.0114304657870047,
        -0.0550494453275971,
        0.00813906395494667
      ],
      "q": [
        0.233708715947859,
        0.728885790694963,
        -0.224464028560892,
        0.603093392514954
      ]
    },
    "arm_motor_3": {
      "p": [
        -0.137018062024396,
        0.0507439688023721,
        0.14466522786965
      ],
      "q": [
        -0.057638292303372,
        0.140994254881225,
        0.875748936331092,
        0.458107244939217
      ]
    },
    "base_link": {
      "p": [
        -0.10231112136548,
        0.00867463320631301,
        0.0490388527828306
      ],
      "q": [
        -0.0847785802033076,
        0.288697298382945,
        -0.521032435053931,
        0.798743803648499
      ]
    },
    "connecting_link_0": {
      "p": [
        -0.115765344886989,
        -0.0407427276923301,
        0.0480857991397809
      ],
      "q": [
        -0.2471065930916,
        0.0954977905003903,
        -0.789023127496484,
        0.554311291546431
      ]
    },
    "connecting_link_1": {
      "p": [
        -0.0888568978439712,
        0.0580919941049561,
        0.0499919064258803
      ],
      "q": [
        0.35269452320088,
        0.172125060430177,
        0.632275603542821,
        0.667987348712963
      ]
    },
    "connecting_link_2": {
      "p": [
        -0.0656282463994656,
        -0.0124114900653884,
        0.0201642603251292
      ],
      "q": [
        0.00653698114127402,
        0.0889486577748023,
        -0.32397705459699,
        0.941851512847051
      ]
    },
    "connecting_link_3": {
      "p": [
        -0.138993996331495,
        0.0297607564780144,
        0.077913445240532
      ],
      "q": [
        0.578491584152895,
        -0.224232745672349,
        0.660004438840348,
        0.423628733142066
      ]
    }
  },
  "contacts": [
    {
      "f": [
        -0.48826126740367,
        -0.237278007246541,
        0.678578382964994
      ],
      "link": "base_link",
      "p": [
        -0.0934199092615139,
        -0.000730489938580769,
        1.16121681308715e-05
      ]
    },
    {
      "f": [
        0.480811851115178,
        0.797385439304625,
        1.16391283433017
      ],
      "link": "base_link",
      "p": [
        -0.0923421466726275,
        -0.00501528173671623,
        -0.00132782566866034
      ]
    },
    {
      "f": [
        0.386805438001467,
        -0.368244730533947,
        0.667577978162389
      ],
      "link": "base_link",
      "p": [
        -0.0941482860123038,
        -0.00169779778899336,
        -0.000142896703584958
      ]
    }
  ],
  "idx": 2663,
  "state": [
    -0.10231112136548,
    0.00867463320631301,
    0.0490388527828306,
    0.798743803648499,
    -0.0847785802033076,
    0.288697298382945,
    -0.521032435053931,
    0.0291660882931089,
    0.0701606119690308,
    -0.0118776760230695,
    -0.846545752026612,
    -0.784577421912052,
    -0.985137813241296,
    0.988544317405005,
    0.0812673552522738,
    -0.12394313206982,
    -0.0285280477652498,
    0.981371235844428,
    0.0944105483328268,
    -0.0324666067465204,
    0.164143428948716,
    0.966573961244807,
    0.0571364056749028,
    -0.20766306970837,
    -0.139090826690232,
    0.873352510210162,
    -0.21404964420785,
    -0.370566704202729,
    -0.232633747466764,
    -0.275634946637262,
    0.630837702759636,
    -0.13809186312389,
    0.345423008750309,
    0.274831952782308,
    0.117918694755822,
    -0.0271123859319753,
    0.609661713596683,
    0.00556603990145718,
    0.0682986370161234,
    -0.0586883378363655,
    0.0195475101182066
  ],
  "t": 2.6640000000012,
  "thrust": [
    0.0,
    0.0,
    0.0,
    0.0
  ]
}