{
  "T_W_L": {
    "arm_motor_0": {
      "p": [
        -0.203732394093636,
        -0.0874180797941473,
        0.0145086921033702
      ],
      "q": [
        0.751817368719157,
        0.22322716867141,
        -0.508496852297411,
        0.355487308441208
      ]
    },
    "arm_motor_1": {
      "p": [
        -0.0898760733496538,
        0.117864384998387,
        0.0672251459994356
      ],
      "q": [
        -0.353579664337378,
        0.475776242341896,
        0.345790486489274,
        0.727356396578462
      ]
    },
    "arm_motor_2": {
      "p": [
        -0.0549825779766177,
        -0.070377604587442,
        0.0546316334989496
      ],
      "q": [
        0.384744127057313,
        0.557731459460585,
        -0.166691627830637,
        0.716324980043307
      ]
    },
    "arm_motor_3": {
      "p": [
        -0.222692375279407,
        0.0965826711025097,
        0.0457137972112725
      ],
      "q": [
        -0.586007651084721,
        0.176079521943829,
        0.649007393454377,
        0.452084547472877
      ]
    },
    "base_link": {
      "p": [
        -0.141263878546692,
        0.0123583687645888,
        0.0385178126099559
      ],
      "q": [
        0.104304253360762,
        -0.101090985222873,
        -0.607730689910031,
        0.780746209711582
      ]
    },
    "connecting_link_0": {
      "p": [
        -0.161320466474839,
        -0.0341100214294673,
        0.0306170535670893
      ],
      "q": [
        -0.17205358716363,
        0.0935220417119051,
        0.891176732106656,
        -0.409212931137159
      ]
    },
    "connecting_link_1": {
      "p": [
        -0.121207290618545,
        0.058826758958645,
        0.0464185716528226
      ],
      "q": [
        -0.00550778047626216,
        -0.177894033072633,
        0.494529376208984,
        0.850743247647451
      ]
    },
    "connecting_link_2": {
      "p": [
        -0.101936247218841,
        -0.0187776654266088,
        0.0489045728837475
      ],
      "q": [
        0.154186400857857,
        -0.112142553856291,
        -0.389923961669992,
        0.900893947987591
      ]
    },
    "connecting_link_3": {
      "p": [
        -0.180591509874543,
        0.0434944029557865,
        0.0281310523361643
      ],
      "q": [
        0.0445475450425895,
        -0.195165025193156,
        0.873287512861002,
        0.44417907318229
      ]
    }
  },
  "contacts": [
    {
      "f": [
        0.356137346845888,
        -0.326983622798316,
        0.604348951606111
      ],
      "link": "base_link",
      "p": [
        -0.145907523052057,
        -0.0208063606412539,
        0.000174363921489985
      ]
    },
    {
      "f": [
        -0.145093706255902,
        -0.171238088409252,
        0.280553767454678
      ],
      "link": "base_link",
      "p": [
        -0.145256261247433,
        -0.024874885341622,
        0.000796241340546136
      ]
    },
    {
      "f": [
        -0.143747016293206,
        -0.127330069198739,
        0.240039551478484
      ],
      "link": "base_link",
      "p": [
        -0.144150209283488,
        -0.0247981514803698,
        0.000915353000725434
      ]
    },
    {
      "f": [
        -0.156240242311777,
        -1.11617710990443,
        1.40882395213628
      ],
      "link": "base_link",
      "p": [
        -0.161362043939651,
        0.0412673356328075,
        -0.00122780289829209
      ]
    }
  ],
  "idx": 3751,
  "state": [
    -0.141263878546692,
    0.0123583687645888,
    0.0385178126099559,
    0.780746209711582,
    0.104304253360762,
    -0.101090985222873,
    -0.607730689910031,
    0.0131146182076435,
    0.00450658422779465,
    -0.00927261213574334,
    -0.35459010439389,
    -0.0305264897117959,
    0.0115050838472231,
    0.994872607750153,
    0.0616180280055692,
    0.00383132065796342,
    -0.080106391474902,
    0.997869632921752,
    0.0206012380079104,
    -0.0618955749581498,
    0.000849991617274456,
    0.985621031545527,
    0.0725910814027554,
    0.0311415697134683,
    -0.149371750045619,
    0.955015061328613,
    -0.0648782836926909,
    -0.184560844265114,
    -0.222877400614653,
    0.0427691180621178,
    0.150910109655035,
    -0.0787970873917859,
    -0.207605062239182,
    0.267059098115185,
    -0.24541415933697,
    0.120728024955168,
    0.379109612048045,
    0.318365508012282,
    -0.394667542421241,
    0.676054742738882,
    -0.28488886236825
  ],
  "t": 3.75200000000349,
  "thrust": [
    0.0,
    0.0,
    0.0,
    0.0
  ]
}