{
  "T_W_L": {
    "arm_motor_0": {
      "p": [
        -1.98726017458578e-17,
        -0.0814974745618855,
        0.31023494349577
      ],
      "q": [
        -5.11087891098683e-17,
        0.923879532979703,
        -0.382683431234233,
        -7.30052615275683e-17
      ]
    },
    "arm_motor_1": {
      "p": [
        1.98726017458578e-17,
        0.0814974745618855,
        0.489229893104232
      ],
      "q": [
        1.29637528413308e-16,
        0.382683431234233,
        0.923879532979703,
        -2.78233606118313e-17
      ]
    },
    "arm_motor_2": {
      "p": [
        -1.98725647655355e-17,
        0.0814974745618855,
        0.31023494349577
      ],
      "q": [
        5.2456939051707e-17,
        0.923879532979703,
        0.382683431234233,
        -7.35635913847419e-17
      ]
    },
    "arm_motor_3": {
      "p": [
        1.98725647655355e-17,
        -0.0814974745618855,
        0.489229893104232
      ],
      "q": [
        1.29579491567063e-16,
        -0.382683431234233,
        0.923879532979703,
        2.76834696937279e-17
      ]
    },
    "base_link": {
      "p": [
        7.4323137285726e-36,
        1.28160514688737e-20,
        0.399732418300001
      ],
      "q": [
        -5.40683272223072e-21,
        0.707106781186548,
        -5.68375143749329e-21,
        0.707106781186548
      ]
    },
    "connecting_link_0": {
      "p": [
        -8.88179672891174e-18,
        -0.032,
        0.359732418300001
      ],
      "q": [
        -0.270598049273462,
        0.653281482769409,
        -0.270598049273462,
        0.653281482769408
      ]
    },
    "connecting_link_1": {
      "p": [
        8.88179672891174e-18,
        0.032,
        0.439732418300001
      ],
      "q": [
        0.653281482769408,
        0.270598049273462,
        0.653281482769408,
        0.270598049273462
      ]
    },
    "connecting_link_2": {
      "p": [
        -8.88177166509076e-18,
        0.032,
        0.359732418300001
      ],
      "q": [
        0.270598049273462,
        0.653281482769409,
        0.270598049273462,
        0.653281482769408
      ]
    },
    "connecting_link_3": {
      "p": [
        8.88177166509076e-18,
        -0.032,
        0.439732418300001
      ],
      "q": [
        0.653281482769408,
        -0.270598049273462,
        0.653281482769408,
        -0.270598049273462
      ]
    }
  },
  "contacts": [],
  "idx": 142,
  "state": [
    7.4323137285726e-36,
    1.28160514688737e-20,
    0.399732418300001,
    0.707106781186548,
    -5.40683272223072e-21,
    0.707106781186548,
    -5.68375143749329e-21,
    1.23704046171314e-34,
    2.11980165503293e-19,
    -1.40234379999997,
    9.4573380187922e-21,
    -8.95207987839414e-20,
    -3.23255458292071e-18,
    1.0,
    3.34821608914108e-18,
    9.88535313443273e-22,
    -3.47982859208468e-21,
    1.0,
    -3.18891668473187e-18,
    -9.88535313442087e-22,
    3.44751726594924e-21,
    1.0,
    -1.88930128370071e-18,
    1.18033616106068e-21,
    2.57635422892054e-21,
    1.0,
    3.34064569899263e-18,
    -1.18033616105949e-21,
    -3.29512442799379e-21,
    7.34947223939541e-17,
    3.14581365423698e-20,
    -1.47277278252983e-19,
    -7.73119299733841e-17,
    -3.14581365423397e-20,
    1.42185940736508e-19,
    -3.432298858777e-17,
    3.99270223645144e-20,
    9.75969934771841e-20,
    7.3241412289908e-17,
    -3.99270223644866e-20,
    -1.39115025849622e-19
  ],
  "t": 0.143000000000001,
  "thrust": [
    0.0,
    0.0,
    0.0,
    0.0
  ]
}