{
  "T_W_L": {
    "arm_motor_0": {
      "p": [
        -1.98724403162834e-17,
        -0.0814974745618855,
        0.398729701895768
      ],
      "q": [
        -5.36755763682416e-17,
        0.923879532979703,
        -0.382683431234233,
        -7.40673049263982e-17
      ]
    },
    "arm_motor_1": {
      "p": [
        1.98724403162834e-17,
        0.0814974745618855,
        0.577724651504231
      ],
      "q": [
        1.30621017440006e-16,
        0.382683431234233,
        0.923879532979703,
        -3.02005008389636e-17
      ]
    },
    "arm_motor_2": {
      "p": [
        -1.98724392464231e-17,
        0.0814974745618855,
        0.398729701895768
      ],
      "q": [
        5.37590941158554e-17,
        0.923879532979703,
        0.382683431234233,
        -7.41018978551037e-17
      ]
    },
    "arm_motor_3": {
      "p": [
        1.98724392464231e-17,
        -0.0814974745618855,
        0.577724651504231
      ],
      "q": [
        1.30638893656229e-16,
        -0.382683431234233,
        0.923879532979703,
        3.02436608724423e-17
      ]
    },
    "base_link": {
      "p": [
        -1.46628513695054e-36,
        1.34411200423962e-21,
        0.4882271767
      ],
      "q": [
        -2.84554274362951e-20,
        0.707106781186548,
        -2.8465454465109e-20,
        0.707106781186548
      ]
    },
    "connecting_link_0": {
      "p": [
        -8.88178465077278e-18,
        -0.032,
        0.4482271767
      ],
      "q": [
        -0.270598049273462,
        0.653281482769409,
        -0.270598049273462,
        0.653281482769408
      ]
    },
    "connecting_link_1": {
      "p": [
        8.88178465077278e-18,
        0.032,
        0.5282271767
      ],
      "q": [
        0.653281482769408,
        0.270598049273462,
        0.653281482769408,
        0.270598049273462
      ]
    },
    "connecting_link_2": {
      "p": [
        -8.88178374322973e-18,
        0.032,
        0.4482271767
      ],
      "q": [
        0.270598049273462,
        0.653281482769409,
        0.270598049273462,
        0.653281482769408
      ]
    },
    "connecting_link_3": {
      "p": [
        8.88178374322973e-18,
        -0.032,
        0.5282271767
      ],
      "q": [
        0.653281482769408,
        -0.270598049273462,
        0.653281482769408,
        -0.270598049273462
      ]
    }
  },
  "contacts": [],
  "idx": 48,
  "state": [
    -1.46628513695054e-36,
    1.34411200423962e-21,
    0.4882271767,
    0.707106781186548,
    -2.84554274362951e-20,
    0.707106781186548,
    -2.8465454465109e-20,
    1.82353764001344e-35,
    4.29000500051288e-20,
    -0.480523400000004,
    8.37284375237699e-22,
    -1.2618208451662e-20,
    -5.71436862723266e-19,
    1.0,
    5.70520909476551e-19,
    5.51851887737734e-23,
    -1.16988577560954e-22,
    1.0,
    -6.1649397238713e-19,
    -5.51851887736704e-23,
    1.24210940968248e-22,
    1.0,
    -4.80132458190957e-19,
    6.40528086147466e-23,
    9.87741669597201e-23,
    1.0,
    5.69788396080937e-19,
    -6.40528086146045e-23,
    -1.0843787511657e-22,
    3.93010836689498e-17,
    7.17765744584799e-21,
    -1.61564533869661e-20,
    -3.75568551131233e-17,
    -7.17765744583583e-21,
    1.71343537768373e-20,
    -2.88562120653114e-17,
    8.15684055554961e-21,
    1.39131485644468e-20,
    3.92504610180337e-17,
    -8.15684055553642e-21,
    -1.5213925852314e-20
  ],
  "t": 0.0490000000000004,
  "thrust": [
    0.0,
    0.0,
    0.0,
    0.0
  ]
}