{
  "T_W_L": {
    "arm_motor_0": {
      "p": [
        -0.202960789889368,
        -0.0881263594993189,
        0.0129436374771673
      ],
      "q": [
        0.759047722365698,
        0.227580832116094,
        -0.493374581916858,
        0.358657276439721
      ]
    },
    "arm_motor_1": {
      "p": [
        -0.0928838718511203,
        0.118127443013739,
        0.0701359737721607
      ],
      "q": [
        -0.356953338799582,
        0.461777130694262,
        0.360148341984786,
        0.727763263192925
      ]
    },
    "arm_motor_2": {
      "p": [
        -0.0583172276977904,
        -0.072746041019977,
        0.05708397473545
      ],
      "q": [
        0.396978972075234,
        0.54130740386125,
        -0.179449225300673,
        0.719160598054477
      ]
    },
    "arm_motor_3": {
      "p": [
        -0.225330736365704,
        0.0935658525775085,
        0.0489735111256598
      ],
      "q": [
        -0.573464444869818,
        0.158130102809035,
        0.672825527376314,
        0.43981724700896
      ]
    },
    "base_link": {
      "p": [
        -0.141946917167723,
        0.0120909772007518,
        0.0393418255387962
      ],
      "q": [
        0.111268138068308,
        -0.105603841388808,
        -0.60788960596086,
        0.779061908386933
      ]
    },
    "connecting_link_0": {
      "p": [
        -0.161958803512901,
        -0.0342934773628556,
        0.0308561446736963
      ],
      "q": [
        -0.187859279190501,
        0.0926850426350576,
        0.885596304267477,
        -0.414532941949793
      ]
    },
    "connecting_link_1": {
      "p": [
        -0.121935030822545,
        0.0584754317643592,
        0.047827506403896
      ],
      "q": [
        0.00225920841817047,
        -0.188080597991388,
        0.507067461282898,
        0.841132079012947
      ]
    },
    "connecting_link_2": {
      "p": [
        -0.102844141918756,
        -0.0191780049256635,
        0.0501688160997382
      ],
      "q": [
        0.153816759054085,
        -0.125761199669719,
        -0.407596287231642,
        0.891285471623268
      ]
    },
    "connecting_link_3": {
      "p": [
        -0.18104969241669,
        0.0433599593271671,
        0.0285148349778541
      ],
      "q": [
        0.0702588952263791,
        -0.19918288983684,
        0.881260090700034,
        0.422812625848829
      ]
    }
  },
  "contacts": [
    {
      "f": [
        -0.346506695695856,
        -0.0879658715565747,
        0.446872613141821
      ],
      "link": "base_link",
      "p": [
        -0.146042391428558,
        -0.0208436713530856,
        0.000738473567833152
      ]
    },
    {
      "f": [
        0.495586568493144,
        0.852897750088414,
        1.23303526598029
      ],
      "link": "base_link",
      "p": [
        -0.161362083933303,
        0.0412659279384084,
        -0.00054867606998333
      ]
    },
    {
      "f": [
        0.561017432864878,
        0.362011105180537,
        0.834596272394185
      ],
      "link": "arm_motor_0",
      "p": [
        -0.225882135257679,
        -0.0716542411385119,
        -0.00066919254478837
      ]
    }
  ],
  "idx": 3669,
  "state": [
    -0.141946917167723,
    0.0120909772007518,
    0.0393418255387962,
    0.779061908386933,
    0.111268138068308,
    -0.105603841388808,
    -0.60788960596086,
    0.00235636707970734,
    0.00390934347527613,
    -0.00745930990536684,
    0.0242401046520781,
    -0.0055985111337172,
    0.129934270352755,
    0.995323453072006,
    0.0631378943532133,
    0.0123281898240078,
    -0.072061402963894,
    0.996982853655642,
    0.0291898197461528,
    -0.0702244314149985,
    0.0155458409962417,
    0.983465543007153,
    0.0669030604187029,
    0.0202362375840034,
    -0.167062865151719,
    0.953285541794143,
    -0.0569542816497782,
    -0.216522444277441,
    -0.202782930080731,
    0.0426143370576987,
    -0.516578068400658,
    -0.263025691193421,
    -0.163912574791623,
    0.14561251727121,
    -0.439767823184538,
    0.124729991128993,
    0.256843085813306,
    0.498194705735269,
    -0.40823322174619,
    0.793045854957947,
    -0.468568220309793
  ],
  "t": 3.67000000000332,
  "thrust": [
    0.0,
    0.0,
    0.0,
    0.0
  ]
}