{
  "T_W_L": {
    "arm_motor_0": {
      "p": [
        -0.135038228416093,
        -0.0924640212230733,
        0.0828255448029752
      ],
      "q": [
        -0.361190273991981,
        -0.414642682107795,
        0.776919481259677,
        -0.306609118891214
      ]
    },
    "arm_motor_1": {
      "p": [
        -0.0757358995997864,
        0.134666758308828,
        0.0422383407220462
      ],
      "q": [
        -0.201820528177652,
        0.663122317580987,
        0.654056632234159,
        0.302897983094349
      ]
    },
    "arm_motor_2": {
      "p": [
        -0.0113054979814451,
        -0.0535746241646241,
        0.00994917592391514
      ],
      "q": [
        0.177255592903764,
        0.737210717929653,
        -0.286239106593673,
        0.585805416508278
      ]
    },
    "arm_motor_3": {
      "p": [
        -0.128332163868119,
        0.0740063423578683,
        0.136716499515503
      ],
      "q": [
        -0.0674591593667969,
        0.221588077528527,
        0.860765928371829,
        0.453243866223162
      ]
    },
    "base_link": {
      "p": [
        -0.099463231735148,
        0.0167640025325354,
        0.047331421868899
      ],
      "q": [
        -0.161226693615708,
        0.26695354869758,
        -0.547065316332385,
        0.776827713054615
      ]
    },
    "connecting_link_0": {
      "p": [
        -0.113550673811474,
        -0.031859671941784,
        0.0551597203022478
      ],
      "q": [
        -0.293964941596296,
        0.07639126514619,
        -0.804765125673009,
        0.510002039429409
      ]
    },
    "connecting_link_1": {
      "p": [
        -0.0853757896588216,
        0.0653876770068547,
        0.0395031234355502
      ],
      "q": [
        0.319779215875741,
        0.254717069663913,
        0.605196543989878,
        0.683079505371398
      ]
    },
    "connecting_link_2": {
      "p": [
        -0.0646629348581949,
        -0.00949480884650152,
        0.0204350622223578
      ],
      "q": [
        -0.0770629815676716,
        0.107059715342647,
        -0.327740245058659,
        0.935513680280274
      ]
    },
    "connecting_link_3": {
      "p": [
        -0.134263528612101,
        0.0430228139115722,
        0.0742277815154403
      ],
      "q": [
        0.560952595924648,
        -0.163805379087094,
        0.656354254007461,
        0.477178243588118
      ]
    }
  },
  "contacts": [
    {
      "f": [
        0.201003254141698,
        0.46782625964326,
        0.636474318741724
      ],
      "link": "base_link",
      "p": [
        -0.0933639508519357,
        -0.000665598004450801,
        0.000106554328917811
      ]
    },
    {
      "f": [
        0.291525054965432,
        0.555665996802965,
        0.784370326356226
      ],
      "link": "base_link",
      "p": [
        -0.0924128520299526,
        -0.0051326433801558,
        -0.000568740652712452
      ]
    },
    {
      "f": [
        0.227334272303408,
        -0.345975467164212,
        0.51747568669216
      ],
      "link": "base_link",
      "p": [
        -0.094111381571968,
        -0.00162973226137681,
        0.000149943421714975
      ]
    },
    {
      "f": [
        -0.37542462623656,
        0.214990513392037,
        0.540781510341504
      ],
      "link": "arm_motor_2",
      "p": [
        0.00944313704938937,
        -0.0321463771272426,
        -8.15630206830072e-05
      ]
    }
  ],
  "idx": 2767,
  "state": [
    -0.099463231735148,
    0.0167640025325354,
    0.047331421868899,
    0.776827713054615,
    -0.161226693615708,
    0.26695354869758,
    -0.547065316332385,
    0.0156162079121621,
    0.085381037523436,
    -0.0332935116617559,
    -0.709196541905369,
    -1.2087230334777,
    -1.16197590838341,
    0.99318756075155,
    0.0661423254668488,
    -0.0893632025352907,
    -0.0348981372405578,
    0.979056827206587,
    0.10787347308255,
    -0.0177040147638529,
    0.171748684904779,
    0.972099186723925,
    0.051105535699703,
    -0.18990245674135,
    -0.127861066455471,
    0.873087557232118,
    -0.21294040665029,
    -0.374079908817168,
    -0.228995027110636,
    -0.377060873057203,
    0.629170143741213,
    -0.28711452702734,
    0.314478897572606,
    0.168829511628257,
    0.252538297573793,
    -0.137323169158003,
    0.13572610268238,
    0.378425136651097,
    0.171073246071192,
    -0.192605012220396,
    0.0718490150429871
  ],
  "t": 2.76800000000142,
  "thrust": [
    0.0,
    0.0,
    0.0,
    0.0
  ]
}