{
  "T_W_L": {
    "arm_motor_0": {
      "p": [
        -0.0760212349080728,
        -0.0688525315953519,
        0.0477219240625077
      ],
      "q": [
        0.234902412999948,
        0.602059240064155,
        -0.330969553196814,
        0.687607942563839
      ]
    },
    "arm_motor_1": {
      "p": [
        -0.238897073711928,
        0.10439013729074,
        0.0659611699743144
      ],
      "q": [
        -0.486607029674936,
        0.332011038732761,
        0.791680158928464,
        0.161940713810739
      ]
    },
    "arm_motor_2": {
      "p": [
        -0.0508361480491197,
        0.0678324209495898,
        0.0487315689607184
      ],
      "q": [
        -0.0985574348650177,
        0.602745478645224,
        0.144896357631137,
        0.778453187770978
      ]
    },
    "arm_motor_3": {
      "p": [
        -0.25497201433146,
        -0.0397864685340973,
        0.0797036993097554
      ],
      "q": [
        -0.489071793460759,
        -0.217008366424959,
        0.837297410885361,
        -0.112468642151124
      ]
    },
    "base_link": {
      "p": [
        -0.15779264429923,
        0.0191083229140108,
        0.0403686012528618
      ],
      "q": [
        -0.0349743669331189,
        0.0880185504904005,
        -0.0705092710703906,
        0.993004517170148
      ]
    },
    "connecting_link_0": {
      "p": [
        -0.123094158524199,
        -0.0183427656330008,
        0.0361935501676834
      ],
      "q": [
        -0.0679297262824031,
        -0.0604920676592367,
        -0.400131904581095,
        0.911932410310004
      ]
    },
    "connecting_link_1": {
      "p": [
        -0.192491130074262,
        0.0565594114610223,
        0.0445436523380403
      ],
      "q": [
        0.21571927845297,
        0.120257880030961,
        0.903885539365351,
        0.349276633802488
      ]
    },
    "connecting_link_2": {
      "p": [
        -0.114526141680231,
        0.0448643046198952,
        0.0309537641599389
      ],
      "q": [
        0.0327665665208028,
        -0.124244112629574,
        0.172147827579614,
        0.976654943188712
      ]
    },
    "connecting_link_3": {
      "p": [
        -0.20105914691823,
        -0.00664765879187362,
        0.0497834383457848
      ],
      "q": [
        0.246232695463808,
        -0.0739207479374009,
        0.937884658750147,
        -0.232975427009207
      ]
    }
  },
  "contacts": [
    {
      "f": [
        0.583830907489472,
        -0.0218240210990334,
        0.730298329919133
      ],
      "link": "base_link",
      "p": [
        -0.132204297167861,
        0.0368154526267948,
        0.000332687815559111
      ]
    },
    {
      "f": [
        -0.32754578778796,
        0.355248829064903,
        0.604007416202426
      ],
      "link": "base_link",
      "p": [
        -0.127758500354394,
        0.0356940080183327,
        -0.000208014832404853
      ]
    },
    {
      "f": [
        0.212348422082849,
        -0.614315426152137,
        0.812476245008082
      ],
      "link": "base_link",
      "p": [
        -0.131714087104456,
        0.0357725398133654,
        -6.9949884266382e-05
      ]
    }
  ],
  "idx": 789,
  "state": [
    -0.15779264429923,
    0.0191083229140108,
    0.0403686012528618,
    0.993004517170148,
    -0.0349743669331189,
    0.0880185504904005,
    -0.0705092710703906,
    -0.206444937453916,
    0.00180564118818133,
    -0.137942187764045,
    0.84317559981753,
    -4.93853015898573,
    -0.459306858837959,
    0.990507107568094,
    0.0538070478347022,
    -0.119647758322474,
    0.0410473554423288,
    0.982921430513058,
    0.119728641775938,
    -0.100196817760693,
    0.0974223356694134,
    0.96483411139543,
    -0.0258172991046469,
    -0.219908843318063,
    -0.14166405749252,
    0.982513485316176,
    -0.12399122699923,
    -0.120766256302637,
    -0.0686217031101099,
    -0.144098774129424,
    0.266391969499764,
    -0.308859031863428,
    0.36527133512388,
    0.123042749159427,
    0.429399179654733,
    0.120882468632414,
    0.736117406485444,
    -0.111559479994336,
    -0.0782353086950786,
    -0.196407755744801,
    -0.00907810343298305
  ],
  "t": 0.789999999999929,
  "thrust": [
    0.0,
    0.0,
    0.0,
    0.0
  ]
}