{
  "T_W_L": {
    "arm_motor_0": {
      "p": [
        -0.200315405669116,
        -0.0868926623923313,
        0.0344258462889257
      ],
      "q": [
        0.658039553086343,
        0.251465818977034,
        -0.62159044963778,
        0.342599184732303
      ]
    },
    "arm_motor_1": {
      "p": [
        -0.0813005645484973,
        0.11976858714792,
        0.0546471949633036
      ],
      "q": [
        -0.320305734688981,
        0.518809021885652,
        0.423029673833957,
        0.670288990056782
      ]
    },
    "arm_motor_2": {
      "p": [
        -0.0539025789851089,
        -0.0769353962080554,
        0.0411634144814336
      ],
      "q": [
        0.366543955871316,
        0.579474812555308,
        -0.293768309321624,
        0.66599898683595
      ]
    },
    "arm_motor_3": {
      "p": [
        -0.211321302001546,
        0.0880000842484074,
        0.0730665223721368
      ],
      "q": [
        -0.431269978123298,
        0.179382945019963,
        0.792942593834135,
        0.391241623410763
      ]
    },
    "base_link": {
      "p": [
        -0.133064167049672,
        0.0127688106797629,
        0.0352971979744268
      ],
      "q": [
        0.0177416890191341,
        -0.0163987623315829,
        -0.621483289362957,
        0.783054809133652
      ]
    },
    "connecting_link_0": {
      "p": [
        -0.155112329273322,
        -0.0334473031669673,
        0.0339010019045067
      ],
      "q": [
        -0.0257734082166491,
        0.0644410209179046,
        0.904835052335987,
        -0.420067392588483
      ]
    },
    "connecting_link_1": {
      "p": [
        -0.111016004826021,
        0.0589849245264931,
        0.0366933940443468
      ],
      "q": [
        0.0726367939596068,
        -0.107112512707729,
        0.525617508062642,
        0.840819267739937
      ]
    },
    "connecting_link_2": {
      "p": [
        -0.0928576685641665,
        -0.0189265027172589,
        0.036983788677486
      ],
      "q": [
        0.0514601531805223,
        -0.0611818303704084,
        -0.466911280418578,
        0.880682969339732
      ]
    },
    "connecting_link_3": {
      "p": [
        -0.173270665535177,
        0.0444641240767847,
        0.0336106072713676
      ],
      "q": [
        0.255741159138609,
        -0.149806708143354,
        0.865649011244925,
        0.403492501849014
      ]
    }
  },
  "contacts": [
    {
      "f": [
        -0.547057892720366,
        -0.0741045938698188,
        0.690067737640047
      ],
      "link": "base_link",
      "p": [
        -0.147236900156476,
        -0.0213269672693286,
        0.00025016770780454
      ]
    },
    {
      "f": [
        0.304827470134718,
        0.0242068054050556,
        0.382233886139777
      ],
      "link": "base_link",
      "p": [
        -0.14651588440951,
        -0.0253901928114671,
        0.000828182574689584
      ]
    },
    {
      "f": [
        0.275302060889012,
        -0.105934366005939,
        0.368725242030774
      ],
      "link": "base_link",
      "p": [
        -0.145412453419148,
        -0.0253345314944692,
        0.0006772902710434
      ]
    },
    {
      "f": [
        -0.839616627660506,
        0.186435808881049,
        1.07508313070805
      ],
      "link": "base_link",
      "p": [
        -0.161659929974301,
        0.0410092846444767,
        0.000596527337006526
      ]
    }
  ],
  "idx": 3409,
  "state": [
    -0.133064167049672,
    0.0127688106797629,
    0.0352971979744268,
    0.783054809133652,
    0.0177416890191341,
    -0.0163987623315829,
    -0.621483289362957,
    -0.0555679306638335,
    -0.00660871847687635,
    0.0229479868385261,
    1.60434161089911,
    -0.177053745461818,
    0.00426691800932757,
    0.995793904025955,
    0.0517401008814194,
    -0.0257693188440153,
    -0.0710873045757354,
    0.991808996441758,
    0.0304012628850147,
    -0.114208711007107,
    0.0484463427131944,
    0.976619003004792,
    0.047110161927847,
    -0.0300873249019054,
    -0.207583015907626,
    0.938799418751834,
    -0.0561925200328463,
    -0.301873445486693,
    -0.156110457540708,
    0.0176510434776271,
    0.903896067298043,
    0.0805758621821852,
    0.0666932828942318,
    0.307867549445869,
    -0.140922776053125,
    -0.0618059989334424,
    0.621908637634646,
    0.2916461677414,
    -0.144006580069126,
    0.497423202102161,
    -0.264514124498763
  ],
  "t": 3.41000000000277,
  "thrust": [
    0.0,
    0.0,
    0.0,
    0.0
  ]
}