{
  "T_W_L": {
    "arm_motor_0": {
      "p": [
        -0.129373214680566,
        -0.121965511807954,
        0.0628000607550661
      ],
      "q": [
        0.52387203411052,
        0.241856713204123,
        -0.0977015946978714,
        0.810874725557837
      ]
    },
    "arm_motor_1": {
      "p": [
        -0.239630150573946,
        0.0822970405166451,
        0.0673042398599426
      ],
      "q": [
        0.616446849991888,
        -0.079903544971198,
        -0.611007335667203,
        -0.490182354228486
      ]
    },
    "arm_motor_2": {
      "p": [
        -0.110372427059486,
        -0.0382285848342608,
        0.136766738132898
      ],
      "q": [
        0.2064716106557,
        0.142167269551099,
        0.00231424401480769,
        0.968066415973752
      ]
    },
    "arm_motor_3": {
      "p": [
        -0.276429510449026,
        -0.0346585278975272,
        0.0360858432392709
      ],
      "q": [
        -0.546876589429477,
        -0.228181831120159,
        0.800807215373569,
        0.086987652493131
      ]
    },
    "base_link": {
      "p": [
        -0.171022911250185,
        -0.0130140405754168,
        0.045405101432126
      ],
      "q": [
        0.250787959086813,
        -0.230572905667357,
        -0.23477193094085,
        0.910397536898847
      ]
    },
    "connecting_link_0": {
      "p": [
        -0.149663745471656,
        -0.0591860988242224,
        0.0394111816533654
      ],
      "q": [
        0.301348007649935,
        -0.402356495152602,
        -0.439518927937144,
        0.744393539116852
      ]
    },
    "connecting_link_1": {
      "p": [
        -0.192382077028714,
        0.0331580176733887,
        0.0513990212108866
      ],
      "q": [
        -0.00384631746534655,
        -0.290110928202971,
        0.867941178275354,
        0.403111605182927
      ]
    },
    "connecting_link_2": {
      "p": [
        -0.129707152930408,
        -0.0102916937017423,
        0.0755646263282699
      ],
      "q": [
        0.147633893653345,
        -0.583998887011639,
        -0.144361058380963,
        0.785053767736355
      ]
    },
    "connecting_link_3": {
      "p": [
        -0.212338669569963,
        -0.0157363874490913,
        0.0152455765359821
      ],
      "q": [
        0.179556067556012,
        -0.22285847908602,
        0.952956357271521,
        -0.0998393611712361
      ]
    }
  },
  "contacts": [
    {
      "f": [
        1.16896313384334,
        -1.56211895279876,
        2.43884271702851
      ],
      "link": "base_link",
      "p": [
        -0.18693920245172,
        -0.000443554499393223,
        -0.00366661265939979
      ]
    }
  ],
  "idx": 1740,
  "state": [
    -0.171022911250185,
    -0.0130140405754168,
    0.045405101432126,
    0.910397536898847,
    0.250787959086813,
    -0.230572905667357,
    -0.23477193094085,
    0.0850881821119182,
    -0.0790497601046121,
    -0.0499618904331869,
    0.314325257953134,
    1.82305945510958,
    -1.47606021174948,
    0.951193796547867,
    0.164236766508624,
    -0.185408039346247,
    0.184066577306763,
    0.973188194525508,
    0.10474664180846,
    -0.133731291604577,
    0.15507682196835,
    0.913488157564866,
    -0.096585002052328,
    -0.341214681815474,
    -0.199457424732357,
    0.876764160351862,
    -0.125215748154104,
    -0.446632635659474,
    -0.12698390567538,
    0.227777707188849,
    0.106463828296251,
    0.00911979676859529,
    -0.417116712503397,
    0.684953225890263,
    0.0899130402522384,
    -0.0930995883628012,
    0.0165304670215294,
    0.0108021600151776,
    -0.122597302734432,
    0.569345421213664,
    0.235493986641463
  ],
  "t": 1.74099999999982,
  "thrust": [
    0.0,
    0.0,
    0.0,
    0.0
  ]
}