{
  "T_W_L": {
    "arm_motor_0": {
      "p": [
        -1.98732282229791e-17,
        -0.0814974745618855,
        0.0503992698957704
      ],
      "q": [
        -4.61196142725257e-17,
        0.923879532979703,
        -0.382683431234233,
        -7.09428065471412e-17
      ]
    },
    "arm_motor_1": {
      "p": [
        1.98732282229791e-17,
        0.0814974745618855,
        0.229394219504233
      ],
      "q": [
        1.2753006277869e-16,
        0.382683431234233,
        0.923879532979703,
        -2.27255204423137e-17
      ]
    },
    "arm_motor_2": {
      "p": [
        -1.98728583244702e-17,
        0.0814974745618855,
        0.0503992698957704
      ],
      "q": [
        5.00746032301008e-17,
        0.923879532979703,
        0.382683431234233,
        -7.25797798274146e-17
      ]
    },
    "arm_motor_3": {
      "p": [
        1.98728583244702e-17,
        -0.0814974745618855,
        0.229394219504233
      ],
      "q": [
        1.27519109014151e-16,
        -0.382683431234233,
        0.923879532979703,
        2.27020615647274e-17
      ]
    },
    "base_link": {
      "p": [
        2.05608920556949e-35,
        4.16670526425018e-20,
        0.139896744700002
      ],
      "q": [
        -4.20567139506236e-19,
        0.707106781186548,
        -4.22886555760167e-19,
        0.707106781186548
      ]
    },
    "connecting_link_0": {
      "p": [
        -8.88188916179879e-18,
        -0.032,
        0.0998967447000015
      ],
      "q": [
        -0.270598049273462,
        0.653281482769409,
        -0.270598049273462,
        0.653281482769408
      ]
    },
    "connecting_link_1": {
      "p": [
        8.88188916179879e-18,
        0.032,
        0.179896744700002
      ],
      "q": [
        0.653281482769408,
        0.270598049273462,
        0.653281482769408,
        0.270598049273462
      ]
    },
    "connecting_link_2": {
      "p": [
        -8.88167923220371e-18,
        0.032,
        0.0998967447000015
      ],
      "q": [
        0.270598049273462,
        0.653281482769409,
        0.270598049273462,
        0.653281482769408
      ]
    },
    "connecting_link_3": {
      "p": [
        8.88167923220371e-18,
        -0.032,
        0.179896744700002
      ],
      "q": [
        0.653281482769408,
        -0.270598049273462,
        0.653281482769408,
        -0.270598049273462
      ]
    }
  },
  "contacts": [],
  "idx": 270,
  "state": [
    2.05608920556949e-35,
    4.16670526425018e-20,
    0.139896744700002,
    0.707106781186548,
    -4.20567139506236e-19,
    0.707106781186548,
    -4.22886555760167e-19,
    7.4862867388815e-35,
    1.92460597929038e-19,
    -2.65758860000008,
    3.54412069290743e-20,
    -2.51220271392908e-19,
    -1.63828256216611e-17,
    1.0,
    8.74585870772334e-18,
    3.78188821964928e-21,
    -2.27095416863869e-20,
    1.0,
    -8.70417781124295e-18,
    -3.78188821964614e-21,
    2.23772588128054e-20,
    1.0,
    -4.46780222118481e-18,
    4.95866936879217e-21,
    1.3718834213609e-20,
    1.0,
    8.73236222857e-18,
    -4.95866936878907e-21,
    -2.15755527209664e-20,
    8.67329465965354e-17,
    5.31013090041289e-20,
    -4.69468371469758e-19,
    -8.67518551044358e-17,
    -5.31013090041005e-20,
    4.65969794281334e-19,
    -4.7479200052163e-17,
    7.18553237280561e-20,
    2.57639289985165e-19,
    8.67451851952855e-17,
    -7.18553237280261e-20,
    -4.51451544044855e-19
  ],
  "t": 0.270999999999986,
  "thrust": [
    0.0,
    0.0,
    0.0,
    0.0
  ]
}