{
  "T_W_L": {
    "arm_motor_0": {
      "p": [
        -0.132759168928469,
        -0.126041223133583,
        0.0271237682582779
      ],
      "q": [
        -0.476520003187102,
        -0.49995043808344,
        0.572381279403592,
        -0.441993118737213
      ]
    },
    "arm_motor_1": {
      "p": [
        -0.112747836049317,
        0.0896203288631764,
        0.112506673416913
      ],
      "q": [
        -0.239709888366376,
        0.361656206948249,
        0.73321066259713,
        0.523589611861296
      ]
    },
    "arm_motor_2": {
      "p": [
        -0.0126619178726581,
        -0.0540634416929968,
        0.0304521509080673
      ],
      "q": [
        0.326840698345956,
        0.607754821882415,
        -0.0176616993572668,
        0.723531131852124
      ]
    },
    "arm_motor_3": {
      "p": [
        -0.190960892779545,
        -0.00545145196392161,
        0.131244112575921
      ],
      "q": [
        -0.145191332511868,
        -0.101948491940391,
        0.875105709105215,
        0.450239913652673
      ]
    },
    "base_link": {
      "p": [
        -0.120081260272891,
        -0.0107833743912058,
        0.0463846665983407
      ],
      "q": [
        0.145889647084196,
        0.230043045936351,
        -0.435148446335997,
        0.85816212777152
      ]
    },
    "connecting_link_0": {
      "p": [
        -0.125510462324435,
        -0.0564919064102743,
        0.0239068138150943
      ],
      "q": [
        -0.0677841584658764,
        0.0409820135291118,
        -0.741685209715147,
        0.66605467652286
      ]
    },
    "connecting_link_1": {
      "p": [
        -0.114652058221346,
        0.0349251576278626,
        0.0688625193815871
      ],
      "q": [
        0.348957743979378,
        -0.114504208714642,
        0.687958719142047,
        0.625963321497267
      ]
    },
    "connecting_link_2": {
      "p": [
        -0.0734158939545151,
        -0.0194535652230721,
        0.0271188580943911
      ],
      "q": [
        0.218622566785371,
        -0.0818662138803366,
        -0.243599981550974,
        0.941361325584093
      ]
    },
    "connecting_link_3": {
      "p": [
        -0.166746626591266,
        -0.00211318355933953,
        0.0656504751022903
      ],
      "q": [
        0.516127405374707,
        -0.390456166087444,
        0.721458956952013,
        0.246279226121858
      ]
    }
  },
  "contacts": [
    {
      "f": [
        -0.134114950334767,
        -0.0729844335598663,
        0.190859681136069
      ],
      "link": "base_link",
      "p": [
        -0.132709711869914,
        -0.0291584361474516,
        0.000618280637727862
      ]
    },
    {
      "f": [
        0.533998393263408,
        0.624786810382834,
        1.02736985370734
      ],
      "link": "base_link",
      "p": [
        -0.130587923647984,
        -0.0323306253546103,
        -0.00105473970741469
      ]
    },
    {
      "f": [
        0.557437364103469,
        0.818789376264436,
        1.2381642520167
      ],
      "link": "base_link",
      "p": [
        -0.129663602113811,
        -0.031747547422745,
        -0.00127627175213074
      ]
    }
  ],
  "idx": 2313,
  "state": [
    -0.120081260272891,
    -0.0107833743912058,
    0.0463846665983407,
    0.85816212777152,
    0.145889647084196,
    0.230043045936351,
    -0.435148446335997,
    0.0957693604042342,
    0.0446313170473707,
    -0.0411405915881908,
    -1.69403727071677,
    0.289958793039783,
    -1.32284340541876,
    0.966737134011061,
    0.0955126043756744,
    -0.237261786151843,
    0.00187108564573644,
    0.987100296890552,
    0.0473513813826128,
    -0.0883084528798852,
    0.124869803033814,
    0.956925115383411,
    0.0441856814213445,
    -0.264236489164487,
    -0.111897394517487,
    0.878151011808738,
    -0.214429995256841,
    -0.355968893118904,
    -0.2369741013806,
    0.00336796562566993,
    0.800703263394673,
    0.121731267347345,
    -0.107176120077844,
    0.221375799067874,
    -0.0827751994267146,
    0.335339881459751,
    0.436305408803666,
    0.242034564205225,
    -0.528825261331388,
    0.072524905424271,
    -0.0402437849784003
  ],
  "t": 2.31400000000046,
  "thrust": [
    0.0,
    0.0,
    0.0,
    0.0
  ]
}