{
  "T_W_L": {
    "arm_motor_0": {
      "p": [
        -0.126599947717269,
        -0.131781033976484,
        0.016975547488557
      ],
      "q": [
        0.620883471722271,
        0.397613932638992,
        -0.267242049123015,
        0.620474465464928
      ]
    },
    "arm_motor_1": {
      "p": [
        -0.199137300413895,
        0.0630986474668707,
        0.121024521223207
      ],
      "q": [
        -0.428860174175596,
        0.0973559200907664,
        0.68154915237834,
        0.58488591085931
      ]
    },
    "arm_motor_2": {
      "p": [
        -0.0608093097277782,
        -0.0691658307661628,
        0.0986907624867702
      ],
      "q": [
        0.355142377223132,
        0.33171763734219,
        0.0172703014913103,
        0.873807208520745
      ]
    },
    "arm_motor_3": {
      "p": [
        -0.259165077483,
        -0.0400268042418046,
        0.0728773744942609
      ],
      "q": [
        -0.393551476536595,
        -0.325845007849471,
        0.815722981604355,
        0.27117943037396
      ]
    },
    "base_link": {
      "p": [
        -0.15204913978631,
        -0.0221391863796832,
        0.0505894987898852
      ],
      "q": [
        0.33898271928971,
        -0.00587891277364529,
        -0.316758780180195,
        0.885844246798673
      ]
    },
    "connecting_link_0": {
      "p": [
        -0.137909584666497,
        -0.062970823647318,
        0.0230785849726732
      ],
      "q": [
        0.250062248028391,
        -0.157586194020066,
        -0.627999578334536,
        0.719897210146631
      ]
    },
    "connecting_link_1": {
      "p": [
        -0.166188694906123,
        0.0186924508879516,
        0.0781004126070971
      ],
      "q": [
        0.17867809001826,
        -0.344735762504252,
        0.785177964699076,
        0.482417825073925
      ]
    },
    "connecting_link_2": {
      "p": [
        -0.102248004735987,
        -0.0265222359734994,
        0.0617535403500716
      ],
      "q": [
        0.263335530518829,
        -0.383315211790864,
        -0.238911635923546,
        0.852434793398549
      ]
    },
    "connecting_link_3": {
      "p": [
        -0.201850274836634,
        -0.0177561367858671,
        0.0394254572296987
      ],
      "q": [
        0.298520334057144,
        -0.422160028801877,
        0.855086169667154,
        -0.0386544005304122
      ]
    }
  },
  "contacts": [
    {
      "f": [
        -0.177944415083132,
        -1.60193598582117,
        2.01473599291264
      ],
      "link": "arm_motor_0",
      "p": [
        -0.149866167652526,
        -0.138145788782944,
        -0.00302947198582527
      ]
    }
  ],
  "idx": 1951,
  "state": [
    -0.15204913978631,
    -0.0221391863796832,
    0.0505894987898852,
    0.885844246798673,
    0.33898271928971,
    -0.00587891277364529,
    -0.316758780180195,
    0.0886983658400118,
    0.0315478393456669,
    -0.0872416499269411,
    -0.60655641017725,
    1.52838458409142,
    -1.31270150483771,
    0.95787169490967,
    0.124859352477861,
    -0.239484250098787,
    0.0976690951340669,
    0.983086760257827,
    0.0602203921181502,
    -0.0925644252708957,
    0.146101859513062,
    0.923586509455925,
    -0.0676656600600996,
    -0.331455262260917,
    -0.180407114935079,
    0.896173363980539,
    -0.149864509339125,
    -0.388519162491879,
    -0.153188742761852,
    -1.52938741874202,
    -1.62343686311489,
    -1.1927116555097,
    -0.188202795624179,
    -0.0952393775322819,
    -0.356140729495181,
    0.756756165635661,
    0.23605672887157,
    0.278983015592207,
    -0.582442990640294,
    0.402623149520259,
    -0.445371923888279
  ],
  "t": 1.9519999999998,
  "thrust": [
    0.0,
    0.0,
    0.0,
    0.0
  ]
}