{
  "T_W_L": {
    "arm_motor_0": {
      "p": [
        -0.187233428320703,
        -0.0844237690408606,
        0.139910420064472
      ],
      "q": [
        0.387498861181857,
        0.0209613963426771,
        -0.0533724268330934,
        0.920085124594499
      ]
    },
    "arm_motor_1": {
      "p": [
        -0.26216172012986,
        0.0998218210476475,
        0.019074197996448
      ],
      "q": [
        0.821306389933365,
        -0.0882222271653771,
        -0.419720298661802,
        -0.376174857453088
      ]
    },
    "arm_motor_2": {
      "p": [
        -0.193167229527899,
        0.0249933898013188,
        0.180413796690636
      ],
      "q": [
        0.0050251770290858,
        -0.0784991253071498,
        0.042215836111041,
        0.996007258057533
      ]
    },
    "arm_motor_3": {
      "p": [
        -0.288604228192925,
        -0.0266104324015375,
        0.0060336109993083
      ],
      "q": [
        0.788329106742814,
        0.095441952959474,
        -0.601753241447132,
        0.0855633653220111
      ]
    },
    "base_link": {
      "p": [
        -0.202792651661404,
        0.00851573174432134,
        0.0677968556850285
      ],
      "q": [
        0.117972259859445,
        -0.509711228961641,
        -0.115509813299402,
        0.844354482433538
      ]
    },
    "connecting_link_0": {
      "p": [
        -0.187038060329604,
        -0.0343526712419911,
        0.0909936847220135
      ],
      "q": [
        0.236263067501692,
        -0.635776485372594,
        -0.311743077385819,
        0.665420376366686
      ]
    },
    "connecting_link_1": {
      "p": [
        -0.218547242993203,
        0.0513841347306337,
        0.0446000266480435
      ],
      "q": [
        -0.283964248368322,
        -0.203613257536943,
        0.877538387139129,
        0.32837832769698
      ]
    },
    "connecting_link_2": {
      "p": [
        -0.182250931616891,
        0.0261580524617137,
        0.111280027801579
      ],
      "q": [
        0.0334044407415065,
        -0.759790750105399,
        0.0262977672336476,
        0.648776222461603
      ]
    },
    "connecting_link_3": {
      "p": [
        -0.223334371705916,
        -0.00912658897307097,
        0.0243136835684782
      ],
      "q": [
        -0.131929059556325,
        -0.0069852163069956,
        0.98293665481283,
        -0.127990087987668
      ]
    }
  },
  "contacts": [
    {
      "f": [
        0.962591540773156,
        0.103969193308417,
        1.21023762357158
      ],
      "link": "arm_motor_1",
      "p": [
        -0.277045188844704,
        0.0811471837508964,
        -0.00142047524714316
      ]
    },
    {
      "f": [
        -0.919611192657922,
        -0.20153420840015,
        1.17679436315436
      ],
      "link": "arm_motor_3",
      "p": [
        -0.284593733522705,
        -0.0112546976326711,
        -0.00106967994791197
      ]
    }
  ],
  "idx": 1390,
  "state": [
    -0.202792651661404,
    0.00851573174432134,
    0.0677968556850285,
    0.844354482433538,
    0.117972259859445,
    -0.509711228961641,
    -0.115509813299402,
    0.104953878513439,
    -0.0520636696137288,
    -0.165187575537481,
    0.206446249197555,
    1.01662638100727,
    -0.760301256846997,
    0.966194887894925,
    0.11209075781353,
    -0.177771601471519,
    0.149333044999271,
    0.969721570458771,
    0.134734902011178,
    -0.152339845328711,
    0.135200419719161,
    0.929688728990718,
    -0.0674777745865869,
    -0.300970652461753,
    -0.201351144722876,
    0.905399759605108,
    -0.127855523564373,
    -0.385977711680111,
    -0.122169744565826,
    0.261126245937096,
    -0.492388655690231,
    0.446555009794612,
    0.162295541253169,
    -0.532537068871631,
    0.205117908955879,
    -0.291567393887098,
    -0.76704170747268,
    -0.00191682840162719,
    0.169830657805383,
    -1.58263172654483,
    -0.425263852899713
  ],
  "t": 1.39099999999986,
  "thrust": [
    0.0,
    0.0,
    0.0,
    0.0
  ]
}