{
  "T_W_L": {
    "arm_motor_0": {
      "p": [
        -0.133241619203551,
        -0.115784226195619,
        0.0518239778902957
      ],
      "q": [
        -0.409544451985009,
        -0.495593585094389,
        0.680183809009337,
        -0.352150999179527
      ]
    },
    "arm_motor_1": {
      "p": [
        -0.0851688167396028,
        0.112897235206727,
        0.0869692465643647
      ],
      "q": [
        -0.199192783822316,
        0.514459371915967,
        0.725448891389719,
        0.411555215617994
      ]
    },
    "arm_motor_2": {
      "p": [
        -0.0103230591468444,
        -0.0546856803860012,
        0.0102075601823171
      ],
      "q": [
        0.280033751445211,
        0.705934568364679,
        -0.14697069678874,
        0.633748449721755
      ]
    },
    "arm_motor_3": {
      "p": [
        -0.150491567885068,
        0.0266330340847686,
        0.147373637756718
      ],
      "q": [
        -0.0632343729219008,
        0.0522011200575148,
        0.88260761163636,
        0.4629041596567
      ]
    },
    "base_link": {
      "p": [
        -0.106627994680066,
        0.000385143225715052,
        0.0496346231425528
      ],
      "q": [
        -0.00141478690001388,
        0.295507195484669,
        -0.491444758346167,
        0.819240834729868
      ]
    },
    "connecting_link_0": {
      "p": [
        -0.118675777125091,
        -0.0483999553389128,
        0.0396915302536732
      ],
      "q": [
        -0.19137092460787,
        0.101429225211333,
        -0.770554242999726,
        0.599445944254257
      ]
    },
    "connecting_link_1": {
      "p": [
        -0.0945802122350407,
        0.0491702417903429,
        0.0595777160314324
      ],
      "q": [
        0.372119262301747,
        0.0727642267305772,
        0.653820398710119,
        0.654791194322927
      ]
    },
    "connecting_link_2": {
      "p": [
        -0.0671950047293026,
        -0.0153145092112833,
        0.0209543125288157
      ],
      "q": [
        0.0940897882729869,
        0.0510432939999484,
        -0.301937740943047,
        0.947298946729378
      ]
    },
    "connecting_link_3": {
      "p": [
        -0.14606098463083,
        0.0160847956627134,
        0.0783149337562899
      ],
      "q": [
        0.579384373417778,
        -0.290410904354511,
        0.668811281212088,
        0.364234436310915
      ]
    }
  },
  "contacts": [
    {
      "f": [
        -0.252230635466654,
        -0.296301667846867,
        0.486400959594981
      ],
      "link": "base_link",
      "p": [
        -0.0935583194968387,
        -0.00089305463761297,
        0.000657790689166091
      ]
    },
    {
      "f": [
        -0.626835571450019,
        -0.780791930775486,
        1.25159827370795
      ],
      "link": "base_link",
      "p": [
        -0.0922650346830682,
        -0.00489245506706809,
        -0.00125200439548171
      ]
    },
    {
      "f": [
        -0.288428641570478,
        -0.371469260459913,
        0.587872877341514
      ],
      "link": "base_link",
      "p": [
        -0.094246492722037,
        -0.00183197723974725,
        0.000290459613266486
      ]
    },
    {
      "f": [
        0.0491155215117491,
        -0.150298601144053,
        0.197650274946172
      ],
      "link": "arm_motor_2",
      "p": [
        -0.023443777834287,
        -0.0608477585220917,
        0.000604699450107656
      ]
    }
  ],
  "idx": 2536,
  "state": [
    -0.106627994680066,
    0.000385143225715052,
    0.0496346231425528,
    0.819240834729868,
    -0.00141478690001388,
    0.295507195484669,
    -0.491444758346167,
    0.0395547612653768,
    0.0632269418830436,
    0.00209278200753591,
    -0.938953090977315,
    -0.518321676426178,
    -0.93881126098404,
    0.981935688489707,
    0.0918208212387642,
    -0.164377910865237,
    -0.0187388067086619,
    0.984198715010273,
    0.0738033177591553,
    -0.0525719493347537,
    0.152125441011727,
    0.962058280012573,
    0.0584456705383807,
    -0.231432752364744,
    -0.132162213160374,
    0.874130887716004,
    -0.217883759261643,
    -0.364628185688244,
    -0.235516761171141,
    -0.174785931253461,
    0.655203153534241,
    -0.25002954743415,
    0.38269555847605,
    0.236559490399857,
    0.212834128425072,
    -0.212338279911886,
    0.133542548521407,
    -0.225962915843864,
    0.0898439257577927,
    -0.152431305633763,
    -0.0212328458859414
  ],
  "t": 2.53700000000093,
  "thrust": [
    0.0,
    0.0,
    0.0,
    0.0
  ]
}