{
  "T_W_L": {
    "arm_motor_0": {
      "p": [
        -0.203134924440962,
        -0.087285965827986,
        0.0149399025490147
      ],
      "q": [
        0.750094856362427,
        0.225819559335957,
        -0.510561274507309,
        0.354528444632326
      ]
    },
    "arm_motor_1": {
      "p": [
        -0.0875899669360747,
        0.118015252619148,
        0.0642725696960045
      ],
      "q": [
        -0.353225767017843,
        0.489525196707134,
        0.339113324481985,
        0.721525323507272
      ]
    },
    "arm_motor_2": {
      "p": [
        -0.0529450456773608,
        -0.06923999751986,
        0.0520925837743267
      ],
      "q": [
        0.379782601053201,
        0.570615717116624,
        -0.162738804106778,
        0.709703431691465
      ]
    },
    "arm_motor_3": {
      "p": [
        -0.220844728849527,
        0.0981659050600488,
        0.0445217022025863
      ],
      "q": [
        -0.590197904729771,
        0.18860214917218,
        0.639606879646752,
        0.454971100278653
      ]
    },
    "base_link": {
      "p": [
        -0.140498239001746,
        0.01258976164149,
        0.0380690450556686
      ],
      "q": [
        0.095903813294796,
        -0.0952830361541905,
        -0.608616485657747,
        0.781862887597544
      ]
    },
    "connecting_link_0": {
      "p": [
        -0.160727534419204,
        -0.0339145099593286,
        0.0308490499178224
      ],
      "q": [
        -0.169375820051656,
        0.0910109255920243,
        0.891418498882386,
        -0.410368009054051
      ]
    },
    "connecting_link_1": {
      "p": [
        -0.120268943584289,
        0.0590940332423086,
        0.0452890401935148
      ],
      "q": [
        -0.00997900381621054,
        -0.164048862896516,
        0.489557666480062,
        0.856342035203103
      ]
    },
    "connecting_link_2": {
      "p": [
        -0.100987804959192,
        -0.0185047906657439,
        0.0478697806699822
      ],
      "q": [
        0.153473140635292,
        -0.0983498661556095,
        -0.383620564527475,
        0.905322352205188
      ]
    },
    "connecting_link_3": {
      "p": [
        -0.1800086730443,
        0.0436843139487239,
        0.028268309441355
      ],
      "q": [
        0.034937421215274,
        -0.188351291624935,
        0.869603302568299,
        0.455075008876946
      ]
    }
  },
  "contacts": [
    {
      "f": [
        0.484657858783189,
        0.0178344622571907,
        0.606232355573531
      ],
      "link": "base_link",
      "p": [
        -0.145910994140918,
        -0.0208058231230107,
        2.80176218515893e-05
      ]
    },
    {
      "f": [
        -0.198015381131586,
        -0.100337892706013,
        0.277482499102902
      ],
      "link": "base_link",
      "p": [
        -0.14524945463281,
        -0.0248708469687599,
        0.000661826199185644
      ]
    },
    {
      "f": [
        -0.192277649531736,
        -0.0719261458953569,
        0.25661274621502
      ],
      "link": "base_link",
      "p": [
        -0.144141237122899,
        -0.0247940208209499,
        0.000758667893406506
      ]
    },
    {
      "f": [
        0.723067972544236,
        0.850409366483004,
        1.39531771892711
      ],
      "link": "base_link",
      "p": [
        -0.161362037200082,
        0.0412669967482848,
        -0.00144926311976741
      ]
    }
  ],
  "idx": 3799,
  "state": [
    -0.140498239001746,
    0.01258976164149,
    0.0380690450556686,
    0.781862887597544,
    0.095903813294796,
    -0.0952830361541905,
    -0.608616485657747,
    0.0188886275681094,
    0.00516000937441782,
    -0.00964117596000353,
    -0.506639244061801,
    -0.0146054364609069,
    0.00716316485828041,
    0.994657144610016,
    0.0642253811326031,
    0.0109489567534152,
    -0.0800773715891922,
    0.998371998654412,
    0.0162939300684099,
    -0.0544716978610142,
    -0.00454909637830427,
    0.98600650830318,
    0.0774269060606374,
    0.0393464355364082,
    -0.142295810944058,
    0.955877647713124,
    -0.0686287169663084,
    -0.16766462512374,
    -0.231250070901826,
    0.117762045505002,
    0.428133091311423,
    0.0332877481760461,
    -0.182373635062507,
    0.334487871147891,
    -0.201515462547995,
    0.148799715176203,
    0.392765339404305,
    0.241880369580271,
    -0.348750820845041,
    0.66039916876755,
    -0.225968702044191
  ],
  "t": 3.80000000000359,
  "thrust": [
    0.0,
    0.0,
    0.0,
    0.0
  ]
}