{
  "T_W_L": {
    "arm_motor_0": {
      "p": [
        -0.192183606472682,
        -0.0816247194869779,
        0.147340708597457
      ],
      "q": [
        0.382979839896522,
        0.0158592024177513,
        -0.0519359887668181,
        0.922159195042982
      ]
    },
    "arm_motor_1": {
      "p": [
        -0.262556856082815,
        0.10101468387653,
        0.0194788388075612
      ],
      "q": [
        0.83474834309829,
        -0.0943459811400107,
        -0.396480296252845,
        -0.370266679868232
      ]
    },
    "arm_motor_2": {
      "p": [
        -0.19782457616655,
        0.0300329875291392,
        0.185749800165643
      ],
      "q": [
        -0.0112451299080144,
        -0.0782511334214806,
        0.0454822675902722,
        0.995832149765437
      ]
    },
    "arm_motor_3": {
      "p": [
        -0.289075225745764,
        -0.0270957075494108,
        0.00631164228577015
      ],
      "q": [
        0.810848218856484,
        0.0927752949258555,
        -0.569405941102287,
        0.09846209862737
      ]
    },
    "base_link": {
      "p": [
        -0.206279663562765,
        0.0102204178858443,
        0.0730939459796863
      ],
      "q": [
        0.106224551714757,
        -0.523346191538664,
        -0.109200306684938,
        0.838391556156723
      ]
    },
    "connecting_link_0": {
      "p": [
        -0.191446404646873,
        -0.0320658332940379,
        0.0979102186870456
      ],
      "q": [
        0.234083352003923,
        -0.640850870574619,
        -0.307531931693214,
        0.663279169722223
      ]
    },
    "connecting_link_1": {
      "p": [
        -0.221112922478657,
        0.0525066690657265,
        0.0482776732723269
      ],
      "q": [
        -0.309902307901798,
        -0.195105397140456,
        0.870610120076274,
        0.328530763224055
      ]
    },
    "connecting_link_2": {
      "p": [
        -0.186843473387154,
        0.0289634963229752,
        0.116624757161619
      ],
      "q": [
        0.024209312223542,
        -0.75949157310058,
        0.0401123274501033,
        0.648827758944856
      ]
    },
    "connecting_link_3": {
      "p": [
        -0.225715853738376,
        -0.00852266055128652,
        0.0295631347977539
      ],
      "q": [
        -0.170725471865119,
        0.00402117746061769,
        0.975987076267789,
        -0.135225257797926
      ]
    }
  },
  "contacts": [
    {
      "f": [
        -0.698365483677796,
        0.473561259312342,
        1.05473235283443
      ],
      "link": "arm_motor_1",
      "p": [
        -0.276920732355514,
        0.0820385892471756,
        -0.00110946470566885
      ]
    },
    {
      "f": [
        -0.0634747025631697,
        0.185494995250078,
        0.245068329528691
      ],
      "link": "arm_motor_3",
      "p": [
        -0.300065303175016,
        0.00167207750899977,
        0.000509863340942617
      ]
    },
    {
      "f": [
        -0.65080206968292,
        0.521720876477984,
        1.04263488849804
      ],
      "link": "arm_motor_3",
      "p": [
        -0.28468682347706,
        -0.0117824032085042,
        -0.000658582657752201
      ]
    }
  ],
  "idx": 1355,
  "state": [
    -0.206279663562765,
    0.0102204178858443,
    0.0730939459796863,
    0.838391556156723,
    0.106224551714757,
    -0.523346191538664,
    -0.109200306684938,
    0.0936089992639894,
    -0.0456487865279806,
    -0.135985966719473,
    0.296303626914807,
    0.712527603959668,
    -0.640629480588026,
    0.96939461283772,
    0.107670929758893,
    -0.168919120494172,
    0.141941488711152,
    0.971984145563267,
    0.13163134657133,
    -0.14270844689578,
    0.132492673601444,
    0.934122856147838,
    -0.0599923739651519,
    -0.289352788833014,
    -0.200225793250491,
    0.916399631288694,
    -0.129730266856625,
    -0.359271764766916,
    -0.119605905692488,
    0.268305572582289,
    -0.528854535347552,
    0.448011211021781,
    0.11923148060183,
    -0.585675226500638,
    0.226695343322244,
    -0.307931124698277,
    -0.782005364042042,
    -0.0517435027037483,
    0.127921243266993,
    -1.60581668549637,
    -0.467765768847594
  ],
  "t": 1.35599999999987,
  "thrust": [
    0.0,
    0.0,
    0.0,
    0.0
  ]
}