{
  "T_W_L": {
    "arm_motor_0": {
      "p": [
        -1.98728261211125e-17,
        -0.0814974745618855,
        0.212404301895771
      ],
      "q": [
        -4.8925325333467e-17,
        0.923879532979703,
        -0.382683431234233,
        -7.21023577093781e-17
      ]
    },
    "arm_motor_1": {
      "p": [
        1.98728261211125e-17,
        0.0814974745618855,
        0.391399251504234
      ],
      "q": [
        1.28690197602601e-16,
        0.382683431234233,
        0.923879532979703,
        -2.55326405871884e-17
      ]
    },
    "arm_motor_2": {
      "p": [
        -1.98726955755326e-17,
        0.0814974745618855,
        0.212404301895771
      ],
      "q": [
        5.14695293335466e-17,
        0.923879532979703,
        0.382683431234233,
        -7.31558224710765e-17
      ]
    },
    "arm_motor_3": {
      "p": [
        1.98726955755326e-17,
        -0.0814974745618855,
        0.391399251504234
      ],
      "q": [
        1.28678710232101e-16,
        -0.382683431234233,
        0.923879532979703,
        2.55058226975352e-17
      ]
    },
    "base_link": {
      "p": [
        1.43319313913658e-35,
        2.66942629437971e-20,
        0.301901776700003
      ],
      "q": [
        -1.23161135614817e-19,
        0.707106781186548,
        -1.24061810173707e-19,
        0.707106781186548
      ]
    },
    "connecting_link_0": {
      "p": [
        -8.8818249568789e-18,
        -0.032,
        0.261901776700002
      ],
      "q": [
        -0.270598049273462,
        0.653281482769409,
        -0.270598049273462,
        0.653281482769408
      ]
    },
    "connecting_link_1": {
      "p": [
        8.8818249568789e-18,
        0.032,
        0.341901776700003
      ],
      "q": [
        0.653281482769408,
        0.270598049273462,
        0.653281482769408,
        0.270598049273462
      ]
    },
    "connecting_link_2": {
      "p": [
        -8.8817434371236e-18,
        0.032,
        0.261901776700002
      ],
      "q": [
        0.270598049273462,
        0.653281482769409,
        0.270598049273462,
        0.653281482769408
      ]
    },
    "connecting_link_3": {
      "p": [
        8.8817434371236e-18,
        -0.032,
        0.341901776700003
      ],
      "q": [
        0.653281482769408,
        -0.270598049273462,
        0.653281482769408,
        -0.270598049273462
      ]
    }
  },
  "contacts": [],
  "idx": 200,
  "state": [
    1.43319313913658e-35,
    2.66942629437971e-20,
    0.301901776700003,
    0.707106781186548,
    -1.23161135614817e-19,
    0.707106781186548,
    -1.24061810173707e-19,
    1.10237362887732e-34,
    2.35065209943745e-19,
    -1.97112659999995,
    2.14383855074001e-20,
    -1.59027868197525e-19,
    -7.74601480369165e-18,
    1.0,
    5.71068803645778e-18,
    2.07770944610423e-21,
    -9.61486512209088e-21,
    1.0,
    -5.66748195851907e-18,
    -2.07770944610212e-21,
    9.42370805639587e-21,
    1.0,
    -2.95790719792908e-18,
    2.62819954090641e-21,
    6.35847645408207e-21,
    1.0,
    5.69755515880721e-18,
    -2.62819954090437e-21,
    -9.08398675818832e-21,
    8.6649702507114e-17,
    4.33489489818233e-20,
    -2.81240267689569e-19,
    -8.68332526030422e-17,
    -4.33489489817917e-20,
    2.76475387349591e-19,
    -3.88381506558805e-17,
    5.92703128092878e-20,
    1.65035808115202e-19,
    8.66933892792783e-17,
    -5.92703128092573e-20,
    -2.65867340630417e-19
  ],
  "t": 0.200999999999994,
  "thrust": [
    0.0,
    0.0,
    0.0,
    0.0
  ]
}