{
  "T_W_L": {
    "arm_motor_0": {
      "p": [
        -0.121225770931111,
        -0.132569817585248,
        0.0228876039999848
      ],
      "q": [
        0.618069706327546,
        0.363615966997086,
        -0.173748257029419,
        0.674970228857684
      ]
    },
    "arm_motor_1": {
      "p": [
        -0.212865581059572,
        0.0650993614262064,
        0.10821970697065
      ],
      "q": [
        -0.486118347014193,
        0.0797555469386665,
        0.65802774126158,
        0.569497583101883
      ]
    },
    "arm_motor_2": {
      "p": [
        -0.0734325524641686,
        -0.0685714012013313,
        0.108695043540413
      ],
      "q": [
        0.332046006128806,
        0.283176549972643,
        0.00326228973595379,
        0.899747658416058
      ]
    },
    "arm_motor_3": {
      "p": [
        -0.265719938550248,
        -0.0425111431635246,
        0.0594733437197081
      ],
      "q": [
        -0.442977259440845,
        -0.324814398368959,
        0.806307669160076,
        0.219396209821719
      ]
    },
    "base_link": {
      "p": [
        -0.157496461608197,
        -0.0231630086950447,
        0.0485365664387611
      ],
      "q": [
        0.333267551312015,
        -0.0632673209184921,
        -0.297622365980473,
        0.892384957635703
      ]
    },
    "connecting_link_0": {
      "p": [
        -0.140551569487964,
        -0.065319936757928,
        0.0248793466668911
      ],
      "q": [
        0.31418270982534,
        -0.220160709912961,
        -0.559899851355031,
        0.734391341935648
      ]
    },
    "connecting_link_1": {
      "p": [
        -0.174441353728429,
        0.0189939193678387,
        0.0721937862106311
      ],
      "q": [
        0.121558298421999,
        -0.346299914803118,
        0.809033457687861,
        0.459091290958264
      ]
    },
    "connecting_link_2": {
      "p": [
        -0.109254445988912,
        -0.0268746674445611,
        0.0653571347500827
      ],
      "q": [
        0.237098769794077,
        -0.435981611864045,
        -0.2324851954051,
        0.836453729381379
      ]
    },
    "connecting_link_3": {
      "p": [
        -0.205738477227481,
        -0.0194513499455282,
        0.0317159981274395
      ],
      "q": [
        0.256913396523755,
        -0.384815011445284,
        0.883377844647863,
        -0.0745419159821554
      ]
    }
  },
  "contacts": [
    {
      "f": [
        0.272094961413984,
        0.795981632256731,
        1.05150370520401
      ],
      "link": "arm_motor_0",
      "p": [
        -0.160865501597865,
        -0.13333199477771,
        -0.00110300741040802
      ]
    },
    {
      "f": [
        -0.827572401391363,
        -0.249033763827579,
        1.0802877908447
      ],
      "link": "arm_motor_0",
      "p": [
        -0.139248530550515,
        -0.141451995949887,
        -0.0011605755816894
      ]
    }
  ],
  "idx": 1894,
  "state": [
    -0.157496461608197,
    -0.0231630086950447,
    0.0485365664387611,
    0.892384957635703,
    0.333267551312015,
    -0.0632673209184921,
    -0.297622365980473,
    0.100817173220987,
    0.00465864101506604,
    0.160025393310061,
    -0.111129686152843,
    1.73685495240645,
    -1.42153088965645,
    0.956123949951455,
    0.153749490942231,
    -0.19943769154929,
    0.149708695651667,
    0.981290438544135,
    0.0658419016540263,
    -0.0914967137420434,
    0.156084177874786,
    0.917768450832186,
    -0.0870564835300389,
    -0.335262375417428,
    -0.194219924214631,
    0.895262989438043,
    -0.141445501399618,
    -0.400915588031573,
    -0.133281811022988,
    -1.63057102691869,
    -1.41023185937058,
    -1.53987636576757,
    -0.302505034621171,
    0.134940068561329,
    -0.262159265911065,
    0.748439681160153,
    0.328119371756591,
    0.217745966089819,
    -0.590808620165063,
    0.533515103409648,
    -0.372394370465383
  ],
  "t": 1.89499999999981,
  "thrust": [
    0.0,
    0.0,
    0.0,
    0.0
  ]
}