{
  "T_W_L": {
    "arm_motor_0": {
      "p": [
        -0.195899143728905,
        -0.0816943648262752,
        0.0106559364817364
      ],
      "q": [
        0.777478294722418,
        0.25719553539096,
        -0.4965406717667,
        0.287793882999539
      ]
    },
    "arm_motor_1": {
      "p": [
        -0.076448297325297,
        0.115891287036742,
        0.00693929798217418
      ],
      "q": [
        -0.413166190639091,
        0.724515349325961,
        0.269090986479083,
        0.481623554759916
      ]
    },
    "arm_motor_2": {
      "p": [
        -0.0476920677332451,
        -0.0662884070498673,
        0.00962967460974989
      ],
      "q": [
        0.409880011300019,
        0.716983638883341,
        -0.189076609315157,
        0.53120887955698
      ]
    },
    "arm_motor_3": {
      "p": [
        -0.206713517951384,
        0.10476012368749,
        0.0228970566400569
      ],
      "q": [
        0.688168826635879,
        -0.322418656674622,
        -0.535275098680768,
        -0.368714584207113
      ]
    },
    "base_link": {
      "p": [
        -0.130975105236451,
        0.0141241906307347,
        0.0344351756599514
      ],
      "q": [
        0.000509391147209485,
        -0.00666958145712139,
        -0.614518876989988,
        0.788873758612118
      ]
    },
    "connecting_link_0": {
      "p": [
        -0.152214902719379,
        -0.0324897490436524,
        0.0345430223882695
      ],
      "q": [
        -0.198652898282418,
        0.0216362990871293,
        0.900867450564732,
        -0.385365713418835
      ]
    },
    "connecting_link_1": {
      "p": [
        -0.109735307753523,
        0.0607381303051217,
        0.0343273289316333
      ],
      "q": [
        -0.101876553862378,
        0.17175043503222,
        0.482428676453452,
        0.852868998132034
      ]
    },
    "connecting_link_2": {
      "p": [
        -0.0901637771125388,
        -0.0168268638796686,
        0.035119077302308
      ],
      "q": [
        0.156131582852555,
        0.131362592092968,
        -0.423526288073569,
        0.882605394015466
      ]
    },
    "connecting_link_3": {
      "p": [
        -0.171786433360363,
        0.0450752451411379,
        0.0337512740175947
      ],
      "q": [
        -0.10811219183795,
        -0.0327361642995457,
        0.865105495992889,
        0.488705001330911
      ]
    }
  },
  "contacts": [
    {
      "f": [
        0.276806829347133,
        -0.105441857652578,
        0.370261744661883
      ],
      "link": "base_link",
      "p": [
        -0.119445581746494,
        0.0516107173713384,
        0.0004039169738475
      ]
    },
    {
      "f": [
        0.34873185801315,
        -0.0355748258901795,
        0.438177113573988
      ],
      "link": "base_link",
      "p": [
        -0.115350687949666,
        0.0484524049480261,
        0.000275310249875406
      ]
    },
    {
      "f": [
        0.205070039450301,
        -0.100332828946952,
        0.285373652112034
      ],
      "link": "base_link",
      "p": [
        -0.145793257940786,
        -0.0207606633973854,
        0.000447647387837175
      ]
    },
    {
      "f": [
        -0.0602360106184466,
        -0.089440441543128,
        0.13479132922929
      ],
      "link": "base_link",
      "p": [
        -0.100741430288891,
        -0.00937529606173463,
        0.000867889313633192
      ]
    },
    {
      "f": [
        -0.0257847963147012,
        -0.0551044207495792,
        0.0760484313934351
      ],
      "link": "base_link",
      "p": [
        -0.143881833719977,
        -0.0247282529578437,
        0.000867529666392655
      ]
    },
    {
      "f": [
        -0.0775427675946958,
        -0.13244331024937,
        0.191841858848211
      ],
      "link": "base_link",
      "p": [
        -0.119945509325256,
        0.0520144238854151,
        0.000759890352746331
      ]
    },
    {
      "f": [
        -0.0841484668672382,
        -0.108840598001127,
        0.171970383757229
      ],
      "link": "base_link",
      "p": [
        -0.11617888754821,
        0.0525012103100847,
        0.000809189698005558
      ]
    },
    {
      "f": [
        0.228243550732497,
        -0.120657601763423,
        0.322716437338665
      ],
      "link": "base_link",
      "p": [
        -0.161325963758301,
        0.041309326250524,
        0.000388555299036163
      ]
    },
    {
      "f": [
        0.115391941634993,
        0.105187015405762,
        0.195174634959733
      ],
      "link": "arm_motor_0",
      "p": [
        -0.218661773615149,
        -0.0626427842815945,
        0.000609650730080534
      ]
    },
    {
      "f": [
        -0.054811617573451,
        0.288227440606687,
        0.366741076364894
      ],
      "link": "arm_motor_2",
      "p": [
        -0.0697863388287109,
        -0.0864833782937549,
        0.000354211321529768
      ]
    }
  ],
  "idx": 4676,
  "state": [
    -0.130975105236451,
    0.0141241906307347,
    0.0344351756599514,
    0.788873758612118,
    0.000509391147209485,
    -0.00666958145712139,
    -0.614518876989988,
    0.000818872659824785,
    0.000294612887247534,
    -0.000842904081463858,
    -0.0256237202759809,
    -0.00238488708448054,
    0.000243344494053064,
    0.974390196033197,
    0.11034182182597,
    0.161649828950783,
    -0.11071477331728,
    0.979924284125918,
    0.00273844714940091,
    0.199351130485925,
    -0.000158308245351822,
    0.96225867504708,
    0.114731348127089,
    0.174632495926175,
    -0.174351516827853,
    0.964496037385318,
    -0.0589935448969831,
    0.0889994635427033,
    -0.241549686436596,
    -0.00730567186637185,
    0.0763400340768993,
    -0.183893962069796,
    0.00197992652747142,
    0.517934975969629,
    -0.0206006920847185,
    -0.00654586983358683,
    0.0635515148499969,
    -0.17366621889477,
    -0.112705996738544,
    0.589329379438254,
    -0.0187768196518844
  ],
  "t": 4.67700000000244,
  "thrust": [
    0.0,
    0.0,
    0.0,
    0.0
  ]
}