{
  "T_W_L": {
    "arm_motor_0": {
      "p": [
        -0.128180777325467,
        -0.131302676400445,
        0.0148285352398977
      ],
      "q": [
        0.616744987755822,
        0.404446605468707,
        -0.292024339142637,
        0.608909146549153
      ]
    },
    "arm_motor_1": {
      "p": [
        -0.195628480801471,
        0.0630420596329499,
        0.121862258621828
      ],
      "q": [
        -0.414915256474475,
        0.103389981075986,
        0.687365373612222,
        0.587098530841935
      ]
    },
    "arm_motor_2": {
      "p": [
        -0.0580034036019102,
        -0.0686905790172469,
        0.0943818036818472
      ],
      "q": [
        0.358970830548674,
        0.343485026177578,
        0.0198554570674717,
        0.867619582784774
      ]
    },
    "arm_motor_3": {
      "p": [
        -0.25737952772969,
        -0.0391962253494236,
        0.0745264905384698
      ],
      "q": [
        -0.380801789505858,
        -0.323756959761509,
        0.818687546901188,
        0.282705020585125
      ]
    },
    "base_link": {
      "p": [
        -0.150821418155555,
        -0.0216012123397222,
        0.0492210885696112
      ],
      "q": [
        0.338185749934,
        0.00803394407473981,
        -0.321269116383054,
        0.884506647313989
      ]
    },
    "connecting_link_0": {
      "p": [
        -0.137444113910308,
        -0.0621916880465768,
        0.02098173636349
      ],
      "q": [
        0.229612172625677,
        -0.144576849296617,
        -0.642596953584234,
        0.716550724006222
      ]
    },
    "connecting_link_1": {
      "p": [
        -0.164198722400801,
        0.0189892633671324,
        0.0774604407757324
      ],
      "q": [
        0.19265132536317,
        -0.342033595657413,
        0.779430108304884,
        0.48824910910857
      ]
    },
    "connecting_link_2": {
      "p": [
        -0.100723264704632,
        -0.026042369211373,
        0.0589396865368695
      ],
      "q": [
        0.267870636865102,
        -0.370619099231152,
        -0.239790780193167,
        0.856380281723561
      ]
    },
    "connecting_link_3": {
      "p": [
        -0.200919571606477,
        -0.0171600554680714,
        0.0395024906023529
      ],
      "q": [
        0.309631988439245,
        -0.428833378834927,
        0.848167043734375,
        -0.0290281045724788
      ]
    }
  },
  "contacts": [
    {
      "f": [
        -0.255890154327871,
        -1.95395709636054,
        2.46330193334947
      ],
      "link": "arm_motor_0",
      "p": [
        -0.152583541710354,
        -0.137199942331401,
        -0.00392660386669893
      ]
    },
    {
      "f": [
        -0.212517209756853,
        -0.554440246372836,
        0.742217487542408
      ],
      "link": "arm_motor_0",
      "p": [
        -0.136552640064868,
        -0.125381089836271,
        0.000786237461110968
      ]
    }
  ],
  "idx": 1965,
  "state": [
    -0.150821418155555,
    -0.0216012123397222,
    0.0492210885696112,
    0.884506647313989,
    0.338185749934,
    0.00803394407473981,
    -0.321269116383054,
    0.087057719515634,
    0.0465714829208231,
    -0.0979565151467565,
    -0.737675438229017,
    1.47994328090924,
    -1.29727648315954,
    0.956945954499187,
    0.117509169383334,
    -0.251349797355991,
    0.0852602759060858,
    0.983467831305388,
    0.0592591332202915,
    -0.0933324404515817,
    0.143416998562964,
    0.924841090579176,
    -0.0630696787097591,
    -0.330773329458576,
    -0.176862029058407,
    0.896120725864473,
    -0.151988568717169,
    -0.385853044360914,
    -0.158065011349293,
    -1.64835049419273,
    -1.97930765673719,
    -1.26567059783352,
    -0.196134177851575,
    -0.114453330216333,
    -0.378151524020827,
    0.789303639356556,
    0.234638850454602,
    0.302686726467701,
    -0.631945117918415,
    0.393621338339778,
    -0.458355186289925
  ],
  "t": 1.9659999999998,
  "thrust": [
    0.0,
    0.0,
    0.0,
    0.0
  ]
}