{
  "T_W_L": {
    "arm_motor_0": {
      "p": [
        -0.191988299324126,
        -0.0852053795045349,
        0.0246780095151584
      ],
      "q": [
        0.722814801277225,
        0.283003095971385,
        -0.547851094375721,
        0.311941002621491
      ]
    },
    "arm_motor_1": {
      "p": [
        -0.07167607685812,
        0.119714275419394,
        0.0172594433146192
      ],
      "q": [
        -0.367615680113069,
        0.692149595629786,
        0.321743424110472,
        0.531289768437336
      ]
    },
    "arm_motor_2": {
      "p": [
        -0.0424054756418027,
        -0.0641319688414975,
        0.00842255038643229
      ],
      "q": [
        0.37501029616325,
        0.733421366987664,
        -0.192252735783497,
        0.533384722129589
      ]
    },
    "arm_motor_3": {
      "p": [
        -0.203909748401651,
        0.105537717197833,
        0.0462442880773184
      ],
      "q": [
        -0.589012098226668,
        0.316804800359152,
        0.636706176441221,
        0.38380295920383
      ]
    },
    "base_link": {
      "p": [
        -0.127753950312226,
        0.0146304349017024,
        0.0361422302338094
      ],
      "q": [
        -0.035292264647259,
        0.0261749871360869,
        -0.614258026113035,
        0.787880957670771
      ]
    },
    "connecting_link_0": {
      "p": [
        -0.14890825386695,
        -0.0319327013521752,
        0.0390352880136337
      ],
      "q": [
        -0.123718023611589,
        0.0204621900256329,
        0.898496471438676,
        -0.420689006541941
      ]
    },
    "connecting_link_1": {
      "p": [
        -0.106599646757501,
        0.06119357115558,
        0.0332491724539851
      ],
      "q": [
        -0.0324365832877621,
        0.113745074628277,
        0.48745049726915,
        0.86510227070242
      ]
    },
    "connecting_link_2": {
      "p": [
        -0.0870793351728383,
        -0.0163881850754666,
        0.0334180977159826
      ],
      "q": [
        0.129229110257633,
        0.14144726806495,
        -0.401115536605986,
        0.895767176063219
      ]
    },
    "connecting_link_3": {
      "p": [
        -0.168428565451613,
        0.0456490548788714,
        0.0388663627516363
      ],
      "q": [
        0.0337248061279516,
        -0.0473748524460851,
        0.866713703841939,
        0.495404497738899
      ]
    }
  },
  "contacts": [
    {
      "f": [
        0.27890936821124,
        -0.0958094870405761,
        0.368633230416281
      ],
      "link": "base_link",
      "p": [
        -0.119516374877407,
        0.0515427950424552,
        0.000562514291505639
      ]
    },
    {
      "f": [
        0.198378048131552,
        -0.016151024805744,
        0.248793041448234
      ],
      "link": "base_link",
      "p": [
        -0.100122514668777,
        -0.00855334333941679,
        0.000502413917103532
      ]
    },
    {
      "f": [
        0.128320538512848,
        0.44706351862284,
        0.581393732615403
      ],
      "link": "base_link",
      "p": [
        -0.115454099504909,
        0.0483745462303521,
        9.37387347543228e-05
      ]
    },
    {
      "f": [
        0.076680241940216,
        -0.0600579848750091,
        0.121750391755382
      ],
      "link": "base_link",
      "p": [
        -0.0994378559698723,
        -0.0131120481770489,
        0.000756499216489237
      ]
    },
    {
      "f": [
        0.173822196256996,
        0.258972368402232,
        0.389873464062915
      ],
      "link": "base_link",
      "p": [
        -0.100882889786473,
        -0.00946565090696623,
        0.00022025307187417
      ]
    },
    {
      "f": [
        0.0870515137165277,
        -0.108143060053026,
        0.173533531873036
      ],
      "link": "base_link",
      "p": [
        -0.119979745606674,
        0.051953170987594,
        0.000958118551985424
      ]
    },
    {
      "f": [
        0.228428597888515,
        -0.131604730020178,
        0.329534305158898
      ],
      "link": "base_link",
      "p": [
        -0.116225462827893,
        0.0524330627636994,
        0.00063890739902462
      ]
    },
    {
      "f": [
        -0.0370513590011117,
        0.164064259456761,
        0.21024496291129
      ],
      "link": "arm_motor_2",
      "p": [
        -0.0634767254408292,
        -0.0859612392956347,
        0.00057951007417742
      ]
    },
    {
      "f": [
        0.067052780361299,
        0.0112741408736231,
        0.0849924776691563
      ],
      "link": "arm_motor_2",
      "p": [
        -0.0579013097229065,
        -0.0662701768031712,
        0.000830015044661687
      ]
    }
  ],
  "idx": 4282,
  "state": [
    -0.127753950312226,
    0.0146304349017024,
    0.0361422302338094,
    0.787880957670771,
    -0.035292264647259,
    0.0261749871360869,
    -0.614258026113035,
    -0.00114713500950027,
    0.00342976828342341,
    0.000291694392136107,
    0.00708163586258992,
    -0.100528986678741,
    -0.00891240166319075,
    0.982642913360106,
    0.106278987693481,
    0.131232123210422,
    -0.0767841874066371,
    0.996519251437676,
    -0.00214236503011364,
    0.0831631540618919,
    -0.00535551983011399,
    0.971705054354826,
    0.122172349818888,
    0.145884684881407,
    -0.139931636873397,
    0.966596522159851,
    -0.0748994234313665,
    -0.0236031575098101,
    -0.24397567639766,
    0.0978910080428393,
    0.375122808527043,
    -0.221638934516656,
    -0.00936420633133944,
    0.728256871163108,
    0.234422995199903,
    -0.0118951886172579,
    0.117217525682454,
    -0.403628964632571,
    -0.0128999735798509,
    0.420684244993653,
    0.242345302634788
  ],
  "t": 4.28300000000336,
  "thrust": [
    0.0,
    0.0,
    0.0,
    0.0
  ]
}