{
  "T_W_L": {
    "arm_motor_0": {
      "p": [
        -0.133406965247492,
        -0.12655969162969,
        0.0263099013063361
      ],
      "q": [
        -0.486734995799136,
        -0.493687699694312,
        0.561456454395043,
        -0.451805432518358
      ]
    },
    "arm_motor_1": {
      "p": [
        -0.117849013377064,
        0.0871680816270221,
        0.115789179757978
      ],
      "q": [
        -0.248034078316998,
        0.341809065330873,
        0.734554745562114,
        0.531107319308679
      ]
    },
    "arm_motor_2": {
      "p": [
        -0.0142117801039377,
        -0.0546974568163273,
        0.0350465860464858
      ],
      "q": [
        0.332462535592317,
        0.592088891167188,
        -0.00909160167086497,
        0.7340413817783
      ]
    },
    "arm_motor_3": {
      "p": [
        -0.196242583232687,
        -0.00849801936519785,
        0.129261693199102
      ],
      "q": [
        -0.157831121786559,
        -0.119768345681435,
        0.874553839787659,
        0.442606441074901
      ]
    },
    "base_link": {
      "p": [
        -0.122065896990548,
        -0.0116959617302935,
        0.0471790394801351
      ],
      "q": [
        0.162473868722394,
        0.21776427493202,
        -0.427863180102068,
        0.862040638055223
      ]
    },
    "connecting_link_0": {
      "p": [
        -0.126374804408014,
        -0.0569665791250174,
        0.0235992914414426
      ],
      "q": [
        -0.0528360500733151,
        0.0296152351315838,
        -0.741183282414065,
        0.668564605352888
      ]
    },
    "connecting_link_1": {
      "p": [
        -0.117756989573081,
        0.0335746556644305,
        0.0707587875188276
      ],
      "q": [
        0.344022062996425,
        -0.13385407905448,
        0.694795220483034,
        0.617245094987471
      ]
    },
    "connecting_link_2": {
      "p": [
        -0.0746350984248771,
        -0.019778055464816,
        0.0296006690127346
      ],
      "q": [
        0.228657780214486,
        -0.100375568717437,
        -0.241515246601117,
        0.937715708736521
      ]
    },
    "connecting_link_3": {
      "p": [
        -0.169496695556218,
        -0.00361386799577093,
        0.0647574099475356
      ],
      "q": [
        0.506799494129032,
        -0.397659025283744,
        0.730006407124143,
        0.228281006478069
      ]
    }
  },
  "contacts": [
    {
      "f": [
        -0.14338350497404,
        -0.0767425840235645,
        0.20328648850381
      ],
      "link": "base_link",
      "p": [
        -0.132790008372397,
        -0.0292018725961299,
        0.000593427022992379
      ]
    },
    {
      "f": [
        0.793898542705501,
        -0.225074658351428,
        1.03148368408534
      ],
      "link": "base_link",
      "p": [
        -0.130587989822361,
        -0.0323307278974947,
        -0.00105737445157094
      ]
    },
    {
      "f": [
        0.470457508307653,
        0.864879161011348,
        1.23069227868069
      ],
      "link": "base_link",
      "p": [
        -0.129658626706313,
        -0.0317393754989731,
        -0.00123061751576647
      ]
    }
  ],
  "idx": 2292,
  "state": [
    -0.122065896990548,
    -0.0116959617302935,
    0.0471790394801351,
    0.862040638055223,
    0.162473868722394,
    0.21776427493202,
    -0.427863180102068,
    0.0932660077601099,
    0.04226391172563,
    -0.0346135944299321,
    -1.60941823370599,
    0.310301366780155,
    -1.25932262741173,
    0.964756108407107,
    0.0956548797902488,
    -0.245144437535689,
    2.96615713041132e-06,
    0.986743034319995,
    0.0486236825537701,
    -0.0905280115130062,
    0.125612900799958,
    0.955576210286916,
    0.0407848061553507,
    -0.2681541617699,
    -0.115343189855529,
    0.879133291758041,
    -0.209988334602798,
    -0.357846810120964,
    -0.234467940537008,
    0.0209084127293192,
    0.774249109194157,
    0.0845701107724361,
    -0.0951402717241527,
    0.225101568090465,
    -0.0643785440996255,
    0.362789700739378,
    0.447093952234779,
    0.211035965452798,
    -0.509241791996458,
    0.0767794386977093,
    -0.0456183027304821
  ],
  "t": 2.29300000000041,
  "thrust": [
    0.0,
    0.0,
    0.0,
    0.0
  ]
}