{
  "T_W_L": {
    "arm_motor_0": {
      "p": [
        -0.13486886757156,
        -0.127736292307808,
        0.0244995816849632
      ],
      "q": [
        -0.510375097867531,
        -0.47667398604273,
        0.534238933197233,
        -0.476327547768473
      ]
    },
    "arm_motor_1": {
      "p": [
        -0.130958056244971,
        0.0811032398580083,
        0.122468459901423
      ],
      "q": [
        -0.268973925112563,
        0.293039624393516,
        0.735394353065819,
        0.548612751969687
      ]
    },
    "arm_motor_2": {
      "p": [
        -0.0189653652469896,
        -0.056553280257847,
        0.0464652942448431
      ],
      "q": [
        0.34367054372827,
        0.55124748023876,
        0.009552068980408,
        0.76021413488709
      ]
    },
    "arm_motor_3": {
      "p": [
        -0.209014890523963,
        -0.0155673484867035,
        0.123077690735046
      ],
      "q": [
        -0.19074449237172,
        -0.162184275483835,
        0.871219951830526,
        0.422242341491297
      ]
    },
    "base_link": {
      "p": [
        -0.127128246959923,
        -0.0138874345019357,
        0.0486984224275748
      ],
      "q": [
        0.201942784628562,
        0.185673808365367,
        -0.409308257703375,
        0.870178774045536
      ]
    },
    "connecting_link_0": {
      "p": [
        -0.12848356599738,
        -0.0580493994244138,
        0.0227776978140051
      ],
      "q": [
        -0.0168742797867513,
        0.000244968852990152,
        -0.738653665088509,
        0.673873847039082
      ]
    },
    "connecting_link_1": {
      "p": [
        -0.125772927922466,
        0.0302745304205425,
        0.0746191470411445
      ],
      "q": [
        0.329809047489679,
        -0.180717491598165,
        0.710195620308591,
        0.595138102728193
      ]
    },
    "connecting_link_2": {
      "p": [
        -0.078094209992397,
        -0.0207136090996407,
        0.0355429460382925
      ],
      "q": [
        0.249766104714735,
        -0.147761738543701,
        -0.236257439213919,
        0.927343401321351
      ]
    },
    "connecting_link_3": {
      "p": [
        -0.176162283927449,
        -0.00706125990423064,
        0.0618538988168571
      ],
      "q": [
        0.481168811814354,
        -0.413252023969029,
        0.750922259874412,
        0.183888821976135
      ]
    }
  },
  "contacts": [
    {
      "f": [
        -0.16413879198756,
        -0.0876218238686479,
        0.232577698889277
      ],
      "link": "base_link",
      "p": [
        -0.132983760621294,
        -0.0293038380709468,
        0.000534844602221446
      ]
    },
    {
      "f": [
        0.183183339431497,
        -0.83068959406325,
        1.06330949863669
      ],
      "link": "base_link",
      "p": [
        -0.130587863704953,
        -0.0323324671808062,
        -0.0010306746027645
      ]
    },
    {
      "f": [
        0.0032578052887942,
        0.953372542987661,
        1.19172263644512
      ],
      "link": "base_link",
      "p": [
        -0.129654097550906,
        -0.0317253110759915,
        -0.0010842362862864
      ]
    }
  ],
  "idx": 2236,
  "state": [
    -0.127128246959923,
    -0.0138874345019357,
    0.0486984224275748,
    0.870178774045536,
    0.201942784628562,
    0.185673808365367,
    -0.409308257703375,
    0.0878737953655668,
    0.0360905455929696,
    -0.0204211858751599,
    -1.42937087524844,
    0.372977559533413,
    -1.13065960045321,
    0.959610412181459,
    0.0948515194668254,
    -0.264841901182157,
    -0.00313264520563601,
    0.98588730712479,
    0.0515227117058985,
    -0.0965456336454283,
    0.126690838077202,
    0.951868332655635,
    0.029953223215699,
    -0.278937089230786,
    -0.123464901724449,
    0.881439194975685,
    -0.199112807060742,
    -0.362700495007349,
    -0.227744125163377,
    0.0478498151942324,
    0.690374641746573,
    -0.0191103633818869,
    -0.0659350694032431,
    0.224131980446958,
    -0.023431565294583,
    0.431125561328914,
    0.472596143939693,
    0.13694093883933,
    -0.463106193554011,
    0.0875832272556404,
    -0.0660317839522349
  ],
  "t": 2.2370000000003,
  "thrust": [
    0.0,
    0.0,
    0.0,
    0.0
  ]
}