{
  "T_W_L": {
    "arm_motor_0": {
      "p": [
        -0.199879145030098,
        -0.0867611497596215,
        0.0359346774600363
      ],
      "q": [
        0.650640701445861,
        0.251995891438994,
        -0.629375319593865,
        0.34212783488928
      ]
    },
    "arm_motor_1": {
      "p": [
        -0.0805891346014103,
        0.119841153530901,
        0.0536782432968846
      ],
      "q": [
        -0.317648721660062,
        0.522877000206644,
        0.425413334420788,
        0.666875121128099
      ]
    },
    "arm_motor_2": {
      "p": [
        -0.0535186118265024,
        -0.0769822140106845,
        0.040314170282867
      ],
      "q": [
        0.363944537635692,
        0.581693574128105,
        -0.29857885117566,
        0.663345783866783
      ]
    },
    "arm_motor_3": {
      "p": [
        -0.210274123950816,
        0.0878806041256471,
        0.0741169629717345
      ],
      "q": [
        -0.424405999021165,
        0.181438365081702,
        0.797296007890391,
        0.388945681906063
      ]
    },
    "base_link": {
      "p": [
        -0.132553688737996,
        0.0128252006769326,
        0.035086002736283
      ],
      "q": [
        0.0125046705103916,
        -0.0111138040519171,
        -0.621584564532061,
        0.783168401884556
      ]
    },
    "connecting_link_0": {
      "p": [
        -0.154619610335703,
        -0.0333928292734034,
        0.0340916126952495
      ],
      "q": [
        -0.0150368957120678,
        0.0637329084152194,
        0.905108008504612,
        -0.420108915750543
      ]
    },
    "connecting_link_1": {
      "p": [
        -0.11048776714029,
        0.0590432306272686,
        0.0360803927773164
      ],
      "q": [
        0.0762010884550519,
        -0.101822047781682,
        0.525424218697187,
        0.841281792926877
      ]
    },
    "connecting_link_2": {
      "p": [
        -0.0923263091410923,
        -0.0188678676924864,
        0.0362293959748171
      ],
      "q": [
        0.0462205201528024,
        -0.0577368312050856,
        -0.468474780923199,
        0.88037577288233
      ]
    },
    "connecting_link_3": {
      "p": [
        -0.1727810683349,
        0.0445182690463515,
        0.0339426094977488
      ],
      "q": [
        0.263673053908141,
        -0.146729830872331,
        0.863873773676375,
        0.403322427505675
      ]
    }
  },
  "contacts": [
    {
      "f": [
        -0.53445922897285,
        -0.0541909191870826,
        0.671499398683408
      ],
      "link": "base_link",
      "p": [
        -0.147242972080101,
        -0.0213275819534074,
        0.000308205772126376
      ]
    },
    {
      "f": [
        0.283865762589923,
        0.025664944951479,
        0.356279517571266
      ],
      "link": "base_link",
      "p": [
        -0.146513442163976,
        -0.0253898678631569,
        0.000882127359915108
      ]
    },
    {
      "f": [
        0.276129330838005,
        0.0231265945097351,
        0.346370120686181
      ],
      "link": "base_link",
      "p": [
        -0.145412364673388,
        -0.025334468234806,
        0.000714837608590882
      ]
    },
    {
      "f": [
        0.660490157219518,
        -0.638878666331101,
        1.14864947742778
      ],
      "link": "base_link",
      "p": [
        -0.161659950257872,
        0.041009350579675,
        0.00076606969036383
      ]
    }
  ],
  "idx": 3400,
  "state": [
    -0.132553688737996,
    0.0128252006769326,
    0.035086002736283,
    0.783168401884556,
    0.0125046705103916,
    -0.0111138040519171,
    -0.621584564532061,
    -0.0580955642319493,
    -0.00567897020007968,
    0.0239482954991009,
    1.6842422417251,
    -0.223668455612167,
    0.00276591989590313,
    0.995668521353232,
    0.0514016924061733,
    -0.0298149163456125,
    -0.0715061701348526,
    0.991640412276399,
    0.0300616875294041,
    -0.115582924544599,
    0.0488484926778352,
    0.976246524986846,
    0.0468113914081119,
    -0.0329863815315388,
    -0.208957686431967,
    0.938388108832624,
    -0.0562971172432388,
    -0.303847988878057,
    -0.154708730996002,
    0.00526573323599936,
    0.909746537483158,
    0.00102279486290445,
    0.0922396151397766,
    0.289829190918515,
    -0.0657761357078513,
    -0.0645133816468408,
    0.70892860120242,
    0.272826408709938,
    -0.126544004709585,
    0.412563121035451,
    -0.25587284107081
  ],
  "t": 3.40100000000275,
  "thrust": [
    0.0,
    0.0,
    0.0,
    0.0
  ]
}