{
  "T_W_L": {
    "arm_motor_0": {
      "p": [
        -0.199099509933906,
        -0.0874423370543143,
        0.0167538758824376
      ],
      "q": [
        0.74203924070361,
        0.245094093729828,
        -0.514550964242164,
        0.352907857198198
      ]
    },
    "arm_motor_1": {
      "p": [
        -0.079464898852712,
        0.118677325745703,
        0.0519339352309413
      ],
      "q": [
        -0.349537386924634,
        0.544347627795316,
        0.326864661851879,
        0.688962094812165
      ]
    },
    "arm_motor_2": {
      "p": [
        -0.0463966613214008,
        -0.0662282441837555,
        0.0411007097857346
      ],
      "q": [
        0.364588279377935,
        0.617675938590263,
        -0.163269295681907,
        0.677417861083104
      ]
    },
    "arm_motor_3": {
      "p": [
        -0.214046969898249,
        0.102342472027624,
        0.0432026301752334
      ],
      "q": [
        -0.590076631185961,
        0.234533522670713,
        0.626858174978248,
        0.451500193283274
      ]
    },
    "base_link": {
      "p": [
        -0.136864550468661,
        0.0134642150393678,
        0.0363867907555702
      ],
      "q": [
        0.0572289909356858,
        -0.065275718917001,
        -0.612301704985266,
        0.785843842750255
      ]
    },
    "connecting_link_0": {
      "p": [
        -0.157754517380784,
        -0.0331244537629739,
        0.0322509448159706
      ],
      "q": [
        -0.160858502926329,
        0.0762358432537267,
        0.88854345508975,
        -0.422851234663993
      ]
    },
    "connecting_link_1": {
      "p": [
        -0.115974583556538,
        0.0600528838417095,
        0.0405226366951699
      ],
      "q": [
        -0.0160320376469237,
        -0.102257870285292,
        0.478288475498347,
        0.87208166815905
      ]
    },
    "connecting_link_2": {
      "p": [
        -0.096642471141817,
        -0.0175325862853907,
        0.0431234547859722
      ],
      "q": [
        0.142354018553045,
        -0.0422439185158089,
        -0.373251670825501,
        0.91576960802169
      ]
    },
    "connecting_link_3": {
      "p": [
        -0.177086629795505,
        0.0444610163641263,
        0.0296501267251682
      ],
      "q": [
        0.0260084790380365,
        -0.15341860408161,
        0.860502853700649,
        0.485099092673669
      ]
    }
  },
  "contacts": [
    {
      "f": [
        0.48140932452641,
        0.0513125274821427,
        0.6051703185075
      ],
      "link": "base_link",
      "p": [
        -0.14592711916273,
        -0.0208094910778684,
        -0.000149022987038547
      ]
    },
    {
      "f": [
        -0.198512852793254,
        -0.0590327438934616,
        0.258880454963371
      ],
      "link": "base_link",
      "p": [
        -0.145213762404392,
        -0.0248606366913164,
        0.000516640632197099
      ]
    },
    {
      "f": [
        -0.250113536143393,
        -0.0575861029086708,
        0.320821553326282
      ],
      "link": "base_link",
      "p": [
        -0.144101255442075,
        -0.0247855942121892,
        0.000505527346274508
      ]
    },
    {
      "f": [
        0.557658644981074,
        -0.909462948927461,
        1.33352564877023
      ],
      "link": "base_link",
      "p": [
        -0.161362813174962,
        0.0412667581977353,
        -0.00164257011179333
      ]
    }
  ],
  "idx": 3930,
  "state": [
    -0.136864550468661,
    0.0134642150393678,
    0.0363867907555702,
    0.785843842750255,
    0.0572289909356858,
    -0.065275718917001,
    -0.612301704985266,
    0.0371970267655396,
    0.008597032981375,
    -0.0179476186632546,
    -1.026549380508,
    0.00745922516817807,
    0.00643910261333004,
    0.993224225416748,
    0.0781019893231788,
    0.0489504055796638,
    -0.0707783519350985,
    0.999345841746575,
    0.00655799704317466,
    -0.031190888658876,
    -0.0170882919942781,
    0.985794229817734,
    0.0916743301307414,
    0.0620220914045541,
    -0.12632819887478,
    0.957052461131437,
    -0.0765625707572775,
    -0.122836425596912,
    -0.25119707790472,
    0.190553058678401,
    0.717815322026416,
    0.153912653126473,
    -0.140929214727831,
    0.343505658470267,
    -0.192095299386109,
    0.149275782139535,
    0.381985463808574,
    0.22992239715824,
    -0.308797171139687,
    0.64498789960139,
    -0.238766965343572
  ],
  "t": 3.93100000000387,
  "thrust": [
    0.0,
    0.0,
    0.0,
    0.0
  ]
}