{
  "T_W_L": {
    "arm_motor_0": {
      "p": [
        -0.154717743634649,
        -0.102546106671746,
        0.102627712441913
      ],
      "q": [
        0.43364494472833,
        0.118646063230521,
        -0.0796614214929955,
        0.889679285763796
      ]
    },
    "arm_motor_1": {
      "p": [
        -0.256041820448612,
        0.0930957861974483,
        0.0374519858639124
      ],
      "q": [
        0.716510119807163,
        -0.0861969719752213,
        -0.549670597948424,
        -0.420767826701675
      ]
    },
    "arm_motor_2": {
      "p": [
        -0.152559820304302,
        -0.00435324765176218,
        0.158232442680893
      ],
      "q": [
        0.0957784439811977,
        0.00601519176019438,
        0.0183751293308587,
        0.995214882203187
      ]
    },
    "arm_motor_3": {
      "p": [
        -0.28446432506727,
        -0.0272233537414963,
        0.0224577867903776
      ],
      "q": [
        -0.636523885658465,
        -0.135992366274234,
        0.759114455203513,
        -0.00941611397857477
      ]
    },
    "base_link": {
      "p": [
        -0.185320339747067,
        -0.00147771381783432,
        0.0506457538849745
      ],
      "q": [
        0.177526570379191,
        -0.37863623952527,
        -0.171839554264852,
        0.891958565471301
      ]
    },
    "connecting_link_0": {
      "p": [
        -0.164659447724912,
        -0.0472102052463997,
        0.0609251881391085
      ],
      "q": [
        0.250304149708011,
        -0.545202820173395,
        -0.362962412381325,
        0.712993691916174
      ]
    },
    "connecting_link_1": {
      "p": [
        -0.205981231769221,
        0.0442547776107311,
        0.0403663196308404
      ],
      "q": [
        -0.117973357276235,
        -0.236577320164454,
        0.895324971732625,
        0.358478246967306
      ]
    },
    "connecting_link_2": {
      "p": [
        -0.153644309255906,
        0.00897609675673103,
        0.0895217996817652
      ],
      "q": [
        0.0807187657856308,
        -0.699469809059874,
        -0.0547324086755708,
        0.707976574827415
      ]
    },
    "connecting_link_3": {
      "p": [
        -0.216996370238227,
        -0.0119315243923997,
        0.0117697080881838
      ],
      "q": [
        0.0866846230348247,
        -0.0895029263354398,
        0.986865334907447,
        -0.102819322428791
      ]
    }
  },
  "contacts": [
    {
      "f": [
        0.105061405497295,
        -2.00025706500082,
        2.50376785596815
      ],
      "link": "base_link",
      "p": [
        -0.186939474609757,
        -0.000442974842085434,
        -0.00241728680464758
      ]
    }
  ],
  "idx": 1568,
  "state": [
    -0.185320339747067,
    -0.00147771381783432,
    0.0506457538849745,
    0.891958565471301,
    0.177526570379191,
    -0.37863623952527,
    -0.171839554264852,
    0.0843374910569089,
    -0.0575234313544723,
    -0.0195976878694649,
    0.0150197727284357,
    1.58644274949146,
    -1.08837612621228,
    0.953183237073804,
    0.139897732735437,
    -0.199398128034402,
    0.179194663629707,
    0.964536047582601,
    0.139227591000538,
    -0.170486479640897,
    0.145671723672016,
    0.913727455528436,
    -0.0922806579777693,
    -0.34242992669231,
    -0.198313293760702,
    0.86240582726555,
    -0.119557050264523,
    -0.475021751315614,
    -0.12773659071509,
    0.383504025653237,
    0.0456718437720112,
    0.00961390997734196,
    -0.205124772321414,
    0.276892207276848,
    0.108716536071292,
    -0.0403075856428829,
    -0.0998945512290261,
    0.00974263076634885,
    -0.0278217027157633,
    -0.0278185604235077,
    -0.0477479849082255
  ],
  "t": 1.56899999999984,
  "thrust": [
    0.0,
    0.0,
    0.0,
    0.0
  ]
}