{
  "T_W_L": {
    "arm_motor_0": {
      "p": [
        -0.0539225714790321,
        -0.0731979715677976,
        0.0216214977483838
      ],
      "q": [
        0.107548107997391,
        0.853332095357266,
        -0.391632465832775,
        0.326927746153641
      ]
    },
    "arm_motor_1": {
      "p": [
        -0.145444319766534,
        0.10108341439034,
        0.160591317992722
      ],
      "q": [
        -0.159253487915177,
        0.384909428631267,
        0.907612417550648,
        0.0521800521796399
      ]
    },
    "arm_motor_2": {
      "p": [
        -0.0289050298792049,
        0.0691365337287658,
        0.0152976771697464
      ],
      "q": [
        -0.0385414789458102,
        0.857678397260743,
        0.204034177039038,
        0.470395977738878
      ]
    },
    "arm_motor_3": {
      "p": [
        -0.151250866479626,
        -0.0509740720424758,
        0.176423372936537
      ],
      "q": [
        -0.162460605538872,
        -0.286098086908369,
        0.94397340797585,
        -0.0258581002738907
      ]
    },
    "base_link": {
      "p": [
        -0.107551638740561,
        0.014761342071641,
        0.0850345520219658
      ],
      "q": [
        -0.0357126736711173,
        0.474044084505781,
        -0.0441261291308111,
        0.878669275445698
      ]
    },
    "connecting_link_0": {
      "p": [
        -0.0870827765885387,
        -0.021488549715641,
        0.0551854142184736
      ],
      "q": [
        -0.200877975854425,
        0.372224084967974,
        -0.352973968791902,
        0.834569737494523
      ]
    },
    "connecting_link_1": {
      "p": [
        -0.128020500892583,
        0.0510112338589229,
        0.114883689825458
      ],
      "q": [
        0.529169673906749,
        0.235275198388917,
        0.754388116371611,
        0.309068935866699
      ]
    },
    "connecting_link_2": {
      "p": [
        -0.0842868863849016,
        0.0420989689617595,
        0.0484913521915387
      ],
      "q": [
        0.117021009058579,
        0.273850025078245,
        0.171526891297661,
        0.939090396482318
      ]
    },
    "connecting_link_3": {
      "p": [
        -0.13081639109622,
        -0.0125762848184776,
        0.121577751852393
      ],
      "q": [
        0.55261300218729,
        -0.184017459285136,
        0.782366993891708,
        -0.220586335389676
      ]
    }
  },
  "contacts": [
    {
      "f": [
        -0.973722718985474,
        1.11553036041985,
        1.85090514955137
      ],
      "link": "arm_motor_0",
      "p": [
        -0.0406444404403609,
        -0.0553913454595378,
        -0.000669905376431232
      ]
    }
  ],
  "idx": 598,
  "state": [
    -0.107551638740561,
    0.014761342071641,
    0.0850345520219658,
    0.878669275445698,
    -0.0357126736711173,
    0.474044084505781,
    -0.0441261291308111,
    -0.353331390095176,
    0.0318748975170871,
    -0.321702012638439,
    0.110894961796771,
    -3.24660780341111,
    -0.210465465776558,
    0.997476945665898,
    0.0286854058616252,
    -0.0582780243541843,
    0.0286454574576377,
    0.991153448467676,
    0.0936481963872807,
    -0.0781164519144749,
    0.0523705723124907,
    0.969925990870084,
    -0.0389503202289174,
    -0.206307202285057,
    -0.123141313433243,
    0.990390132371693,
    -0.100041459924973,
    -0.082960666774958,
    -0.0472929145339502,
    0.326416552016163,
    -1.10526666032291,
    0.328042377712781,
    0.288405708541041,
    -0.536769042583926,
    0.356025572527186,
    -0.121616655342806,
    -0.759821978212053,
    -0.241457404546761,
    -0.308975087137428,
    -0.468439637301254,
    -0.444700682331329
  ],
  "t": 0.59899999999995,
  "thrust": [
    0.0,
    0.0,
    0.0,
    0.0
  ]
}