{
  "T_W_L": {
    "arm_motor_0": {
      "p": [
        -0.132242910400028,
        -0.125603742740617,
        0.0283969833688172
      ],
      "q": [
        -0.468941450816843,
        -0.504178608793203,
        0.580243672562652,
        -0.434988651107303
      ]
    },
    "arm_motor_1": {
      "p": [
        -0.109194694261285,
        0.0915392059022022,
        0.110410385217987
      ],
      "q": [
        -0.233410445976899,
        0.376945747717294,
        0.732750860106781,
        0.516243783497185
      ]
    },
    "arm_motor_2": {
      "p": [
        -0.0116433114221858,
        -0.0534677358099787,
        0.0275316893376618
      ],
      "q": [
        0.322738711211595,
        0.619524898519375,
        -0.0233765699640762,
        0.715179809821803
      ]
    },
    "arm_motor_3": {
      "p": [
        -0.186933316119625,
        -0.00305865959476487,
        0.133205529655726
      ],
      "q": [
        -0.135647566370396,
        -0.0875057734752968,
        0.875902868460213,
        0.454683013064542
      ]
    },
    "base_link": {
      "p": [
        -0.118673112337776,
        -0.0100444033293726,
        0.0463506323744519
      ],
      "q": [
        0.132854855318514,
        0.239163846583827,
        -0.439968317287366,
        0.855323401812933
      ]
    },
    "connecting_link_0": {
      "p": [
        -0.124852543264449,
        -0.0560894507980225,
        0.024771284909057
      ],
      "q": [
        -0.0787025557575904,
        0.0489246882697103,
        -0.741885915461685,
        0.664091538144037
      ]
    },
    "connecting_link_1": {
      "p": [
        -0.112493681411103,
        0.0360006441392774,
        0.0679299798398469
      ],
      "q": [
        0.353086992951738,
        -0.0984985857059275,
        0.683179211251822,
        0.631580374406591
      ]
    },
    "connecting_link_2": {
      "p": [
        -0.0726171159278146,
        -0.0191259349962151,
        0.0258476819216567
      ],
      "q": [
        0.211681000106646,
        -0.0676382364357445,
        -0.244740462391606,
        0.943778750149661
      ]
    },
    "connecting_link_3": {
      "p": [
        -0.164729108747737,
        -0.000962871662529991,
        0.0668535828272471
      ],
      "q": [
        0.523439543917005,
        -0.383385367645625,
        0.715274171980925,
        0.259633516010913
      ]
    }
  },
  "contacts": [
    {
      "f": [
        -0.880124735979589,
        0.183175660578369,
        1.12373044581949
      ],
      "link": "base_link",
      "p": [
        -0.0922843143113795,
        -0.00492619208373167,
        0.000513619184486558
      ]
    },
    {
      "f": [
        0.238266342658731,
        -0.510486363911046,
        0.704191888114366
      ],
      "link": "base_link",
      "p": [
        -0.130625005938283,
        -0.0323136179087539,
        -0.000408383776228732
      ]
    },
    {
      "f": [
        0.591805561818101,
        0.306772237102173,
        0.833238250419251
      ],
      "link": "base_link",
      "p": [
        -0.129706600728726,
        -0.0317362561187462,
        -0.000666476500838502
      ]
    }
  ],
  "idx": 2329,
  "state": [
    -0.118673112337776,
    -0.0100444033293726,
    0.0463506323744519,
    0.855323401812933,
    0.132854855318514,
    0.239163846583827,
    -0.439968317287366,
    0.0840361378832751,
    0.0453466210402273,
    0.0343422111220285,
    -1.69292934377462,
    0.227868007867367,
    -1.09827722354285,
    0.968197048613002,
    0.0960713443423424,
    -0.23098803860576,
    0.00304924160910577,
    0.98732805148657,
    0.0475065639298955,
    -0.0864393677759114,
    0.124316856579505,
    0.957914718598166,
    0.0476832605646881,
    -0.261072935538603,
    -0.109392051284237,
    0.877395640138485,
    -0.216981195054469,
    -0.354798532650374,
    -0.239194592095755,
    0.158695662734855,
    0.816083385251701,
    -0.0307247728513935,
    0.180968092252623,
    0.239693264016739,
    -0.0671226591544603,
    0.554109789666892,
    0.521203763276288,
    0.109919137007417,
    -0.328786324111017,
    0.0795592807580216,
    -0.185448694860194
  ],
  "t": 2.33000000000049,
  "thrust": [
    0.0,
    0.0,
    0.0,
    0.0
  ]
}