{
  "T_W_L": {
    "arm_motor_0": {
      "p": [
        -0.176763194162604,
        -0.0901011107867858,
        0.123972113472473
      ],
      "q": [
        0.397513549320405,
        0.0424612396119317,
        -0.0620048111469886,
        0.914513764047288
      ]
    },
    "arm_motor_1": {
      "p": [
        -0.261031163661732,
        0.0974101005834608,
        0.0187309749101086
      ],
      "q": [
        0.790077105010644,
        -0.0842034750634383,
        -0.467448761231199,
        -0.387530125988495
      ]
    },
    "arm_motor_2": {
      "p": [
        -0.181707281388668,
        0.0154611191643245,
        0.168753702472137
      ],
      "q": [
        0.0340239527760495,
        -0.0653735737948699,
        0.0338856809052705,
        0.996704784335044
      ]
    },
    "arm_motor_3": {
      "p": [
        -0.287595960477233,
        -0.0262489795226989,
        0.00599763528500693
      ],
      "q": [
        0.739187538340281,
        0.101913779860732,
        -0.662802299339791,
        0.0625178104768657
      ]
    },
    "base_link": {
      "p": [
        -0.196321790747838,
        0.00509823952491623,
        0.056730786699912
      ],
      "q": [
        0.138231280708326,
        -0.475035421591048,
        -0.131017334002592,
        0.859108793726618
      ]
    },
    "connecting_link_0": {
      "p": [
        -0.178748903133953,
        -0.038838092911905,
        0.0763469104992492
      ],
      "q": [
        0.237240503909764,
        -0.616634253579088,
        -0.324928548766218,
        0.676683514513455
      ]
    },
    "connecting_link_1": {
      "p": [
        -0.213894678361722,
        0.0490345719617375,
        0.0371146629005749
      ],
      "q": [
        -0.22813268968943,
        -0.214484331783712,
        0.889205067537094,
        0.333566028217371
      ]
    },
    "connecting_link_2": {
      "p": [
        -0.172746549333775,
        0.0205189082048424,
        0.099514089163988
      ],
      "q": [
        0.0480193624839558,
        -0.751002809185137,
        -9.77729774751998e-05,
        0.658550614503633
      ]
    },
    "connecting_link_3": {
      "p": [
        -0.2198970321619,
        -0.01032242915501,
        0.0139474842358361
      ],
      "q": [
        -0.0540125204798016,
        -0.0278571571027498,
        0.991356521378205,
        -0.116270692569004
      ]
    }
  },
  "contacts": [
    {
      "f": [
        0.764800660359008,
        -0.431053862822702,
        1.09738857829903
      ],
      "link": "arm_motor_1",
      "p": [
        -0.277426027425973,
        0.0793972108308255,
        -0.00119477715659806
      ]
    },
    {
      "f": [
        -1.73405959928185,
        1.18594360829112,
        2.62601912833025
      ],
      "link": "arm_motor_3",
      "p": [
        -0.257697313874941,
        -0.0188054414999466,
        0.000858265148557627
      ]
    },
    {
      "f": [
        0.730342495782502,
        -0.566290261113358,
        1.15520886976234
      ],
      "link": "arm_motor_3",
      "p": [
        -0.284461224816596,
        -0.0107859528655058,
        -0.00131041773952467
      ]
    }
  ],
  "idx": 1449,
  "state": [
    -0.196321790747838,
    0.00509823952491623,
    0.056730786699912,
    0.859108793726618,
    0.138231280708326,
    -0.475035421591048,
    -0.131017334002592,
    0.107235579361057,
    -0.058983889094691,
    -0.18541929122132,
    0.02130629654962,
    1.51282428218133,
    -1.0015786396697,
    0.960752993095504,
    0.118928385329948,
    -0.191180790766435,
    0.162048235605214,
    0.965668394366627,
    0.141853482753549,
    -0.166818321360918,
    0.139763332853771,
    0.922425466209796,
    -0.0799131956496699,
    -0.319845746826057,
    -0.20110653566202,
    0.885764899300191,
    -0.123078324704836,
    -0.429870777712815,
    -0.124432245114171,
    0.261167370337335,
    -0.420383946667394,
    0.464467319946704,
    0.222362733945028,
    -0.468155175793867,
    0.194169085617942,
    -0.258039601821802,
    -0.743861230435399,
    0.0831359307503997,
    0.269970004080217,
    -1.68378331404619,
    -0.394734807246067
  ],
  "t": 1.44999999999986,
  "thrust": [
    0.0,
    0.0,
    0.0,
    0.0
  ]
}