{
  "T_W_L": {
    "arm_motor_0": {
      "p": [
        -0.168622808147175,
        -0.0942170112738961,
        0.114936578020986
      ],
      "q": [
        0.405787150950629,
        0.0670436546273396,
        -0.0707234492109649,
        0.90875746501984
      ]
    },
    "arm_motor_1": {
      "p": [
        -0.259918081544624,
        0.0959338415177034,
        0.0234670812192211
      ],
      "q": [
        0.762050418723704,
        -0.0854063487443512,
        -0.503539406583334,
        -0.39803640654454
      ]
    },
    "arm_motor_2": {
      "p": [
        -0.171628120605296,
        0.00850796593343756,
        0.163098447972431
      ],
      "q": [
        0.0553305973640041,
        -0.0455904898263193,
        0.0267857286943065,
        0.997066977174078
      ]
    },
    "arm_motor_3": {
      "p": [
        -0.286938663969436,
        -0.026109435029212,
        0.0113383775142485
      ],
      "q": [
        -0.694707513696958,
        -0.109703656856032,
        0.709480826569405,
        -0.044536892749703
      ]
    },
    "base_link": {
      "p": [
        -0.192045457108756,
        0.00276062233081588,
        0.0522039500210698
      ],
      "q": [
        0.152088829302466,
        -0.441075707416281,
        -0.145511967483652,
        0.872437662900719
      ]
    },
    "connecting_link_0": {
      "p": [
        -0.173134693800148,
        -0.0419264987145102,
        0.0686187069113247
      ],
      "q": [
        0.236925815629583,
        -0.595181543146905,
        -0.336943876681535,
        0.689995588791946
      ]
    },
    "connecting_link_1": {
      "p": [
        -0.210956220417364,
        0.0474477433761419,
        0.035789193130815
      ],
      "q": [
        -0.182794889695853,
        -0.221062833873256,
        0.894907147675304,
        0.341845650580284
      ]
    },
    "connecting_link_2": {
      "p": [
        -0.165471662393962,
        0.0164024939665064,
        0.0938180434598477
      ],
      "q": [
        0.058065011001957,
        -0.73727016537077,
        -0.0201842702044226,
        0.672795476343157
      ]
    },
    "connecting_link_3": {
      "p": [
        -0.21861925182355,
        -0.0108812493048747,
        0.0105898565822919
      ],
      "q": [
        0.0104463097126973,
        -0.0460798608075697,
        0.992911097465429,
        -0.109064538560156
      ]
    }
  },
  "contacts": [
    {
      "f": [
        0.718146201089014,
        1.96023518213776,
        2.60955454035898
      ],
      "link": "base_link",
      "p": [
        -0.186939468907693,
        -0.000443056613132079,
        -0.000550612771116288
      ]
    }
  ],
  "idx": 1491,
  "state": [
    -0.192045457108756,
    0.00276062233081588,
    0.0522039500210698,
    0.872437662900719,
    0.152088829302466,
    -0.441075707416281,
    -0.145511967483652,
    0.0912505903499118,
    -0.0530260377518948,
    -0.0246330115234057,
    -0.0884889644066842,
    1.70449944402276,
    -1.04384161168577,
    0.956703097044456,
    0.125388119835637,
    -0.198840214267127,
    0.171637911604147,
    0.963799710898325,
    0.144728613622739,
    -0.173221498907729,
    0.14190862548593,
    0.917437351048227,
    -0.087372665309156,
    -0.333001311341964,
    -0.199461402037884,
    0.871186633051191,
    -0.12066269070748,
    -0.459128880226702,
    -0.125199987244153,
    0.432444257336106,
    -0.250735637329711,
    0.327472695766096,
    0.00928801204322185,
    -0.109079054233248,
    0.0939010194116474,
    -0.111027122132833,
    -0.565193363318164,
    0.0631847174603765,
    0.08994698220996,
    -1.04127375189804,
    -0.277304342659481
  ],
  "t": 1.49199999999985,
  "thrust": [
    0.0,
    0.0,
    0.0,
    0.0
  ]
}