{
  "T_W_L": {
    "arm_motor_0": {
      "p": [
        -0.201942573895597,
        -0.0884778176932169,
        0.0188943867856515
      ],
      "q": [
        0.727661377806442,
        0.250148431023805,
        -0.53393832578366,
        0.350491862907688
      ]
    },
    "arm_motor_1": {
      "p": [
        -0.0882647761526188,
        0.118670272266146,
        0.0635921987188116
      ],
      "q": [
        -0.343771787088861,
        0.482259283872992,
        0.393065114025308,
        0.703382369452286
      ]
    },
    "arm_motor_2": {
      "p": [
        -0.0579982011162596,
        -0.0762969644776935,
        0.0496966608384293
      ],
      "q": [
        0.389564774114321,
        0.555504278256026,
        -0.24235574981736,
        0.693482497355899
      ]
    },
    "arm_motor_3": {
      "p": [
        -0.220830885056172,
        0.0898019287537671,
        0.0611239252699034
      ],
      "q": [
        -0.504192059405919,
        0.160864256490555,
        0.739978319612275,
        0.415144727437978
      ]
    },
    "base_link": {
      "p": [
        -0.13833024212569,
        0.0121030911105676,
        0.0372405791264676
      ],
      "q": [
        0.0703992358293035,
        -0.0673990790497027,
        -0.618207986077964,
        0.779948842993776
      ]
    },
    "connecting_link_0": {
      "p": [
        -0.159823390746137,
        -0.0340733660067908,
        0.0317835313469292
      ],
      "q": [
        -0.136982883757464,
        0.0709535211326241,
        0.892085705551499,
        -0.42471682489284
      ]
    },
    "connecting_link_1": {
      "p": [
        -0.116837093505244,
        0.0582795482279261,
        0.042697626906006
      ],
      "q": [
        0.0348556457440071,
        -0.156357633290012,
        0.52102236940631,
        0.838375253123533
      ]
    },
    "connecting_link_2": {
      "p": [
        -0.0987128934904153,
        -0.0196269233131488,
        0.044145061133238
      ],
      "q": [
        0.104092499332236,
        -0.0975653343815633,
        -0.446835287643047,
        0.883167018647513
      ]
    },
    "connecting_link_3": {
      "p": [
        -0.177947590760965,
        0.0438331055342841,
        0.0303360971196972
      ],
      "q": [
        0.16672606350253,
        -0.179803445330232,
        0.879761311955202,
        0.407299858560238
      ]
    }
  },
  "contacts": [
    {
      "f": [
        -0.48766778286691,
        -0.177468838801328,
        0.648694669114228
      ],
      "link": "base_link",
      "p": [
        -0.147178532854387,
        -0.0213136777097067,
        -0.000132005490772871
      ]
    },
    {
      "f": [
        0.222365289308358,
        -0.163892517218691,
        0.345296700067196
      ],
      "link": "base_link",
      "p": [
        -0.146538597666446,
        -0.0253873568017502,
        0.000467484551080984
      ]
    },
    {
      "f": [
        0.171524948435431,
        -0.1354723872357,
        0.273214589537455
      ],
      "link": "base_link",
      "p": [
        -0.145425097048587,
        -0.0253290481364582,
        0.00047944672396516
      ]
    },
    {
      "f": [
        -0.849234023231275,
        -0.552093162384486,
        1.26614898792885
      ],
      "link": "base_link",
      "p": [
        -0.161659357408732,
        0.0410075265778152,
        -0.000702332729506948
      ]
    }
  ],
  "idx": 3516,
  "state": [
    -0.13833024212569,
    0.0121030911105676,
    0.0372405791264676,
    0.779948842993776,
    0.0703992358293035,
    -0.0673990790497027,
    -0.618207986077964,
    -0.044164615172251,
    -0.00590085300401505,
    0.0143611752114862,
    1.18588568361467,
    -0.102769749404358,
    0.0173668421831918,
    0.996290924056271,
    0.0579087739471732,
    0.0187555785845102,
    -0.060821022804598,
    0.994216868743966,
    0.0315781690856581,
    -0.095096994385191,
    0.038628989127912,
    0.979959745790318,
    0.0517122870042365,
    -0.00375244789057143,
    -0.19232954827118,
    0.945313838128838,
    -0.0557741453972453,
    -0.271108276880974,
    -0.172543601312715,
    0.09130062041778,
    0.779305290462199,
    0.155112359511901,
    -0.0191612624719487,
    0.400925757636112,
    -0.198044224436011,
    0.0346905310013765,
    0.467575475050729,
    0.215720496208371,
    -0.176968600650963,
    0.636690707226266,
    -0.197534624767114
  ],
  "t": 3.517000000003,
  "thrust": [
    0.0,
    0.0,
    0.0,
    0.0
  ]
}