{
  "T_W_L": {
    "arm_motor_0": {
      "p": [
        -0.202339926275476,
        -0.088500875438204,
        0.0126444396412907
      ],
      "q": [
        0.76084803270929,
        0.239900332466945,
        -0.487670846029413,
        0.354591663096596
      ]
    },
    "arm_motor_1": {
      "p": [
        -0.092698816569226,
        0.118121220726251,
        0.0698608107982837
      ],
      "q": [
        -0.358430922925384,
        0.462430682036423,
        0.36924505294499,
        0.722041015924884
      ]
    },
    "arm_motor_2": {
      "p": [
        -0.0603829105966553,
        -0.0753065299641866,
        0.0562389148977527
      ],
      "q": [
        0.403373398265254,
        0.540225122445339,
        -0.202598882683203,
        0.710211525805078
      ]
    },
    "arm_motor_3": {
      "p": [
        -0.225460511164788,
        0.0916178755017238,
        0.0535229293570118
      ],
      "q": [
        -0.553925932329843,
        0.150597426650478,
        0.696164365713498,
        0.431093554219373
      ]
    },
    "base_link": {
      "p": [
        -0.141609154410032,
        0.0118163215025667,
        0.0397655984613084
      ],
      "q": [
        0.104149062692023,
        -0.0990600591193995,
        -0.613243811564158,
        0.776705932129978
      ]
    },
    "connecting_link_0": {
      "p": [
        -0.162303181843278,
        -0.0343512880051366,
        0.0317463054166392
      ],
      "q": [
        -0.193165441166804,
        0.0810990176315343,
        0.882836165595562,
        -0.420369321424102
      ]
    },
    "connecting_link_1": {
      "p": [
        -0.120915126976785,
        0.05798393101027,
        0.0477848915059776
      ],
      "q": [
        0.00764674466949675,
        -0.183572227558635,
        0.51454461704448,
        0.837547969751984
      ]
    },
    "connecting_link_2": {
      "p": [
        -0.102656065814301,
        -0.0198764079643511,
        0.0498763742866325
      ],
      "q": [
        0.141969021457513,
        -0.120198538525183,
        -0.428487109069734,
        0.884192233422047
      ]
    },
    "connecting_link_3": {
      "p": [
        -0.180562243005762,
        0.0435090509694845,
        0.0296548226359843
      ],
      "q": [
        0.100577760790933,
        -0.198340713900532,
        0.883947326841959,
        0.411317637128126
      ]
    }
  },
  "contacts": [
    {
      "f": [
        -0.580078259212014,
        -0.506070073447099,
        0.96225460024978
      ],
      "link": "base_link",
      "p": [
        -0.161471433417981,
        0.041153457211155,
        0.000215618553522832
      ]
    },
    {
      "f": [
        -0.913314377036909,
        -0.60898567384514,
        1.37215996599051
      ],
      "link": "arm_motor_0",
      "p": [
        -0.225559524096532,
        -0.0721448656695429,
        -0.000597883397676996
      ]
    }
  ],
  "idx": 3607,
  "state": [
    -0.141609154410032,
    0.0118163215025667,
    0.0397655984613084,
    0.776705932129978,
    0.104149062692023,
    -0.0990600591193995,
    -0.613243811564158,
    -0.0128317539813691,
    0.0091824757943111,
    0.000257158372882301,
    0.709605386955756,
    -0.0449424334361803,
    0.139231612036144,
    0.995687583573218,
    0.0613390336630651,
    0.0309954976192071,
    -0.0623140272711128,
    0.996173849292486,
    0.0302437698855443,
    -0.0765045620018888,
    0.0294962431811349,
    0.98145630982721,
    0.0597124543166337,
    0.0149514548908693,
    -0.181533436855269,
    0.95088136520945,
    -0.05620106575937,
    -0.241339765915429,
    -0.185529477153391,
    0.0177906407497857,
    -0.668673835024018,
    -0.361163775760656,
    -0.00795890319963566,
    0.289492907367277,
    -0.331351470665288,
    0.193648427059058,
    0.32486174359149,
    0.330696133446703,
    -0.212499274738756,
    0.720256999148641,
    -0.345464779891808
  ],
  "t": 3.60800000000319,
  "thrust": [
    0.0,
    0.0,
    0.0,
    0.0
  ]
}