{
  "T_W_L": {
    "arm_motor_0": {
      "p": [
        -0.197761081603633,
        -0.0866021106815734,
        0.0409255273808045
      ],
      "q": [
        -0.625643650755456,
        -0.256797764152668,
        0.652622485466661,
        -0.341626729134143
      ]
    },
    "arm_motor_1": {
      "p": [
        -0.0777764323339285,
        0.119843634796815,
        0.050560893720442
      ],
      "q": [
        -0.306337620413949,
        0.537818999064838,
        0.431208902981721,
        0.656480668834442
      ]
    },
    "arm_motor_2": {
      "p": [
        -0.0519383680703018,
        -0.0769367283672245,
        0.0377882724890991
      ],
      "q": [
        0.352396783857987,
        0.589425651771952,
        -0.313838107264939,
        0.655667255693097
      ]
    },
    "arm_motor_3": {
      "p": [
        -0.206455390279716,
        0.0878765860481231,
        0.0775364847253096
      ],
      "q": [
        -0.402803207280342,
        0.190621975189395,
        0.809279155297968,
        0.382727171206554
      ]
    },
    "base_link": {
      "p": [
        -0.130796206266265,
        0.0130025686386934,
        0.0345759063494519
      ],
      "q": [
        -0.005526974730816,
        0.00742469583844558,
        -0.621686298332311,
        0.783211639921101
      ]
    },
    "connecting_link_0": {
      "p": [
        -0.15287986282179,
        -0.0332161082055118,
        0.0349580370974239
      ],
      "q": [
        0.0190769169728041,
        0.0599831363794373,
        0.903870653083787,
        -0.423150017231227
      ]
    },
    "connecting_link_1": {
      "p": [
        -0.10871254971074,
        0.0592212454828987,
        0.0341937756014799
      ],
      "q": [
        0.088297330679133,
        -0.0839064713610058,
        0.52152414813364,
        0.844497393940423
      ]
    },
    "connecting_link_2": {
      "p": [
        -0.0905603864535281,
        -0.0186912315314391,
        0.0338131254027332
      ],
      "q": [
        0.0272651016925231,
        -0.0468398873293148,
        -0.471099209376103,
        0.880413638075811
      ]
    },
    "connecting_link_3": {
      "p": [
        -0.171032026079002,
        0.044696368808826,
        0.0353386872961706
      ],
      "q": [
        0.287421899232494,
        -0.135838886804904,
        0.857071657935734,
        0.405419069404094
      ]
    }
  },
  "contacts": [
    {
      "f": [
        -0.166485086550475,
        -0.107459133074451,
        0.247691685003857
      ],
      "link": "base_link",
      "p": [
        -0.119586425190735,
        0.0505496616264514,
        0.000504616629992287
      ]
    },
    {
      "f": [
        -0.258694114412422,
        -0.105107847009067,
        0.349039540056238
      ],
      "link": "base_link",
      "p": [
        -0.101249732654624,
        -0.00987711965093619,
        0.000301920919887524
      ]
    },
    {
      "f": [
        -0.284380338683067,
        -0.117719460259712,
        0.384728086513169
      ],
      "link": "base_link",
      "p": [
        -0.115556070100133,
        0.047318446034402,
        0.000230543826973663
      ]
    },
    {
      "f": [
        -0.181313708808799,
        -0.0912683737319391,
        0.253736382164377
      ],
      "link": "base_link",
      "p": [
        -0.100660624865409,
        -0.0144522401865145,
        0.000492527235671246
      ]
    },
    {
      "f": [
        -2.32541152673986,
        -0.758750128028325,
        3.05758292137086
      ],
      "link": "base_link",
      "p": [
        -0.147251917460859,
        -0.0213277665688608,
        0.000777675304068921
      ]
    },
    {
      "f": [
        -0.399941453196467,
        -0.130168597679236,
        0.525739107422054
      ],
      "link": "base_link",
      "p": [
        -0.102004948664097,
        -0.0107686621292322,
        -5.14782148441084e-05
      ]
    },
    {
      "f": [
        0.044708228425146,
        -0.0192308865599098,
        0.0608360076198087
      ],
      "link": "base_link",
      "p": [
        -0.120068097515461,
        0.0509594849724316,
        0.000878327984760383
      ]
    },
    {
      "f": [
        0.0535380301897906,
        -0.0483718956461744,
        0.0901921643371747
      ],
      "link": "base_link",
      "p": [
        -0.116293322654466,
        0.0513771674751172,
        0.000819615671325651
      ]
    }
  ],
  "idx": 3373,
  "state": [
    -0.130796206266265,
    0.0130025686386934,
    0.0345759063494519,
    0.783211639921101,
    -0.005526974730816,
    0.00742469583844558,
    -0.621686298332311,
    -0.0708384637421806,
    -0.0144829587361015,
    -0.00956420713545743,
    2.1408891608878,
    -0.0549520322471484,
    0.0134631311356475,
    0.99544439792348,
    0.0508164010263129,
    -0.0406317516218001,
    -0.0696936495646316,
    0.991210898853595,
    0.0282758428666471,
    -0.120463391373622,
    0.0467974576531156,
    0.975420789043594,
    0.045301639578025,
    -0.0443828879018933,
    -0.211026550496858,
    0.937692908430911,
    -0.0572512219045873,
    -0.306890121679894,
    -0.152554122474978,
    -0.0497769925832581,
    0.477324136679662,
    -0.211956546410476,
    0.222859502755034,
    0.622866440613147,
    0.217970082585293,
    -0.0972606217217698,
    0.797214026294081,
    -0.161900516301252,
    0.187644721827529,
    0.24311402645578,
    0.0716229221338843
  ],
  "t": 3.3740000000027,
  "thrust": [
    0.0,
    0.0,
    0.0,
    0.0
  ]
}