{
  "T_W_L": {
    "arm_motor_0": {
      "p": [
        -0.19981707924377,
        -0.07650362500098,
        0.00903661554933278
      ],
      "q": [
        0.792348314332091,
        0.238129715043144,
        -0.505791686815523,
        0.244239958108565
      ]
    },
    "arm_motor_1": {
      "p": [
        -0.0746307103585535,
        0.114237536668209,
        0.00565092956624142
      ],
      "q": [
        -0.407214753756357,
        0.734339448691806,
        0.255089676061771,
        0.479427758463009
      ]
    },
    "arm_motor_2": {
      "p": [
        -0.0536765415305022,
        -0.070574185823104,
        0.00811672404720609
      ],
      "q": [
        0.43564470689522,
        0.707749247445497,
        -0.230216902642398,
        0.506265611939278
      ]
    },
    "arm_motor_3": {
      "p": [
        -0.20424541734825,
        0.101934259039453,
        0.0102571625133343
      ],
      "q": [
        0.746688731657216,
        -0.339160012063231,
        -0.465229234691508,
        -0.33314889077072
      ]
    },
    "base_link": {
      "p": [
        -0.130614777418396,
        0.0140659834797995,
        0.034615765137316
      ],
      "q": [
        -0.00207923540566527,
        -0.00196272026078669,
        -0.614519121185217,
        0.788896744959094
      ]
    },
    "connecting_link_0": {
      "p": [
        -0.151852743408281,
        -0.0325482240916393,
        0.0348696412869336
      ],
      "q": [
        -0.202626134510912,
        0.00432059430625727,
        0.91792359774099,
        -0.341086866924312
      ]
    },
    "connecting_link_1": {
      "p": [
        -0.109376811428512,
        0.0606801910512382,
        0.0343618889876984
      ],
      "q": [
        -0.107568674026372,
        0.180249784764507,
        0.468319953534288,
        0.858263022961026
      ]
    },
    "connecting_link_2": {
      "p": [
        -0.0897988278402041,
        -0.0168858975024711,
        0.0348140671539746
      ],
      "q": [
        0.145259393431433,
        0.142470444964566,
        -0.470835259435839,
        0.858438139532207
      ]
    },
    "connecting_link_3": {
      "p": [
        -0.171430726996589,
        0.0450178644620701,
        0.0344174631206573
      ],
      "q": [
        -0.199021918933807,
        0.00425050462846973,
        0.856955412246993,
        0.475394184245974
      ]
    }
  },
  "contacts": [
    {
      "f": [
        -0.119369289993308,
        0.156462867156284,
        0.245998145928835
      ],
      "link": "base_link",
      "p": [
        -0.119446494980812,
        0.0516104146138861,
        0.000527917963401063
      ]
    },
    {
      "f": [
        0.175606048068213,
        0.210305165767318,
        0.342476611579523
      ],
      "link": "base_link",
      "p": [
        -0.115353230226489,
        0.0484523547611289,
        0.0003505091772074
      ]
    },
    {
      "f": [
        -0.0453121262732855,
        0.105225367303629,
        0.143208582099185
      ],
      "link": "base_link",
      "p": [
        -0.145793012911067,
        -0.020761124290051,
        0.000728060879041814
      ]
    },
    {
      "f": [
        -0.0348299930475873,
        0.176095258483311,
        0.224383420719421
      ],
      "link": "base_link",
      "p": [
        -0.100739138253895,
        -0.00937616592641099,
        0.000689735248314963
      ]
    },
    {
      "f": [
        -0.0447754513149493,
        0.0249536209441365,
        0.0640742274470721
      ],
      "link": "base_link",
      "p": [
        -0.119942613900951,
        0.0520135115734366,
        0.000889860553161113
      ]
    },
    {
      "f": [
        -0.0446029639082817,
        0.0258050463769325,
        0.0644123048211568
      ],
      "link": "base_link",
      "p": [
        -0.116175675790939,
        0.0525002403889442,
        0.000900028910832358
      ]
    },
    {
      "f": [
        -0.0234231695126117,
        0.00639091923500291,
        0.0303492359532346
      ],
      "link": "base_link",
      "p": [
        -0.161324795703476,
        0.0413087650078818,
        0.000939301528093531
      ]
    },
    {
      "f": [
        0.274584275891527,
        0.0568132667676126,
        0.350500249303768
      ],
      "link": "arm_motor_0",
      "p": [
        -0.220943102275679,
        -0.0550706337340914,
        0.000298999501392463
      ]
    },
    {
      "f": [
        0.0224787331033569,
        0.024714755443532,
        0.0417603388876176
      ],
      "link": "arm_motor_1",
      "p": [
        -0.0995436324888106,
        0.132880869139856,
        0.000953715945820319
      ]
    },
    {
      "f": [
        -0.299060517649946,
        -0.0666505796217108,
        0.382997007537599
      ],
      "link": "arm_motor_1",
      "p": [
        -0.0674901251976233,
        0.0992924936655568,
        0.000359697830541454
      ]
    },
    {
      "f": [
        -0.0480354273071997,
        0.282082176205649,
        0.357678618860345
      ],
      "link": "arm_motor_2",
      "p": [
        -0.0780687991689738,
        -0.0886214617404613,
        0.000284642762279311
      ]
    },
    {
      "f": [
        0.00947679134547527,
        0.0861172492631603,
        0.108296397352207
      ],
      "link": "arm_motor_2",
      "p": [
        -0.0694343850245053,
        -0.0700719581982587,
        0.000783407205295586
      ]
    },
    {
      "f": [
        -0.138445090821086,
        0.0664035782228012,
        0.191932924372563
      ],
      "link": "arm_motor_3",
      "p": [
        -0.230457314265216,
        0.0874332803604659,
        0.000616134151254874
      ]
    }
  ],
  "idx": 5158,
  "state": [
    -0.130614777418396,
    0.0140659834797995,
    0.034615765137316,
    0.788896744959094,
    -0.00207923540566527,
    -0.00196272026078669,
    -0.614519121185217,
    0.00102553117412538,
    -0.00035108877972432,
    -0.000246198208887481,
    -0.0266939400712473,
    0.0172672182227125,
    5.82908086759002e-05,
    0.966424226028653,
    0.101793837640381,
    0.176042414550515,
    -0.157070997458432,
    0.978070666860998,
    -0.00286902629397205,
    0.207630831213542,
    -0.0160927699225643,
    0.952180101604717,
    0.103971539166273,
    0.178091196004782,
    -0.225447331004415,
    0.952709709599364,
    -0.0506172962108252,
    0.190847112119288,
    -0.230996706372904,
    -0.00500311327171317,
    0.035567663711116,
    -0.214941926750129,
    -0.00138919169193246,
    0.0019010295103684,
    -0.0103866183541135,
    -0.000426126138499059,
    -0.0751467461614032,
    -0.240182956105497,
    0.00737241106316394,
    0.0807863114735232,
    0.191359627151899
  ],
  "t": 5.15900000000132,
  "thrust": [
    0.0,
    0.0,
    0.0,
    0.0
  ]
}