{
  "T_W_L": {
    "arm_motor_0": {
      "p": [
        -0.134445602175328,
        -0.0976910773300402,
        0.0775322004076216
      ],
      "q": [
        -0.368161812220438,
        -0.434395436801187,
        0.760617870026992,
        -0.311797915811621
      ]
    },
    "arm_motor_1": {
      "p": [
        -0.0764220331726796,
        0.131720972888002,
        0.0510821143295698
      ],
      "q": [
        -0.198854572304684,
        0.639348516406929,
        0.670591968026961,
        0.319369294171353
      ]
    },
    "arm_motor_2": {
      "p": [
        -0.0116614998520542,
        -0.0544508242381686,
        0.00848279458483253
      ],
      "q": [
        0.201500335295696,
        0.738046589328978,
        -0.263686573998803,
        0.587498287272703
      ]
    },
    "arm_motor_3": {
      "p": [
        -0.130871732815253,
        0.0654264885487944,
        0.14060490405553
      ],
      "q": [
        -0.0622905077684437,
        0.19266152936086,
        0.866603771870077,
        0.456069435861294
      ]
    },
    "base_link": {
      "p": [
        -0.100271397741245,
        0.0137215173133966,
        0.0483858100980503
      ],
      "q": [
        -0.133241944339667,
        0.277740198087524,
        -0.537618309484142,
        0.784903509956671
      ]
    },
    "connecting_link_0": {
      "p": [
        -0.11420344155081,
        -0.0353629348631106,
        0.05292615257638
      ],
      "q": [
        -0.277508339792754,
        0.0866895384483825,
        -0.798167767782754,
        0.527638379708841
      ]
    },
    "connecting_link_1": {
      "p": [
        -0.0863393539316791,
        0.0628059694899037,
        0.0438454676197205
      ],
      "q": [
        0.333568711454504,
        0.226259477881573,
        0.614791544547689,
        0.677915865104223
      ]
    },
    "connecting_link_2": {
      "p": [
        -0.0649270442238845,
        -0.0106316532533827,
        0.0204269160250506
      ],
      "q": [
        -0.0439723110834524,
        0.106453725280113,
        -0.328936818081352,
        0.937301771012134
      ]
    },
    "connecting_link_3": {
      "p": [
        -0.135615751258605,
        0.0380746878801759,
        0.07634470417105
      ],
      "q": [
        0.568735363244552,
        -0.186257516904609,
        0.656827444137791,
        0.458722064674279
      ]
    }
  },
  "contacts": [
    {
      "f": [
        -0.193430166401356,
        -0.272173240373912,
        0.417383033858162
      ],
      "link": "base_link",
      "p": [
        -0.0933694947175229,
        -0.000673150509726607,
        0.000257465131148674
      ]
    },
    {
      "f": [
        0.496028235339545,
        0.454946167089011,
        0.84133452881702
      ],
      "link": "base_link",
      "p": [
        -0.0923835475655532,
        -0.00508440459338634,
        -0.00068266905763404
      ]
    },
    {
      "f": [
        -0.154596689448931,
        -0.266972253495104,
        0.385629194719534
      ],
      "link": "base_link",
      "p": [
        -0.0941121117426811,
        -0.00164154354631364,
        0.000228741610560933
      ]
    },
    {
      "f": [
        -0.15451099020059,
        0.461443935199541,
        0.608281584960357
      ],
      "link": "arm_motor_2",
      "p": [
        0.00947494342422069,
        -0.032629928093957,
        0.000273616330899659
      ]
    }
  ],
  "idx": 2730,
  "state": [
    -0.100271397741245,
    0.0137215173133966,
    0.0483858100980503,
    0.784903509956671,
    -0.133241944339667,
    0.277740198087524,
    -0.537618309484142,
    0.0286399130098592,
    0.080053894623152,
    -0.0204379961855863,
    -0.862687588123173,
    -0.952917572891311,
    -1.10803640534365,
    0.991736813910829,
    0.0719032415493963,
    -0.10156240264047,
    -0.0311944571772272,
    0.980162122158044,
    0.102988824715621,
    -0.0220162905247344,
    0.16790115908434,
    0.970590212527624,
    0.0551027175202341,
    -0.192308094226377,
    -0.13392507891536,
    0.873299888264753,
    -0.213869610661956,
    -0.371679532748511,
    -0.231217256553056,
    -0.331342036388752,
    0.643702243944835,
    -0.126712429342368,
    0.305191795358665,
    0.250549504547239,
    0.107456541956688,
    -0.180737387858896,
    0.145380527854408,
    0.331990062346334,
    0.0584618000324495,
    -0.0583267314368456,
    0.0398830093349607
  ],
  "t": 2.73100000000134,
  "thrust": [
    0.0,
    0.0,
    0.0,
    0.0
  ]
}