{
  "T_W_L": {
    "arm_motor_0": {
      "p": [
        -0.192712963949967,
        -0.0855979174663299,
        0.053034268119653
      ],
      "q": [
        -0.582703861833437,
        -0.263575596123144,
        0.688214585453581,
        -0.342556271146339
      ]
    },
    "arm_motor_1": {
      "p": [
        -0.0725500167455501,
        0.120247856992313,
        0.0468078864188657
      ],
      "q": [
        -0.285843671130644,
        0.56412350369725,
        0.437912808989095,
        0.63897608716929
      ]
    },
    "arm_motor_2": {
      "p": [
        -0.0476876359781165,
        -0.0753771688301628,
        0.0366636344877956
      ],
      "q": [
        0.320450300589105,
        0.607385695740917,
        -0.337119915742986,
        0.64400650918381
      ]
    },
    "arm_motor_3": {
      "p": [
        -0.197662534314174,
        0.0898867786800834,
        0.0854191744596233
      ],
      "q": [
        -0.361797035573307,
        0.218158489456606,
        0.824699344699669,
        0.376006342207569
      ]
    },
    "base_link": {
      "p": [
        -0.127350060402033,
        0.0139174574780183,
        0.0365481244744057
      ],
      "q": [
        -0.0462075358108307,
        0.0375603877847849,
        -0.620533850217519,
        0.781915482413521
      ]
    },
    "connecting_link_0": {
      "p": [
        -0.149209948682258,
        -0.0322571570263973,
        0.040296492085071
      ],
      "q": [
        0.0746073481597037,
        0.0558477708915922,
        0.898675052411728,
        -0.428599953639516
      ]
    },
    "connecting_link_1": {
      "p": [
        -0.105490172121807,
        0.0600920719824339,
        0.0327997568637404
      ],
      "q": [
        0.107529118588903,
        -0.0529287693624115,
        0.511773115020374,
        0.850719879144491
      ]
    },
    "connecting_link_2": {
      "p": [
        -0.0873258588412188,
        -0.0178184236672277,
        0.0326884434831611
      ],
      "q": [
        -0.0117871979150794,
        -0.0258948255180373,
        -0.464972359074727,
        0.88486791402626
      ]
    },
    "connecting_link_3": {
      "p": [
        -0.167374261962846,
        0.0456533386232642,
        0.0404078054656503
      ],
      "q": [
        0.327321361810162,
        -0.111615287075942,
        0.838979636344314,
        0.420137981612302
      ]
    }
  },
  "contacts": [
    {
      "f": [
        0.265234018293822,
        -0.01522335216963,
        0.332088172853724
      ],
      "link": "base_link",
      "p": [
        -0.119587850477027,
        0.0505484109076674,
        0.000572889733614697
      ]
    },
    {
      "f": [
        0.322949317567485,
        0.0889360459208889,
        0.418714330535575
      ],
      "link": "base_link",
      "p": [
        -0.1012530695585,
        -0.00987789728458129,
        0.000162571338928851
      ]
    },
    {
      "f": [
        -0.391007276423258,
        -0.0998708742268496,
        0.504450322341632
      ],
      "link": "base_link",
      "p": [
        -0.115597903454206,
        0.0473078129735194,
        -8.90064468326429e-06
      ]
    },
    {
      "f": [
        0.227032955500933,
        0.0575192588182852,
        0.29275744017684
      ],
      "link": "base_link",
      "p": [
        -0.100640163862629,
        -0.0144469226429103,
        0.00041448511964632
      ]
    },
    {
      "f": [
        -0.41921400332455,
        -0.12252109046842,
        0.545939268304186
      ],
      "link": "base_link",
      "p": [
        -0.102037636484198,
        -0.0107777862554769,
        -9.18785366083724e-05
      ]
    },
    {
      "f": [
        0.124631414658661,
        0.0286914693468592,
        0.159864150985986
      ],
      "link": "base_link",
      "p": [
        -0.12003142800198,
        0.0509682938711869,
        0.000981008412802416
      ]
    },
    {
      "f": [
        0.113940221695356,
        0.143014699459389,
        0.228567476297503
      ],
      "link": "base_link",
      "p": [
        -0.116281178340146,
        0.0513811969170335,
        0.000542865047404993
      ]
    }
  ],
  "idx": 3325,
  "state": [
    -0.127350060402033,
    0.0139174574780183,
    0.0365481244744057,
    0.781915482413521,
    -0.0462075358108307,
    0.0375603877847849,
    -0.620533850217519,
    -0.0695371223251091,
    -0.0182610851825434,
    -0.035955230956698,
    1.9842195494821,
    0.0620506050605228,
    -0.00182456003331674,
    0.995263044505898,
    0.0523010113448307,
    -0.0481910362285541,
    -0.0662849943831733,
    0.98925664689092,
    0.0244734862636597,
    -0.138161357669561,
    0.0410338189684939,
    0.975766015093176,
    0.0451964527663981,
    -0.061272716790581,
    -0.205142922431219,
    0.934440257023957,
    -0.0631912026523837,
    -0.312722176576388,
    -0.15821857741009,
    -0.106199768670926,
    0.321954487049539,
    -0.143298747596904,
    0.213851906477941,
    0.71213457731571,
    0.177170835913766,
    -0.176983599900929,
    0.672802165811225,
    -0.248494037758384,
    0.275809513473764,
    0.291801362720799,
    0.165649873604378
  ],
  "t": 3.32600000000259,
  "thrust": [
    0.0,
    0.0,
    0.0,
    0.0
  ]
}