{
  "T_W_L": {
    "arm_motor_0": {
      "p": [
        -0.192309201318497,
        -0.0846943844874241,
        0.0230752326256251
      ],
      "q": [
        0.730625590811036,
        0.280391484447938,
        -0.540545621339329,
        0.308832143327059
      ]
    },
    "arm_motor_1": {
      "p": [
        -0.0728073489390977,
        0.119603467963838,
        0.0147977295212492
      ],
      "q": [
        -0.377479026766676,
        0.699107599079567,
        0.316570204766351,
        0.518209855864087
      ]
    },
    "arm_motor_2": {
      "p": [
        -0.0435880117292077,
        -0.0648845852568667,
        0.00834865341328133
      ],
      "q": [
        0.381006442759564,
        0.731348708348411,
        -0.197996559813982,
        0.529868398448749
      ]
    },
    "arm_motor_3": {
      "p": [
        -0.20496003485822,
        0.105301943697205,
        0.043853560994148
      ],
      "q": [
        -0.601065021781138,
        0.316239125253902,
        0.629743054608277,
        0.377011061406061
      ]
    },
    "base_link": {
      "p": [
        -0.12796930434487,
        0.0146737965340563,
        0.0359937303201255
      ],
      "q": [
        -0.0339170859323513,
        0.0234145901190146,
        -0.614380844311119,
        0.787932463092474
      ]
    },
    "connecting_link_0": {
      "p": [
        -0.149141242801085,
        -0.0318856765971727,
        0.0388158720154701
      ],
      "q": [
        -0.134406835381176,
        0.0201105827548404,
        0.898853784160647,
        -0.416644022835038
      ]
    },
    "connecting_link_1": {
      "p": [
        -0.106797365888655,
        0.0612332696652852,
        0.033171588624781
      ],
      "q": [
        -0.0430690410705139,
        0.127914020929009,
        0.490766918094315,
        0.860773427247407
      ]
    },
    "connecting_link_2": {
      "p": [
        -0.0872792962705566,
        -0.0163482929907198,
        0.0335538113810873
      ],
      "q": [
        0.129407529254977,
        0.142468093405618,
        -0.409416949447126,
        0.89181516876475
      ]
    },
    "connecting_link_3": {
      "p": [
        -0.168659312419184,
        0.0456958860588323,
        0.0384336492591638
      ],
      "q": [
        0.0202784314831602,
        -0.0429722481590275,
        0.870312737154125,
        0.490201908046099
      ]
    }
  },
  "contacts": [
    {
      "f": [
        0.214550512228647,
        -0.249710760404792,
        0.411527995249704
      ],
      "link": "base_link",
      "p": [
        -0.119516194589464,
        0.0515424404217939,
        0.000419242269245126
      ]
    },
    {
      "f": [
        0.174985213012661,
        -0.0522241179097683,
        0.22826513936833
      ],
      "link": "base_link",
      "p": [
        -0.100122993905111,
        -0.00855379810716661,
        0.000550223743947052
      ]
    },
    {
      "f": [
        -0.455920904068053,
        -0.129525920467478,
        0.592453630621178
      ],
      "link": "base_link",
      "p": [
        -0.115451192478565,
        0.0483736037780135,
        -2.10581093904733e-05
      ]
    },
    {
      "f": [
        0.0767749504216585,
        -0.000809082059185891,
        0.0959740168778331
      ],
      "link": "base_link",
      "p": [
        -0.0994399357640384,
        -0.0131121902671151,
        0.000814040274956351
      ]
    },
    {
      "f": [
        -0.266721380797006,
        -0.147064349718698,
        0.380723443616815
      ],
      "link": "base_link",
      "p": [
        -0.100881658036614,
        -0.00946644840400007,
        0.000264587031915016
      ]
    },
    {
      "f": [
        0.17581867549336,
        0.00292260481450193,
        0.219803706005286
      ],
      "link": "base_link",
      "p": [
        -0.119981945873775,
        0.0519533031953125,
        0.000811531833851735
      ]
    },
    {
      "f": [
        0.252441861709972,
        -0.0681351155928858,
        0.326844017462011
      ],
      "link": "base_link",
      "p": [
        -0.116225795095694,
        0.052432789053832,
        0.000514453218329609
      ]
    },
    {
      "f": [
        -0.0264314781586422,
        0.151701447698799,
        0.192483571829691
      ],
      "link": "arm_motor_2",
      "p": [
        -0.0650836575184379,
        -0.0863358375088384,
        0.000615032856340618
      ]
    },
    {
      "f": [
        0.0665197043231576,
        0.00418274418401389,
        0.0833138495028476
      ],
      "link": "arm_motor_2",
      "p": [
        -0.0591569019761414,
        -0.0667472731949647,
        0.000833372300994305
      ]
    }
  ],
  "idx": 4331,
  "state": [
    -0.12796930434487,
    0.0146737965340563,
    0.0359937303201255,
    0.787932463092474,
    -0.0339170859323513,
    0.0234145901190146,
    -0.614380844311119,
    -0.00772518638715598,
    -0.0010876211800653,
    -0.00539461979463176,
    0.217992784535157,
    -0.0228877950841139,
    -0.00280833343692961,
    0.980981460625278,
    0.108286717759506,
    0.139522182410263,
    -0.0805165901032048,
    0.994786767937445,
    -0.00161567037178344,
    0.101962762544154,
    -0.000520576781393262,
    0.969854066624336,
    0.120844549208071,
    0.149933269835974,
    -0.149330837321797,
    0.96834622565613,
    -0.0724293461373326,
    -0.0118089574498697,
    -0.238579390559187,
    0.0725153172572281,
    0.307202279969208,
    -0.15726855627364,
    0.00634867060881891,
    0.791783635579955,
    0.181145563396945,
    -0.0122012820741911,
    0.12845598120525,
    -0.409544468527092,
    -0.00699055620119505,
    0.505378818181136,
    0.275059325917283
  ],
  "t": 4.33200000000324,
  "thrust": [
    0.0,
    0.0,
    0.0,
    0.0
  ]
}