{
  "T_W_L": {
    "arm_motor_0": {
      "p": [
        -0.196288993823332,
        -0.0789117835829549,
        0.15400465403122
      ],
      "q": [
        0.379138353229079,
        0.0172838759159263,
        -0.0537228588424362,
        0.923617470158431
      ]
    },
    "arm_motor_1": {
      "p": [
        -0.262725603724528,
        0.102248563206598,
        0.0198028865527149
      ],
      "q": [
        0.846250215148773,
        -0.105052456475066,
        -0.374309150143944,
        -0.364303739848671
      ]
    },
    "arm_motor_2": {
      "p": [
        -0.200884063694159,
        0.0353531360278435,
        0.19039177677477
      ],
      "q": [
        -0.0292551573844424,
        -0.0703320084036141,
        0.0481888188842171,
        0.995929406180413
      ]
    },
    "arm_motor_3": {
      "p": [
        -0.289498811374105,
        -0.0279122711465516,
        0.00658963517371754
      ],
      "q": [
        0.831586727226295,
        0.0913973487808287,
        -0.536088645614605,
        0.112778560817177
      ]
    },
    "base_link": {
      "p": [
        -0.209704795595319,
        0.0119129090479995,
        0.0778891750874385
      ],
      "q": [
        0.0929421797140828,
        -0.532721922098292,
        -0.104169808942755,
        0.83469620572441
      ]
    },
    "connecting_link_0": {
      "p": [
        -0.195672334915533,
        -0.0297567551603769,
        0.104170901287051
      ],
      "q": [
        0.230103502783968,
        -0.640874630506052,
        -0.306079098368397,
        0.665317722236729
      ]
    },
    "connecting_link_1": {
      "p": [
        -0.223737256275104,
        0.053582573256376,
        0.0516074488878256
      ],
      "q": [
        -0.333712727385316,
        -0.183318340504791,
        0.863065804039229,
        0.331884949212439
      ]
    },
    "connecting_link_2": {
      "p": [
        -0.190880295535787,
        0.0317485763128807,
        0.121204120564325
      ],
      "q": [
        0.0133881204391813,
        -0.753960676769926,
        0.0547611607816192,
        0.654496196616597
      ]
    },
    "connecting_link_3": {
      "p": [
        -0.22852929565485,
        -0.00792275821688161,
        0.0345742296105523
      ],
      "q": [
        -0.208948697335242,
        0.0151188000208896,
        0.96709253059764,
        -0.144374170231682
      ]
    }
  },
  "contacts": [
    {
      "f": [
        0.680844082625288,
        -0.0952038130568468,
        0.859335163500715
      ],
      "link": "arm_motor_1",
      "p": [
        -0.276850439931165,
        0.0830223816855382,
        -0.000718670327001431
      ]
    },
    {
      "f": [
        0.514388589715955,
        0.318797006153265,
        0.756458806258492
      ],
      "link": "arm_motor_3",
      "p": [
        -0.300449417773762,
        0.000577478964515465,
        -0.000512917612516983
      ]
    },
    {
      "f": [
        -0.406874799627631,
        -0.399735028020281,
        0.712977028029305
      ],
      "link": "arm_motor_3",
      "p": [
        -0.284811090807085,
        -0.0126229962692401,
        -0.000236985489835952
      ]
    }
  ],
  "idx": 1314,
  "state": [
    -0.209704795595319,
    0.0119129090479995,
    0.0778891750874385,
    0.83469620572441,
    0.0929421797140828,
    -0.532721922098292,
    -0.104169808942755,
    0.0735084040011522,
    -0.0355528163960177,
    -0.0971856685174401,
    0.391889844517481,
    0.32742823973586,
    -0.510504322453945,
    0.973063344329926,
    0.102142374481751,
    -0.157916598136999,
    0.133330458971413,
    0.974595740742495,
    0.128824580916403,
    -0.130078019529893,
    0.12902355720364,
    0.939347340711114,
    -0.0512861221702187,
    -0.275526220041804,
    -0.19769069083084,
    0.928610303310168,
    -0.131409582260711,
    -0.327248254590646,
    -0.115425327132471,
    0.284748586934171,
    -0.556759859233088,
    0.439966505106369,
    0.0488203087911222,
    -0.652767642096222,
    0.2672515070709,
    -0.314303967437059,
    -0.778462096522349,
    -0.117955509590601,
    0.099538719186292,
    -1.59083701263104,
    -0.513368531076735
  ],
  "t": 1.31499999999987,
  "thrust": [
    0.0,
    0.0,
    0.0,
    0.0
  ]
}