{
  "T_W_L": {
    "arm_motor_0": {
      "p": [
        -0.195107333500044,
        -0.087501918189352,
        0.0196528135552939
      ],
      "q": [
        0.727538832775112,
        0.265102296844655,
        -0.527190558261893,
        0.349968761879443
      ]
    },
    "arm_motor_1": {
      "p": [
        -0.0731134606436486,
        0.119032333762615,
        0.0395552324613355
      ],
      "q": [
        -0.34201064490756,
        0.593503869966731,
        0.323351201167888,
        0.6528597673373
      ]
    },
    "arm_motor_2": {
      "p": [
        -0.0415652995274464,
        -0.0640787613361698,
        0.0300110843821805
      ],
      "q": [
        0.347817972598125,
        0.659104044387637,
        -0.174169681526639,
        0.643637660991414
      ]
    },
    "arm_motor_3": {
      "p": [
        -0.207610055935137,
        0.1053219305212,
        0.0434062670305352
      ],
      "q": [
        -0.578585787380406,
        0.27777341591874,
        0.62840364280808,
        0.439533022372341
      ]
    },
    "base_link": {
      "p": [
        -0.133138178608364,
        0.0143078157024275,
        0.0344207304201705
      ],
      "q": [
        0.0160165800006838,
        -0.0324824274275496,
        -0.614559622807021,
        0.788038597461309
      ]
    },
    "connecting_link_0": {
      "p": [
        -0.154398962186672,
        -0.0322893772539729,
        0.0335956908936256
      ],
      "q": [
        -0.141667623507321,
        0.0600096529214298,
        0.887227660956333,
        -0.434920916535399
      ]
    },
    "connecting_link_1": {
      "p": [
        -0.111877395030057,
        0.0609050086588279,
        0.0352457699467154
      ],
      "q": [
        -0.0131942192014912,
        -0.0419709575341423,
        0.470481873302749,
        0.88131217976201
      ]
    },
    "connecting_link_2": {
      "p": [
        -0.0924755771222641,
        -0.0166657050388851,
        0.037766452056838
      ],
      "q": [
        0.122787884158103,
        0.0109363845799005,
        -0.369101009927279,
        0.921177494008055
      ]
    },
    "connecting_link_3": {
      "p": [
        -0.173800780094465,
        0.0452813364437401,
        0.031075008783503
      ],
      "q": [
        0.0352265433970794,
        -0.114381314645408,
        0.853470410906766,
        0.507212246704393
      ]
    }
  },
  "contacts": [
    {
      "f": [
        -1.15977629371895,
        -0.774453364062165,
        1.74322754923324
      ],
      "link": "base_link",
      "p": [
        -0.119553131485089,
        0.0515375686646887,
        0.000869453905447938
      ]
    },
    {
      "f": [
        0.433504428685342,
        0.139843889846663,
        0.569377954461668
      ],
      "link": "base_link",
      "p": [
        -0.14593784975563,
        -0.0208133046010457,
        -0.000138755908923337
      ]
    },
    {
      "f": [
        -0.173418271172904,
        0.0480958270107013,
        0.224955222462585
      ],
      "link": "base_link",
      "p": [
        -0.145165015129901,
        -0.0248496377473559,
        0.00055008955507483
      ]
    },
    {
      "f": [
        -0.132315168720567,
        0.188966417927338,
        0.288356363121879
      ],
      "link": "base_link",
      "p": [
        -0.144059408560495,
        -0.0247790550643532,
        0.000423287273756241
      ]
    },
    {
      "f": [
        1.00605731616622,
        0.220275647663627,
        1.28736205836611
      ],
      "link": "base_link",
      "p": [
        -0.161369311635353,
        0.0412653554710019,
        -0.00157472411673223
      ]
    }
  ],
  "idx": 4015,
  "state": [
    -0.133138178608364,
    0.0143078157024275,
    0.0344207304201705,
    0.788038597461309,
    0.0160165800006838,
    -0.0324824274275496,
    -0.614559622807021,
    0.0475247469127196,
    0.00832437992310233,
    -0.00535637511118876,
    -1.41955053347715,
    0.105122219812308,
    0.0438661282167485,
    0.990960179460367,
    0.0889636740391636,
    0.0798103370041552,
    -0.060940114314082,
    0.999512020099171,
    0.00169982143397816,
    -0.0172234518060267,
    -0.0260035572999788,
    0.985463638718718,
    0.0998428284578212,
    0.0756385605583695,
    -0.114767741658814,
    0.956114673353446,
    -0.0804480898522275,
    -0.094023998186015,
    -0.265579223589644,
    0.209034065352455,
    0.716893837286764,
    0.24809103358211,
    -0.0794805505590112,
    0.42353951189549,
    -0.255761584286264,
    0.150264601372486,
    0.314401947545687,
    0.189309150071277,
    -0.252184569275294,
    0.74958857038339,
    -0.233784934738982
  ],
  "t": 4.01600000000398,
  "thrust": [
    0.0,
    0.0,
    0.0,
    0.0
  ]
}