{
  "T_W_L": {
    "arm_motor_0": {
      "p": [
        -0.198168270866797,
        -0.0787739922258845,
        0.0096184926144552
      ],
      "q": [
        0.786627853451519,
        0.246115777822259,
        -0.501150431761838,
        0.263613142362294
      ]
    },
    "arm_motor_1": {
      "p": [
        -0.0750516542172994,
        0.11454209564709,
        0.00574287248775197
      ],
      "q": [
        -0.409667376578482,
        0.732119701919572,
        0.256084181090614,
        0.480202326966094
      ]
    },
    "arm_motor_2": {
      "p": [
        -0.0511126693004912,
        -0.0687119334649943,
        0.00868337987478108
      ],
      "q": [
        0.425028625476715,
        0.712358008632226,
        -0.212179578905477,
        0.516600969180662
      ]
    },
    "arm_motor_3": {
      "p": [
        -0.203738347028045,
        0.103563754702887,
        0.0127708812965271
      ],
      "q": [
        0.732232979864837,
        -0.339696754979496,
        -0.47544891155069,
        -0.349841836205915
      ]
    },
    "base_link": {
      "p": [
        -0.130822132592917,
        0.0141389793862967,
        0.0345034906814244
      ],
      "q": [
        -0.00105525823901093,
        -0.0050346292972389,
        -0.614513153401376,
        0.788889804240482
      ]
    },
    "connecting_link_0": {
      "p": [
        -0.152060735992493,
        -0.0324750866166924,
        0.0347283824430872
      ],
      "q": [
        -0.201863020752425,
        0.0123725051191515,
        0.910596758139149,
        -0.360432776029394
      ]
    },
    "connecting_link_1": {
      "p": [
        -0.10958352919334,
        0.0607530453892858,
        0.0342785989197617
      ],
      "q": [
        -0.108599719005771,
        0.178132484128318,
        0.470757441013325,
        0.857241127606888
      ]
    },
    "connecting_link_2": {
      "p": [
        -0.0900078113046139,
        -0.0168114103636688,
        0.0350178369659744
      ],
      "q": [
        0.150507004199614,
        0.138421130061203,
        -0.450574242346351,
        0.869005227011581
      ]
    },
    "connecting_link_3": {
      "p": [
        -0.171636453881219,
        0.0450893691362622,
        0.0339891443968744
      ],
      "q": [
        -0.181573756005603,
        -0.00717365573088935,
        0.853960054936115,
        0.487577413717023
      ]
    }
  },
  "contacts": [
    {
      "f": [
        -0.0265748025789365,
        -0.237135827316587,
        0.298275304692535
      ],
      "link": "base_link",
      "p": [
        -0.119446356805356,
        0.0516099691775503,
        0.000403449390614929
      ]
    },
    {
      "f": [
        -0.0249923073995595,
        -0.297606458873632,
        0.373317516901785
      ],
      "link": "base_link",
      "p": [
        -0.115352050190496,
        0.0484516328701054,
        0.000257856215665417
      ]
    },
    {
      "f": [
        -0.0066844322386672,
        -0.180344261502275,
        0.225585122137805
      ],
      "link": "base_link",
      "p": [
        -0.145792803330627,
        -0.0207616081273656,
        0.000599054732064397
      ]
    },
    {
      "f": [
        -0.00993085328384908,
        -0.104436918732477,
        0.131135020120481
      ],
      "link": "base_link",
      "p": [
        -0.100739660599849,
        -0.00937566550888851,
        0.000811206066995786
      ]
    },
    {
      "f": [
        -0.0167338788106338,
        -0.0939271008855321,
        0.119257618865695
      ],
      "link": "base_link",
      "p": [
        -0.119944680728274,
        0.0520138348984177,
        0.000761484762268609
      ]
    },
    {
      "f": [
        -0.0151262775690816,
        -0.0811625425242338,
        0.103200067996699
      ],
      "link": "base_link",
      "p": [
        -0.116177880302721,
        0.0525006759754581,
        0.000793599864006601
      ]
    },
    {
      "f": [
        -0.0200514771130623,
        -0.166236629848776,
        0.209301960535993
      ],
      "link": "base_link",
      "p": [
        -0.161326274440305,
        0.0413082156216736,
        0.000581396078928015
      ]
    },
    {
      "f": [
        0.292736824450535,
        0.0709658317644576,
        0.376519831954864
      ],
      "link": "arm_motor_0",
      "p": [
        -0.220011495169952,
        -0.0583515576797759,
        0.000246960336090271
      ]
    },
    {
      "f": [
        0.0305698544428451,
        0.0268392409288067,
        0.0508499762520112
      ],
      "link": "arm_motor_1",
      "p": [
        -0.100057859202872,
        0.133040589730464,
        0.000969322511119239
      ]
    },
    {
      "f": [
        -0.0488006431185603,
        -0.208238022374317,
        0.267349773036045
      ],
      "link": "arm_motor_1",
      "p": [
        -0.067802421840621,
        0.099644603796137,
        0.000465300453927911
      ]
    },
    {
      "f": [
        -0.0397773878941404,
        0.314472302891788,
        0.396222534288153
      ],
      "link": "arm_motor_2",
      "p": [
        -0.0745561654492566,
        -0.087701161407301,
        0.000207554931423694
      ]
    }
  ],
  "idx": 4952,
  "state": [
    -0.130822132592917,
    0.0141389793862967,
    0.0345034906814244,
    0.788889804240482,
    -0.00105525823901093,
    -0.0050346292972389,
    -0.614513153401376,
    0.000265057928111438,
    -0.000288107580548828,
    -0.000268726149536995,
    -0.00500770838961528,
    0.011564216014901,
    -8.03009385135321e-05,
    0.970074703628227,
    0.105467966506181,
    0.170393797167227,
    -0.137104089321189,
    0.978264321954577,
    -0.00172054187087395,
    0.20695863037619,
    -0.0128094277481214,
    0.956480247095433,
    0.108898869035163,
    0.17844788694657,
    -0.203575354312416,
    0.953588710461448,
    -0.055592024144753,
    0.168088617224528,
    -0.243565832767053,
    -0.00490744734661884,
    -0.00581694685126864,
    -0.225141221783629,
    -0.00455826398556539,
    0.00726311766216378,
    -0.0339875410728682,
    -0.00181409942228703,
    -0.00948127443899688,
    -0.233365158658448,
    -0.125509150185029,
    0.547543175320756,
    0.00894465324638909
  ],
  "t": 4.9530000000018,
  "thrust": [
    0.0,
    0.0,
    0.0,
    0.0
  ]
}