{
  "T_W_L": {
    "arm_motor_0": {
      "p": [
        -0.201773643225789,
        -0.0878401991626568,
        0.0254904040674095
      ],
      "q": [
        0.699157157505896,
        0.250620958209235,
        -0.572842168375186,
        0.34672792582337
      ]
    },
    "arm_motor_1": {
      "p": [
        -0.0852569050829905,
        0.119152253506456,
        0.0600081483514191
      ],
      "q": [
        -0.333880530388261,
        0.497034250562134,
        0.40684017732007,
        0.6898998589027
      ]
    },
    "arm_motor_2": {
      "p": [
        -0.0561538848541992,
        -0.0765817161348765,
        0.0461226184546789
      ],
      "q": [
        0.37996726522594,
        0.565976484261746,
        -0.264844592113127,
        0.682021142376001
      ]
    },
    "arm_motor_3": {
      "p": [
        -0.217022793588979,
        0.0889521464019638,
        0.0664770604363402
      ],
      "q": [
        -0.472692457836636,
        0.168608162649621,
        0.764247932128984,
        0.405041017711602
      ]
    },
    "base_link": {
      "p": [
        -0.136057364115285,
        0.0123958423243546,
        0.0364598357366896
      ],
      "q": [
        0.0480938998026381,
        -0.0459893010046258,
        -0.620089057811292,
        0.781704241626962
      ]
    },
    "connecting_link_0": {
      "p": [
        -0.157868324827175,
        -0.033802500176417,
        0.032718827449371
      ],
      "q": [
        -0.0893181853798299,
        0.0679578885192305,
        0.89943934899523,
        -0.422389446633671
      ]
    },
    "connecting_link_1": {
      "p": [
        -0.114246403403395,
        0.0585941848251263,
        0.0402008440240083
      ],
      "q": [
        0.0515902610984585,
        -0.136376579515283,
        0.523768635385859,
        0.8392891576242
      ]
    },
    "connecting_link_2": {
      "p": [
        -0.0961064762712655,
        -0.0193159034168039,
        0.0411812489279582
      ],
      "q": [
        0.0814040228263922,
        -0.0820559646730641,
        -0.455950836913947,
        0.882467584700268
      ]
    },
    "connecting_link_3": {
      "p": [
        -0.176008251959305,
        0.0441075880655132,
        0.0317384225454211
      ],
      "q": [
        0.20616085296418,
        -0.167183275109623,
        0.874648937668223,
        0.405631225455526
      ]
    }
  },
  "contacts": [
    {
      "f": [
        -0.507932799744581,
        -0.16240516646348,
        0.666580789306517
      ],
      "link": "base_link",
      "p": [
        -0.147202218587327,
        -0.0213205935508781,
        -1.86091156931245e-05
      ]
    },
    {
      "f": [
        0.276066673301145,
        -0.0837332214855579,
        0.360607257986248
      ],
      "link": "base_link",
      "p": [
        -0.146528691156001,
        -0.0253898086671088,
        0.000574362921667508
      ]
    },
    {
      "f": [
        0.214701926312222,
        -0.130931948323834,
        0.314344785461695
      ],
      "link": "base_link",
      "p": [
        -0.145416530818101,
        -0.0253325290710438,
        0.000517397575377151
      ]
    },
    {
      "f": [
        0.104633737255268,
        -0.944465004260905,
        1.18780414739602
      ],
      "link": "base_link",
      "p": [
        -0.16165955214397,
        0.0410083562714882,
        -0.000217549440677506
      ]
    }
  ],
  "idx": 3467,
  "state": [
    -0.136057364115285,
    0.0123958423243546,
    0.0364598357366896,
    0.781704241626962,
    0.0480938998026381,
    -0.0459893010046258,
    -0.620089057811292,
    -0.0486139136573119,
    -0.00605686872210805,
    0.0176135583050954,
    1.33997351252308,
    -0.132297423703277,
    0.0137168316977994,
    0.996335760229978,
    0.0547084005653185,
    -0.000686120157784615,
    -0.0657386722840122,
    0.99308182702569,
    0.0315629070849612,
    -0.104492426095243,
    0.0432851084831068,
    0.97872026655718,
    0.0491250549152446,
    -0.0149472765514351,
    -0.198670450076278,
    0.942194971632955,
    -0.0558068945559684,
    -0.285951853236458,
    -0.165486445306643,
    0.0644690571655493,
    0.842479562997215,
    0.155979207509893,
    0.0116269742113023,
    0.356729310371542,
    -0.206460744378848,
    -0.00725686494069358,
    0.499036417355103,
    0.264454266952748,
    -0.171998059273037,
    0.607644187325087,
    -0.237557847671119
  ],
  "t": 3.46800000000289,
  "thrust": [
    0.0,
    0.0,
    0.0,
    0.0
  ]
}