{
  "T_W_L": {
    "arm_motor_0": {
      "p": [
        -0.131162010393534,
        -0.0753165529086659,
        0.105697917845236
      ],
      "q": [
        0.361493530402413,
        0.332247459675718,
        -0.210875231684873,
        0.845260722900386
      ]
    },
    "arm_motor_1": {
      "p": [
        -0.259279851845658,
        0.105311787589476,
        0.011573813708562
      ],
      "q": [
        0.755599793812892,
        -0.287506029422524,
        -0.5220694815953,
        -0.271758516007178
      ]
    },
    "arm_motor_2": {
      "p": [
        -0.10953187657151,
        0.0574776639871583,
        0.130360721936687
      ],
      "q": [
        -0.10148765231872,
        0.306755028098337,
        0.0944236376778839,
        0.94163994488918
      ]
    },
    "arm_motor_3": {
      "p": [
        -0.284588297738857,
        -0.0392460216875203,
        0.00605987894680619
      ],
      "q": [
        0.786217110118272,
        0.187998242543379,
        -0.567844781893461,
        0.155150314966622
      ]
    },
    "base_link": {
      "p": [
        -0.187399293185044,
        0.0164102341732717,
        0.05126183564127
      ],
      "q": [
        0.0174099468079068,
        -0.275602980995984,
        -0.0963318207852401,
        0.956274056388896
      ]
    },
    "connecting_link_0": {
      "p": [
        -0.159806807829491,
        -0.0227298869072041,
        0.0694471504229632
      ],
      "q": [
        0.106503220393954,
        -0.362755157264802,
        -0.40472583301127,
        0.83262402080221
      ]
    },
    "connecting_link_1": {
      "p": [
        -0.214991778540597,
        0.0555503552537475,
        0.0330765208595767
      ],
      "q": [
        -0.165130867381671,
        0.0111351735228175,
        0.903448608754835,
        0.395459752550555
      ]
    },
    "connecting_link_2": {
      "p": [
        -0.148629670193345,
        0.0400434985720082,
        0.0749764966538362
      ],
      "q": [
        -0.00499501265493609,
        -0.448931429935862,
        0.138530201667603,
        0.882748550998671
      ]
    },
    "connecting_link_3": {
      "p": [
        -0.226168916176743,
        -0.00722303022546485,
        0.0275471746287038
      ],
      "q": [
        -0.154412554111258,
        -0.0232269923374495,
        0.957466345987783,
        -0.242642671969704
      ]
    }
  },
  "contacts": [
    {
      "f": [
        -0.685665499936126,
        -1.42855872256114,
        1.98073423949625
      ],
      "link": "arm_motor_3",
      "p": [
        -0.283958233238231,
        -0.0232841521920107,
        -0.000807518013168609
      ]
    }
  ],
  "idx": 963,
  "state": [
    -0.187399293185044,
    0.0164102341732717,
    0.05126183564127,
    0.956274056388896,
    0.0174099468079068,
    -0.275602980995984,
    -0.0963318207852401,
    -0.149933542453419,
    -0.00834991181425307,
    0.260722211713081,
    0.614624799512424,
    -3.6464121218019,
    -0.318710398398847,
    0.991938846324495,
    0.053637987527353,
    -0.101398415226842,
    0.0538391385140121,
    0.984382029398545,
    0.142177085272687,
    -0.0310823486250241,
    0.0990534412553064,
    0.968546931108993,
    -0.0138295968838285,
    -0.193521296523329,
    -0.155804660653371,
    0.986670891204528,
    -0.127593551128124,
    -0.079938794583434,
    -0.0617270384898327,
    0.210998883190311,
    0.377854576199928,
    0.334887547742572,
    0.160739756242427,
    0.867108008497996,
    -0.325308889717484,
    0.0506130200704759,
    0.141603893071345,
    -0.0271724316875697,
    -0.116486849661621,
    -1.22904501588265,
    -0.402059764589554
  ],
  "t": 0.96399999999991,
  "thrust": [
    0.0,
    0.0,
    0.0,
    0.0
  ]
}