{
  "T_W_L": {
    "arm_motor_0": {
      "p": [
        -0.188009524046279,
        -0.0839975992424786,
        0.141063887775378
      ],
      "q": [
        0.386781721112852,
        0.0198835528904233,
        -0.0530082606795711,
        0.920431783912942
      ]
    },
    "arm_motor_1": {
      "p": [
        -0.262231492631369,
        0.100001259487283,
        0.0191298230415068
      ],
      "q": [
        0.823437571208557,
        -0.0889278760403446,
        -0.416173620048607,
        -0.375289111433763
      ]
    },
    "arm_motor_2": {
      "p": [
        -0.19393793063805,
        0.0257405273007387,
        0.181247046240958
      ],
      "q": [
        0.00265501377312554,
        -0.0788301927231478,
        0.0427433489895852,
        0.995967749344451
      ]
    },
    "arm_motor_3": {
      "p": [
        -0.28867807509909,
        -0.026666428618074,
        0.00606739513009757
      ],
      "q": [
        0.791826311259213,
        0.0949915613821525,
        -0.596945089804134,
        0.0874314349793253
      ]
    },
    "base_link": {
      "p": [
        -0.203314073090015,
        0.00877348153361078,
        0.0686135693478647
      ],
      "q": [
        0.116276392528745,
        -0.511969693898189,
        -0.114488843145019,
        0.84336180721302
      ]
    },
    "connecting_link_0": {
      "p": [
        -0.187701359932485,
        -0.0340091737479646,
        0.0920632515401374
      ],
      "q": [
        0.236013477252472,
        -0.636783760941573,
        -0.31097847842333,
        0.664903351107372
      ]
    },
    "connecting_link_1": {
      "p": [
        -0.218926786247545,
        0.0515561368151861,
        0.045163887155592
      ],
      "q": [
        -0.287979101598027,
        -0.202487971415644,
        0.876537479372675,
        0.328250979784932
      ]
    },
    "connecting_link_2": {
      "p": [
        -0.182962092275528,
        0.02658245573502,
        0.112118021014565
      ],
      "q": [
        0.0321014901642796,
        -0.759996913241345,
        0.0283467336780381,
        0.648514185567784
      ]
    },
    "connecting_link_3": {
      "p": [
        -0.223666053904503,
        -0.00903549266779839,
        0.0251091176811643
      ],
      "q": [
        -0.137801833216804,
        -0.00534581664606664,
        0.982009675209835,
        -0.12899253777157
      ]
    }
  },
  "contacts": [
    {
      "f": [
        -0.0880200190597482,
        -0.95100649808789,
        1.19383892545793
      ],
      "link": "arm_motor_1",
      "p": [
        -0.277023534804533,
        0.0812791069403865,
        -0.00138767785091586
      ]
    },
    {
      "f": [
        -0.952113581785183,
        0.104196601834564,
        1.19724762766893
      ],
      "link": "arm_motor_3",
      "p": [
        -0.284606866759246,
        -0.0113178337459682,
        -0.00101676312463141
      ]
    }
  ],
  "idx": 1385,
  "state": [
    -0.203314073090015,
    0.00877348153361078,
    0.0686135693478647,
    0.84336180721302,
    0.116276392528745,
    -0.511969693898189,
    -0.114488843145019,
    0.103615446846903,
    -0.0510379140323044,
    -0.161526977959815,
    0.220235009671978,
    0.974237446818172,
    -0.742457416784317,
    0.966653410013444,
    0.111472411577108,
    -0.176547518554502,
    0.148276970763544,
    0.970047323765975,
    0.134248492030901,
    -0.151026345661912,
    0.134820528696141,
    0.930317007816871,
    -0.0664143808242868,
    -0.299330973076671,
    -0.201247021203705,
    0.906997866311679,
    -0.128158972433731,
    -0.382202316560347,
    -0.121866884372646,
    0.261880489985584,
    -0.498133941700759,
    0.446403935875021,
    0.154552325588807,
    -0.538013924838574,
    0.207194224499087,
    -0.294178659468751,
    -0.769439638929328,
    -0.00915219574795916,
    0.162034963918259,
    -1.58456417011784,
    -0.4301801488873
  ],
  "t": 1.38599999999986,
  "thrust": [
    0.0,
    0.0,
    0.0,
    0.0
  ]
}