{
  "T_W_L": {
    "arm_motor_0": {
      "p": [
        -0.121466902497673,
        -0.129277129090972,
        0.0366328588341379
      ],
      "q": [
        0.571531393504766,
        0.303160716473568,
        -0.110800993608052,
        0.754432625249731
      ]
    },
    "arm_motor_1": {
      "p": [
        -0.227930576568287,
        0.0735693084484165,
        0.0812126271273281
      ],
      "q": [
        -0.557954898016605,
        0.0760202643273512,
        0.632150859574772,
        0.532252329191482
      ]
    },
    "arm_motor_2": {
      "p": [
        -0.0918153824190107,
        -0.0563590748650724,
        0.118075025392823
      ],
      "q": [
        0.27066139667307,
        0.21071889302762,
        -0.00739145150115382,
        0.939300443370972
      ]
    },
    "arm_motor_3": {
      "p": [
        -0.271805750994186,
        -0.0401447337262109,
        0.0398759103435087
      ],
      "q": [
        -0.500740949921099,
        -0.284215168025573,
        0.804406100510682,
        0.146325202195347
      ]
    },
    "base_link": {
      "p": [
        -0.164418426363424,
        -0.0194718745101867,
        0.0404180541615701
      ],
      "q": [
        0.295313095516148,
        -0.149140155731163,
        -0.267754628103652,
        0.904905988870794
      ]
    },
    "connecting_link_0": {
      "p": [
        -0.144621234946924,
        -0.0642089877398022,
        0.0252304963625353
      ],
      "q": [
        0.325785590065756,
        -0.319097426854622,
        -0.482481857950678,
        0.747831423670287
      ]
    },
    "connecting_link_1": {
      "p": [
        -0.184215617779924,
        0.0252652387194288,
        0.0556056119606049
      ],
      "q": [
        0.0524644675544363,
        -0.322604786860167,
        0.841531851522016,
        0.430113675687095
      ]
    },
    "connecting_link_2": {
      "p": [
        -0.119245270087514,
        -0.0205484904923468,
        0.064547431486715
      ],
      "q": [
        0.186159963513672,
        -0.515184954895192,
        -0.196613054472227,
        0.813186471263098
      ]
    },
    "connecting_link_3": {
      "p": [
        -0.209591582639333,
        -0.0183952585280266,
        0.0162886768364252
      ],
      "q": [
        0.214723687191928,
        -0.304438015357779,
        0.922878329805933,
        -0.0975029298961345
      ]
    }
  },
  "contacts": [
    {
      "f": [
        1.42507930219866,
        -1.25831184302081,
        2.37638108260276
      ],
      "link": "base_link",
      "p": [
        -0.186937565742796,
        -0.000446650395503085,
        -0.00374423493986206
      ]
    }
  ],
  "idx": 1816,
  "state": [
    -0.164418426363424,
    -0.0194718745101867,
    0.0404180541615701,
    0.904905988870794,
    0.295313095516148,
    -0.149140155731163,
    -0.267754628103652,
    0.0883559740516954,
    -0.0904285520990597,
    -0.0841023813673396,
    0.494037694808718,
    2.16123873797808,
    -1.80891644170982,
    0.95039622741792,
    0.169751068632508,
    -0.181314946072184,
    0.187233746794612,
    0.977786593241384,
    0.0827806991756851,
    -0.108957413198332,
    0.158773473951163,
    0.913091778256763,
    -0.101016366939005,
    -0.340385419200205,
    -0.200491557144552,
    0.887589601504188,
    -0.132285373693131,
    -0.42389523013109,
    -0.122466783580756,
    0.120081921166703,
    0.0612192760932056,
    0.069824490557375,
    -0.507133486515857,
    0.814236847427181,
    0.0796043524539534,
    -0.151988869271617,
    -0.0290586060311371,
    0.019289807124617,
    -0.182192712974724,
    0.649476394835849,
    0.364208241637111
  ],
  "t": 1.81699999999982,
  "thrust": [
    0.0,
    0.0,
    0.0,
    0.0
  ]
}