{
  "T_W_L": {
    "arm_motor_0": {
      "p": [
        -0.136061460635679,
        -0.128790066237241,
        0.0229040624297758
      ],
      "q": [
        0.532800544559062,
        0.457232442890257,
        -0.504345898138258,
        0.502690051540001
      ]
    },
    "arm_motor_1": {
      "p": [
        -0.145114337639727,
        0.0751882214194207,
        0.12703345284062
      ],
      "q": [
        -0.29197330808441,
        0.243877921554862,
        0.732269207351919,
        0.564851267776322
      ]
    },
    "arm_motor_2": {
      "p": [
        -0.0253444569380838,
        -0.0587509401328649,
        0.0583189108138298
      ],
      "q": [
        0.3507802278111,
        0.505829132743403,
        0.0243547904999385,
        0.787716296914412
      ]
    },
    "arm_motor_3": {
      "p": [
        -0.221665627871545,
        -0.0220095465823499,
        0.114811433644012
      ],
      "q": [
        -0.227576805192951,
        -0.203220650348103,
        0.864706519499465,
        0.398989724360647
      ]
    },
    "base_link": {
      "p": [
        -0.13254364763585,
        -0.0159557485773599,
        0.0496051522610629
      ],
      "q": [
        0.239833456753422,
        0.149600944434341,
        -0.389511200767373,
        0.876573154347552
      ]
    },
    "connecting_link_0": {
      "p": [
        -0.130619720990809,
        -0.0590089085991091,
        0.0219153722257113
      ],
      "q": [
        0.0201204734404159,
        -0.0321433833327587,
        -0.73337328271478,
        0.678767705225142
      ]
    },
    "connecting_link_1": {
      "p": [
        -0.134467574280891,
        0.0270974114443893,
        0.0772949322964146
      ],
      "q": [
        0.311336216100685,
        -0.226962429693332,
        0.724248828244596,
        0.57185789391958
      ]
    },
    "connecting_link_2": {
      "p": [
        -0.0823234811767128,
        -0.0217915085993058,
        0.0413662939795508
      ],
      "q": [
        0.265260515308275,
        -0.199324325314766,
        -0.230817640274507,
        0.914674745083907
      ]
    },
    "connecting_link_3": {
      "p": [
        -0.182763814094987,
        -0.010119988555414,
        0.0578440105425751
      ],
      "q": [
        0.450518741481584,
        -0.425827039657449,
        0.772360945866995,
        0.138429639780881
      ]
    }
  },
  "contacts": [
    {
      "f": [
        -0.180912663928338,
        -0.0917931163796159,
        0.253584823654758
      ],
      "link": "base_link",
      "p": [
        -0.133165718579711,
        -0.0294021036937274,
        0.000508397480269721
      ]
    },
    {
      "f": [
        0.816640498744296,
        -0.312787100606059,
        1.09311586938359
      ],
      "link": "base_link",
      "p": [
        -0.130580599287315,
        -0.0323414187885764,
        -0.000920361322774774
      ]
    },
    {
      "f": [
        -0.34175699996465,
        0.855832123916805,
        1.15193212104218
      ],
      "link": "base_link",
      "p": [
        -0.129654397771171,
        -0.0317242839160109,
        -0.000851645090663308
      ]
    }
  ],
  "idx": 2173,
  "state": [
    -0.13254364763585,
    -0.0159557485773599,
    0.0496051522610629,
    0.876573154347552,
    0.239833456753422,
    0.149600944434341,
    -0.389511200767373,
    0.084610518664978,
    0.0296346875681873,
    -0.00894980428747308,
    -1.29882737298414,
    0.460063889981384,
    -1.05223930784447,
    0.954358317609897,
    0.0927760129184593,
    -0.283875509809363,
    -0.00274006683047256,
    0.985096116468781,
    0.0539917878663775,
    -0.102992486911745,
    0.126740190156288,
    0.947429618529518,
    0.0149075872749271,
    -0.291487457015317,
    -0.131110427416726,
    0.883652954992969,
    -0.188403531707102,
    -0.367939896677907,
    -0.21973119215336,
    0.0233590150429111,
    0.541580789428671,
    -0.159894177738941,
    -0.0411126964376225,
    0.198090999777634,
    0.00285508078911707,
    0.50869532473039,
    0.49632430520569,
    0.0743454122424542,
    -0.429087860268472,
    0.101925348086048,
    -0.106834989069713
  ],
  "t": 2.17400000000016,
  "thrust": [
    0.0,
    0.0,
    0.0,
    0.0
  ]
}