{
  "T_W_L": {
    "arm_motor_0": {
      "p": [
        -0.199652319719247,
        -0.0874226569023449,
        0.0164320262324152
      ],
      "q": [
        0.743546936795115,
        0.242372263792683,
        -0.513477698551687,
        0.353177422291791
      ]
    },
    "arm_motor_1": {
      "p": [
        -0.080450741073372,
        0.118602629019448,
        0.0536003020209773
      ],
      "q": [
        -0.35029803425621,
        0.537313518889455,
        0.327769659555444,
        0.693651583930848
      ]
    },
    "arm_motor_2": {
      "p": [
        -0.0471678984000085,
        -0.0665684296851492,
        0.042593791027207
      ],
      "q": [
        0.366689652790742,
        0.611715642688701,
        -0.162347851249447,
        0.681898706715919
      ]
    },
    "arm_motor_3": {
      "p": [
        -0.214935244766193,
        0.101879028123566,
        0.0432332108007704
      ],
      "q": [
        -0.59102309833954,
        0.228552320383074,
        0.627354151801692,
        0.452639262872569
      ]
    },
    "base_link": {
      "p": [
        -0.137370316721635,
        0.0133469681642785,
        0.0366276265567929
      ],
      "q": [
        0.0626681819799631,
        -0.0695718472385761,
        -0.611869531411465,
        0.785396800075893
      ]
    },
    "connecting_link_0": {
      "p": [
        -0.158185109527933,
        -0.0332347129250049,
        0.0320569168386897
      ],
      "q": [
        -0.162683518504352,
        0.0783510789651689,
        0.888850643772271,
        -0.421117221563851
      ]
    },
    "connecting_link_1": {
      "p": [
        -0.116555523915336,
        0.0599286492535619,
        0.041198336274896
      ],
      "q": [
        -0.0159299665200231,
        -0.110547705948353,
        0.479466264397744,
        0.870423771608232
      ]
    },
    "connecting_link_2": {
      "p": [
        -0.097231454378996,
        -0.017658600861307,
        0.0438058170835453
      ],
      "q": [
        0.144491473549726,
        -0.0496269204980953,
        -0.374086006608823,
        0.91472347870423
      ]
    },
    "connecting_link_3": {
      "p": [
        -0.177509179064273,
        0.044352537189864,
        0.0294494360300404
      ],
      "q": [
        0.0256899342707384,
        -0.158453396609682,
        0.861522815618284,
        0.481675187807265
      ]
    }
  },
  "contacts": [
    {
      "f": [
        0.481757173022427,
        0.0573047669248934,
        0.606441735235748
      ],
      "link": "base_link",
      "p": [
        -0.14592533258407,
        -0.0208095145394205,
        -0.000139602888535179
      ]
    },
    {
      "f": [
        -0.201160161342325,
        -0.0601195987738754,
        0.262439804610035
      ],
      "link": "base_link",
      "p": [
        -0.145219532402388,
        -0.0248625906265136,
        0.000522354085725429
      ]
    },
    {
      "f": [
        -0.244213671422715,
        -0.0560427179642493,
        0.313201970446444
      ],
      "link": "base_link",
      "p": [
        -0.144107004889275,
        -0.024787147193629,
        0.000526530328260152
      ]
    },
    {
      "f": [
        0.54312929826538,
        -0.923202569801435,
        1.33889671203699
      ],
      "link": "base_link",
      "p": [
        -0.161362535630518,
        0.041266240054971,
        -0.00163810561445648
      ]
    }
  ],
  "idx": 3916,
  "state": [
    -0.137370316721635,
    0.0133469681642785,
    0.0366276265567929,
    0.785396800075893,
    0.062668181979963,
    -0.0695718472385761,
    -0.611869531411465,
    0.0350743402584415,
    0.00812418112004779,
    -0.0164837896362161,
    -0.96214232247555,
    0.00678589327328007,
    0.00585498467445959,
    0.99348270413295,
    0.0763839469356164,
    0.0441946380368262,
    -0.0721418270354435,
    0.999282154474882,
    0.00747543129087562,
    -0.0336387828556038,
    -0.0157393126612094,
    0.985851583743282,
    0.0901927244573779,
    0.0596544837389812,
    -0.128075250753819,
    0.957063469840987,
    -0.0758220186738152,
    -0.127577014777219,
    -0.249007312102858,
    0.187325951886914,
    0.700362515199308,
    0.145634657189373,
    -0.145204104276011,
    0.348826244681932,
    -0.189272567784387,
    0.152868294769725,
    0.385075666145927,
    0.224477645062873,
    -0.311119643382096,
    0.645694606501917,
    -0.231257034766623
  ],
  "t": 3.91700000000384,
  "thrust": [
    0.0,
    0.0,
    0.0,
    0.0
  ]
}