{
  "T_W_L": {
    "arm_motor_0": {
      "p": [
        -0.193875183353036,
        -0.0835547528817484,
        0.0110978358694086
      ],
      "q": [
        0.772453288220961,
        0.269320194212354,
        -0.490635384027799,
        0.300099101041537
      ]
    },
    "arm_motor_1": {
      "p": [
        -0.077025252547511,
        0.11831729259947,
        0.0119093887884746
      ],
      "q": [
        -0.410965454267536,
        0.701554644195842,
        0.293258112352193,
        0.502919631895149
      ]
    },
    "arm_motor_2": {
      "p": [
        -0.0479492175361743,
        -0.0671473370894702,
        0.0101818179265058
      ],
      "q": [
        0.412543635084277,
        0.71179117842413,
        -0.193282161607946,
        0.534605530716994
      ]
    },
    "arm_motor_3": {
      "p": [
        -0.210123399959987,
        0.103402321887954,
        0.0320514031271689
      ],
      "q": [
        0.654502300056659,
        -0.296223283847487,
        -0.588244547188342,
        -0.371277333041402
      ]
    },
    "base_link": {
      "p": [
        -0.130839771726567,
        0.0139884656647015,
        0.0346238404311039
      ],
      "q": [
        -0.000914234901415135,
        -0.00309042815630687,
        -0.614970173989627,
        0.788543783522211
      ]
    },
    "connecting_link_0": {
      "p": [
        -0.152131359898225,
        -0.032601675278977,
        0.0347882787985624
      ],
      "q": [
        -0.199275351114765,
        0.0217639737364239,
        0.893138565387011,
        -0.402640245012491
      ]
    },
    "connecting_link_1": {
      "p": [
        -0.109548183554909,
        0.0605786066083801,
        0.0344594020636454
      ],
      "q": [
        -0.0832316596637829,
        0.140456164178893,
        0.497961259428187,
        0.851691928388697
      ]
    },
    "connecting_link_2": {
      "p": [
        -0.0900598420577928,
        -0.0170098865714298,
        0.0349392684808403
      ],
      "q": [
        0.155041274748068,
        0.125289173022646,
        -0.428383529058814,
        0.881335565082286
      ]
    },
    "connecting_link_3": {
      "p": [
        -0.171619701395341,
        0.0449868179008329,
        0.0343084123813674
      ],
      "q": [
        -0.0468513063593695,
        -0.0530712271405256,
        0.878754722985143,
        0.471994212648337
      ]
    }
  },
  "contacts": [
    {
      "f": [
        0.083697130050561,
        0.141441987150165,
        0.205437967019883
      ],
      "link": "base_link",
      "p": [
        -0.119519343305397,
        0.0515355314494655,
        0.000589124065960234
      ]
    },
    {
      "f": [
        0.112640533062757,
        0.201245950659938,
        0.288281064961145
      ],
      "link": "base_link",
      "p": [
        -0.115429117948315,
        0.0483729001284325,
        0.00042343787007771
      ]
    },
    {
      "f": [
        0.0773832630039707,
        0.10609328692986,
        0.164145300176034
      ],
      "link": "base_link",
      "p": [
        -0.145948527924491,
        -0.0208060892649787,
        0.000671709399647932
      ]
    },
    {
      "f": [
        0.0493693995928573,
        0.0712153644419291,
        0.108317860865285
      ],
      "link": "base_link",
      "p": [
        -0.100881864510072,
        -0.0094723454307679,
        0.00078336427826943
      ]
    },
    {
      "f": [
        0.0111158099430599,
        0.016793022506414,
        0.0251733625209502
      ],
      "link": "base_link",
      "p": [
        -0.120016165146742,
        0.0519390290670813,
        0.0009496532749581
      ]
    },
    {
      "f": [
        0.00615154908818843,
        0.00928748635886557,
        0.0139249640400403
      ],
      "link": "base_link",
      "p": [
        -0.116248728945527,
        0.0524214701763381,
        0.000972150071919919
      ]
    },
    {
      "f": [
        0.0317335673683174,
        0.0455454498116339,
        0.0693880313939253
      ],
      "link": "base_link",
      "p": [
        -0.161410420409985,
        0.0412813170408662,
        0.000861223937212149
      ]
    },
    {
      "f": [
        -1.49552703865083,
        1.75845176857572,
        2.88551169252926
      ],
      "link": "arm_motor_0",
      "p": [
        -0.217290796752761,
        -0.0654294920296283,
        0.000840552303583646
      ]
    },
    {
      "f": [
        0.029110985961587,
        0.0329981248980515,
        0.0550046269423526
      ],
      "link": "arm_motor_2",
      "p": [
        -0.0701961163970741,
        -0.0871664613639022,
        0.000889990746115295
      ]
    }
  ],
  "idx": 4487,
  "state": [
    -0.130839771726567,
    0.0139884656647015,
    0.0346238404311039,
    0.788543783522211,
    -0.000914234901415135,
    -0.00309042815630687,
    -0.614970173989627,
    -0.0245925866753476,
    -0.00804132867341177,
    0.0206744461167893,
    0.684635049509462,
    -0.0151729261853454,
    -0.0079390435728538,
    0.97567144820056,
    0.114213020634328,
    0.163608831652634,
    -0.090844709747263,
    0.986708793414053,
    -0.000236688913779459,
    0.16192589758093,
    0.0136273500854679,
    0.962973983852342,
    0.116774821785472,
    0.165139837746251,
    -0.178251455561133,
    0.972742107771266,
    -0.0642331344923473,
    0.0278616400275644,
    -0.221067015217055,
    0.011813187094146,
    0.184960105111492,
    -0.197953689973605,
    0.0101699670891503,
    0.661170000958483,
    0.0805109538871572,
    -0.00855649919859602,
    0.12338447758313,
    -0.284868222838402,
    -0.0436313254505618,
    0.566498120173479,
    0.105992616374021
  ],
  "t": 4.48800000000288,
  "thrust": [
    0.0,
    0.0,
    0.0,
    0.0
  ]
}