{
  "T_W_L": {
    "arm_motor_0": {
      "p": [
        -0.180906569133811,
        -0.0878567326447796,
        0.130416191473359
      ],
      "q": [
        0.393468930037591,
        0.032546660724935,
        -0.0578215713503252,
        0.916940337130671
      ]
    },
    "arm_motor_1": {
      "p": [
        -0.261514794943819,
        0.0983694513769095,
        0.0187611263915608
      ],
      "q": [
        0.803110407871408,
        -0.084815268839075,
        -0.448392921869001,
        -0.38309767756821
      ]
    },
    "arm_motor_2": {
      "p": [
        -0.18646061008465,
        0.0191641123951164,
        0.173498767758457
      ],
      "q": [
        0.0229871899775082,
        -0.0722625302199368,
        0.0374905129278967,
        0.996415664902732
      ]
    },
    "arm_motor_3": {
      "p": [
        -0.287996722506139,
        -0.0263306928244766,
        0.00589634376390709
      ],
      "q": [
        0.759350789808623,
        0.099255990557796,
        -0.639092786411676,
        0.0713795258598073
      ]
    },
    "base_link": {
      "p": [
        -0.198773992546185,
        0.00644419875475771,
        0.0611526518086826
      ],
      "q": [
        0.130638186601635,
        -0.489733633662095,
        -0.124449749712079,
        0.852998764394274
      ]
    },
    "connecting_link_0": {
      "p": [
        -0.181899498728152,
        -0.0370830121053587,
        0.0822389832374571
      ],
      "q": [
        0.237338523415119,
        -0.625360765824997,
        -0.319110573816472,
        0.671388694832156
      ]
    },
    "connecting_link_1": {
      "p": [
        -0.215648486364218,
        0.0499714096148742,
        0.0400663203799081
      ],
      "q": [
        -0.250823139757746,
        -0.210917513921029,
        0.884946491136987,
        0.330864417409569
      ]
    },
    "connecting_link_2": {
      "p": [
        -0.176500769907143,
        0.02275006616639,
        0.104303807543216
      ],
      "q": [
        0.0427641938349972,
        -0.75566959867744,
        0.0102553980079582,
        0.653474948389009
      ]
    },
    "connecting_link_3": {
      "p": [
        -0.221047215185228,
        -0.0098616686568746,
        0.0180014960741496
      ],
      "q": [
        -0.0850352496939368,
        -0.0197116372234552,
        0.98884893585214,
        -0.120657530770156
      ]
    }
  },
  "contacts": [
    {
      "f": [
        0.660752393288986,
        0.721397152876612,
        1.22283455124227
      ],
      "link": "arm_motor_1",
      "p": [
        -0.27725578290964,
        0.0800883665011641,
        -0.00144566910248454
      ]
    },
    {
      "f": [
        0.143434142435203,
        0.926106546495766,
        1.17143520992843
      ],
      "link": "arm_motor_3",
      "p": [
        -0.284499903069117,
        -0.010912994166799,
        -0.00134287041985685
      ]
    }
  ],
  "idx": 1427,
  "state": [
    -0.198773992546185,
    0.00644419875475771,
    0.0611526518086826,
    0.852998764394274,
    0.130638186601635,
    -0.489733633662095,
    -0.124449749712079,
    0.111265328104549,
    -0.0597788708841589,
    -0.193577375225593,
    0.0939679712114529,
    1.32652419722567,
    -0.905771895450353,
    0.962791709600035,
    0.116483813885509,
    -0.186393583312715,
    0.157229377433014,
    0.967229756447292,
    0.138931353877351,
    -0.16159532080211,
    0.138027640157983,
    0.925104392376703,
    -0.0752980508005204,
    -0.312897413999959,
    -0.201512468753455,
    0.893298003940607,
    -0.125091151471633,
    -0.413563548293893,
    -0.123838893332399,
    0.251147688007344,
    -0.448996206067395,
    0.455304310896632,
    0.224047905856253,
    -0.504177101481989,
    0.19616766277649,
    -0.273487303972253,
    -0.75090217293201,
    0.0534534179652208,
    0.225887131310969,
    -1.56933595583277,
    -0.398713193172012
  ],
  "t": 1.42799999999986,
  "thrust": [
    0.0,
    0.0,
    0.0,
    0.0
  ]
}