{
  "T_W_L": {
    "arm_motor_0": {
      "p": [
        -0.142334934695033,
        -0.111357565678515,
        0.0873209733088774
      ],
      "q": [
        0.470804568638128,
        0.17242122878985,
        -0.0867288935403111,
        0.86086704957115
      ]
    },
    "arm_motor_1": {
      "p": [
        -0.250034897849324,
        0.089291719385462,
        0.0507086216699432
      ],
      "q": [
        0.674081913478957,
        -0.0842064258874573,
        -0.581151627019028,
        -0.448091104768823
      ]
    },
    "arm_motor_2": {
      "p": [
        -0.133582092941727,
        -0.0183988802049417,
        0.15110462992193
      ],
      "q": [
        0.140766162703932,
        0.0646624454253605,
        0.0115982953611483,
        0.987860888553615
      ]
    },
    "arm_motor_3": {
      "p": [
        -0.281171575163426,
        -0.0297853388974914,
        0.0296853887658479
      ],
      "q": [
        -0.594866395593422,
        -0.171956969297317,
        0.784670766716574,
        0.0292670457032496
      ]
    },
    "base_link": {
      "p": [
        -0.178936058411132,
        -0.00618421693463089,
        0.0489152194053793
      ],
      "q": [
        0.206583744779312,
        -0.315893954665829,
        -0.198651837598696,
        0.904473113595535
      ]
    },
    "connecting_link_0": {
      "p": [
        -0.157398850023039,
        -0.0525219997531648,
        0.0525150163871884
      ],
      "q": [
        0.271582514350468,
        -0.486804708353996,
        -0.394235691844788,
        0.730645148549637
      ]
    },
    "connecting_link_1": {
      "p": [
        -0.200473266799224,
        0.0401535658839031,
        0.0453154224235701
      ],
      "q": [
        -0.0657116357334245,
        -0.257305324006903,
        0.887584148458924,
        0.37639119353591
      ]
    },
    "connecting_link_2": {
      "p": [
        -0.142753513707345,
        0.000964157534722208,
        0.0844641181394387
      ],
      "q": [
        0.107737941509631,
        -0.652799879516852,
        -0.0913354749094864,
        0.744246386813607
      ]
    },
    "connecting_link_3": {
      "p": [
        -0.215118603114918,
        -0.013332591403984,
        0.0133663206713199
      ],
      "q": [
        0.134211957920028,
        -0.142286865544484,
        0.975480082368245,
        -0.100897012580356
      ]
    }
  },
  "contacts": [
    {
      "f": [
        0.107519642975825,
        -1.9851810856284,
        2.48511330738988
      ],
      "link": "base_link",
      "p": [
        -0.186939477904827,
        -0.000442967913701285,
        -0.00326103866059949
      ]
    }
  ],
  "idx": 1645,
  "state": [
    -0.178936058411132,
    -0.00618421693463089,
    0.0489152194053793,
    0.904473113595535,
    0.206583744779312,
    -0.315893954665829,
    -0.198651837598696,
    0.0822545685807753,
    -0.0653014013924698,
    -0.0268948196753799,
    0.134132088655729,
    1.60618498321423,
    -1.20589100682131,
    0.952063121442556,
    0.152468920901286,
    -0.193358948513001,
    0.181497542623037,
    0.967767055520794,
    0.12653900054651,
    -0.15790105531923,
    0.149940202475444,
    0.913302360241544,
    -0.0938766807517944,
    -0.342986317986856,
    -0.19856070422435,
    0.865873206896011,
    -0.120705194091256,
    -0.468087781037644,
    -0.128793147885529,
    0.325068509310546,
    0.120492772297334,
    -0.0371784577378593,
    -0.312566459206849,
    0.493868049477626,
    0.101431530222567,
    -0.0439740551169548,
    0.0199553762777757,
    0.00347462322913086,
    -0.0708298409231454,
    0.365682298772812,
    0.0882521946717855
  ],
  "t": 1.64599999999984,
  "thrust": [
    0.0,
    0.0,
    0.0,
    0.0
  ]
}