{
  "T_W_L": {
    "arm_motor_0": {
      "p": [
        -0.191871617234184,
        -0.0865310877490475,
        0.0251269106064437
      ],
      "q": [
        0.713196875373889,
        0.286490945815424,
        -0.553200481867809,
        0.32131352567847
      ]
    },
    "arm_motor_1": {
      "p": [
        -0.0699953871244236,
        0.119356376279864,
        0.0232922532713795
      ],
      "q": [
        -0.350022690611931,
        0.671256150630539,
        0.32698883406689,
        0.565665624457622
      ]
    },
    "arm_motor_2": {
      "p": [
        -0.0406083391363742,
        -0.0634925892196128,
        0.0110100408607738
      ],
      "q": [
        0.365735569024342,
        0.72507886368141,
        -0.181475848763729,
        0.554585116378361
      ]
    },
    "arm_motor_3": {
      "p": [
        -0.203298861680215,
        0.105508500285634,
        0.0482119011958374
      ],
      "q": [
        -0.575000221110553,
        0.310705211122237,
        0.642082907447413,
        0.400707571014297
      ]
    },
    "base_link": {
      "p": [
        -0.128327092700117,
        0.0143236805977686,
        0.0356775103535003
      ],
      "q": [
        -0.0269573398266456,
        0.0224889494419725,
        -0.614415460346837,
        0.788201237673002
      ]
    },
    "connecting_link_0": {
      "p": [
        -0.149523375739389,
        -0.0322605452963322,
        0.037828668917265
      ],
      "q": [
        -0.11313453481354,
        0.0246232823595701,
        0.895478158982328,
        -0.429782663428838
      ]
    },
    "connecting_link_1": {
      "p": [
        -0.107130809660845,
        0.0609079064918694,
        0.0335263517897357
      ],
      "q": [
        -0.0162873961598771,
        0.0746637770859249,
        0.478719440041838,
        0.87463577496214
      ]
    },
    "connecting_link_2": {
      "p": [
        -0.0876127473824796,
        -0.0166743764750514,
        0.0333403019617655
      ],
      "q": [
        0.130291297695816,
        0.120557284867891,
        -0.38693690426065,
        0.904859077940431
      ]
    },
    "connecting_link_3": {
      "p": [
        -0.169041438017754,
        0.0453217376705887,
        0.0380147187452352
      ],
      "q": [
        0.0474346224090038,
        -0.0636412790024679,
        0.860607733471077,
        0.503044802471531
      ]
    }
  },
  "contacts": [
    {
      "f": [
        -0.156497240964969,
        -0.138802053223477,
        0.261478358356087
      ],
      "link": "base_link",
      "p": [
        -0.119520050779422,
        0.0515405160403515,
        0.000554308065171802
      ]
    },
    {
      "f": [
        -0.0984769995214471,
        -0.365439505052339,
        0.473094452923459
      ],
      "link": "base_link",
      "p": [
        -0.100125415460707,
        -0.00855481201166779,
        0.000287959732672698
      ]
    },
    {
      "f": [
        0.346670507542451,
        -0.24143936954286,
        0.528076417832026
      ],
      "link": "base_link",
      "p": [
        -0.115450642588565,
        0.0483760190016768,
        0.000123601983949118
      ]
    },
    {
      "f": [
        -0.217060409562313,
        -0.181824142137641,
        0.353940408259834
      ],
      "link": "base_link",
      "p": [
        -0.0994447541083547,
        -0.0131156060137738,
        0.000513713722157284
      ]
    },
    {
      "f": [
        0.449272317226375,
        -0.188800143196381,
        0.609163244101246
      ],
      "link": "base_link",
      "p": [
        -0.100881121376559,
        -0.00946457759249093,
        -1.42410560343351e-05
      ]
    },
    {
      "f": [
        -0.0430248702207878,
        -0.0211066390814237,
        0.0599039553007186
      ],
      "link": "base_link",
      "p": [
        -0.119989736879305,
        0.051947513283635,
        0.000945935172937111
      ]
    },
    {
      "f": [
        -0.164378546750645,
        -0.109828878147135,
        0.247116777515308
      ],
      "link": "base_link",
      "p": [
        -0.116230826300622,
        0.0524297629793649,
        0.00069126371314969
      ]
    }
  ],
  "idx": 4186,
  "state": [
    -0.128327092700117,
    0.0143236805977686,
    0.0356775103535003,
    0.788201237673002,
    -0.0269573398266456,
    0.0224889494419725,
    -0.614415460346837,
    0.010947535816286,
    0.00265287537845277,
    0.00469141220585637,
    -0.31776698820975,
    0.00400452711690542,
    -0.000126097063480055,
    0.986285734731018,
    0.10095863883856,
    0.111717002862845,
    -0.067580426021921,
    0.99867809049692,
    -0.00253544310001525,
    0.0486319856495146,
    -0.0164491051883534,
    0.97623316663443,
    0.120223077249706,
    0.128967537856696,
    -0.126026149027518,
    0.963303622212762,
    -0.0783577218548197,
    -0.0440648335537234,
    -0.252912018894669,
    0.122217769700298,
    0.356656673425555,
    -0.259112749600032,
    -0.02613813301296,
    0.765482529970182,
    0.272754818026452,
    0.200194594815038,
    0.795320849228428,
    -0.212207180577367,
    -0.0284078979786289,
    0.398553220676646,
    0.279800178738848
  ],
  "t": 4.18700000000358,
  "thrust": [
    0.0,
    0.0,
    0.0,
    0.0
  ]
}