{
  "T_W_L": {
    "arm_motor_0": {
      "p": [
        -0.197472222705071,
        -0.0795191882592536,
        0.00977591232710426
      ],
      "q": [
        0.784982965160367,
        0.249506790310542,
        -0.498764865991708,
        0.269780863756573
      ]
    },
    "arm_motor_1": {
      "p": [
        -0.0753029183574129,
        0.114730405011041,
        0.00575820587684372
      ],
      "q": [
        -0.410677571753848,
        0.731409917107307,
        0.257579984245345,
        0.479620701108296
      ]
    },
    "arm_motor_2": {
      "p": [
        -0.0502262028024739,
        -0.0680738343500586,
        0.00890321873700375
      ],
      "q": [
        0.420968080324321,
        0.713962318574929,
        -0.206525211807866,
        0.519991365208004
      ]
    },
    "arm_motor_3": {
      "p": [
        -0.204484457002718,
        0.103993613153256,
        0.0150848051983805
      ],
      "q": [
        0.722139346091459,
        -0.336514242905887,
        -0.489734139567439,
        -0.354165782777242
      ]
    },
    "base_link": {
      "p": [
        -0.130844077944261,
        0.0141652892131235,
        0.034511849117105
      ],
      "q": [
        -0.0011614862463387,
        -0.00553297263495289,
        -0.614511619097046,
        0.788887512360443
      ]
    },
    "connecting_link_0": {
      "p": [
        -0.152082855462149,
        -0.032448583810075,
        0.0347591774875286
      ],
      "q": [
        -0.202386758820483,
        0.0143359348159625,
        0.907746796741155,
        -0.367191821577311
      ]
    },
    "connecting_link_1": {
      "p": [
        -0.109605300426374,
        0.060779162236322,
        0.0342645207466814
      ],
      "q": [
        -0.108256342310564,
        0.178041862062545,
        0.472529449426179,
        0.856327962364789
      ]
    },
    "connecting_link_2": {
      "p": [
        -0.0900301234330064,
        -0.0167846963291884,
        0.0350771031165603
      ],
      "q": [
        0.151634006505081,
        0.137158176478972,
        -0.443704762015741,
        0.872537017473033
      ]
    },
    "connecting_link_3": {
      "p": [
        -0.171658032455516,
        0.0451152747554354,
        0.0339465951176498
      ],
      "q": [
        -0.164335297516195,
        -0.0124815235414198,
        0.856923959649585,
        0.48838452979064
      ]
    }
  },
  "contacts": [
    {
      "f": [
        -0.0915607974839967,
        -0.230311562981406,
        0.309805371561232
      ],
      "link": "base_link",
      "p": [
        -0.11944591879955,
        0.0516096643015323,
        0.000390053896302638
      ]
    },
    {
      "f": [
        -0.0790453388465797,
        -0.297404565599432,
        0.384662273203629
      ],
      "link": "base_link",
      "p": [
        -0.115351519708826,
        0.0484512147303382,
        0.000249609415800517
      ]
    },
    {
      "f": [
        -0.103377396232976,
        -0.11400680168911,
        0.192371860286634
      ],
      "link": "base_link",
      "p": [
        -0.145792536388824,
        -0.0207617342249975,
        0.000624839923844413
      ]
    },
    {
      "f": [
        -0.0656380146959447,
        -0.0611534277491511,
        0.112138939341836
      ],
      "link": "base_link",
      "p": [
        -0.100739534835721,
        -0.00937563669387798,
        0.000857652053928862
      ]
    },
    {
      "f": [
        -0.0656380068254022,
        -0.0812242050360565,
        0.130538065711159
      ],
      "link": "base_link",
      "p": [
        -0.119944477122478,
        0.0520138092823216,
        0.000747447255421092
      ]
    },
    {
      "f": [
        -0.0601283016753391,
        -0.0713240267086449,
        0.116609186014493
      ],
      "link": "base_link",
      "p": [
        -0.116177698239879,
        0.0525006746687781,
        0.000781652592428905
      ]
    },
    {
      "f": [
        -0.0999018047115511,
        -0.150416786739542,
        0.225712691814983
      ],
      "link": "base_link",
      "p": [
        -0.161325951015353,
        0.0413080593176203,
        0.000548574616370034
      ]
    },
    {
      "f": [
        0.303917934906355,
        0.0875373629640442,
        0.395341824154352
      ],
      "link": "arm_motor_0",
      "p": [
        -0.219558719427939,
        -0.0594519312980627,
        0.000209316351691295
      ]
    },
    {
      "f": [
        -0.122043184662219,
        -0.21181481372794,
        0.305573370478296
      ],
      "link": "arm_motor_1",
      "p": [
        -0.068001855076156,
        0.0998663786955764,
        0.000457772240927252
      ]
    },
    {
      "f": [
        -0.0392380275414002,
        0.297431682307146,
        0.375010892436387
      ],
      "link": "arm_motor_2",
      "p": [
        -0.0733397769400326,
        -0.0873847643393324,
        0.000249978215127226
      ]
    }
  ],
  "idx": 4886,
  "state": [
    -0.130844077944261,
    0.0141652892131235,
    0.034511849117105,
    0.788887512360443,
    -0.0011614862463387,
    -0.00553297263495289,
    -0.614511619097046,
    0.000613056390643147,
    -0.000199897969085982,
    -0.000135717818330154,
    -0.0155707478386193,
    0.0105582791503925,
    0.000153713659315506,
    0.970966757612985,
    0.10695278854434,
    0.17001635722572,
    -0.12991957092299,
    0.978378426310002,
    -0.000996809904577735,
    0.206542405579865,
    -0.0107189551011404,
    0.957956836345076,
    0.110425921716309,
    0.178019033238169,
    -0.196046013266743,
    0.95663465994137,
    -0.0561737035033272,
    0.149543500799577,
    -0.243580343628519,
    -0.00581305150357688,
    -0.00964919549577016,
    -0.221116989573664,
    -0.0151955968334768,
    0.0246566515129535,
    -0.113934224045011,
    -0.000936082003240836,
    -0.023021764852324,
    -0.235510183266278,
    -0.122701904438405,
    0.561883558934175,
    0.00720172682062693
  ],
  "t": 4.88700000000195,
  "thrust": [
    0.0,
    0.0,
    0.0,
    0.0
  ]
}