{
  "T_W_L": {
    "arm_motor_0": {
      "p": [
        -0.145783028337981,
        -0.0726544620796136,
        0.110711893964356
      ],
      "q": [
        -0.345495301831892,
        -0.305527065679584,
        0.827611723231747,
        -0.31991411991141
      ]
    },
    "arm_motor_1": {
      "p": [
        -0.0676478621812908,
        0.133209752268731,
        0.0188277702136529
      ],
      "q": [
        -0.232827893371357,
        0.728843126863344,
        0.520878900407925,
        0.378502364064151
      ]
    },
    "arm_motor_2": {
      "p": [
        -0.0183342960741323,
        -0.0572994630454609,
        0.0314555833804749
      ],
      "q": [
        0.112358082063964,
        0.700294589405158,
        -0.389604305011565,
        0.587513093438116
      ]
    },
    "arm_motor_3": {
      "p": [
        -0.135000097667992,
        0.102409099796325,
        0.121479344399234
      ],
      "q": [
        -0.128850990030763,
        0.333746114651243,
        0.839887321912359,
        0.408166926409008
      ]
    },
    "base_link": {
      "p": [
        -0.104363457136854,
        0.0229711635477542,
        0.0506392766960901
      ],
      "q": [
        -0.254908335907004,
        0.190584641953028,
        -0.584720554928099,
        0.746191066136103
      ]
    },
    "connecting_link_0": {
      "p": [
        -0.119435932767161,
        -0.0217803371360002,
        0.0704918247674521
      ],
      "q": [
        0.340907790893228,
        0.0101731836086226,
        0.829511932480076,
        -0.442253703564746
      ]
    },
    "connecting_link_1": {
      "p": [
        -0.0892909815065473,
        0.0677226642315085,
        0.0307867286247282
      ],
      "q": [
        0.203682820403171,
        0.247728329101377,
        0.532951184907701,
        0.783011505751178
      ]
    },
    "connecting_link_2": {
      "p": [
        -0.0698062828031534,
        -0.00986051468099883,
        0.0318807424582073
      ],
      "q": [
        -0.196042684304607,
        0.0797485605906588,
        -0.354941007801693,
        0.910617545402614
      ]
    },
    "connecting_link_3": {
      "p": [
        -0.138920631470555,
        0.0558028417765071,
        0.069397810933973
      ],
      "q": [
        0.502778611943486,
        -0.0526234606553231,
        0.685001429570191,
        0.524611742384437
      ]
    }
  },
  "contacts": [
    {
      "f": [
        -0.642546709680055,
        -1.11498936269094,
        1.60860360300994
      ],
      "link": "arm_motor_1",
      "p": [
        -0.0454043319610861,
        0.126549257787027,
        -0.00221720720601989
      ]
    }
  ],
  "idx": 2937,
  "state": [
    -0.104363457136854,
    0.0229711635477542,
    0.0506392766960901,
    0.746191066136103,
    -0.254908335907004,
    0.190584641953028,
    -0.584720554928099,
    -0.068964869876025,
    -0.0362103578384131,
    -0.0872769986728125,
    0.368761558589885,
    -0.660651901987777,
    -0.544119804664352,
    0.99525871874072,
    0.0512124168986441,
    -0.0651232582255461,
    -0.0509542183147647,
    0.987145092468649,
    0.057672742127711,
    -0.0899336961233265,
    0.118871155172859,
    0.975613788843574,
    0.0458357118238592,
    -0.168566769609645,
    -0.132898708508608,
    0.888125679307605,
    -0.174926530220142,
    -0.370367114582108,
    -0.208474668043076,
    0.0767274751469302,
    -0.256052713472374,
    -0.128040750109988,
    -1.50277421673165,
    -1.77422329226333,
    -1.06141587554454,
    -0.0598073588262324,
    0.317378391286913,
    -0.58503374429041,
    0.860203565380201,
    0.45754849866959,
    0.132932180060474
  ],
  "t": 2.93800000000178,
  "thrust": [
    0.0,
    0.0,
    0.0,
    0.0
  ]
}