{
  "T_W_L": {
    "arm_motor_0": {
      "p": [
        -0.174249780062508,
        -0.0810021325991816,
        0.0819957501883727
      ],
      "q": [
        -0.460229557288407,
        -0.273838436848184,
        0.77050162419699,
        -0.345728957729117
      ]
    },
    "arm_motor_1": {
      "p": [
        -0.0608186796495053,
        0.121018581399506,
        0.0352307969857625
      ],
      "q": [
        -0.236453107812959,
        0.627886912488468,
        0.447582063843268,
        0.591200684249513
      ]
    },
    "arm_motor_2": {
      "p": [
        -0.0372974975662041,
        -0.0712505546709819,
        0.0332930024416205
      ],
      "q": [
        0.238212317786021,
        0.64132357972345,
        -0.388253509862184,
        0.617428675901441
      ]
    },
    "arm_motor_3": {
      "p": [
        -0.172203681309594,
        0.0953558884336884,
        0.101216120256565
      ],
      "q": [
        -0.255888738591423,
        0.282813940860273,
        0.850740298642467,
        0.361632648668366
      ]
    },
    "base_link": {
      "p": [
        -0.117915117934272,
        0.0164582084364603,
        0.0401998283246909
      ],
      "q": [
        -0.147460752015786,
        0.112559428361324,
        -0.611284761967586,
        0.769361190526363
      ]
    },
    "connecting_link_0": {
      "p": [
        -0.1378590558974,
        -0.0291870622268654,
        0.0521475730740002
      ],
      "q": [
        0.219395482523825,
        0.0508342748179409,
        0.870258364246055,
        -0.438100306107691
      ]
    },
    "connecting_link_1": {
      "p": [
        -0.0979711799711438,
        0.062103479099786,
        0.0282520835753816
      ],
      "q": [
        0.149290716513868,
        0.0259410807639227,
        0.483685908448222,
        0.862025106513838
      ]
    },
    "connecting_link_2": {
      "p": [
        -0.0797853695914312,
        -0.0158000201275155,
        0.028818748357221
      ],
      "q": [
        -0.106095144374368,
        0.0168962485283433,
        -0.442978234911689,
        0.890072255786223
      ]
    },
    "connecting_link_3": {
      "p": [
        -0.156044866277112,
        0.0487164370004361,
        0.0515809082921609
      ],
      "q": [
        0.42062357191149,
        -0.0557332427754639,
        0.782504896486024,
        0.455692553568244
      ]
    }
  },
  "contacts": [
    {
      "f": [
        0.157143933396481,
        -0.388051806159146,
        0.523328320802732
      ],
      "link": "base_link",
      "p": [
        -0.101252725682741,
        -0.00987744212411772,
        0.000200096946252018
      ]
    },
    {
      "f": [
        -0.0891249218013412,
        -0.504062484230222,
        0.639851349551252
      ],
      "link": "base_link",
      "p": [
        -0.115644485355492,
        0.047295225925037,
        -0.000215115677514491
      ]
    },
    {
      "f": [
        0.282478589613198,
        0.0751663277663863,
        0.365385349707472
      ],
      "link": "base_link",
      "p": [
        -0.10056226535799,
        -0.0144253843910628,
        0.000593279278610186
      ]
    },
    {
      "f": [
        -0.466937676201863,
        0.0945371816002543,
        0.59551457811936
      ],
      "link": "base_link",
      "p": [
        -0.10206872770889,
        -0.0107853090920893,
        0.000202998977897294
      ]
    },
    {
      "f": [
        0.30445869684005,
        0.0699902173733707,
        0.390499937198925
      ],
      "link": "base_link",
      "p": [
        -0.116204314271798,
        0.0514015505291024,
        0.000219000125602151
      ]
    }
  ],
  "idx": 3173,
  "state": [
    -0.117915117934272,
    0.0164582084364603,
    0.0401998283246909,
    0.769361190526363,
    -0.147460752015786,
    0.112559428361324,
    -0.611284761967586,
    -0.0555543995241392,
    -0.0153484197851302,
    -0.0154967237305093,
    1.43244640447729,
    0.0519013570545554,
    0.0200534328397867,
    0.993542924447773,
    0.0589987633509671,
    -0.0775301854092659,
    -0.0581435598602929,
    0.983037084345207,
    0.0129089631904623,
    -0.180469969118373,
    0.0300339760577033,
    0.973219610402477,
    0.0491854507242824,
    -0.114237409899159,
    -0.193324068715281,
    0.92472570577271,
    -0.0849471169619116,
    -0.32936214283033,
    -0.170841842864199,
    -0.125804769578085,
    0.402224377233395,
    -0.127377877764169,
    0.131845436897807,
    0.332935865241879,
    0.0281999192150286,
    -0.218248493479552,
    0.677660634405646,
    -0.12396457165943,
    0.32481661248727,
    0.251275551408559,
    0.0437972246615473
  ],
  "t": 3.17400000000227,
  "thrust": [
    0.0,
    0.0,
    0.0,
    0.0
  ]
}