{
  "T_W_L": {
    "arm_motor_0": {
      "p": [
        -0.122226602385191,
        -0.132562269433934,
        0.0223882673709235
      ],
      "q": [
        0.621110500186957,
        0.370514782420775,
        -0.192029598964083,
        0.663374084274391
      ]
    },
    "arm_motor_1": {
      "p": [
        -0.210296052172903,
        0.0645597879768951,
        0.112113707012541
      ],
      "q": [
        -0.475195894166009,
        0.082187299398709,
        0.662341063759856,
        0.573357153302177
      ]
    },
    "arm_motor_2": {
      "p": [
        -0.0708335196178538,
        -0.0689947484792784,
        0.107939803801857
      ],
      "q": [
        0.337672593800337,
        0.292751136959711,
        0.00639947912101507,
        0.894557453645057
      ]
    },
    "arm_motor_3": {
      "p": [
        -0.26453659868965,
        -0.0420998887512983,
        0.0631147352114104
      ],
      "q": [
        -0.433815289789045,
        -0.326517818264114,
        0.807623079314596,
        0.230076879454889
      ]
    },
    "base_link": {
      "p": [
        -0.156384273114435,
        -0.0230612609139751,
        0.0501447615131969
      ],
      "q": [
        0.335649287808645,
        -0.0520253516063905,
        -0.30142563408868,
        0.890940797975947
      ]
    },
    "connecting_link_0": {
      "p": [
        -0.139939164978122,
        -0.0649172914216778,
        0.0256165914117964
      ],
      "q": [
        0.30340601493233,
        -0.20708279827425,
        -0.574976878164402,
        0.731069828633426
      ]
    },
    "connecting_link_1": {
      "p": [
        -0.172829381250748,
        0.0187947695937276,
        0.0746729316145974
      ],
      "q": [
        0.132331618486115,
        -0.347309534409548,
        0.804360096799696,
        0.46353992787402
      ]
    },
    "connecting_link_2": {
      "p": [
        -0.107799629266033,
        -0.0269675771550811,
        0.0659014450331642
      ],
      "q": [
        0.2432956959796,
        -0.425541327489107,
        -0.234245465814537,
        0.839553955777674
      ]
    },
    "connecting_link_3": {
      "p": [
        -0.204968916962837,
        -0.0191549446728691,
        0.0343880779932297
      ],
      "q": [
        0.264322022833871,
        -0.393571885129584,
        0.877829489218353,
        -0.0681940418159994
      ]
    }
  },
  "contacts": [
    {
      "f": [
        -0.0393084376617808,
        0.409423946807888,
        0.514133253476115
      ],
      "link": "arm_motor_0",
      "p": [
        -0.162783240574279,
        -0.132251295236498,
        -2.82665069522292e-05
      ]
    },
    {
      "f": [
        -0.349698090203569,
        -0.716996396570817,
        0.997162056622725
      ],
      "link": "arm_motor_0",
      "p": [
        -0.141373604961312,
        -0.140849283722988,
        -0.000994324113245449
      ]
    }
  ],
  "idx": 1905,
  "state": [
    -0.156384273114435,
    -0.0230612609139751,
    0.0501447615131969,
    0.890940797975948,
    0.335649287808645,
    -0.0520253516063905,
    -0.30142563408868,
    0.100840719937852,
    0.0129986226172454,
    0.128043031884929,
    -0.242126307503226,
    1.67632102219387,
    -1.38792369414656,
    0.957068650451385,
    0.147973739814257,
    -0.20714116133864,
    0.138621462724311,
    0.981685541552785,
    0.0643398093827009,
    -0.0911657013410658,
    0.154410820002373,
    0.918981110242146,
    -0.0832337432739844,
    -0.334340808500846,
    -0.191734417280032,
    0.895633358566631,
    -0.143167433489149,
    -0.398210784582583,
    -0.13701147416516,
    -1.63793272429634,
    -1.48439254349238,
    -1.50277515932116,
    -0.278389249595568,
    0.0449648708629791,
    -0.311895971390373,
    0.796362729274438,
    0.316643640806764,
    0.257480111505946,
    -0.619800516131947,
    0.508072433473599,
    -0.428921235932173
  ],
  "t": 1.90599999999981,
  "thrust": [
    0.0,
    0.0,
    0.0,
    0.0
  ]
}