{
  "T_W_L": {
    "arm_motor_0": {
      "p": [
        -0.192760940988292,
        -0.0880259900602659,
        0.0223872707938177
      ],
      "q": [
        0.715628589496747,
        0.281214245030512,
        -0.539188287229463,
        0.343613534659761
      ]
    },
    "arm_motor_1": {
      "p": [
        -0.0700560900897392,
        0.118496082204818,
        0.0339473969105361
      ],
      "q": [
        -0.334631322708707,
        0.625304000393288,
        0.323602866587617,
        0.626336945813233
      ]
    },
    "arm_motor_2": {
      "p": [
        -0.0400923417583391,
        -0.0641249695386772,
        0.0234837233397276
      ],
      "q": [
        0.347872886225677,
        0.68172998502261,
        -0.181253689546276,
        0.617556299114463
      ]
    },
    "arm_motor_3": {
      "p": [
        -0.204797651407878,
        0.10581803712096,
        0.045695993487215
      ],
      "q": [
        -0.573468146106679,
        0.296313283256482,
        0.63240586065196,
        0.428247067683815
      ]
    },
    "base_link": {
      "p": [
        -0.130997882225086,
        0.0142259938748567,
        0.0347605599852937
      ],
      "q": [
        -0.002261095327295,
        -0.00716595014676094,
        -0.614769488908311,
        0.788671041761918
      ]
    },
    "connecting_link_0": {
      "p": [
        -0.152268806405871,
        -0.0323721965834341,
        0.0351560729536634
      ],
      "q": [
        -0.124762134207801,
        0.0441229608380659,
        0.887289522680427,
        -0.441819960092726
      ]
    },
    "connecting_link_1": {
      "p": [
        -0.109726958044301,
        0.0608241843331475,
        0.034365047016924
      ],
      "q": [
        -0.00779829610924089,
        -0.000730402711039173,
        0.465441858860261,
        0.885043800673378
      ]
    },
    "connecting_link_2": {
      "p": [
        -0.0902058180977558,
        -0.0167493661251512,
        0.035491707782715
      ],
      "q": [
        0.117817563847859,
        0.0453776484793861,
        -0.374148989834366,
        0.918734142215995
      ]
    },
    "connecting_link_3": {
      "p": [
        -0.171789946352417,
        0.0452013538748646,
        0.0340294121878724
      ],
      "q": [
        0.0416752576226057,
        -0.0932912736361717,
        0.852681687435626,
        0.512341537528789
      ]
    }
  },
  "contacts": [
    {
      "f": [
        -0.0816006244702271,
        -0.414692176732982,
        0.528305462300028
      ],
      "link": "base_link",
      "p": [
        -0.119532279470989,
        0.0515347450168097,
        0.000513031483910256
      ]
    },
    {
      "f": [
        0.655078586059976,
        -0.25986400428644,
        0.88092392428181
      ],
      "link": "base_link",
      "p": [
        -0.115439871173514,
        0.0483730129688455,
        0.000389431145613336
      ]
    },
    {
      "f": [
        -0.0103302458138078,
        0.00297126230008715,
        0.0134363300786997
      ],
      "link": "base_link",
      "p": [
        -0.145928630566571,
        -0.0208173636268317,
        0.000986033827964812
      ]
    },
    {
      "f": [
        -0.242872178847004,
        0.0668436663597932,
        0.314878376793899
      ],
      "link": "base_link",
      "p": [
        -0.120030999468085,
        0.0519405622297626,
        0.000868298051670657
      ]
    },
    {
      "f": [
        -0.390349266242023,
        0.105972032385739,
        0.505597760860304
      ],
      "link": "base_link",
      "p": [
        -0.116263933450816,
        0.0524249944381674,
        0.000905313143166372
      ]
    },
    {
      "f": [
        -0.126633668355372,
        0.0511267678635638,
        0.170706401614151
      ],
      "link": "base_link",
      "p": [
        -0.161419506799678,
        0.0412622432422062,
        0.000658587196771698
      ]
    }
  ],
  "idx": 4063,
  "state": [
    -0.130997882225086,
    0.0142259938748567,
    0.0347605599852937,
    0.788671041761918,
    -0.002261095327295,
    -0.00716595014676094,
    -0.614769488908311,
    0.0395894060187385,
    -0.0117965544070232,
    -0.00530426174582396,
    -1.03601713301541,
    0.616027103222733,
    0.0120996160238617,
    0.990145183266873,
    0.0930012874280566,
    0.089474662902622,
    -0.0543834652132225,
    0.999493393427609,
    -0.000213895621739921,
    0.000306214322934438,
    -0.031824785561163,
    0.984320772693683,
    0.103771813441256,
    0.0821930934285104,
    -0.116568960583325,
    0.957574220715514,
    -0.080001936169354,
    -0.0723839062904484,
    -0.26722999857869,
    0.0557884368272717,
    0.168498829095106,
    0.216271963662586,
    -0.107935567053916,
    0.979013669833835,
    -0.203938283270499,
    0.145180820018127,
    0.267179239355739,
    -0.344464129509069,
    -0.179855950262847,
    0.950849687063044,
    0.25493087699938
  ],
  "t": 4.06400000000387,
  "thrust": [
    0.0,
    0.0,
    0.0,
    0.0
  ]
}