{
  "T_W_L": {
    "arm_motor_0": {
      "p": [
        -0.118645979301614,
        -0.0746883902962931,
        0.0912695340975469
      ],
      "q": [
        0.345973253646983,
        0.38454681537763,
        -0.23843264200028,
        0.821934382887472
      ]
    },
    "arm_motor_1": {
      "p": [
        -0.260134265812255,
        0.104457727127471,
        0.0168803653311868
      ],
      "q": [
        0.713908483503773,
        -0.292538991610966,
        -0.585320360739841,
        -0.249310430732381
      ]
    },
    "arm_motor_2": {
      "p": [
        -0.0943360287008193,
        0.0586968673566665,
        0.112417283536823
      ],
      "q": [
        -0.0966990083278961,
        0.367517870505449,
        0.104855141971451,
        0.919013229420387
      ]
    },
    "arm_motor_3": {
      "p": [
        -0.283109640899226,
        -0.0404545481313158,
        0.012579418073185
      ],
      "q": [
        0.746347647577539,
        0.202556002616008,
        -0.616033469147217,
        0.149796594254147
      ]
    },
    "base_link": {
      "p": [
        -0.181595537392495,
        0.0167636060544299,
        0.0444722188064971
      ],
      "q": [
        0.0115869008618519,
        -0.209253087326124,
        -0.0919368867914926,
        0.973461092196289
      ]
    },
    "connecting_link_0": {
      "p": [
        -0.151347309846052,
        -0.0220405746709671,
        0.0587298584614089
      ],
      "q": [
        0.076042695748333,
        -0.309279714992898,
        -0.413237371777577,
        0.853111036667325
      ]
    },
    "connecting_link_1": {
      "p": [
        -0.211843764938939,
        0.0555677867798268,
        0.0302145791515853
      ],
      "q": [
        -0.0909255335864247,
        0.0305672085381825,
        0.91869352607782,
        0.383145400920994
      ]
    },
    "connecting_link_2": {
      "p": [
        -0.140202044252287,
        0.0408603344586977,
        0.0626360952061667
      ],
      "q": [
        0.00576725740762141,
        -0.389966108081662,
        0.142520306452961,
        0.909714864964946
      ]
    },
    "connecting_link_3": {
      "p": [
        -0.222989030532703,
        -0.00733312234983793,
        0.0263083424068274
      ],
      "q": [
        -0.0921460392528342,
        -0.0373065354240624,
        0.963348926196577,
        -0.249150910615577
      ]
    }
  },
  "contacts": [
    {
      "f": [
        -0.589424098998052,
        1.82123902659321,
        2.39280574080469
      ],
      "link": "base_link",
      "p": [
        -0.202448838370489,
        -0.000180641082590933,
        -0.00132528000032363
      ]
    }
  ],
  "idx": 927,
  "state": [
    -0.181595537392495,
    0.0167636060544299,
    0.0444722188064971,
    0.973461092196289,
    0.0115869008618519,
    -0.209253087326124,
    -0.0919368867914926,
    -0.173837407833659,
    -0.00775509625117208,
    0.0574194742050122,
    0.62142371050201,
    -3.85536198897513,
    -0.353569929954829,
    0.991605262822037,
    0.0516951396434819,
    -0.108855955390765,
    0.046872126651613,
    0.983590796110551,
    0.140594082582346,
    -0.0461902641854273,
    0.10319355233696,
    0.967874486456229,
    -0.0154660447551796,
    -0.196081839155451,
    -0.156625962982314,
    0.987579124767609,
    -0.124466386039798,
    -0.0763829702780502,
    -0.0579761409628045,
    0.132723245289861,
    0.410862843492946,
    0.370856352200288,
    0.197257969280802,
    0.64273141114156,
    -0.393956893409567,
    0.144236115341054,
    0.115113978779013,
    0.0753250300218964,
    -0.11187035052497,
    0.970746126649492,
    -0.0104806901844888
  ],
  "t": 0.927999999999914,
  "thrust": [
    0.0,
    0.0,
    0.0,
    0.0
  ]
}