{
  "T_W_L": {
    "arm_motor_0": {
      "p": [
        -0.196755469840863,
        -0.0803994696235581,
        0.00998572901711435
      ],
      "q": [
        0.782608809722726,
        0.253025183233998,
        -0.496769833698098,
        0.276986353312478
      ]
    },
    "arm_motor_1": {
      "p": [
        -0.0758307727875243,
        0.115118084625209,
        0.00596208527380428
      ],
      "q": [
        -0.412343506764785,
        0.729580950651874,
        0.261372469186575,
        0.478924734406296
      ]
    },
    "arm_motor_2": {
      "p": [
        -0.0491881993603063,
        -0.0672602407210163,
        0.0090382335538683
      ],
      "q": [
        0.416555799241863,
        0.7160725331476,
        -0.198833762775989,
        0.523628234695088
      ]
    },
    "arm_motor_3": {
      "p": [
        -0.205405526794972,
        0.104382302510144,
        0.0180038167014849
      ],
      "q": [
        0.709524922420849,
        -0.331458985066822,
        -0.507245746223743,
        -0.359737513501273
      ]
    },
    "base_link": {
      "p": [
        -0.130899425107432,
        0.0141598426635188,
        0.0344908747926567
      ],
      "q": [
        -0.000592270926681947,
        -0.00612215211093759,
        -0.614513089921879,
        0.788882647028913
      ]
    },
    "connecting_link_0": {
      "p": [
        -0.152138600276965,
        -0.032454056237492,
        0.0346954899539851
      ],
      "q": [
        -0.202118678274433,
        0.016943105847657,
        0.90465731446811,
        -0.374774751599115
      ]
    },
    "connecting_link_1": {
      "p": [
        -0.109660249937899,
        0.0607737415645297,
        0.0342862596313284
      ],
      "q": [
        -0.106752644434322,
        0.17724071025381,
        0.476389135188919,
        0.854542565007126
      ]
    },
    "connecting_link_2": {
      "p": [
        -0.0900864608869882,
        -0.0167902723616759,
        0.035117238479331
      ],
      "q": [
        0.153952728398764,
        0.136078668436459,
        -0.435146132374242,
        0.876600819583735
      ]
    },
    "connecting_link_3": {
      "p": [
        -0.171712389327876,
        0.0451099576887135,
        0.0338645111059825
      ],
      "q": [
        -0.143032977181802,
        -0.0199959392179769,
        0.860386790947481,
        0.488749731269897
      ]
    }
  },
  "contacts": [
    {
      "f": [
        -0.0851372746789536,
        0.230040772518187,
        0.306612317717046
      ],
      "link": "base_link",
      "p": [
        -0.119445670513031,
        0.0516101449654291,
        0.00039421029410551
      ]
    },
    {
      "f": [
        0.0647022865513637,
        0.293794228536283,
        0.376043204395711
      ],
      "link": "base_link",
      "p": [
        -0.115351049590898,
        0.0484517167062176,
        0.000259887193165484
      ]
    },
    {
      "f": [
        -0.158143388690019,
        0.06401384353849,
        0.213260050872948
      ],
      "link": "base_link",
      "p": [
        -0.145792671186261,
        -0.0207612729113391,
        0.000573479898254105
      ]
    },
    {
      "f": [
        -0.0479868556388482,
        -0.00575670254385854,
        0.0604136514255332
      ],
      "link": "base_link",
      "p": [
        -0.100740103141269,
        -0.00937525094745851,
        0.000881674332606316
      ]
    },
    {
      "f": [
        -0.00264405691956797,
        0.000294938260688612,
        0.00332556986928868
      ],
      "link": "base_link",
      "p": [
        -0.143880292287999,
        -0.0247284038146779,
        0.000993348860261423
      ]
    },
    {
      "f": [
        -0.101417671980131,
        0.014239074145817,
        0.128015474054894
      ],
      "link": "base_link",
      "p": [
        -0.119944810251228,
        0.0520142281458767,
        0.000750861222930888
      ]
    },
    {
      "f": [
        -0.0885780536385381,
        0.00380616519966938,
        0.110824738325309
      ],
      "link": "base_link",
      "p": [
        -0.116178091857148,
        0.0525010846567833,
        0.00079128816302574
      ]
    },
    {
      "f": [
        -0.0958881658521735,
        0.183358373874772,
        0.258646820069419
      ],
      "link": "base_link",
      "p": [
        -0.161325910469979,
        0.0413085449899523,
        0.000482706359861161
      ]
    },
    {
      "f": [
        0.302999854147998,
        0.0981012819416308,
        0.398106402886486
      ],
      "link": "arm_motor_0",
      "p": [
        -0.219115550073499,
        -0.0607432155512214,
        0.000203787194227027
      ]
    },
    {
      "f": [
        -0.109522197201852,
        0.180095604459234,
        0.263478943731332
      ],
      "link": "arm_motor_1",
      "p": [
        -0.0684201919746335,
        0.100335494057317,
        0.000586426412773497
      ]
    },
    {
      "f": [
        -0.0642873159040879,
        0.342929586912858,
        0.436129210653175
      ],
      "link": "arm_motor_2",
      "p": [
        -0.0718918891690588,
        -0.0869369655455596,
        0.000127741578693649
      ]
    }
  ],
  "idx": 4805,
  "state": [
    -0.130899425107432,
    0.0141598426635188,
    0.0344908747926567,
    0.788882647028913,
    -0.000592270926681947,
    -0.00612215211093759,
    -0.614513089921879,
    0.000527801390707469,
    0.000183990119810819,
    0.000307787695821841,
    -0.0162179568229309,
    -0.00159098913466948,
    0.000280749071939651,
    0.972192797593949,
    0.108518970683286,
    0.167984123584273,
    -0.121844702518878,
    0.978622544635214,
    0.00054555660828455,
    0.205565949309945,
    -0.00634491796530852,
    0.959537244297096,
    0.11240501824573,
    0.178123804031789,
    -0.186883116190728,
    0.960059729259418,
    -0.057133328466937,
    0.126483540544379,
    -0.242946522930419,
    -0.0072178734097983,
    0.0716246551242459,
    -0.194068091451879,
    -0.0147119113554269,
    0.0244352360368913,
    -0.111556253225975,
    -0.00358766084538443,
    -0.0206540698388629,
    -0.229287574398026,
    -0.115480107433923,
    0.565034032122282,
    -0.000949112868238711
  ],
  "t": 4.80600000000214,
  "thrust": [
    0.0,
    0.0,
    0.0,
    0.0
  ]
}