{
  "T_W_L": {
    "arm_motor_0": {
      "p": [
        -0.198147149923007,
        -0.0770555173610104,
        0.158179698821759
      ],
      "q": [
        0.376856360470063,
        0.0259120145165795,
        -0.058848778236748,
        0.924037159629954
      ]
    },
    "arm_motor_1": {
      "p": [
        -0.262604545335186,
        0.103167874944962,
        0.0198184582543191
      ],
      "q": [
        0.85297699936374,
        -0.119017672590601,
        -0.35924313574514,
        -0.359457092832434
      ]
    },
    "arm_motor_2": {
      "p": [
        -0.201189799609482,
        0.0396053168718349,
        0.19307319479371
      ],
      "q": [
        -0.0447974974227823,
        -0.0556710466334694,
        0.0499202275541295,
        0.99619370087967
      ]
    },
    "arm_motor_3": {
      "p": [
        -0.289876332292788,
        -0.0289803308106313,
        0.00684013216865575
      ],
      "q": [
        0.845191344567254,
        0.0918460606465386,
        -0.511389155662757,
        0.125287763500038
      ]
    },
    "base_link": {
      "p": [
        -0.212044369605845,
        0.0130834267790661,
        0.0809089767109241
      ],
      "q": [
        0.0812594333382651,
        -0.534849779470349,
        -0.101483365578255,
        0.83488546783674
      ]
    },
    "connecting_link_0": {
      "p": [
        -0.198394407830376,
        -0.0280899333771634,
        0.108156599670985
      ],
      "q": [
        0.224865317865916,
        -0.635070380463819,
        -0.308090058177411,
        0.671715502821574
      ]
    },
    "connecting_link_1": {
      "p": [
        -0.225694331381313,
        0.0542567869352955,
        0.0536613537508626
      ],
      "q": [
        -0.349122563066146,
        -0.170016344517563,
        0.857169077826362,
        0.338332751257271
      ]
    },
    "connecting_link_2": {
      "p": [
        -0.193112436995484,
        0.0337466145914068,
        0.123788046162916
      ],
      "q": [
        0.0036223172140643,
        -0.743780695857617,
        0.0669755456297367,
        0.665049946677059
      ]
    },
    "connecting_link_3": {
      "p": [
        -0.230976302216205,
        -0.00757976103327463,
        0.0380299072589325
      ],
      "q": [
        -0.236033791349283,
        0.0236468548621346,
        0.95924727093808,
        -0.153536799479011
      ]
    }
  },
  "contacts": [
    {
      "f": [
        -0.557283675222754,
        -0.177883459956605,
        0.731231431383809
      ],
      "link": "arm_motor_1",
      "p": [
        -0.276905231554375,
        0.0838167519073879,
        -0.000462462862767618
      ]
    },
    {
      "f": [
        0.879037555051245,
        0.209197033369774,
        1.12948441083282
      ],
      "link": "arm_motor_3",
      "p": [
        -0.300876014390119,
        -0.000776794597972857,
        -0.00125896882166563
      ]
    },
    {
      "f": [
        -0.329619823174585,
        -0.194268438186096,
        0.478260934769318
      ],
      "link": "arm_motor_3",
      "p": [
        -0.285059528748152,
        -0.0136955788722566,
        9.37137212699141e-05
      ]
    }
  ],
  "idx": 1276,
  "state": [
    -0.212044369605845,
    0.0130834267790661,
    0.0809089767109241,
    0.83488546783674,
    0.0812594333382651,
    -0.534849779470349,
    -0.101483365578255,
    0.0481944346980972,
    -0.026583431624727,
    -0.0621091135456866,
    0.457013508422248,
    -0.0524909498409377,
    -0.408313932712408,
    0.976319428604609,
    0.0965876009085394,
    -0.147418357096867,
    0.125455317427215,
    0.976912249918442,
    0.127643176998126,
    -0.116783095896867,
    0.125345059088329,
    0.94411120153653,
    -0.0435941217500906,
    -0.262780070696649,
    -0.194165460694612,
    0.938849696479818,
    -0.132525290804925,
    -0.298040293207613,
    -0.110318984501962,
    0.302287315230303,
    -0.561873603136046,
    0.434434166373216,
    -0.0223814709048523,
    -0.7006070839755,
    0.300893325381602,
    -0.307124989282011,
    -0.758799640827743,
    -0.173352604457272,
    0.0488404570601617,
    -1.53517395961203,
    -0.549252907183629
  ],
  "t": 1.27699999999988,
  "thrust": [
    0.0,
    0.0,
    0.0,
    0.0
  ]
}