{
  "T_W_L": {
    "arm_motor_0": {
      "p": [
        -0.127027498003191,
        -0.131658868717559,
        0.0163275013686085
      ],
      "q": [
        0.619922553925912,
        0.399695212547918,
        -0.274089378854104,
        0.617101917514134
      ]
    },
    "arm_motor_1": {
      "p": [
        -0.198143080562518,
        0.0630526434335678,
        0.12130931601678
      ],
      "q": [
        -0.424865331106665,
        0.0989991624259645,
        0.683222023308129,
        0.585573465185478
      ]
    },
    "arm_motor_2": {
      "p": [
        -0.0599995161244046,
        -0.0690649222302299,
        0.097484454460618
      ],
      "q": [
        0.356320751609799,
        0.335076075551589,
        0.0180227185873583,
        0.872029086200623
      ]
    },
    "arm_motor_3": {
      "p": [
        -0.258664211074133,
        -0.0398096974165127,
        0.0733644462109899
      ],
      "q": [
        -0.389936398344568,
        -0.325348434786871,
        0.816548354248926,
        0.274493691004313
      ]
    },
    "base_link": {
      "p": [
        -0.151695559087552,
        -0.0220055590488891,
        0.0502244220602958
      ],
      "q": [
        0.338855042195701,
        -0.00189889949624276,
        -0.318052880761955,
        0.885446790946963
      ]
    },
    "connecting_link_0": {
      "p": [
        -0.137770887210978,
        -0.0627638034188965,
        0.0224959343805736
      ],
      "q": [
        0.24454098325255,
        -0.153729755357034,
        -0.632161900130441,
        0.718984145757897
      ]
    },
    "connecting_link_1": {
      "p": [
        -0.165620230964127,
        0.0187526853211182,
        0.0779529097400181
      ],
      "q": [
        0.182685769020581,
        -0.344059989032368,
        0.783536082453762,
        0.484065947198744
      ]
    },
    "connecting_link_2": {
      "p": [
        -0.101806029488971,
        -0.0264092913654473,
        0.0609781180814937
      ],
      "q": [
        0.264700806269314,
        -0.379683115008464,
        -0.239212833212239,
        0.853552245480274
      ]
    },
    "connecting_link_3": {
      "p": [
        -0.201585088686134,
        -0.017601826732331,
        0.039470726039098
      ],
      "q": [
        0.301660206955228,
        -0.4241524347883,
        0.853113549957033,
        -0.0359597341841514
      ]
    }
  },
  "contacts": [
    {
      "f": [
        -0.217906672416157,
        -1.72004588455187,
        2.16724233000118
      ],
      "link": "arm_motor_0",
      "p": [
        -0.150620740814177,
        -0.137887279194163,
        -0.00333448466000235
      ]
    }
  ],
  "idx": 1955,
  "state": [
    -0.151695559087552,
    -0.0220055590488891,
    0.0502244220602958,
    0.885446790946963,
    0.338855042195701,
    -0.00189889949624276,
    -0.318052880761955,
    0.0880882975179779,
    0.0352291746491189,
    -0.0949647771415918,
    -0.640743848600202,
    1.51558122996543,
    -1.30801623257938,
    0.957682494592924,
    0.122802408706066,
    -0.242665919036656,
    0.0942181495485784,
    0.983195613231124,
    0.059945481294238,
    -0.0927689405146358,
    0.145350779396836,
    0.92394508972751,
    -0.0663650867496961,
    -0.331256594083618,
    -0.179416318391751,
    0.896170766001449,
    -0.150446365740428,
    -0.387754827182312,
    -0.15456404237949,
    -1.55551257804833,
    -1.70193684031907,
    -1.20580495615782,
    -0.188198864151374,
    -0.100885518196982,
    -0.360639523321061,
    0.761681661705007,
    0.234034728033787,
    0.283490362983634,
    -0.591341244603798,
    0.398481184715112,
    -0.447207585418758
  ],
  "t": 1.9559999999998,
  "thrust": [
    0.0,
    0.0,
    0.0,
    0.0
  ]
}