{
  "T_W_L": {
    "arm_motor_0": {
      "p": [
        -0.0948230470071384,
        -0.0721379951397088,
        0.0664832242065102
      ],
      "q": [
        0.298987914475678,
        0.495747062325124,
        -0.294841148166435,
        0.760203771722682
      ]
    },
    "arm_motor_1": {
      "p": [
        -0.2547860405067,
        0.103113874668212,
        0.0384497785580469
      ],
      "q": [
        -0.607509173497988,
        0.303564202761081,
        0.706265435556651,
        0.199926270049221
      ]
    },
    "arm_motor_2": {
      "p": [
        -0.0671605957262707,
        0.0633983433033631,
        0.0769399766249934
      ],
      "q": [
        -0.0966916122436094,
        0.49653419923341,
        0.12295762628139,
        0.853806736476478
      ]
    },
    "arm_motor_3": {
      "p": [
        -0.273842552384631,
        -0.0411352238554024,
        0.044161088385589
      ],
      "q": [
        -0.615970988010284,
        -0.213484538155594,
        0.745862682276842,
        -0.136722174810531
      ]
    },
    "base_link": {
      "p": [
        -0.169228523962215,
        0.0181202496108084,
        0.0382129294544866
      ],
      "q": [
        -0.00994749336391183,
        -0.0604123245758561,
        -0.081027299825352,
        0.994829621140288
      ]
    },
    "connecting_link_0": {
      "p": [
        -0.135243125532273,
        -0.0198538228721107,
        0.043405473399421
      ],
      "q": [
        0.00293220657726165,
        -0.186999132545294,
        -0.41990055705989,
        0.888091351592104
      ]
    },
    "connecting_link_1": {
      "p": [
        -0.203213922392158,
        0.0560943220937275,
        0.0330203855095521
      ],
      "q": [
        0.069831222586316,
        0.0732830850087112,
        0.928978935013241,
        0.356021527586986
      ]
    },
    "connecting_link_2": {
      "p": [
        -0.124848333956581,
        0.0432931370074141,
        0.0427653436691219
      ],
      "q": [
        0.0185728766408554,
        -0.252629833816296,
        0.155315466043488,
        0.95483523255425
      ]
    },
    "connecting_link_3": {
      "p": [
        -0.213608713967849,
        -0.00705263778579732,
        0.0336605152398512
      ],
      "q": [
        0.0918472978356935,
        -0.0542791876611996,
        0.962961823108192,
        -0.247633541555398
      ]
    }
  },
  "contacts": [
    {
      "f": [
        -0.528411025488616,
        -0.384212502085434,
        0.816659983768375
      ],
      "link": "base_link",
      "p": [
        -0.195124821472297,
        0.0423154973796689,
        0.000262067443027966
      ]
    },
    {
      "f": [
        -0.00669976005242423,
        0.188334097425815,
        0.23556653464957
      ],
      "link": "base_link",
      "p": [
        -0.190602583904799,
        0.0448130597265352,
        0.000528866930700859
      ]
    },
    {
      "f": [
        0.606497315392923,
        -0.214904881364669,
        0.804307836758166
      ],
      "link": "base_link",
      "p": [
        -0.195729980908397,
        0.0420303205690652,
        0.000565514017556584
      ]
    },
    {
      "f": [
        -0.0219060772308627,
        -0.349850315191552,
        0.438169343795996
      ],
      "link": "base_link",
      "p": [
        -0.194677905262405,
        0.0456798669613974,
        0.000593425042723625
      ]
    }
  ],
  "idx": 852,
  "state": [
    -0.169228523962215,
    0.0181202496108084,
    0.0382129294544866,
    0.994829621140288,
    -0.00994749336391183,
    -0.0604123245758561,
    -0.081027299825352,
    -0.168502838182365,
    -0.033208180883649,
    0.0849625820013519,
    1.33361655252735,
    -4.10476370666614,
    -0.482078139286178,
    0.991190925951311,
    0.0503897523307689,
    -0.117637353368308,
    0.034100942279155,
    0.98202807014637,
    0.131060402573528,
    -0.0790588921761962,
    0.110425232124425,
    0.967239962072443,
    -0.020692038282561,
    -0.201066706818293,
    -0.153593211865171,
    0.984127325641434,
    -0.123653378381496,
    -0.112743961610806,
    -0.0590935534638385,
    -0.102935527912693,
    -0.112031063453363,
    0.0539626167133924,
    0.489747382214506,
    1.11904081432243,
    0.0149756204492133,
    -0.109725858394336,
    0.350646364421198,
    -0.502267818947307,
    0.0389636495745706,
    0.712959823683643,
    0.553589615826935
  ],
  "t": 0.852999999999922,
  "thrust": [
    0.0,
    0.0,
    0.0,
    0.0
  ]
}