{
  "T_W_L": {
    "arm_motor_0": {
      "p": [
        -0.195952063469026,
        -0.0816159551247606,
        0.0106086754727798
      ],
      "q": [
        0.777781379279827,
        0.256947087354565,
        -0.496579465892711,
        0.287129159785777
      ]
    },
    "arm_motor_1": {
      "p": [
        -0.0764951854326308,
        0.115787273739968,
        0.00664875895003102
      ],
      "q": [
        -0.413679046505794,
        0.725587994927831,
        0.268193567888023,
        0.480066576885081
      ]
    },
    "arm_motor_2": {
      "p": [
        -0.047771719854638,
        -0.0663322164942744,
        0.00956468606425554
      ],
      "q": [
        0.410248097382664,
        0.71703972233514,
        -0.189552255437548,
        0.530679260614157
      ]
    },
    "arm_motor_3": {
      "p": [
        -0.206629180223868,
        0.104749690087,
        0.0225792767366449
      ],
      "q": [
        0.689510144323181,
        -0.323060245249781,
        -0.533521039936498,
        -0.368188998694494
      ]
    },
    "base_link": {
      "p": [
        -0.13096881019442,
        0.0141265384134566,
        0.0344288952203084
      ],
      "q": [
        0.000426032429749492,
        -0.00662003575139278,
        -0.614518849005069,
        0.788874247165228
      ]
    },
    "connecting_link_0": {
      "p": [
        -0.152208606984669,
        -0.0324873845384407,
        0.0345438706243991
      ],
      "q": [
        -0.198839779838662,
        0.0213419480863736,
        0.901109195300121,
        -0.384720003835463
      ]
    },
    "connecting_link_1": {
      "p": [
        -0.109729013404172,
        0.0607404613653538,
        0.0343139198162176
      ],
      "q": [
        -0.102873768494797,
        0.173609859624565,
        0.482156749543268,
        0.852526523497473
      ]
    },
    "connecting_link_2": {
      "p": [
        -0.0901573719091103,
        -0.0168244849910673,
        0.0351076111380126
      ],
      "q": [
        0.156055526419066,
        0.131776746227963,
        -0.424122896837256,
        0.88227055385863
      ]
    },
    "connecting_link_3": {
      "p": [
        -0.17178024847973,
        0.0450775618179805,
        0.0337501793026042
      ],
      "q": [
        -0.11030095350304,
        -0.0319108475872522,
        0.864813643992633,
        0.488787027883071
      ]
    }
  },
  "contacts": [
    {
      "f": [
        -0.00704346082134301,
        -0.295218203837068,
        0.36912776882031
      ],
      "link": "base_link",
      "p": [
        -0.119445418507706,
        0.0516106566789989,
        0.000392907080849221
      ]
    },
    {
      "f": [
        0.0939044872857779,
        -0.3364349590328,
        0.43661792220109
      ],
      "link": "base_link",
      "p": [
        -0.115350549304087,
        0.0484523334474468,
        0.000263783766575737
      ]
    },
    {
      "f": [
        -0.169801897748662,
        -0.147139641129171,
        0.280854606710339
      ],
      "link": "base_link",
      "p": [
        -0.145793116080048,
        -0.0207607096694607,
        0.000446507952926167
      ]
    },
    {
      "f": [
        -0.0748312993776588,
        -0.0706490945936207,
        0.128640839242486
      ],
      "link": "base_link",
      "p": [
        -0.100741208582151,
        -0.00937533174955848,
        0.000857808137660641
      ]
    },
    {
      "f": [
        -0.0481091925291971,
        -0.0304447553289157,
        0.0711663712372382
      ],
      "link": "base_link",
      "p": [
        -0.143881617676476,
        -0.0247282703742722,
        0.000866325183131525
      ]
    },
    {
      "f": [
        -0.0824813006046796,
        -0.128398981927078,
        0.19076107237421
      ],
      "link": "base_link",
      "p": [
        -0.119945281613796,
        0.0520143885447378,
        0.000748942241693161
      ]
    },
    {
      "f": [
        -0.0767875640275185,
        -0.112947853805406,
        0.170722488946461
      ],
      "link": "base_link",
      "p": [
        -0.116178650793534,
        0.0525011768558597,
        0.000797526848337574
      ]
    },
    {
      "f": [
        -0.0515290717337358,
        -0.253306193835955,
        0.323117802311999
      ],
      "link": "base_link",
      "p": [
        -0.161325806839543,
        0.0413092822241585,
        0.000385837729980597
      ]
    },
    {
      "f": [
        -0.161274580785269,
        0.0479188571638024,
        0.210303750855716
      ],
      "link": "arm_motor_0",
      "p": [
        -0.218690919362146,
        -0.0625270627084366,
        0.000579392498288568
      ]
    },
    {
      "f": [
        -0.121854437495899,
        0.272209378238268,
        0.372798641901501
      ],
      "link": "arm_motor_2",
      "p": [
        -0.0698998668668101,
        -0.0864994086182482,
        0.000309559396568765
      ]
    }
  ],
  "idx": 4684,
  "state": [
    -0.13096881019442,
    0.0141265384134566,
    0.0344288952203084,
    0.788874247165228,
    0.000426032429749492,
    -0.00662003575139278,
    -0.614518849005069,
    0.000731960162074824,
    0.000320905409201128,
    -0.000720271660171477,
    -0.0229956537168166,
    -0.00368048402226589,
    0.000352873925369026,
    0.974261416802549,
    0.110228130896483,
    0.162034239161149,
    -0.111397290040758,
    0.97950814307376,
    0.00272825465452039,
    0.201385957826865,
    -0.000224207251391995,
    0.962093502537391,
    0.11462769573258,
    0.174966747030664,
    -0.174994917583,
    0.964241990439599,
    -0.0588668680526676,
    0.091369359585197,
    -0.241709982929423,
    -0.00726288169876314,
    0.0772179303007291,
    -0.186025159191466,
    0.000368229711549828,
    0.520019352067567,
    -0.0158845610074516,
    -0.00716266499327353,
    0.0658193692999476,
    -0.177773400867863,
    -0.11257930531252,
    0.585155352330799,
    -0.0142157918478555
  ],
  "t": 4.68500000000242,
  "thrust": [
    0.0,
    0.0,
    0.0,
    0.0
  ]
}