{
  "T_W_L": {
    "arm_motor_0": {
      "p": [
        -0.128942909455253,
        -0.131068178190209,
        0.0141756805639558
      ],
      "q": [
        0.614239027434504,
        0.406826825318728,
        -0.303511937996677,
        0.604220865967819
      ]
    },
    "arm_motor_1": {
      "p": [
        -0.19409424465713,
        0.0631149340874514,
        0.122195571240944
      ],
      "q": [
        -0.408991752917306,
        0.106245758056778,
        0.689812869535218,
        0.58787395754886
      ]
    },
    "arm_motor_2": {
      "p": [
        -0.05681379793364,
        -0.0683722841555519,
        0.0925981053409729
      ],
      "q": [
        0.360255178637933,
        0.348548539265963,
        0.0210158472943661,
        0.865036679108241
      ]
    },
    "arm_motor_3": {
      "p": [
        -0.2565773099025,
        -0.0387685206078839,
        0.0753175740029919
      ],
      "q": [
        -0.375238416935968,
        -0.322442206624354,
        0.820057257786509,
        0.287633878036434
      ]
    },
    "base_link": {
      "p": [
        -0.150298677361599,
        -0.021314493998273,
        0.048680830360192
      ],
      "q": [
        0.337455218203277,
        0.0139140232101679,
        -0.323198440915818,
        0.884009696471182
      ]
    },
    "connecting_link_0": {
      "p": [
        -0.137256722526899,
        -0.061822381255317,
        0.0201673513711198
      ],
      "q": [
        0.219717232039847,
        -0.139578664708785,
        -0.648947931096889,
        0.71491867861172
      ]
    },
    "connecting_link_1": {
      "p": [
        -0.163340632196299,
        0.0191933932587709,
        0.0771943093492641
      ],
      "q": [
        0.198570515860904,
        -0.340562565871518,
        0.776972199735304,
        0.490816757860024
      ]
    },
    "connecting_link_2": {
      "p": [
        -0.100084765356668,
        -0.0257690380877057,
        0.0577758882553569
      ],
      "q": [
        0.269599327906681,
        -0.365212266084901,
        -0.239878431638227,
        0.858134337460157
      ]
    },
    "connecting_link_3": {
      "p": [
        -0.200512589366529,
        -0.0168599499088404,
        0.039585772465027
      ],
      "q": [
        0.314534418764957,
        -0.431388936503381,
        0.845201677119213,
        -0.0246132051862875
      ]
    }
  },
  "contacts": [
    {
      "f": [
        0.4305342501649,
        -4.00120196520349,
        5.03037289045773
      ],
      "link": "base_link",
      "p": [
        -0.130535949078926,
        -0.0333075943659892,
        0.000818826804185956
      ]
    },
    {
      "f": [
        -0.0215363884421985,
        1.99959501334541,
        2.4996387343421
      ],
      "link": "arm_motor_0",
      "p": [
        -0.153826172662966,
        -0.136770985449792,
        -0.00399927746868419
      ]
    },
    {
      "f": [
        -0.240938263769745,
        0.14860253854116,
        0.353849282466367
      ],
      "link": "arm_motor_0",
      "p": [
        -0.137556674442593,
        -0.125118872619058,
        0.000292301435067265
      ]
    }
  ],
  "idx": 1971,
  "state": [
    -0.150298677361599,
    -0.021314493998273,
    0.048680830360192,
    0.884009696471182,
    0.337455218203277,
    0.0139140232101679,
    -0.323198440915818,
    0.0886768101636833,
    0.0352823209937872,
    -0.0570416999911329,
    -0.897810970198395,
    1.24827902056051,
    -1.23888828862375,
    0.956285779949183,
    0.114232760929683,
    -0.257176280640898,
    0.0795534039063045,
    0.983625761208485,
    0.0588511739512815,
    -0.0937857092436552,
    0.142201061716322,
    0.925423654822281,
    -0.0609692189080232,
    -0.330425678704571,
    -0.175193276965017,
    0.896020810703573,
    -0.153020379417088,
    -0.384750424713868,
    -0.160307769467549,
    -1.58753684836345,
    -1.92050612984,
    -1.38523350655881,
    -0.175651287296904,
    -0.330734220440409,
    -0.3850698068057,
    0.969339319612988,
    0.411783973604567,
    0.415318563609666,
    -0.743903032241315,
    0.266605540046988,
    -0.631885652804771
  ],
  "t": 1.9719999999998,
  "thrust": [
    0.0,
    0.0,
    0.0,
    0.0
  ]
}