{
  "T_W_L": {
    "arm_motor_0": {
      "p": [
        -0.195152379891964,
        -0.0825152738149146,
        0.0104871572376579
      ],
      "q": [
        0.77674478689804,
        0.260643799761686,
        -0.49188385913593,
        0.294588891158599
      ]
    },
    "arm_motor_1": {
      "p": [
        -0.0764586008891187,
        0.117056793464582,
        0.010056684574671
      ],
      "q": [
        -0.411012647918345,
        0.711665893016446,
        0.278686267026571,
        0.496924767484022
      ]
    },
    "arm_motor_2": {
      "p": [
        -0.0472813741004039,
        -0.0660334798064708,
        0.0103865539511818
      ],
      "q": [
        0.408425930291805,
        0.715537891355218,
        -0.185008569691298,
        0.535691716046629
      ]
    },
    "arm_motor_3": {
      "p": [
        -0.208164475745688,
        0.104504643347693,
        0.0263135235355777
      ],
      "q": [
        0.674806714275722,
        -0.311601339597656,
        -0.55529496752447,
        -0.373079083535044
      ]
    },
    "base_link": {
      "p": [
        -0.131172566464174,
        0.0140824689832549,
        0.034538638511311
      ],
      "q": [
        0.002785914429543,
        -0.00856225691219478,
        -0.614518544641264,
        0.78885099019355
      ]
    },
    "connecting_link_0": {
      "p": [
        -0.152412416138209,
        -0.032531512914814,
        0.0344646288435067
      ],
      "q": [
        -0.201427093715679,
        0.0240028043147548,
        0.897055918418129,
        -0.392608800886188
      ]
    },
    "connecting_link_1": {
      "p": [
        -0.10993271679014,
        0.0606964508813238,
        0.0346126481791154
      ],
      "q": [
        -0.0935688812584475,
        0.151844906063609,
        0.487690779734554,
        0.85460265171861
      ]
    },
    "connecting_link_2": {
      "p": [
        -0.0903657334223713,
        -0.0168695357022988,
        0.0354194239811535
      ],
      "q": [
        0.157979930715419,
        0.127170450131168,
        -0.4196215591281,
        0.884752940215228
      ]
    },
    "connecting_link_3": {
      "p": [
        -0.171979399505977,
        0.0450344736688086,
        0.0336578530414685
      ],
      "q": [
        -0.0845075665592591,
        -0.0434713296301773,
        0.869813240749893,
        0.484142170142807
      ]
    }
  },
  "contacts": [
    {
      "f": [
        -0.181955588437309,
        0.200054562799092,
        0.338031212178289
      ],
      "link": "base_link",
      "p": [
        -0.1194465602393,
        0.0516120056199535,
        0.000622111203980195
      ]
    },
    {
      "f": [
        -0.125121122080368,
        0.307641868026007,
        0.415140816006263
      ],
      "link": "base_link",
      "p": [
        -0.1153509763837,
        0.0484538475171294,
        0.000513195918942548
      ]
    },
    {
      "f": [
        -0.0996441490586275,
        0.214863620765057,
        0.296055664027815
      ],
      "link": "base_link",
      "p": [
        -0.145793712777822,
        -0.0207593019034577,
        0.000421841326746157
      ]
    },
    {
      "f": [
        -0.0684533308067144,
        0.0306576068630081,
        0.0937562277689814
      ],
      "link": "base_link",
      "p": [
        -0.143884730880462,
        -0.0247274248237811,
        0.000847751181947826
      ]
    },
    {
      "f": [
        -0.118569274720694,
        0.0448516280172734,
        0.158461063058442
      ],
      "link": "base_link",
      "p": [
        -0.119948540411314,
        0.0520152626218724,
        0.000975697512125888
      ]
    },
    {
      "f": [
        0.0653731399211504,
        0.251043739781998,
        0.324269869058941
      ],
      "link": "base_link",
      "p": [
        -0.161326104948282,
        0.0413107544582755,
        0.000351460261882118
      ]
    },
    {
      "f": [
        0.319052673276565,
        0.105389728948042,
        0.420010422662091
      ],
      "link": "arm_motor_0",
      "p": [
        -0.218119225058348,
        -0.0638631609603825,
        0.000159979154675818
      ]
    },
    {
      "f": [
        -0.138502031099998,
        0.370032038063092,
        0.493878973364095
      ],
      "link": "arm_motor_2",
      "p": [
        -0.0691344457993746,
        -0.0863798184215948,
        0.000873528130189746
      ]
    }
  ],
  "idx": 4590,
  "state": [
    -0.131172566464174,
    0.0140824689832549,
    0.034538638511311,
    0.78885099019355,
    0.002785914429543,
    -0.00856225691219478,
    -0.614518544641264,
    0.00375882211783883,
    -5.06226503598058e-05,
    -0.00172093394844145,
    -0.106475807994917,
    0.027681294910935,
    0.000864399853290349,
    0.97524798925109,
    0.11186852617499,
    0.160755565054102,
    -0.102637423083777,
    0.983675051619124,
    0.00228924809815348,
    0.179898550417806,
    0.00382932406984816,
    0.963183096424394,
    0.115333169011419,
    0.172826095052826,
    -0.170609858322701,
    0.967915819314307,
    -0.0606376196085387,
    0.0617571489170642,
    -0.235898495898045,
    -0.00498488853227619,
    -0.0920194441786436,
    -0.175258207298911,
    0.0721895375847761,
    0.390927092953118,
    -0.208685830493494,
    0.00176982096382487,
    -0.0102983289282712,
    0.0242673993044875,
    -0.1104050927177,
    0.721732061748332,
    -0.227467518158355
  ],
  "t": 4.59100000000264,
  "thrust": [
    0.0,
    0.0,
    0.0,
    0.0
  ]
}