{
  "T_W_L": {
    "arm_motor_0": {
      "p": [
        -0.196692018006445,
        -0.0804927895152081,
        0.0100362849494457
      ],
      "q": [
        0.782249575301618,
        0.253333649220056,
        -0.496742913320306,
        0.277766344576412
      ]
    },
    "arm_motor_1": {
      "p": [
        -0.0758880457933687,
        0.115159883891653,
        0.00598403639518793
      ],
      "q": [
        -0.412511855912913,
        0.729391594556955,
        0.261804533803937,
        0.478832179996968
      ]
    },
    "arm_motor_2": {
      "p": [
        -0.0490740807811098,
        -0.0671733896332147,
        0.00905523236865541
      ],
      "q": [
        0.416065629049962,
        0.716281929470947,
        -0.198013711408392,
        0.524042135644559
      ]
    },
    "arm_motor_3": {
      "p": [
        -0.205501145095152,
        0.104418826246246,
        0.0183383502966813
      ],
      "q": [
        0.708081627811743,
        -0.330881976988337,
        -0.509198648808966,
        -0.360352968228215
      ]
    },
    "base_link": {
      "p": [
        -0.130903484432239,
        0.0141585097575347,
        0.0344890932479205
      ],
      "q": [
        -0.000538853832959225,
        -0.00615692413771323,
        -0.614513438016072,
        0.788882143554648
      ]
    },
    "connecting_link_0": {
      "p": [
        -0.152142706027688,
        -0.0324553875105018,
        0.0346892119735855
      ],
      "q": [
        -0.201883696760921,
        0.0172765245691444,
        0.904384261791221,
        -0.375544407101616
      ]
    },
    "connecting_link_1": {
      "p": [
        -0.10966426283679,
        0.0607724070255711,
        0.0342889745222555
      ],
      "q": [
        -0.106566169437722,
        0.177172261125498,
        0.476813691834016,
        0.854343224177886
      ]
    },
    "connecting_link_2": {
      "p": [
        -0.0900906105515372,
        -0.0167916506613224,
        0.0351190897915263
      ],
      "q": [
        0.154185989615085,
        0.135934061828543,
        -0.434219665824665,
        0.877041557312039
      ]
    },
    "connecting_link_3": {
      "p": [
        -0.171716358312941,
        0.0451086701763917,
        0.0338590967043147
      ],
      "q": [
        -0.140631503115445,
        -0.0208391377540071,
        0.86074713820314,
        0.488776917155736
      ]
    }
  },
  "contacts": [
    {
      "f": [
        0.24460270404837,
        0.0466860221525662,
        0.31127275893751
      ],
      "link": "base_link",
      "p": [
        -0.119445602990712,
        0.0516102232162992,
        0.000395365399319107
      ]
    },
    {
      "f": [
        0.298753941467288,
        0.0564411082229083,
        0.380048344456971
      ],
      "link": "base_link",
      "p": [
        -0.115350967394977,
        0.0484517985946256,
        0.000261404556723001
      ]
    },
    {
      "f": [
        0.167244881099525,
        0.0427367042859447,
        0.215773594260348
      ],
      "link": "base_link",
      "p": [
        -0.145792659110501,
        -0.0207611895247026,
        0.000568452811479304
      ]
    },
    {
      "f": [
        0.0536051770977408,
        0.00876467060351948,
        0.0678962266816559
      ],
      "link": "base_link",
      "p": [
        -0.100740123181971,
        -0.00937520178676565,
        0.000882550025870697
      ]
    },
    {
      "f": [
        0.00450803641191755,
        0.0011197825486501,
        0.00580628770809012
      ],
      "link": "base_link",
      "p": [
        -0.143880332694133,
        -0.0247283387780053,
        0.00098838742458382
      ]
    },
    {
      "f": [
        0.104479244553751,
        0.0190552796915002,
        0.132753391121022
      ],
      "link": "base_link",
      "p": [
        -0.119944785518724,
        0.0520142918156463,
        0.000751972957775793
      ]
    },
    {
      "f": [
        0.0902570602046887,
        0.0157957944571023,
        0.114536048087244
      ],
      "link": "base_link",
      "p": [
        -0.1161780717953,
        0.0525011448563462,
        0.000792874088921779
      ]
    },
    {
      "f": [
        0.202130353349891,
        0.0517329278565941,
        0.260806967560443
      ],
      "link": "base_link",
      "p": [
        -0.161325858153308,
        0.0413086394766544,
        0.000478386064879113
      ]
    },
    {
      "f": [
        0.266150257155289,
        0.151171419507248,
        0.382607741075274
      ],
      "link": "arm_motor_0",
      "p": [
        -0.219081546735548,
        -0.0608798475999675,
        0.000234784517849453
      ]
    },
    {
      "f": [
        0.194206497431854,
        0.0321520672902944,
        0.246062489128106
      ],
      "link": "arm_motor_1",
      "p": [
        -0.0684658904318809,
        0.10038634762916,
        0.000599462487881161
      ]
    },
    {
      "f": [
        -0.0615470118971673,
        0.34766400901914,
        0.441337275081249
      ],
      "link": "arm_motor_2",
      "p": [
        -0.0717326599272499,
        -0.0868896395043528,
        0.000117325449837502
      ]
    }
  ],
  "idx": 4796,
  "state": [
    -0.130903484432239,
    0.0141585097575347,
    0.0344890932479205,
    0.788882143554648,
    -0.000538853832959225,
    -0.00615692413771323,
    -0.614513438016072,
    0.000339301803687406,
    0.00010598096053935,
    8.01428773564273e-05,
    -0.0119052182219884,
    -0.000531705133790005,
    0.000205221824263153,
    0.972349580728618,
    0.108658926839938,
    0.16756795407027,
    -0.121039296278435,
    0.978647777069078,
    0.000713256895638833,
    0.205459431075673,
    -0.00586872084995224,
    0.959714273652099,
    0.112620068938934,
    0.178076616739125,
    -0.185886932277018,
    0.960406963684037,
    -0.0572519927120738,
    0.123914647121148,
    -0.242869993343241,
    -0.00809473402580544,
    0.0728224853551521,
    -0.19293135738454,
    -0.0147168652342423,
    0.0239429100791787,
    -0.111055484324594,
    -0.00421484229172568,
    -0.0127792096877176,
    -0.229763337084256,
    -0.115777694083737,
    0.565607998722717,
    0.0029855862339168
  ],
  "t": 4.79700000000216,
  "thrust": [
    0.0,
    0.0,
    0.0,
    0.0
  ]
}